uniprot_id,gene_id,gene_name,length,location,original_locations
A0A0B7P3V8,YPL060C-A,TY4B-P,1104,Nucleus,Cytoplasm; Nucleus
D6VTK4,YFL026W,STE2,431,Membrane_Secretory,Cell membrane
O13297,YPL228W,CET1,549,Nucleus,Nucleus
O13329,YDR110W,FOB1,566,Nucleus,"Nucleus, nucleolus"
O13516,YPL081W,RPS9A,197,Nucleus,"Cytoplasm; Nucleus, nucleolus"
O13525,YDR204W,COQ4,335,Mitochondria,Mitochondrion inner membrane
O13527,YAR009C,TY1B-A,1196,Nucleus,Cytoplasm; Nucleus
O13535,YHR214C-B,TY1B-H,1793,Nucleus,Cytoplasm; Nucleus
O13539,YHR167W,THP2,261,Nucleus,Nucleus
O13547,YLR390W-A,CCW14,238,Membrane_Secretory,"Secreted, cell wall; Membrane"
O13563,YLR421C,RPN13,156,Nucleus,Cytoplasm; Nucleus
O14455,YPL249C-A,RPL36B,100,Cytoplasm,Cytoplasm
O14467,YOR298C-A,MBF1,151,Nucleus,Cytoplasm; Nucleus
O60200,YKL053C-A,MDM35,86,Nucleus,Cytoplasm; Nucleus; Mitochondrion intermembrane space
O74700,YEL020W-A,TIM9,87,Mitochondria,Mitochondrion inner membrane; Mitochondrion intermembrane space
O75012,YDL045W-A,MRP10,95,Mitochondria,Mitochondrion; Mitochondrion matrix
P00044,YJR048W,CYC1,109,Mitochondria,Mitochondrion intermembrane space
P00127,YFR033C,QCR6,147,Mitochondria,Mitochondrion inner membrane
P00128,YDR529C,QCR7,127,Mitochondria,Mitochondrion inner membrane
P00163,Q0105,COB,385,Mitochondria,Mitochondrion inner membrane
P00175,YML054C,CYB2,591,Mitochondria,Mitochondrion intermembrane space
P00330,YOL086C,ADH1,348,Cytoplasm,Cytoplasm
P00331,YMR303C,ADH2,348,Cytoplasm,Cytoplasm
P00358,YJR009C,TDH2,332,Cytoplasm,Cytoplasm
P00359,YGR192C,TDH3,332,Mitochondria,Cytoplasm; Mitochondrion
P00360,YJL052W,TDH1,332,Cytoplasm,Cytoplasm
P00401,Q0045,COX1,534,Mitochondria,Mitochondrion inner membrane
P00410,Q0250,COX2,251,Mitochondria,Mitochondrion inner membrane
P00420,Q0275,COX3,269,Mitochondria,Mitochondrion inner membrane
P00424,YNL052W,COX5A,153,Mitochondria,Mitochondrion inner membrane
P00431,YKR066C,CCP1,361,Mitochondria,Mitochondrion matrix; Mitochondrion intermembrane space
P00445,YJR104C,SOD1,154,Mitochondria,Cytoplasm; Mitochondrion intermembrane space
P00560,YCR012W,PGK1,416,Mitochondria,Cytoplasm; Mitochondrion
P00635,YBR093C,PHO5,467,Membrane_Secretory,Secreted
P00724,YIL162W,SUC2,532,Membrane_Secretory,Secreted
P00729,YMR297W,PRC1,532,Other,Vacuole lumen
P00817,YBR011C,IPP1,287,Cytoplasm,Cytoplasm
P00830,YJR121W,ATP2,511,Mitochondria,Mitochondrion; Mitochondrion inner membrane
P00854,Q0085,ATP6,259,Mitochondria,Mitochondrion inner membrane
P00890,YNR001C,CIT1,479,Mitochondria,Mitochondrion matrix
P00924,YGR254W,ENO1,437,Cytoplasm,Cytoplasm
P00925,YHR174W,ENO2,437,Cytoplasm,Cytoplasm
P00927,YER086W,ILV1,576,Mitochondria,Mitochondrion
P00950,YKL152C,GPM1,247,Mitochondria,Cytoplasm; Mitochondrion outer membrane; Mitochondrion intermembrane space
P00958,YGR264C,MES1,751,Cytoplasm,Cytoplasm
P01097,YDL181W,INH1,85,Mitochondria,Mitochondrion
P01119,YOR101W,RAS1,309,Membrane_Secretory,Cell membrane
P01120,YNL098C,RAS2,322,Membrane_Secretory,Cell membrane
P01123,YFL038C,YPT1,206,Membrane_Secretory,Endoplasmic reticulum membrane; Golgi apparatus membrane; Cytoplasm; Preautophagosomal structure membrane
P02293,YDR224C,HTB1,131,Nucleus,Nucleus; Chromosome
P02294,YBL002W,HTB2,131,Nucleus,Nucleus; Chromosome
P02309,YNL030W,HHF2,103,Nucleus,Nucleus; Chromosome
P02400,YDR382W,RPP2B,110,Cytoplasm,Cytoplasm
P02406,YGL103W,RPL28,149,Cytoplasm,Cytoplasm
P02557,YFL037W,TUB2,457,Cytoplasm,"Cytoplasm, cytoskeleton"
P02829,YPL240C,HSP82,709,Cytoplasm,Cytoplasm
P02992,YOR187W,TUF1,437,Mitochondria,Mitochondrion matrix
P02994,YBR118W,TEF2,458,Cytoplasm,"Cytoplasm; Cytoplasm, cytoskeleton"
P03069,YEL009C,GCN4,281,Nucleus,Nucleus
P03871,R0020C,REP1,373,Nucleus,Nucleus
P03873,Q0110,BI2,423,Mitochondria,Mitochondrion inner membrane
P03877,Q0060,AI3,415,Mitochondria,Mitochondrion; Membrane
P03878,Q0065,AI4,556,Mitochondria,Mitochondrion
P03879,Q0120,BI4,638,Mitochondria,Mitochondrion
P03965,YJR109C,CPA2,1118,Cytoplasm,Cytoplasm
P04037,YGL187C,COX4,155,Mitochondria,Mitochondrion inner membrane
P04039,YLR395C,COX8,78,Mitochondria,Mitochondrion inner membrane
P04050,YDL140C,RPO21,1733,Nucleus,Nucleus
P04051,YOR116C,RPO31,1460,Nucleus,Nucleus
P04147,YER165W,PAB1,577,Nucleus,Cytoplasm; Nucleus
P04386,YPL248C,GAL4,881,Nucleus,Nucleus
P04449,YGL031C,RPL24A,155,Cytoplasm,Cytoplasm
P04456,YOL127W,RPL25,142,Cytoplasm,Cytoplasm
P04710,YMR056C,AAC1,309,Mitochondria,Mitochondrion inner membrane
P04786,YOL006C,TOP1,769,Nucleus,"Nucleus, nucleolus; Nucleus, nucleoplasm"
P04802,YLL018C,DPS1,557,Cytoplasm,Cytoplasm
P04817,YEL063C,CAN1,590,Membrane_Secretory,Cell membrane; Endosome membrane
P04819,YDL164C,CDC9,755,Nucleus,Nucleus
P04821,YLR310C,CDC25,1589,Membrane_Secretory,Membrane
P04840,YNL055C,POR1,283,Mitochondria,Mitochondrion outer membrane
P04911,YDR225W,HTA1,132,Nucleus,Nucleus; Chromosome
P04912,YBL003C,HTA2,132,Nucleus,Nucleus; Chromosome
P05030,YGL008C,PMA1,918,Membrane_Secretory,Cell membrane
P05066,YOR386W,PHR1,565,Nucleus,Nucleus; Mitochondrion
P05150,YJL088W,ARG3,338,Cytoplasm,Cytoplasm
P05317,YLR340W,RPP0,312,Cytoplasm,Cytoplasm
P05318,YDL081C,RPP1A,106,Cytoplasm,Cytoplasm
P05319,YOL039W,RPP2A,106,Cytoplasm,Cytoplasm
P05374,YGR157W,CHO2,869,Membrane_Secretory,Endoplasmic reticulum membrane
P05375,YJR073C,OPI3,206,Mitochondria,Endoplasmic reticulum membrane; Mitochondrion membrane
P05453,YDR172W,SUP35,685,Cytoplasm,Cytoplasm
P05737,YGL076C,RPL7A,244,Cytoplasm,Cytoplasm
P05739,YLR448W,RPL6B,176,Cytoplasm,Cytoplasm
P05740,YKL180W,RPL17A,184,Cytoplasm,Cytoplasm
P05744,YPL143W,RPL33A,107,Cytoplasm,Cytoplasm
P05745,YMR194W,RPL36A,100,Cytoplasm,Cytoplasm
P05748,YLR029C,RPL15A,204,Cytoplasm,Cytoplasm
P05750,YNL178W,RPS3,240,Cytoplasm,Cytoplasm
P05755,YBR189W,RPS9B,195,Nucleus,"Cytoplasm; Nucleus, nucleolus"
P05756,YDR064W,RPS13,151,Cytoplasm,Cytoplasm
P05759,YLR167W,RPS31,152,Cytoplasm,Cytoplasm
P06100,YDL165W,CDC36,191,Nucleus,Cytoplasm; Nucleus
P06101,YDR168W,CDC37,506,Cytoplasm,Cytoplasm
P06102,YIL038C,NOT3,836,Nucleus,Cytoplasm; Nucleus
P06103,YOR361C,PRT1,763,Cytoplasm,Cytoplasm
P06104,YGL058W,RAD6,172,Nucleus,Cytoplasm; Nucleus
P06105,YJL080C,SCP160,1222,Nucleus,Endoplasmic reticulum membrane; Nucleus membrane
P06106,YLR303W,MET17,444,Cytoplasm,Cytoplasm
P06115,YGR088W,CTT1,562,Cytoplasm,Cytoplasm
P06168,YLR355C,ILV5,395,Mitochondria,Mitochondrion
P06169,YLR044C,PDC1,563,Nucleus,Cytoplasm; Nucleus
P06197,YPR113W,PIS1,220,Mitochondria,Microsome membrane; Endoplasmic reticulum membrane; Golgi apparatus membrane; Mitochondrion outer membrane
P06208,YNL104C,LEU4,619,Mitochondria,Mitochondrion
P06242,YDL108W,KIN28,306,Nucleus,Nucleus
P06244,YJL164C,TPK1,397,Nucleus,Cytoplasm; Nucleus
P06367,YCR031C,RPS14A,137,Nucleus,"Cytoplasm; Nucleus, nucleolus"
P06634,YOR204W,DED1,604,Cytoplasm,Cytoplasm
P06700,YDL042C,SIR2,562,Nucleus,"Nucleus, nucleolus"
P06701,YLR442C,SIR3,978,Nucleus,Nucleus
P06704,YOR257W,CDC31,161,Other,"Nucleus envelope; Cytoplasm, cytoskeleton, microtubule organizing center, spindle pole body"
P06738,YPR160W,GPH1,902,Cytoplasm,"Cytoplasm, cytosol"
P06774,YGL237C,HAP2,265,Nucleus,Nucleus
P06777,YPL022W,RAD1,1100,Nucleus,Nucleus
P06778,YML032C,RAD52,471,Nucleus,Nucleus
P06780,YPR165W,RHO1,209,Membrane_Secretory,Cell membrane; Endosome membrane; Peroxisome membrane
P06781,YNL090W,RHO2,192,Membrane_Secretory,Cell membrane
P06782,YDR477W,SNF1,633,Nucleus,Cytoplasm; Nucleus; Nucleus membrane
P06785,YOR074C,CDC21,304,Nucleus,Nucleus
P06786,YNL088W,TOP2,1428,Nucleus,Nucleus
P06787,YBR109C,CMD1,147,Other,"Cytoplasm, cytoskeleton, microtubule organizing center, spindle pole body"
P06838,YML095C,RAD10,210,Nucleus,Nucleus
P06839,YER171W,RAD3,778,Nucleus,Nucleus
P06843,YER161C,SPT2,333,Nucleus,Nucleus
P06844,YDR392W,SPT3,337,Nucleus,Nucleus; Cytoplasm
P07143,YOR065W,CYT1,309,Mitochondria,Mitochondrion inner membrane
P07170,YDR226W,ADK1,222,Mitochondria,"Cytoplasm, cytosol; Mitochondrion intermembrane space"
P07213,YNL121C,TOM70,617,Mitochondria,Mitochondrion outer membrane
P07244,YGL234W,ADE57,802,Cytoplasm,Cytoplasm
P07245,YGR204W,ADE3,946,Nucleus,Cytoplasm; Nucleus
P07246,YMR083W,ADH3,375,Mitochondria,Mitochondrion matrix; Mitochondrion inner membrane
P07248,YDR216W,ADR1,1323,Nucleus,Nucleus
P07249,YMR042W,ARG80,177,Nucleus,Nucleus
P07250,YDR173C,ARG82,355,Nucleus,Nucleus
P07251,YBL099W,ATP1,545,Mitochondria,Mitochondrion inner membrane
P07255,YDL067C,COX9,59,Mitochondria,Mitochondrion inner membrane
P07256,YBL045C,COR1,457,Mitochondria,Mitochondrion inner membrane
P07257,YPR191W,QCR2,368,Mitochondria,Mitochondrion inner membrane
P07258,YOR303W,CPA1,411,Cytoplasm,Cytoplasm
P07259,YJL130C,URA2,2214,Cytoplasm,Cytoplasm
P07260,YOL139C,CDC33,213,Nucleus,Cytoplasm; Nucleus
P07261,YPL075W,GCR1,785,Nucleus,Nucleus
P07263,YPR033C,HTS1,546,Mitochondria,Mitochondrion
P07267,YPL154C,PEP4,405,Membrane_Secretory,Vacuole
P07269,YDL106C,PHO2,559,Nucleus,Nucleus
P07270,YFR034C,PHO4,312,Nucleus,Cytoplasm; Nucleus
P07271,YML061C,PIF1,859,Mitochondria,Mitochondrion inner membrane
P07272,YLR014C,PPR1,904,Nucleus,Nucleus
P07273,YGL043W,DST1,309,Nucleus,Nucleus
P07274,YOR122C,PFY1,126,Membrane_Secretory,"Cell membrane; Cytoplasm, cytosol"
P07276,YGR258C,RAD2,1031,Nucleus,Nucleus
P07277,YMR208W,ERG12,443,Cytoplasm,"Cytoplasm, cytosol"
P07278,YIL033C,BCY1,416,Nucleus,Cytoplasm; Nucleus
P07280,YOL121C,RPS19A,144,Cytoplasm,Cytoplasm
P07281,YNL302C,RPS19B,144,Cytoplasm,Cytoplasm
P07283,YFL045C,SEC53,254,Cytoplasm,Cytoplasm
P07284,YDR023W,SES1,462,Cytoplasm,"Cytoplasm, cytosol"
P07286,YBR243C,ALG7,448,Membrane_Secretory,Endoplasmic reticulum membrane
P07342,YMR108W,ILV2,687,Mitochondria,Mitochondrion
P07347,YHR013C,ARD1,238,Cytoplasm,Cytoplasm
P07560,YFL005W,SEC4,215,Membrane_Secretory,"Cytoplasmic vesicle, secretory vesicle membrane; Cell membrane; Cytoplasm"
P07703,YPR110C,RPC40,335,Nucleus,"Nucleus, nucleolus"
P07834,YFL009W,CDC4,779,Nucleus,Nucleus
P07866,YAL024C,LTE1,1435,Cytoplasm,Cytoplasm; Bud
P07884,YOR274W,MOD5,428,Nucleus,Cytoplasm; Nucleus
P07991,YLR438W,CAR2,424,Cytoplasm,Cytoplasm
P08004,YNL192W,CHS1,1131,Membrane_Secretory,Cell membrane
P08018,YJL128C,PBS2,668,Cytoplasm,Cytoplasm
P08067,YEL024W,RIP1,215,Mitochondria,Mitochondrion inner membrane
P08153,YDR146C,SWI5,709,Nucleus,Nucleus; Cytoplasm
P08417,YPL262W,FUM1,488,Nucleus,Mitochondrion matrix; Cytoplasm; Nucleus
P08425,YPR047W,MSF1,469,Mitochondria,Mitochondrion matrix
P08432,YKL184W,SPE1,466,Cytoplasm,Cytoplasm
P08456,YER026C,CHO1,276,Mitochondria,Microsome membrane; Endoplasmic reticulum membrane; Mitochondrion outer membrane
P08458,YDR523C,SPS1,490,Nucleus,Nucleus; Cytoplasm
P08466,YJL208C,NUC1,329,Mitochondria,Mitochondrion inner membrane
P08518,YOR151C,RPB2,1224,Nucleus,Nucleus
P08525,YJL166W,QCR8,94,Mitochondria,Mitochondrion inner membrane
P08536,YJR010W,MET3,511,Cytoplasm,Cytoplasm
P08539,YHR005C,GPA1,472,Membrane_Secretory,Cell membrane; Endosome membrane
P08566,YDR127W,ARO1,1588,Cytoplasm,Cytoplasm
P08638,YLR451W,LEU3,886,Nucleus,Nucleus
P08640,YIR019C,FLO11,1367,Membrane_Secretory,"Secreted, cell wall; Membrane"
P08679,YCR005C,CIT2,460,Membrane_Secretory,Cytoplasm; Peroxisome
P09032,YOR260W,GCD1,578,Cytoplasm,"Cytoplasm, cytosol"
P09064,YPL237W,SUI3,285,Cytoplasm,"Cytoplasm, cytosol"
P09119,YJL194W,CDC6,513,Nucleus,Nucleus; Chromosome
P09232,YEL060C,PRB1,635,Membrane_Secretory,Vacuole
P09435,YBL075C,SSA3,649,Cytoplasm,Cytoplasm
P09440,YBR084W,MIS1,975,Mitochondria,Mitochondrion
P09547,YPL016W,SWI1,1314,Nucleus,Nucleus
P09620,YGL203C,KEX1,729,Other,"Golgi apparatus, trans-Golgi network membrane"
P09624,YFL018C,LPD1,499,Mitochondria,Mitochondrion matrix
P09733,YML085C,TUB1,447,Cytoplasm,"Cytoplasm, cytoskeleton"
P09734,YML124C,TUB3,445,Cytoplasm,"Cytoplasm, cytoskeleton"
P09798,YKL022C,CDC16,840,Nucleus,Nucleus
P09938,YJL026W,RNR2,399,Nucleus,Nucleus
P09950,YDR232W,HEM1,548,Mitochondria,Mitochondrion matrix
P09959,YLR182W,SWI6,803,Nucleus,Nucleus; Cytoplasm
P0C0T4,YLR333C,RPS25B,108,Cytoplasm,Cytoplasm
P0C0V8,YKR057W,RPS21A,87,Cytoplasm,Cytoplasm
P0C0W9,YPR102C,RPL11A,174,Nucleus,Cytoplasm; Nucleus
P0C0X0,YLR264W,RPS28B,67,Cytoplasm,Cytoplasm
P0C2I2,YDR316W-B,TY1B-DR5,1755,Nucleus,Cytoplasm; Nucleus
P0C2I3,YDR365W-B,TY1B-DR6,1755,Nucleus,Cytoplasm; Nucleus
P0C2I5,YLR157C-B,TY1B-LR2,1755,Nucleus,Cytoplasm; Nucleus
P0C2I6,YLR227W-B,TY1B-LR3,1755,Nucleus,Cytoplasm; Nucleus
P0C2I9,YPR137C-B,TY1B-PR1,1755,Nucleus,Cytoplasm; Nucleus
P0C2J0,YPR158W-B,TY1B-PR2,1756,Nucleus,Cytoplasm; Nucleus
P0C2J1,YPR158C-D,TY1B-PR3,1755,Nucleus,Cytoplasm; Nucleus
P0C2J3,YLR410W-B,TY2B-LR1,1770,Nucleus,Cytoplasm; Nucleus
P0C2J7,YHL009W-B,TY4B-H,1802,Nucleus,Cytoplasm; Nucleus
P0C5R9,YPR170W-B,,85,Membrane_Secretory,Endoplasmic reticulum membrane; Vacuole membrane
P0CD91,YPR192W,AQY1,305,Membrane_Secretory,Endoplasmic reticulum membrane; Cell membrane
P0CE41,YLR256W,HAP1,1502,Nucleus,Nucleus
P0CG63,YLL039C,UBI4,381,Nucleus,Cytoplasm; Nucleus
P0CH08,YIL148W,RPL40A,128,Cytoplasm,Cytoplasm
P0CH09,YKR094C,RPL40B,128,Cytoplasm,Cytoplasm
P0CS90,YJR045C,SSC1,654,Mitochondria,Mitochondrion matrix
P0CT04,YNL015W,PBI2,75,Cytoplasm,Cytoplasm
P0CX25,YPR043W,RPL43A,92,Cytoplasm,Cytoplasm
P0CX27,YNL162W,RPL42A,106,Cytoplasm,Cytoplasm
P0CX28,YHR141C,RPL42B,106,Cytoplasm,Cytoplasm
P0CX29,YGR118W,RPS23A,145,Cytoplasm,Cytoplasm
P0CX30,YPR132W,RPS23B,145,Cytoplasm,Cytoplasm
P0CX31,YER074W,RPS24A,135,Cytoplasm,Cytoplasm
P0CX32,YIL069C,RPS24B,135,Cytoplasm,Cytoplasm
P0CX35,YJR145C,RPS4A,261,Cytoplasm,Cytoplasm
P0CX36,YHR203C,RPS4B,261,Cytoplasm,Cytoplasm
P0CX37,YPL090C,RPS6A,236,Nucleus,"Cytoplasm; Nucleus, nucleolus"
P0CX38,YBR181C,RPS6B,236,Nucleus,"Cytoplasm; Nucleus, nucleolus"
P0CX41,YBL087C,RPL23A,137,Cytoplasm,Cytoplasm
P0CX42,YER117W,RPL23B,137,Cytoplasm,Cytoplasm
P0CX43,YPL220W,RPL1A,217,Cytoplasm,Cytoplasm
P0CX44,YGL135W,RPL1B,217,Cytoplasm,Cytoplasm
P0CX45,YFR031C-A,RPL2A,254,Cytoplasm,Cytoplasm
P0CX46,YIL018W,RPL2B,254,Cytoplasm,Cytoplasm
P0CX47,YDR025W,RPS11A,156,Cytoplasm,Cytoplasm
P0CX48,YBR048W,RPS11B,156,Cytoplasm,Cytoplasm
P0CX49,YOL120C,RPL18A,186,Cytoplasm,Cytoplasm
P0CX50,YNL301C,RPL18B,186,Cytoplasm,Cytoplasm
P0CX51,YMR143W,RPS16A,143,Cytoplasm,Cytoplasm
P0CX53,YEL054C,RPL12A,165,Cytoplasm,Cytoplasm
P0CX54,YDR418W,RPL12B,165,Cytoplasm,Cytoplasm
P0CX55,YDR450W,RPS18A,146,Cytoplasm,Cytoplasm
P0CX56,YML026C,RPS18B,146,Cytoplasm,Cytoplasm
P0CX63,YFL002W-A,TY2B-F,1770,Nucleus,Cytoplasm; Nucleus
P0CX64,YGR161W-B,TY2B-GR2,1770,Nucleus,Cytoplasm; Nucleus
P0CX77,YLR157C,ASP3-2,362,Membrane_Secretory,Secreted; Periplasm
P0CX78,YLR158C,ASP3-3,362,Membrane_Secretory,Secreted; Periplasm
P0CX79,YLR160C,ASP3-4,362,Membrane_Secretory,Secreted; Periplasm
P0CX82,YBR084C-A,RPL19A,189,Cytoplasm,Cytoplasm
P0CX83,YBL027W,RPL19B,189,Cytoplasm,Cytoplasm
P0CX84,YDL191W,RPL35A,120,Cytoplasm,Cytoplasm
P0CX85,YDL136W,RPL35B,120,Cytoplasm,Cytoplasm
P0CY06,YCR040W,MATALPHA1,175,Nucleus,Nucleus
P0CY08,YCR039C,MATALPHA2,210,Nucleus,Nucleus
P0CZ17,YLR155C,ASP3-1,362,Membrane_Secretory,Secreted; Periplasm
P10080,YHL034C,SBP1,294,Nucleus,"Cytoplasm; Nucleus, nucleolus; Cytoplasm, P-body; Cytoplasm, Stress granule"
P10081,YJL138C,TIF2,395,Cytoplasm,Cytoplasm
P10127,YGL256W,ADH4,382,Mitochondria,Mitochondrion
P10174,YMR256C,COX7,60,Mitochondria,Mitochondrion inner membrane
P10507,YLR163C,MAS1,462,Mitochondria,Mitochondrion matrix
P10591,YAL005C,SSA1,642,Membrane_Secretory,"Cytoplasm; Secreted, cell wall"
P10592,YLL024C,SSA2,639,Membrane_Secretory,"Cytoplasm; Secreted, cell wall"
P10614,YHR007C,ERG11,530,Membrane_Secretory,Endoplasmic reticulum membrane
P10622,YDL130W,RPP1B,106,Cytoplasm,Cytoplasm
P10662,YDR347W,MRP1,321,Mitochondria,Mitochondrion
P10664,YBR031W,RPL4A,362,Nucleus,Cytoplasm; Nucleus
P10823,YER020W,GPA2,449,Membrane_Secretory,Cell membrane
P10862,YCR066W,RAD18,487,Nucleus,Nucleus
P10863,YER011W,TIR1,254,Membrane_Secretory,"Secreted, cell wall; Membrane"
P10870,YDL194W,SNF3,884,Membrane_Secretory,Cell membrane
P10961,YGL073W,HSF1,833,Nucleus,Nucleus
P10962,YAL025C,MAK16,306,Nucleus,Nucleus
P10964,YOR341W,RPA190,1664,Nucleus,"Nucleus, nucleolus"
P11075,YDR170C,SEC7,2009,Membrane_Secretory,"Cytoplasm; Golgi apparatus; Golgi apparatus, trans-Golgi network; Cytoplasmic vesicle, COPI-coated vesicle membrane; Cytoplasmic vesicle, COPII-coated vesicle membrane"
P11076,YDL192W,ARF1,181,Membrane_Secretory,Golgi apparatus
P11154,YGL062W,PYC1,1178,Cytoplasm,Cytoplasm
P11325,YLR382C,NAM2,894,Mitochondria,Mitochondrion matrix
P11353,YDR044W,HEM13,328,Cytoplasm,Cytoplasm
P11484,YDL229W,SSB1,613,Cytoplasm,Cytoplasm
P11491,YDR481C,PHO8,566,Cytoplasm,Cytoplasm
P11632,YPR052C,NHP6A,93,Nucleus,Nucleus; Chromosome
P11633,YBR089C-A,NHP6B,99,Nucleus,Nucleus; Chromosome
P11655,YNR026C,SEC12,471,Membrane_Secretory,"Endoplasmic reticulum membrane; Golgi apparatus, cis-Golgi network membrane"
P11709,YCL029C,BIK1,440,Cytoplasm,"Cytoplasm, cytoskeleton, microtubule organizing center, spindle pole body; Cytoplasm, cytoskeleton, spindle; Cytoplasm"
P11710,YCL027W,FUS1,512,Membrane_Secretory,Membrane
P11745,YMR235C,RNA1,407,Cytoplasm,Cytoplasm
P11746,YMR043W,MCM1,286,Nucleus,Nucleus
P11747,YML098W,TAF13,167,Nucleus,Nucleus
P11914,YHR024C,MAS2,482,Mitochondria,Mitochondrion matrix
P11938,YNL216W,RAP1,827,Nucleus,"Nucleus; Chromosome, telomere"
P11978,YDR227W,SIR4,1358,Nucleus,Nucleus
P11986,YJL153C,INO1,533,Cytoplasm,Cytoplasm
P12383,YGL013C,PDR1,1068,Nucleus,Nucleus
P12385,YBR143C,SUP45,437,Cytoplasm,Cytoplasm
P12612,YDR212W,TCP1,559,Cytoplasm,Cytoplasm
P12630,YIL015W,BAR1,587,Membrane_Secretory,Secreted
P12683,YML075C,HMG1,1054,Membrane_Secretory,Endoplasmic reticulum membrane; Nucleus envelope
P12684,YLR450W,HMG2,1045,Membrane_Secretory,Endoplasmic reticulum membrane; Nucleus envelope
P12686,YGR084C,MRP13,339,Mitochondria,Mitochondrion
P12687,YNL005C,MRP7,371,Mitochondria,Mitochondrion
P12688,YKL126W,YPK1,680,Membrane_Secretory,Cytoplasm; Cell membrane
P12689,YOR346W,REV1,985,Nucleus,"Nucleus; Mitochondrion; Cytoplasm, cytosol"
P12695,YNL071W,LAT1,482,Mitochondria,Mitochondrion matrix
P12709,YBR196C,PGI1,554,Cytoplasm,"Cytoplasm, cytosol"
P12753,YNL250W,RAD50,1312,Nucleus,Nucleus; Chromosome
P12754,YGR083C,GCD2,651,Cytoplasm,"Cytoplasm, cytosol"
P12866,YKL209C,STE6,1290,Membrane_Secretory,Membrane
P12868,YMR231W,PEP5,1029,Membrane_Secretory,Vacuole membrane
P12904,YGL115W,SNF4,322,Nucleus,Nucleus; Cytoplasm
P12945,YDL040C,NAT1,854,Cytoplasm,Cytoplasm
P12954,YJL092W,SRS2,1174,Nucleus,Nucleus
P12962,YOR276W,CAF20,161,Cytoplasm,Cytoplasm
P13134,YNL238W,KEX2,814,Other,"Golgi apparatus, trans-Golgi network membrane"
P13185,YDR122W,KIN1,1064,Membrane_Secretory,Cytoplasm; Cell membrane
P13186,YLR096W,KIN2,1147,Membrane_Secretory,Cytoplasm; Cell membrane
P13259,YGR202C,PCT1,424,Membrane_Secretory,Membrane
P13382,YNL102W,POL1,1468,Nucleus,Nucleus
P13393,YER148W,SPT15,240,Nucleus,Nucleus
P13434,YBL021C,HAP3,144,Nucleus,Nucleus
P13517,YIL034C,CAP2,287,Cytoplasm,"Cytoplasm, cytoskeleton, actin patch; Bud; Bud tip; Cytoplasm, cytoskeleton"
P13574,YHR084W,STE12,688,Nucleus,Nucleus
P13586,YGL167C,PMR1,950,Membrane_Secretory,Golgi apparatus membrane
P13587,YDR040C,ENA1,1091,Membrane_Secretory,Cell membrane
P13663,YDR158W,HOM2,365,Nucleus,"Cytoplasm, cytosol; Nucleus"
P13712,YBR195C,MSI1,422,Nucleus,Cytoplasm; Nucleus
P13856,YGR152C,RSR1,272,Membrane_Secretory,Cell membrane
P14020,YPR183W,DPM1,267,Membrane_Secretory,Endoplasmic reticulum membrane
P14064,YKL109W,HAP4,554,Nucleus,Nucleus
P14065,YOR120W,GCY1,312,Cytoplasm,Cytoplasm
P14120,YGL030W,RPL30,105,Cytoplasm,Cytoplasm
P14126,YOR063W,RPL3,387,Cytoplasm,Cytoplasm
P14164,YKL112W,ABF1,731,Nucleus,Nucleus
P14180,YBR038W,CHS2,963,Membrane_Secretory,Membrane
P14242,YNL082W,PMS1,873,Nucleus,Nucleus
P14284,YPL167C,REV3,1504,Nucleus,Mitochondrion; Nucleus
P14291,YLR263W,RED1,827,Nucleus,Nucleus
P14306,YLR178C,TFS1,219,Cytoplasm,Cytoplasm
P14680,YJL141C,YAK1,807,Nucleus,Cytoplasm; Nucleus
P14681,YGR040W,KSS1,368,Nucleus,Nucleus; Cytoplasm; Periplasm
P14682,YDR054C,CDC34,295,Nucleus,Cytoplasm; Nucleus
P14693,YHR083W,SAM35,329,Mitochondria,Mitochondrion outer membrane
P14724,YFR036W,CDC26,124,Nucleus,Nucleus
P14736,YER162C,RAD4,754,Nucleus,Cytoplasm; Nucleus
P14737,YDR217C,RAD9,1309,Nucleus,Nucleus
P14741,YKR026C,GCN3,305,Cytoplasm,"Cytoplasm, cytosol"
P14743,YLR195C,NMT1,455,Cytoplasm,Cytoplasm
P14772,YLL015W,BPT1,1559,Membrane_Secretory,Vacuole membrane
P14832,YDR155C,CPR1,162,Nucleus,Cytoplasm; Nucleus; Mitochondrion intermembrane space
P14843,YDR035W,ARO3,370,Cytoplasm,Cytoplasm
P14904,YKL103C,APE1,514,Membrane_Secretory,Vacuole
P14906,YOR254C,SEC63,663,Nucleus,Endoplasmic reticulum membrane; Nucleus membrane; Nucleus inner membrane
P14907,YJL041W,NSP1,823,Nucleus,"Nucleus, nuclear pore complex; Nucleus membrane; Nucleus membrane"
P14908,YMR228W,MTF1,341,Mitochondria,Mitochondrion intermembrane space
P14922,YBR112C,CYC8,966,Nucleus,Nucleus
P15108,YMR186W,HSC82,705,Mitochondria,Cytoplasm; Mitochondrion
P15180,YDR037W,KRS1,591,Cytoplasm,Cytoplasm
P15202,YDR256C,CTA1,515,Other,Peroxisome matrix
P15303,YPR181C,SEC23,768,Membrane_Secretory,"Cytoplasmic vesicle, COPII-coated vesicle membrane; Cytoplasm; Endoplasmic reticulum membrane; Golgi apparatus membrane"
P15315,YGL166W,CUP2,225,Nucleus,Nucleus
P15367,YIR022W,SEC11,167,Membrane_Secretory,Endoplasmic reticulum membrane
P15424,YDR194C,MSS116,664,Mitochondria,Mitochondrion matrix
P15436,YDL102W,POL3,1097,Nucleus,Nucleus
P15442,YDR283C,GCN2,1659,Cytoplasm,Cytoplasm
P15496,YPL117C,IDI1,288,Cytoplasm,Cytoplasm
P15565,YDR120C,TRM1,570,Mitochondria,Mitochondrion; Nucleus inner membrane
P15624,YLR060W,FRS1,595,Cytoplasm,Cytoplasm
P15625,YFL022C,FRS2,503,Cytoplasm,Cytoplasm
P15646,YDL014W,NOP1,327,Nucleus,"Nucleus, nucleolus"
P15700,YKL024C,URA6,204,Nucleus,Cytoplasm; Nucleus
P15703,YGR282C,BGL2,313,Membrane_Secretory,"Secreted, cell wall"
P15705,YOR027W,STI1,589,Cytoplasm,Cytoplasm
P15801,YOR330C,MIP1,1254,Mitochondria,Mitochondrion
P15873,YBR088C,POL30,258,Nucleus,Nucleus
P15891,YCR088W,ABP1,592,Other,"Cytoplasm, cytoskeleton, actin patch"
P15938,YKR086W,PRP16,1071,Nucleus,Nucleus
P16140,YBR127C,VMA2,517,Membrane_Secretory,Vacuole membrane
P16370,YIL021W,RPB3,318,Nucleus,Nucleus
P16387,YER178W,PDA1,420,Mitochondria,Mitochondrion matrix
P16451,YGR193C,PDX1,410,Mitochondria,Mitochondrion matrix
P16467,YLR134W,PDC5,563,Nucleus,Cytoplasm; Nucleus
P16474,YJL034W,KAR2,682,Other,Endoplasmic reticulum lumen
P16521,YLR249W,YEF3,1044,Cytoplasm,"Cytoplasm, cytosol"
P16522,YHR166C,CDC23,626,Nucleus,"Nucleus; Chromosome, centromere, kinetochore"
P16550,YCL050C,APA1,321,Nucleus,Cytoplasm; Nucleus
P16603,YHR042W,NCP1,691,Mitochondria,Endoplasmic reticulum membrane; Mitochondrion outer membrane; Cell membrane
P16622,YOR176W,HEM15,393,Mitochondria,Mitochondrion inner membrane
P16649,YCR084C,TUP1,713,Nucleus,Nucleus
P16658,YLR105C,SEN2,377,Nucleus,Nucleus; Endomembrane system; Mitochondrion outer membrane
P16661,YBR110W,ALG1,449,Membrane_Secretory,Endoplasmic reticulum membrane
P16664,YDR137W,RGP1,663,Membrane_Secretory,Golgi apparatus
P16861,YGR240C,PFK1,987,Mitochondria,Cytoplasm; Mitochondrion outer membrane
P16862,YMR205C,PFK2,959,Mitochondria,Cytoplasm; Mitochondrion outer membrane
P16892,YBL016W,FUS3,353,Nucleus,Nucleus; Cytoplasm; Periplasm
P17064,YER056C,FCY2,533,Membrane_Secretory,Membrane
P17065,YNL272C,SEC2,759,Cytoplasm,"Bud neck; Bud tip; Cytoplasmic vesicle, secretory vesicle"
P17076,YHL033C,RPL8A,256,Cytoplasm,Cytoplasm
P17106,YJR060W,CBF1,351,Nucleus,"Nucleus; Mitochondrion; Chromosome, centromere"
P17119,YPR141C,KAR3,729,Nucleus,"Cytoplasm, cytoskeleton, microtubule organizing center, spindle pole body; Nucleus; Cytoplasm, cytoskeleton; Chromosome; Cytoplasm, cytoskeleton, spindle"
P17157,YPL031C,PHO85,305,Nucleus,Cytoplasm; Nucleus
P17214,YLR233C,EST1,699,Nucleus,"Nucleus; Chromosome, telomere"
P17255,YDL185W,VMA1,1071,Membrane_Secretory,Vacuole membrane
P17260,YNL322C,KRE1,313,Membrane_Secretory,"Cell membrane; Secreted, cell wall"
P17442,YGR233C,PHO81,1178,Nucleus,Cytoplasm; Nucleus
P17505,YKL085W,MDH1,334,Mitochondria,Mitochondrion matrix
P17536,YNL079C,TPM1,199,Cytoplasm,"Cytoplasm, cytoskeleton"
P17555,YNL138W,SRV2,526,Other,"Cytoplasm, cytoskeleton, actin patch"
P17558,YOR158W,PET123,318,Mitochondria,Mitochondrion
P17629,YDR138W,HPR1,752,Nucleus,Nucleus
P17649,YGR019W,UGA1,471,Cytoplasm,Cytoplasm
P17695,YDR513W,GRX2,143,Mitochondria,Mitochondrion
P17883,YPR189W,SKI3,1432,Nucleus,Cytoplasm; Nucleus
P17890,YNL151C,RPC31,251,Nucleus,Nucleus
P17891,YGR167W,CLC1,233,Other,"Cytoplasmic vesicle membrane; Membrane, coated pit"
P17898,YNL130C,CPT1,393,Mitochondria,Microsome membrane; Endoplasmic reticulum membrane; Mitochondrion outer membrane
P17967,YCL043C,PDI1,522,Other,Endoplasmic reticulum lumen
P18238,YBR085W,AAC3,307,Mitochondria,Mitochondrion inner membrane
P18239,YBL030C,PET9,318,Mitochondria,Mitochondrion inner membrane; Peroxisome membrane
P18409,YAL010C,MDM10,493,Mitochondria,Mitochondrion outer membrane
P18410,YAL009W,SPO7,259,Nucleus,Endoplasmic reticulum membrane; Nucleus membrane
P18412,YBR083W,TEC1,486,Nucleus,Nucleus
P18480,YBR289W,SNF5,905,Nucleus,Nucleus
P18759,YBR080C,SEC18,758,Cytoplasm,Cytoplasm
P18852,YJR086W,STE18,110,Membrane_Secretory,Membrane
P18888,YHL025W,SNF6,332,Nucleus,Nucleus
P18898,YGL155W,CDC43,376,Cytoplasm,Cytoplasm
P18961,YMR104C,YPK2,677,Cytoplasm,Cytoplasm
P19073,YLR229C,CDC42,191,Membrane_Secretory,Cell membrane
P19145,YKR039W,GAP1,602,Membrane_Secretory,Cell membrane; Endoplasmic reticulum membrane
P19146,YDL137W,ARF2,181,Membrane_Secretory,Golgi apparatus
P19211,YJR047C,ANB1,157,Cytoplasm,Cytoplasm
P19262,YDR148C,KGD2,463,Mitochondria,Mitochondrion
P19263,YLR071C,RGR1,1082,Nucleus,Nucleus
P19414,YLR304C,ACO1,778,Mitochondria,Mitochondrion; Cytoplasm
P19516,YPL132W,COX11,300,Mitochondria,Mitochondrion inner membrane
P19524,YOR326W,MYO2,1574,Cytoplasm,Bud neck; Bud tip
P19541,YPL133C,RDS2,446,Nucleus,Cytoplasm; Nucleus
P19657,YPL036W,PMA2,947,Membrane_Secretory,Cell membrane
P19658,YJL085W,EXO70,623,Cytoplasm,"Cytoplasmic vesicle, secretory vesicle; Bud; Bud neck"
P19659,YOL051W,GAL11,1081,Nucleus,Nucleus
P19735,YBR055C,PRP6,899,Nucleus,Nucleus
P19736,YDL030W,PRP9,530,Nucleus,Nucleus
P19807,YGL077C,HNM1,563,Membrane_Secretory,Membrane
P19880,YML007W,YAP1,650,Nucleus,Nucleus; Cytoplasm
P19882,YLR259C,HSP60,572,Mitochondria,Mitochondrion matrix
P19955,YFR049W,YMR31,123,Mitochondria,Mitochondrion
P20050,YIL072W,HOP1,605,Nucleus,Nucleus; Chromosome
P20052,YOL001W,PHO80,293,Nucleus,Cytoplasm; Nucleus
P20053,YPR178W,PRP4,465,Nucleus,Nucleus
P20081,YNL135C,FPR1,114,Mitochondria,Cytoplasm; Mitochondrion
P20095,YNR011C,PRP2,876,Nucleus,Nucleus
P20107,YMR243C,ZRC1,442,Membrane_Secretory,Vacuole membrane
P20134,YOR140W,SFL1,766,Nucleus,Nucleus
P20424,YPR088C,SRP54,541,Membrane_Secretory,Cytoplasm; Endoplasmic reticulum
P20433,YJL140W,RPB4,221,Nucleus,"Nucleus; Cytoplasm; Cytoplasm, P-body"
P20434,YBR154C,RPB5,215,Nucleus,Nucleus
P20435,YPR187W,RPO26,155,Nucleus,Cytoplasm; Nucleus
P20436,YOR224C,RPB8,146,Nucleus,Nucleus
P20447,YGL078C,DBP3,523,Nucleus,"Nucleus, nucleolus"
P20448,YJL033W,HCA4,770,Nucleus,"Nucleus, nucleolus"
P20449,YOR046C,DBP5,482,Nucleus,"Cytoplasm; Nucleus, nuclear pore complex; Nucleus membrane"
P20459,YJR007W,SUI2,304,Cytoplasm,"Cytoplasm, cytosol"
P20484,YKL021C,MAK11,414,Nucleus,"Nucleus, nucleolus; Nucleus membrane"
P20485,YLR133W,CKI1,582,Cytoplasm,Cytoplasm
P20604,YDL047W,SIT4,311,Cytoplasm,Cytoplasm
P20606,YPL218W,SAR1,190,Membrane_Secretory,"Cytoplasmic vesicle, COPII-coated vesicle membrane; Endoplasmic reticulum membrane; Golgi apparatus membrane"
P20676,YOR098C,NUP1,1076,Nucleus,"Nucleus, nuclear pore complex; Nucleus membrane"
P20795,YLR396C,VPS33,691,Membrane_Secretory,Vacuole
P20840,YJR004C,SAG1,650,Membrane_Secretory,"Secreted, cell wall; Membrane"
P20967,YIL125W,KGD1,1014,Mitochondria,"Mitochondrion; Mitochondrion matrix; Mitochondrion matrix, mitochondrion nucleoid"
P21147,YGL055W,OLE1,510,Membrane_Secretory,Endoplasmic reticulum membrane
P21190,YJR094C,IME1,360,Nucleus,Nucleus
P21192,YLR131C,ACE2,770,Nucleus,Nucleus
P21242,YOR362C,PRE10,288,Nucleus,Cytoplasm; Nucleus
P21243,YGL011C,SCL1,252,Nucleus,Cytoplasm; Nucleus
P21269,YER168C,CCA1,546,Nucleus,Cytoplasm; Nucleus
P21372,YBR237W,PRP5,849,Nucleus,Nucleus
P21374,YJR050W,ISY1,235,Nucleus,Cytoplasm; Nucleus
P21375,YJR051W,OSM1,501,Mitochondria,Mitochondrion
P21524,YER070W,RNR1,888,Cytoplasm,Cytoplasm
P21538,YBR049C,REB1,810,Nucleus,Nucleus
P21560,YPL215W,CBP3,335,Mitochondria,Mitochondrion membrane
P21576,YKR001C,VPS1,704,Cytoplasm,"Cytoplasm, cytoskeleton"
P21592,YPL172C,COX10,462,Mitochondria,Mitochondrion; Mitochondrion membrane
P21651,YJR021C,REC107,314,Nucleus,Nucleus; Chromosome
P21672,YIL066C,RNR3,869,Cytoplasm,Cytoplasm
P21691,YKR101W,SIR1,654,Nucleus,"Nucleus; Chromosome, centromere"
P21771,YDR337W,MRPS28,286,Mitochondria,Mitochondrion
P21801,YLL041C,SDH2,266,Mitochondria,Mitochondrion inner membrane
P21825,YPL094C,SEC62,274,Membrane_Secretory,Endoplasmic reticulum membrane
P21826,YIR031C,DAL7,554,Other,Peroxisome matrix
P21827,YGL097W,SRM1,482,Nucleus,Nucleus
P21951,YNL262W,POL2,2222,Nucleus,Nucleus
P21954,YDL066W,IDP1,428,Mitochondria,Mitochondrion
P21957,YHL020C,OPI1,404,Nucleus,Endoplasmic reticulum; Nucleus
P22007,YDL090C,RAM1,431,Cytoplasm,Cytoplasm
P22082,YOR290C,SNF2,1703,Nucleus,Nucleus
P22108,YDR530C,APA2,325,Nucleus,Cytoplasm; Nucleus
P22133,YOL126C,MDH2,377,Cytoplasm,Cytoplasm
P22137,YGL206C,CHC1,1653,Other,"Cytoplasmic vesicle membrane; Membrane, coated pit"
P22138,YPR010C,RPA135,1203,Nucleus,"Nucleus, nucleolus"
P22139,YOR210W,RPB10,70,Nucleus,"Nucleus, nucleolus"
P22140,YHR123W,EPT1,391,Membrane_Secretory,Golgi apparatus membrane
P22141,YER012W,PRE1,198,Nucleus,Cytoplasm; Nucleus
P22146,YMR307W,GAS1,559,Membrane_Secretory,"Cell membrane; Secreted, cell wall"
P22147,YGL173C,XRN1,1528,Cytoplasm,"Cytoplasm; Cytoplasm, perinuclear region; Cytoplasm, P-body"
P22148,YOL116W,MSN1,382,Nucleus,Nucleus
P22149,YGL071W,AFT1,690,Nucleus,Nucleus
P22202,YER103W,SSA4,642,Cytoplasm,Cytoplasm
P22203,YOR332W,VMA4,233,Membrane_Secretory,Vacuole membrane
P22204,YGR092W,DBF2,572,Nucleus,"Cytoplasm, cytoskeleton, microtubule organizing center, spindle pole body; Bud neck; Nucleus"
P22211,YNL183C,NPR1,790,Cytoplasm,Cytoplasm
P22213,YDR189W,SLY1,666,Membrane_Secretory,Cytoplasm; Membrane
P22214,YLR268W,SEC22,214,Membrane_Secretory,Membrane; Endoplasmic reticulum membrane; Golgi apparatus membrane
P22216,YPL153C,RAD53,821,Nucleus,Nucleus
P22217,YLR043C,TRX1,103,Nucleus,Nucleus; Cytoplasm; Golgi apparatus membrane; Mitochondrion intermembrane space
P22219,YBR097W,VPS15,1454,Membrane_Secretory,"Golgi apparatus, trans-Golgi network membrane; Endosome membrane"
P22224,YGL233W,SEC15,910,Membrane_Secretory,Cytoplasm; Cell membrane
P22276,YOR207C,RET1,1149,Nucleus,Nucleus
P22289,YGR183C,QCR9,66,Mitochondria,Mitochondrion inner membrane
P22336,YAR007C,RFA1,621,Nucleus,Nucleus
P22515,YKL210W,UBA1,1024,Nucleus,Cytoplasm; Nucleus
P22516,YPL008W,CHL1,861,Nucleus,Nucleus
P22543,YLR240W,VPS34,875,Membrane_Secretory,"Golgi apparatus, trans-Golgi network membrane; Endosome membrane"
P22579,YOL004W,SIN3,1536,Nucleus,Nucleus
P22696,YJR017C,ESS1,170,Nucleus,Cytoplasm; Nucleus
P22768,YOL058W,ARG1,420,Cytoplasm,Cytoplasm
P22803,YGR209C,TRX2,104,Nucleus,Cytoplasm; Golgi apparatus membrane; Nucleus
P22804,YIL004C,BET1,142,Membrane_Secretory,Golgi apparatus membrane; Endoplasmic reticulum membrane
P22855,YGL156W,AMS1,1083,Membrane_Secretory,Vacuole
P22936,YKL114C,APN1,367,Nucleus,Nucleus
P23179,YHL022C,SPO11,398,Nucleus,Nucleus; Chromosome
P23201,YLL021W,SPA2,1466,Other,Cell tip
P23202,YNL229C,URE2,354,Cytoplasm,Cytoplasm
P23255,YCR042C,TAF2,1407,Nucleus,Nucleus
P23285,YHR057C,CPR2,205,Membrane_Secretory,Secreted
P23291,YHR135C,YCK1,538,Mitochondria,Cell membrane; Mitochondrion membrane
P23292,YNL154C,YCK2,546,Membrane_Secretory,Cell membrane
P23293,YPR161C,SGV1,657,Nucleus,Nucleus
P23301,YEL034W,HYP2,157,Cytoplasm,Cytoplasm
P23394,YDR243C,PRP28,588,Nucleus,Cytoplasm; Nucleus
P23503,YNL240C,NAR1,491,Nucleus,Cytoplasm; Nucleus
P23542,YLR027C,AAT2,418,Membrane_Secretory,Cytoplasm; Peroxisome
P23585,YMR011W,HXT2,541,Membrane_Secretory,Membrane
P23615,YGR116W,SPT6,1451,Nucleus,Nucleus; Chromosome
P23638,YGR135W,PRE9,258,Nucleus,Cytoplasm; Nucleus
P23639,YML092C,PRE8,250,Nucleus,Cytoplasm; Nucleus
P23642,YML115C,VAN1,535,Membrane_Secretory,Endoplasmic reticulum membrane; Golgi apparatus membrane
P23643,YDR495C,VPS3,1011,Cytoplasm,Cytoplasm
P23644,YMR203W,TOM40,387,Mitochondria,Mitochondrion outer membrane
P23724,YBL041W,PRE7,241,Nucleus,Cytoplasm; Nucleus
P23776,YLR300W,EXG1,448,Membrane_Secretory,"Secreted, cell wall; Secreted"
P23833,YBR037C,SCO1,295,Mitochondria,Mitochondrion inner membrane
P23900,YLL043W,FPS1,669,Membrane_Secretory,Membrane
P23968,YHR026W,VMA16,213,Membrane_Secretory,Vacuole membrane
P24004,YKL197C,PEX1,1043,Membrane_Secretory,"Cytoplasm, cytosol; Peroxisome membrane"
P24279,YEL032W,MCM3,971,Nucleus,Nucleus
P24280,YMR079W,SEC14,304,Membrane_Secretory,Golgi apparatus membrane; Cytoplasm
P24309,YKL149C,DBR1,405,Nucleus,Nucleus; Cytoplasm
P24384,YER013W,PRP22,1145,Nucleus,Nucleus
P24482,YPR175W,DPB2,689,Nucleus,Cytoplasm; Nucleus
P24783,YNL112W,DBP2,546,Nucleus,Cytoplasm; Nucleus
P24784,YPL119C,DBP1,617,Cytoplasm,Cytoplasm
P24813,YDR423C,CAD1,409,Nucleus,Cytoplasm; Nucleus
P24814,YJR090C,GRR1,1151,Membrane_Secretory,Membrane
P24867,YNL289W,PCL1,279,Nucleus,Cytoplasm; Nucleus
P25040,YOL022C,TSR4,408,Cytoplasm,"Cytoplasm, cytosol"
P25042,YPR065W,ROX1,368,Nucleus,Nucleus
P25043,YOR157C,PUP1,261,Nucleus,Cytoplasm; Nucleus
P25044,YDL230W,PTP1,335,Cytoplasm,Cytoplasm
P25045,YMR296C,LCB1,558,Membrane_Secretory,Cytoplasm; Endoplasmic reticulum membrane
P25046,YBL093C,ROX3,220,Nucleus,Nucleus
P25087,YML008C,ERG6,383,Mitochondria,Microsome; Mitochondrion
P25293,YKR048C,NAP1,417,Nucleus,Cytoplasm; Nucleus; Bud neck
P25294,YNL007C,SIS1,352,Nucleus,Cytoplasm; Nucleus
P25297,YML123C,PHO84,587,Membrane_Secretory,Cell membrane; Vacuole
P25298,YMR061W,RNA14,677,Nucleus,Nucleus; Cytoplasm
P25299,YGL044C,RNA15,296,Nucleus,Nucleus
P25300,YCR038C,BUD5,642,Cytoplasm,"Bud neck; Cytoplasm, cell cortex"
P25301,YDR004W,RAD57,460,Nucleus,Nucleus
P25303,YMR214W,SCJ1,377,Other,Endoplasmic reticulum lumen
P25336,YCR092C,MSH3,1018,Nucleus,Nucleus
P25340,YGL012W,ERG4,473,Membrane_Secretory,Endoplasmic reticulum membrane
P25342,YCR002C,CDC10,322,Membrane_Secretory,Membrane; Bud neck
P25343,YCR009C,RVS161,265,Cytoplasm,"Cytoplasm, cytoskeleton"
P25346,YCR098C,GIT1,518,Membrane_Secretory,Cell membrane
P25348,YCR003W,MRPL32,183,Mitochondria,Mitochondrion
P25349,YCR004C,YCP4,247,Mitochondria,Cytoplasm; Membrane raft; Mitochondrion
P25353,YCR026C,NPP1,742,Membrane_Secretory,Membrane
P25357,YCR033W,SNT1,1226,Nucleus,Nucleus
P25358,YCR034W,ELO2,347,Membrane_Secretory,Endoplasmic reticulum membrane
P25359,YCR035C,RRP43,394,Nucleus,"Cytoplasm; Nucleus, nucleolus"
P25360,YCR037C,PHO87,923,Membrane_Secretory,Cell membrane
P25364,YCR065W,HCM1,564,Nucleus,Cytoplasm; Nucleus
P25368,YCL031C,RRP7,297,Nucleus,"Nucleus, nucleolus"
P25369,YCL034W,LSB5,354,Cytoplasm,"Cytoplasm, cell cortex; Cytoplasm, cytoskeleton"
P25372,YCR083W,TRX3,127,Mitochondria,Mitochondrion
P25373,YCL035C,GRX1,110,Nucleus,Cytoplasm; Nucleus
P25374,YCL017C,NFS1,497,Nucleus,Mitochondrion; Nucleus
P25375,YCL057W,PRD1,712,Cytoplasm,Cytoplasm
P25376,YCL025C,AGP1,633,Membrane_Secretory,Cell membrane
P25378,YCR027C,RHB1,209,Membrane_Secretory,Cell membrane
P25382,YCR072C,RSA4,515,Nucleus,"Nucleus, nucleolus"
P25384,YCL019W,TY2B-C,1770,Nucleus,Cytoplasm; Nucleus
P25385,YLR078C,BOS1,244,Membrane_Secretory,Golgi apparatus membrane; Endoplasmic reticulum membrane
P25386,YDL058W,USO1,1790,Membrane_Secretory,"Cytoplasm, cytoskeleton; Cytoplasmic vesicle membrane; Endoplasmic reticulum membrane; Golgi apparatus membrane"
P25389,YCL024W,KCC4,1037,Cytoplasm,Bud neck
P25441,YDL150W,RPC53,422,Nucleus,Nucleus
P25443,YGL123W,RPS2,254,Nucleus,"Cytoplasm; Nucleus, nucleolus"
P25451,YER094C,PUP3,205,Nucleus,Cytoplasm; Nucleus
P25453,YER179W,DMC1,334,Nucleus,Nucleus
P25454,YER095W,RAD51,400,Nucleus,Nucleus; Chromosome
P25491,YNL064C,YDJ1,409,Cytoplasm,"Cytoplasm; Cytoplasm, perinuclear region"
P25502,YKL015W,PUT3,979,Nucleus,Nucleus
P25515,YEL027W,VMA3,160,Membrane_Secretory,Vacuole membrane
P25554,YCL010C,SGF29,259,Nucleus,Nucleus
P25555,YCL011C,GBP2,427,Nucleus,"Cytoplasm; Nucleus; Chromosome, telomere; Cytoplasm, P-body; Cytoplasm, Stress granule"
P25569,YCL039W,GID7,745,Nucleus,Nucleus; Cytoplasm
P25573,YCL044C,MGR1,417,Mitochondria,Mitochondrion inner membrane
P25574,YCL045C,EMC1,760,Membrane_Secretory,Endoplasmic reticulum membrane
P25576,YCL047C,POF1,258,Nucleus,Cytoplasm; Nucleus
P25582,YCL054W,SPB1,841,Nucleus,"Nucleus, nucleolus"
P25583,YCL055W,KAR4,335,Nucleus,Nucleus; Cytoplasm
P25586,YCL059C,KRR1,316,Nucleus,"Nucleus, nucleolus"
P25587,YCL005W,LDB16,256,Membrane_Secretory,Membrane; Lipid droplet
P25588,YCL061C,MRC1,1096,Nucleus,Nucleus
P25591,YCL063W,VAC17,423,Membrane_Secretory,Vacuole membrane
P25604,YCL008C,STP22,385,Membrane_Secretory,Cytoplasm; Endosome; Late endosome membrane
P25605,YCL009C,ILV6,309,Mitochondria,Mitochondrion
P25613,YCR010C,ADY2,283,Membrane_Secretory,Cell membrane; Vacuole membrane
P25615,YCR014C,POL4,582,Nucleus,Nucleus
P25618,YCR017C,CWH43,953,Membrane_Secretory,Cell membrane; Endoplasmic reticulum membrane
P25623,YCR030C,SYP1,870,Cytoplasm,Bud neck
P25627,YCR047C,BUD23,275,Nucleus,Cytoplasm; Nucleus
P25632,YCR052W,RSC6,483,Nucleus,Nucleus
P25635,YCR057C,PWP2,923,Nucleus,"Nucleus, nucleolus"
P25637,YCR059C,YIH1,258,Nucleus,Cytoplasm; Nucleus
P25638,YCR060W,TAH1,111,Nucleus,Cytoplasm; Nucleus
P25641,YCR068W,ATG15,520,Other,"Endosome, multivesicular body membrane; Prevacuolar compartment membrane"
P25642,YCR071C,IMG2,146,Mitochondria,Mitochondrion
P25644,YCR077C,PAT1,796,Nucleus,"Cytoplasm; Nucleus; Cytoplasm, P-body; Chromosome, centromere, kinetochore; Cytoplasm, Stress granule"
P25646,YCR079W,PTC6,442,Mitochondria,Mitochondrion intermembrane space; Mitochondrion matrix
P25648,YCR081W,SRB8,1427,Nucleus,Nucleus
P25651,YCR086W,CSM1,190,Nucleus,"Nucleus, nucleolus; Chromosome, centromere"
P25653,YCR089W,FIG2,1609,Membrane_Secretory,"Secreted, cell wall; Membrane"
P25655,YCR093W,CDC39,2108,Nucleus,Cytoplasm; Nucleus
P25656,YCR094W,CDC50,391,Other,"Golgi apparatus, trans-Golgi network membrane; Late endosome membrane"
P25693,YDL127W,PCL2,308,Nucleus,Cytoplasm; Nucleus
P25694,YDL126C,CDC48,835,Nucleus,"Endoplasmic reticulum; Cytoplasm, cytosol; Nucleus"
P25719,YML078W,CPR3,182,Mitochondria,Mitochondrion matrix
P25808,YFL002C,SPB4,606,Nucleus,"Nucleus, nucleolus"
P25846,YHR120W,MSH1,959,Mitochondria,Mitochondrion
P25847,YOL090W,MSH2,964,Nucleus,Nucleus
P26188,YDL200C,MGT1,188,Nucleus,Nucleus
P26263,YGR087C,PDC6,563,Cytoplasm,Cytoplasm
P26309,YGL116W,CDC20,610,Nucleus,Nucleus
P26321,YPL131W,RPL5,297,Nucleus,Cytoplasm; Nucleus
P26364,YER170W,ADK2,225,Mitochondria,Mitochondrion matrix
P26370,YDL170W,UGA3,528,Nucleus,Nucleus
P26448,YMR055C,BUB2,306,Other,"Cytoplasm, cytoskeleton, spindle pole"
P26449,YOR026W,BUB3,341,Nucleus,"Nucleus; Chromosome, centromere, kinetochore"
P26754,YNL312W,RFA2,273,Nucleus,Nucleus
P26755,YJL173C,RFA3,122,Nucleus,Nucleus
P26783,YJR123W,RPS5,225,Cytoplasm,Cytoplasm
P26784,YIL133C,RPL16A,199,Cytoplasm,Cytoplasm
P26785,YNL069C,RPL16B,198,Cytoplasm,Cytoplasm
P26786,YOR096W,RPS7A,190,Nucleus,"Cytoplasm; Nucleus, nucleolus"
P26793,YKL113C,RAD27,382,Nucleus,"Nucleus, nucleolus; Nucleus, nucleoplasm; Mitochondrion"
P27344,YBR278W,DPB3,201,Nucleus,Nucleus
P27351,YJR005W,APL1,700,Membrane_Secretory,"Cell membrane; Membrane, coated pit"
P27472,YLR258W,GSY2,705,Cytoplasm,"Cytoplasm, cytosol"
P27476,YGR159C,NSR1,414,Nucleus,"Nucleus; Nucleus, nucleolus"
P27514,YNR013C,PHO91,894,Membrane_Secretory,Vacuole membrane
P27515,YNR012W,URK1,501,Nucleus,Cytoplasm; Nucleus
P27614,YJL172W,CPS1,576,Membrane_Secretory,Vacuole membrane
P27636,YAR019C,CDC15,974,Cytoplasm,"Cytoplasm, cytoskeleton, spindle pole; Bud neck"
P27654,YBR067C,TIP1,210,Membrane_Secretory,"Secreted, cell wall; Membrane"
P27680,YOL096C,COQ3,312,Mitochondria,Mitochondrion inner membrane
P27692,YML010W,SPT5,1063,Nucleus,Nucleus; Mitochondrion; Chromosome
P27697,YGL119W,COQ8,501,Mitochondria,Mitochondrion inner membrane
P27705,YGL035C,MIG1,504,Nucleus,Nucleus
P27796,YIL160C,POT1,417,Mitochondria,Peroxisome; Mitochondrion intermembrane space
P27801,YLR148W,PEP3,918,Membrane_Secretory,Vacuole membrane
P27809,YDR483W,KRE2,442,Membrane_Secretory,Golgi apparatus membrane
P27810,YOR099W,KTR1,393,Membrane_Secretory,Golgi apparatus membrane
P27825,YAL058W,CNE1,502,Membrane_Secretory,Endoplasmic reticulum membrane
P27882,YGR029W,ERV1,189,Mitochondria,Mitochondrion intermembrane space
P27895,YEL061C,CIN8,1000,Mitochondria,"Cytoplasm, cytoskeleton, spindle; Mitochondrion"
P27929,YNL137C,NAM9,486,Mitochondria,Mitochondrion
P27999,YGL070C,RPB9,122,Nucleus,"Nucleus, nucleolus"
P28000,YNL113W,RPC19,142,Nucleus,"Nucleus, nucleolus"
P28004,YAL032C,PRP45,379,Nucleus,Nucleus
P28005,YAL033W,POP5,173,Nucleus,Cytoplasm; Nucleus
P28007,YHR089C,GAR1,205,Nucleus,"Nucleus, nucleolus"
P28240,YER065C,ICL1,557,Membrane_Secretory,"Cytoplasm; Secreted, extracellular space, extracellular matrix; Vacuole"
P28241,YOR136W,IDH2,369,Mitochondria,Mitochondrion matrix
P28263,YEL012W,UBC8,218,Cytoplasm,Cytoplasm
P28272,YKL216W,URA1,314,Cytoplasm,Cytoplasm
P28273,YKL215C,OXP1,1286,Cytoplasm,Cytoplasm
P28319,YKL096W,CWP1,239,Membrane_Secretory,"Secreted, cell wall; Membrane"
P28320,YKL095W,YJU2,278,Nucleus,Nucleus
P28321,YKL094W,YJU3,313,Mitochondria,Lipid droplet; Cytoplasm; Endoplasmic reticulum; Mitochondrion outer membrane
P28495,YKL007W,CAP1,268,Cytoplasm,"Cytoplasm; Cytoplasm, cytoskeleton, actin patch; Cytoplasm, cytoskeleton"
P28496,YKL008C,LAC1,418,Membrane_Secretory,Endoplasmic reticulum membrane
P28519,YMR201C,RAD14,371,Nucleus,Nucleus
P28627,YMR150C,IMP1,190,Mitochondria,Mitochondrion inner membrane
P28708,YKL116C,PRR1,518,Cytoplasm,Cytoplasm
P28737,YGR028W,MSP1,362,Mitochondria,Mitochondrion outer membrane; Peroxisome membrane
P28742,YBL063W,KIP1,1111,Other,"Cytoplasm, cytoskeleton, spindle"
P28743,YPL155C,KIP2,706,Cytoplasm,"Cytoplasm, cytoskeleton"
P28791,YDR498C,SEC20,383,Membrane_Secretory,Endoplasmic reticulum membrane
P28795,YDR329C,PEX3,441,Membrane_Secretory,Peroxisome membrane
P28817,YDR036C,EHD3,500,Mitochondria,Mitochondrion
P28834,YNL037C,IDH1,360,Mitochondria,Mitochondrion
P29029,YLR286C,CTS1,562,Membrane_Secretory,"Secreted; Secreted, cell wall"
P29055,YPR086W,SUA7,345,Nucleus,Nucleus
P29056,YGR246C,BRF1,596,Nucleus,Nucleus
P29295,YPL204W,HRR25,494,Nucleus,"Cytoplasm; Nucleus, nucleolus; Nucleus, nucleoplasm"
P29340,YGR133W,PEX4,183,Membrane_Secretory,Peroxisome
P29366,YBR200W,BEM1,551,Cytoplasm,"Cytoplasm, cytoskeleton"
P29453,YLL045C,RPL8B,256,Cytoplasm,Cytoplasm
P29461,YOR208W,PTP2,750,Nucleus,Cytoplasm; Nucleus
P29465,YBR023C,CHS3,1165,Membrane_Secretory,Cell membrane; Bud neck; Cytoplasmic vesicle membrane
P29468,YKR002W,PAP1,568,Nucleus,Nucleus
P29469,YBL023C,MCM2,868,Nucleus,Nucleus
P29496,YLR274W,MCM5,775,Nucleus,Nucleus
P29509,YDR353W,TRR1,319,Mitochondria,Cytoplasm; Mitochondrion intermembrane space
P29539,YBR275C,RIF1,1916,Nucleus,"Nucleus; Chromosome, telomere"
P29547,YPL048W,CAM1,415,Nucleus,Cytoplasm; Nucleus
P29703,YKL019W,RAM2,316,Cytoplasm,Cytoplasm
P29704,YHR190W,ERG9,444,Membrane_Secretory,Endoplasmic reticulum membrane; Microsome
P29952,YER003C,PMI40,429,Cytoplasm,Cytoplasm
P30605,YDR497C,ITR1,584,Membrane_Secretory,Cell membrane
P30620,YMR137C,PSO2,661,Nucleus,Nucleus
P30624,YOR317W,FAA1,700,Membrane_Secretory,Lipid droplet; Cell membrane
P30656,YPR103W,PRE2,287,Nucleus,Cytoplasm; Nucleus
P30657,YFR050C,PRE4,266,Nucleus,Cytoplasm; Nucleus
P30665,YPR019W,MCM4,933,Nucleus,Nucleus
P30771,YMR080C,NAM7,971,Cytoplasm,Cytoplasm
P30822,YGR218W,CRM1,1084,Nucleus,"Nucleus; Cytoplasm, perinuclear region"
P30902,YKL016C,ATP7,174,Mitochondria,Mitochondrion; Mitochondrion inner membrane
P30952,YNL117W,MLS1,554,Other,Peroxisome matrix
P31109,YAL030W,SNC1,117,Other,Endomembrane system
P31111,YDR285W,ZIP1,875,Nucleus,Nucleus; Chromosome
P31115,YFL001W,DEG1,442,Nucleus,Nucleus
P31244,YBR114W,RAD16,790,Nucleus,Nucleus
P31373,YAL012W,CYS3,394,Cytoplasm,Cytoplasm
P31374,YAL017W,PSK1,1356,Cytoplasm,Cytoplasm
P31376,YAL011W,SWC3,625,Nucleus,Nucleus
P31377,YAL014C,SYN8,255,Membrane_Secretory,Endosome membrane
P31378,YAL015C,NTG1,399,Nucleus,Nucleus; Mitochondrion
P31380,YAL019W,FUN30,1131,Nucleus,Nucleus; Chromosome
P31382,YAL023C,PMT2,759,Membrane_Secretory,Endoplasmic reticulum membrane
P31384,YAL021C,CCR4,837,Nucleus,Cytoplasm; Nucleus
P31385,YAL013W,DEP1,405,Nucleus,Cytoplasm; Nucleus
P31386,YAL020C,ATS1,333,Cytoplasm,Cytoplasm
P31412,YKL080W,VMA5,392,Membrane_Secretory,Vacuole membrane
P31539,YLL026W,HSP104,908,Nucleus,Cytoplasm; Nucleus
P31688,YDR074W,TPS2,896,Cytoplasm,Cytoplasm
P31755,YGL038C,OCH1,480,Membrane_Secretory,Endoplasmic reticulum membrane; Golgi apparatus membrane
P32048,YNL073W,MSK1,576,Mitochondria,Mitochondrion matrix
P32074,YNL287W,SEC21,935,Membrane_Secretory,"Cytoplasm; Golgi apparatus membrane; Cytoplasmic vesicle, COPI-coated vesicle membrane; Endosome"
P32178,YPR060C,ARO7,256,Cytoplasm,Cytoplasm
P32179,YOL064C,MET22,357,Nucleus,Cytoplasm; Nucleus
P32259,YNL236W,SIN4,974,Nucleus,Nucleus
P32266,YOR211C,MGM1,881,Mitochondria,Mitochondrion intermembrane space
P32288,YPR035W,GLN1,370,Cytoplasm,Cytoplasm
P32316,YBL015W,ACH1,526,Cytoplasm,Cytoplasm
P32318,YGR144W,THI4,326,Nucleus,Cytoplasm; Nucleus
P32319,YBL017C,PEP1,1579,Other,"Golgi apparatus, trans-Golgi network membrane; Prevacuolar compartment membrane"
P32323,YNR044W,AGA1,725,Membrane_Secretory,"Secreted, cell wall; Membrane"
P32324,YDR385W,EFT2,842,Cytoplasm,Cytoplasm
P32327,YBR218C,PYC2,1180,Cytoplasm,Cytoplasm
P32329,YLR120C,YPS1,569,Membrane_Secretory,Cell membrane
P32332,YKL120W,OAC1,324,Mitochondria,Mitochondrion inner membrane
P32333,YPL082C,MOT1,1867,Nucleus,Mitochondrion; Nucleus
P32334,YGR014W,MSB2,1306,Membrane_Secretory,Cell membrane
P32335,YLR203C,MSS51,436,Mitochondria,Mitochondrion inner membrane
P32336,YOR373W,NUD1,851,Other,"Cytoplasm, cytoskeleton, microtubule organizing center, spindle pole body; Nucleus envelope"
P32337,YMR308C,PSE1,1089,Nucleus,Cytoplasm; Nucleus
P32338,YGR044C,RME1,300,Nucleus,Nucleus
P32340,YML120C,NDI1,513,Mitochondria,Mitochondrion inner membrane
P32342,YKL122C,SRP21,167,Nucleus,Cytoplasm; Nucleus
P32343,YKL124W,SSH4,579,Membrane_Secretory,Vacuole membrane; Endosome membrane
P32344,YLR204W,QRI5,111,Mitochondria,Mitochondrion; Mitochondrion inner membrane
P32345,YDR075W,PPH3,308,Nucleus,Cytoplasm; Nucleus
P32347,YDR047W,HEM12,362,Nucleus,Nucleus; Cytoplasm
P32349,YPR190C,RPC82,654,Nucleus,Cytoplasm; Nucleus
P32352,YMR202W,ERG2,222,Membrane_Secretory,Endoplasmic reticulum membrane
P32353,YLR056W,ERG3,365,Membrane_Secretory,Endoplasmic reticulum membrane
P32354,YIL150C,MCM10,571,Nucleus,Nucleus
P32356,YDR001C,NTH1,751,Cytoplasm,Cytoplasm
P32357,YBL074C,AAR2,355,Nucleus,Cytoplasm; Nucleus
P32361,YHR079C,IRE1,1115,Membrane_Secretory,Endoplasmic reticulum membrane
P32363,YPL175W,SPT14,452,Membrane_Secretory,Endoplasmic reticulum membrane
P32364,YKL079W,SMY1,656,Cytoplasm,"Cytoplasm, cytoskeleton"
P32366,YLR447C,VMA6,345,Membrane_Secretory,Vacuole membrane
P32367,YBR123C,TFC1,649,Nucleus,Nucleus
P32368,YKL212W,SAC1,623,Membrane_Secretory,Endoplasmic reticulum membrane; Golgi apparatus membrane
P32379,YGR253C,PUP2,260,Nucleus,Cytoplasm; Nucleus
P32380,YDR356W,SPC110,944,Nucleus,"Nucleus; Cytoplasm, cytoskeleton, microtubule organizing center, spindle pole body"
P32381,YDL029W,ARP2,391,Other,"Cytoplasm, cytoskeleton, actin patch"
P32386,YLL048C,YBT1,1661,Membrane_Secretory,Vacuole membrane
P32387,YDR405W,MRP20,263,Mitochondria,Mitochondrion
P32389,YNL103W,MET4,672,Nucleus,Nucleus
P32419,YDL078C,MDH3,343,Membrane_Secretory,Peroxisome
P32432,YLR403W,SFP1,683,Nucleus,Cytoplasm; Nucleus
P32445,YCR028C-A,RIM1,135,Mitochondria,Mitochondrion
P32447,YJL115W,ASF1,279,Nucleus,Nucleus
P32449,YBR249C,ARO4,370,Cytoplasm,Cytoplasm
P32454,YKL157W,APE2,952,Mitochondria,Periplasm; Cytoplasm; Mitochondrion
P32457,YLR314C,CDC3,520,Membrane_Secretory,Membrane; Bud neck
P32458,YJR076C,CDC11,415,Membrane_Secretory,Membrane; Bud neck
P32461,YKL191W,DPH2,534,Cytoplasm,Cytoplasm
P32462,YNL280C,ERG24,438,Membrane_Secretory,Membrane
P32463,YKL192C,ACP1,125,Mitochondria,Mitochondrion
P32465,YHR094C,HXT1,570,Membrane_Secretory,Membrane
P32466,YDR345C,HXT3,567,Membrane_Secretory,Membrane
P32467,YHR092C,HXT4,576,Membrane_Secretory,Cell membrane
P32468,YHR107C,CDC12,407,Membrane_Secretory,Membrane; Bud neck
P32472,YDR519W,FPR2,135,Membrane_Secretory,Endoplasmic reticulum membrane
P32473,YBR221C,PDB1,366,Mitochondria,Mitochondrion matrix
P32474,YDR518W,EUG1,517,Other,Endoplasmic reticulum lumen
P32476,YGR175C,ERG1,496,Membrane_Secretory,Microsome membrane; Endoplasmic reticulum membrane; Lipid droplet
P32478,YJL159W,HSP150,413,Membrane_Secretory,"Secreted, cell wall"
P32479,YBL008W,HIR1,840,Nucleus,"Nucleus; Chromosome, centromere; Chromosome"
P32480,YOR038C,HIR2,875,Nucleus,Nucleus; Chromosome
P32481,YER025W,GCD11,527,Cytoplasm,"Cytoplasm, cytosol"
P32485,YLR113W,HOG1,435,Nucleus,Cytoplasm; Nucleus
P32486,YPR159W,KRE6,720,Membrane_Secretory,Golgi apparatus membrane
P32492,YAL029C,MYO4,1471,Cytoplasm,Bud
P32494,YDR176W,NGG1,702,Nucleus,Nucleus
P32495,YDL208W,NHP2,156,Nucleus,"Nucleus, nucleolus"
P32497,YMR309C,NIP1,812,Cytoplasm,Cytoplasm
P32499,YLR335W,NUP2,720,Nucleus,"Nucleus, nuclear pore complex; Nucleus membrane"
P32500,YML031W,NDC1,655,Nucleus,"Nucleus, nuclear pore complex; Nucleus membrane; Cytoplasm, cytoskeleton, microtubule organizing center, spindle pole body"
P32501,YDR211W,GCD6,712,Cytoplasm,"Cytoplasm, cytosol"
P32502,YLR291C,GCD7,381,Cytoplasm,"Cytoplasm, cytosol"
P32504,YGR140W,CBF2,956,Nucleus,"Nucleus; Chromosome, centromere; Cytoplasm, cytoskeleton, microtubule organizing center, spindle pole body"
P32505,YGL122C,NAB2,525,Nucleus,Nucleus; Cytoplasm
P32521,YIR006C,PAN1,1480,Membrane_Secretory,"Cell membrane; Endosome membrane; Cytoplasm, cytoskeleton, actin patch"
P32523,YLL036C,PRP19,503,Nucleus,Nucleus
P32524,YJL203W,PRP21,280,Nucleus,Nucleus
P32526,YPL269W,KAR9,644,Nucleus,"Nucleus; Cytoplasm, cytoskeleton"
P32527,YGR285C,ZUO1,433,Cytoplasm,Cytoplasm
P32529,YJR063W,RPA12,125,Nucleus,"Nucleus, nucleolus"
P32558,YGL207W,SPT16,1035,Nucleus,Nucleus; Chromosome
P32561,YNL330C,RPD3,433,Nucleus,Cytoplasm; Nucleus
P32562,YMR001C,CDC5,705,Other,"Cytoplasm, cytoskeleton, microtubule organizing center, spindle pole body"
P32563,YOR270C,VPH1,840,Membrane_Secretory,Vacuole membrane
P32566,YGR229C,SMI1,505,Nucleus,Nucleus
P32567,YMR165C,PAH1,862,Nucleus,Cytoplasm; Nucleus membrane; Endoplasmic reticulum membrane
P32568,YDR011W,SNQ2,1501,Membrane_Secretory,Membrane
P32569,YER022W,SRB4,687,Nucleus,Nucleus
P32570,YBR253W,SRB6,121,Nucleus,Nucleus
P32571,YDR069C,DOA4,926,Cytoplasm,Cytoplasm; Late endosome membrane
P32573,YNL202W,SPS19,292,Membrane_Secretory,Peroxisome
P32578,YDR422C,SIP1,815,Membrane_Secretory,Cytoplasm; Vacuole membrane
P32579,YGL169W,SUA5,426,Nucleus,"Cytoplasm; Nucleus; Chromosome, telomere"
P32580,YPL029W,SUV3,737,Mitochondria,Mitochondrion matrix
P32584,YDR410C,STE14,239,Membrane_Secretory,Endoplasmic reticulum membrane
P32585,YGR104C,SRB5,307,Nucleus,Nucleus
P32588,YNL016W,PUB1,453,Nucleus,"Cytoplasm; Nucleus; Cytoplasm, P-body; Cytoplasm, Stress granule"
P32589,YPL106C,SSE1,693,Cytoplasm,Cytoplasm
P32591,YJL176C,SWI3,825,Nucleus,Nucleus
P32597,YIL126W,STH1,1359,Nucleus,Nucleus
P32598,YER133W,GLC7,312,Nucleus,Cytoplasm; Nucleus
P32600,YKL203C,TOR2,2474,Membrane_Secretory,Cell membrane; Vacuole membrane
P32602,YBL050W,SEC17,292,Membrane_Secretory,Membrane
P32605,YBR119W,MUD1,298,Nucleus,Nucleus
P32607,YOL067C,RTG1,177,Nucleus,Nucleus
P32609,YDR323C,PEP7,515,Membrane_Secretory,Vacuole membrane
P32610,YEL051W,VMA8,256,Membrane_Secretory,Vacuole membrane
P32614,YEL047C,FRD1,470,Cytoplasm,Cytoplasm
P32617,YEL044W,IES6,166,Nucleus,Nucleus
P32621,YEL042W,GDA1,518,Membrane_Secretory,Golgi apparatus membrane
P32623,YEL040W,UTR2,467,Membrane_Secretory,"Secreted, cell wall; Membrane"
P32628,YEL037C,RAD23,398,Nucleus,Nucleus; Cytoplasm
P32629,YEL036C,ANP1,500,Membrane_Secretory,Endoplasmic reticulum membrane; Golgi apparatus membrane
P32639,YER172C,BRR2,2163,Nucleus,Nucleus
P32641,YER173W,RAD24,659,Nucleus,Nucleus
P32643,YER175C,TMT1,299,Cytoplasm,Cytoplasm
P32644,YER176W,ECM32,1121,Cytoplasm,Cytoplasm
P32657,YER164W,CHD1,1468,Nucleus,Nucleus
P32660,YER166W,DNF1,1571,Membrane_Secretory,"Cell membrane; Endosome membrane; Golgi apparatus, trans-Golgi network membrane; Cell septum; Bud"
P32767,YGL016W,KAP122,1081,Other,Nucleus envelope
P32768,YAR050W,FLO1,1537,Membrane_Secretory,"Cell membrane; Secreted, cell wall"
P32769,YKR084C,HBS1,611,Cytoplasm,Cytoplasm
P32771,YDL168W,SFA1,386,Mitochondria,Cytoplasm; Mitochondrion
P32773,YOR194C,TOA1,286,Nucleus,Cytoplasm; Nucleus
P32774,YKL058W,TOA2,122,Nucleus,Cytoplasm; Nucleus
P32776,YDR311W,TFB1,642,Nucleus,Nucleus
P32783,YBR236C,ABD1,436,Nucleus,Nucleus
P32784,YBL011W,SCT1,759,Membrane_Secretory,Endoplasmic reticulum membrane
P32790,YBL007C,SLA1,1244,Nucleus,"Nucleus; Cell membrane; Endosome membrane; Cytoplasm, cytoskeleton, actin patch"
P32791,YLR214W,FRE1,686,Membrane_Secretory,Cell membrane
P32793,YHR016C,YSC84,468,Other,"Cytoplasm, cytoskeleton, actin patch"
P32794,YLR397C,AFG2,780,Cytoplasm,Cytoplasm
P32795,YPR024W,YME1,747,Mitochondria,Mitochondrion inner membrane
P32796,YML042W,CAT2,670,Membrane_Secretory,Peroxisome
P32797,YDL220C,CDC13,924,Other,"Chromosome, telomere"
P32798,YOR316C,COT1,439,Membrane_Secretory,Vacuole membrane
P32799,YGL191W,COX13,129,Mitochondria,Mitochondrion inner membrane
P32800,YJL210W,PEX2,271,Membrane_Secretory,Peroxisome membrane
P32802,YLR083C,EMP70,667,Membrane_Secretory,Endosome membrane; Vacuole membrane
P32803,YGL200C,EMP24,203,Membrane_Secretory,Endoplasmic reticulum membrane; Golgi apparatus membrane
P32807,YMR284W,YKU70,602,Nucleus,"Nucleus; Chromosome, telomere"
P32828,YDL013W,SLX5,619,Nucleus,"Nucleus; Chromosome; Chromosome, centromere, kinetochore; Chromosome, centromere"
P32829,YMR224C,MRE11,692,Nucleus,"Nucleus; Chromosome, telomere; Chromosome"
P32830,YBR091C,TIM12,109,Mitochondria,Mitochondrion inner membrane; Mitochondrion intermembrane space
P32832,YMR091C,NPL6,435,Nucleus,Nucleus
P32833,YBR060C,ORC2,620,Nucleus,Nucleus
P32835,YLR293C,GSP1,219,Nucleus,Nucleus
P32839,YDR375C,BCS1,456,Mitochondria,Mitochondrion inner membrane
P32842,YPL234C,VMA11,164,Membrane_Secretory,Vacuole membrane
P32844,YIL068C,SEC6,805,Cytoplasm,Cytoplasm
P32849,YLR032W,RAD5,1169,Nucleus,Nucleus; Chromosome
P32854,YOR036W,PEP12,288,Membrane_Secretory,Membrane
P32855,YPR055W,SEC8,1065,Membrane_Secretory,Cytoplasm; Cell membrane
P32860,YKL040C,NFU1,256,Mitochondria,Mitochondrion matrix
P32862,YKL038W,RGT1,1170,Nucleus,Nucleus; Cytoplasm
P32863,YGL163C,RAD54,898,Nucleus,Nucleus
P32867,YPL232W,SSO1,290,Membrane_Secretory,Membrane
P32873,YPL115C,BEM3,1128,Cytoplasm,Cytoplasm
P32874,YMR207C,HFA1,2273,Mitochondria,Mitochondrion
P32891,YDL174C,DLD1,587,Mitochondria,Mitochondrion inner membrane
P32892,YLL008W,DRS1,752,Nucleus,"Nucleus, nucleolus"
P32893,YGR166W,TRS65,560,Cytoplasm,"Cytoplasm; Golgi apparatus, cis-Golgi network"
P32895,YKL181W,PRS1,427,Cytoplasm,Cytoplasm
P32897,YNR017W,TIM23,222,Mitochondria,Mitochondrion inner membrane
P32898,YDR430C,CYM1,989,Mitochondria,Mitochondrion intermembrane space; Mitochondrion matrix
P32899,YHR148W,IMP3,183,Nucleus,"Nucleus, nucleolus"
P32900,YHR149C,SKG6,734,Membrane_Secretory,Membrane
P32901,YKR093W,PTR2,601,Membrane_Secretory,Membrane
P32902,YHL004W,MRP4,394,Mitochondria,Mitochondrion
P32905,YGR214W,RPS0A,252,Cytoplasm,Cytoplasm
P32906,YJR131W,MNS1,549,Membrane_Secretory,Endoplasmic reticulum membrane
P32908,YFL008W,SMC1,1225,Nucleus,Nucleus; Chromosome
P32909,YBR172C,SMY2,740,Cytoplasm,Cytoplasm
P32910,YNR003C,RPC34,317,Nucleus,Nucleus
P32912,YGL212W,VAM7,316,Membrane_Secretory,Vacuole
P32913,YOR132W,VPS17,551,Other,Endomembrane system
P32914,YGR063C,SPT4,102,Nucleus,"Nucleus; Chromosome, centromere; Chromosome"
P32915,YLR378C,SEC61,480,Membrane_Secretory,Endoplasmic reticulum membrane
P32916,YDR292C,SRP101,621,Membrane_Secretory,Endoplasmic reticulum membrane
P32917,YDR103W,STE5,917,Cytoplasm,Cytoplasm
P32939,YML001W,YPT7,208,Membrane_Secretory,Late endosome; Vacuole membrane
P32944,YJL187C,SWE1,819,Nucleus,Bud neck; Nucleus
P33122,YOR344C,TYE7,291,Nucleus,Nucleus
P33201,YKL009W,MRT4,236,Nucleus,"Nucleus, nucleolus; Cytoplasm"
P33203,YKL012W,PRP40,583,Nucleus,Nucleus
P33204,YKL013C,ARC19,171,Other,"Cytoplasm, cytoskeleton, actin patch"
P33296,YER100W,UBC6,250,Membrane_Secretory,Endoplasmic reticulum membrane
P33297,YOR117W,RPT5,434,Nucleus,Cytoplasm; Nucleus
P33298,YDR394W,RPT3,428,Nucleus,Cytoplasm; Nucleus
P33299,YKL145W,RPT1,467,Nucleus,Cytoplasm; Nucleus
P33300,YPL057C,SUR1,382,Membrane_Secretory,Membrane
P33301,YDR369C,XRS2,854,Nucleus,"Nucleus; Chromosome; Chromosome, telomere"
P33302,YOR153W,PDR5,1511,Membrane_Secretory,Cell membrane
P33307,YGL238W,CSE1,960,Nucleus,Cytoplasm; Nucleus
P33308,YNR010W,CSE2,149,Nucleus,Nucleus
P33309,YNL001W,DOM34,386,Cytoplasm,Cytoplasm
P33310,YLR188W,MDL1,695,Mitochondria,Mitochondrion inner membrane
P33313,YBR155W,CNS1,385,Cytoplasm,Cytoplasm
P33322,YLR175W,CBF5,483,Nucleus,"Nucleus, nucleolus; Chromosome, centromere; Cytoplasm, cytoskeleton"
P33328,YOR327C,SNC2,115,Other,Endomembrane system
P33333,YDL052C,SLC1,303,Membrane_Secretory,Lipid droplet
P33334,YHR165C,PRP8,2413,Nucleus,Nucleus
P33336,YGR143W,SKN1,771,Membrane_Secretory,Membrane
P33338,YNL243W,SLA2,968,Membrane_Secretory,"Cell membrane; Cytoplasm, cytoskeleton, actin patch; Cytoplasm, cell cortex; Bud tip"
P33339,YGR047C,TFC4,1025,Nucleus,Nucleus
P33399,YDL051W,LHP1,275,Nucleus,Nucleus
P33400,YHL027W,RIM101,625,Nucleus,Cytoplasm; Nucleus
P33401,YKL127W,PGM1,570,Cytoplasm,Cytoplasm
P33413,YHL016C,DUR3,735,Membrane_Secretory,Membrane
P33416,YDR258C,HSP78,811,Mitochondria,Mitochondrion matrix
P33417,YKL032C,IXR1,597,Nucleus,Nucleus
P33418,YKL205W,LOS1,1100,Nucleus,Nucleus; Cytoplasm
P33419,YPL124W,SPC29,253,Nucleus,"Nucleus; Cytoplasm, cytoskeleton, microtubule organizing center, spindle pole body"
P33420,YPL174C,NIP100,868,Cytoplasm,"Cytoplasm; Cytoplasm, cytoskeleton; Cytoplasm, cytoskeleton, spindle pole"
P33421,YKL141W,SDH3,198,Mitochondria,Mitochondrion inner membrane
P33441,YML062C,MFT1,392,Nucleus,Nucleus
P33442,YLR441C,RPS1A,255,Cytoplasm,Cytoplasm
P33448,YOR045W,TOM6,61,Mitochondria,Mitochondrion outer membrane
P33748,YMR037C,MSN2,704,Nucleus,Cytoplasm; Nucleus
P33749,YKL062W,MSN4,630,Nucleus,Cytoplasm; Nucleus
P33750,YLL011W,SOF1,489,Nucleus,"Nucleus, nucleolus"
P33751,YDR538W,PAD1,242,Mitochondria,Mitochondrion
P33754,YBR171W,SEC66,206,Membrane_Secretory,Endoplasmic reticulum membrane
P33755,YBR170C,NPL4,580,Nucleus,"Cytoplasm, perinuclear region; Endoplasmic reticulum membrane; Nucleus membrane"
P33759,YBR251W,MRPS5,307,Mitochondria,Mitochondrion
P33760,YNL329C,PEX6,1030,Membrane_Secretory,"Cytoplasm, cytosol; Peroxisome membrane"
P33767,YEL002C,WBP1,430,Membrane_Secretory,Endoplasmic reticulum membrane
P33775,YDL095W,PMT1,817,Membrane_Secretory,Endoplasmic reticulum membrane
P33891,YGL145W,TIP20,701,Membrane_Secretory,Endoplasmic reticulum membrane
P33892,YGL195W,GCN1,2672,Cytoplasm,Cytoplasm
P33895,YOL069W,NUF2,451,Nucleus,"Nucleus; Chromosome, centromere, kinetochore"
P34077,YFR002W,NIC96,839,Nucleus,"Nucleus, nuclear pore complex; Nucleus membrane; Nucleus membrane"
P34078,YKL143W,LTV1,463,Nucleus,Nucleus; Cytoplasm
P34087,YDR404C,RPB7,171,Nucleus,"Nucleus; Cytoplasm; Cytoplasm, P-body"
P34110,YJL154C,VPS35,944,Membrane_Secretory,Membrane
P34111,YAL001C,TFC3,1160,Nucleus,Nucleus; Mitochondrion
P34160,YMR125W,STO1,861,Nucleus,"Nucleus; Cytoplasm, perinuclear region"
P34161,YML027W,YOX1,385,Nucleus,Nucleus
P34162,YHR041C,SRB2,210,Nucleus,Nucleus
P34163,YKL140W,TGL1,548,Membrane_Secretory,Lipid droplet; Membrane
P34164,YGL208W,SIP2,415,Membrane_Secretory,Cytoplasm; Cell membrane
P34216,YBL047C,EDE1,1381,Cytoplasm,Cytoplasm
P34217,YBL051C,PIN4,668,Cytoplasm,Cytoplasm
P34218,YBL052C,SAS3,831,Nucleus,Nucleus
P34219,YBL054W,TOD6,525,Nucleus,Cytoplasm; Nucleus
P34220,YBL055C,,418,Cytoplasm,Cytoplasm
P34221,YBL056W,PTC3,468,Nucleus,Cytoplasm; Nucleus
P34223,YBL058W,SHP1,423,Nucleus,Nucleus; Cytoplasm
P34225,YBL060W,YEL1,687,Membrane_Secretory,Cytoplasm; Cell membrane; Bud neck; Bud tip
P34226,YBL061C,SKT5,696,Membrane_Secretory,Cell membrane
P34227,YBL064C,PRX1,261,Mitochondria,Mitochondrion
P34230,YKL188C,PXA2,853,Membrane_Secretory,Peroxisome membrane
P34233,YKL185W,ASH1,588,Nucleus,Nucleus
P34241,YKL014C,URB1,1764,Nucleus,"Nucleus, nucleolus"
P34243,YKL017C,HCS1,683,Nucleus,Cytoplasm; Nucleus
P34244,YKL101W,HSL1,1518,Cytoplasm,Bud neck
P34247,YKL099C,UTP11,250,Nucleus,"Nucleus, nucleolus"
P34252,YKL108W,SLD2,453,Nucleus,Nucleus
P34730,YDR099W,BMH2,273,Nucleus,Cytoplasm; Nucleus
P34756,YFR019W,FAB1,2278,Membrane_Secretory,Vacuole membrane; Endosome membrane
P34758,YOR329C,SCD5,872,Membrane_Secretory,Membrane
P34760,YML028W,TSA1,196,Cytoplasm,Cytoplasm
P34909,YER068W,MOT2,587,Nucleus,Cytoplasm; Nucleus
P35056,YDR244W,PEX5,612,Cytoplasm,"Cytoplasm, cytosol; Peroxisome matrix"
P35169,YJR066W,TOR1,2470,Membrane_Secretory,Cell membrane; Vacuole membrane
P35176,YDR304C,CPR5,225,Other,Endoplasmic reticulum lumen
P35177,YBR081C,SPT7,1332,Nucleus,Nucleus
P35179,YDR086C,SSS1,80,Membrane_Secretory,Endoplasmic reticulum membrane
P35180,YGR082W,TOM20,183,Mitochondria,Mitochondrion outer membrane
P35181,YLR170C,APS1,156,Nucleus,"Cytoplasm; Nucleus; Cytoplasmic vesicle, clathrin-coated vesicle membrane; Endosome; Golgi apparatus"
P35182,YDL006W,PTC1,281,Membrane_Secretory,Peroxisome
P35187,YMR190C,SGS1,1447,Nucleus,"Nucleus, nucleolus"
P35189,YPL129W,TAF14,244,Nucleus,Nucleus
P35191,YFL016C,MDJ1,511,Mitochondria,Mitochondrion
P35192,YMR021C,MAC1,417,Nucleus,Nucleus
P35193,YOL082W,ATG19,415,Other,Preautophagosomal structure membrane
P35194,YBL004W,UTP20,2493,Nucleus,"Cytoplasm; Nucleus, nucleolus"
P35196,YBR002C,RER2,286,Membrane_Secretory,Endoplasmic reticulum membrane
P35197,YDL226C,GCS1,352,Mitochondria,"Cytoplasm; Mitochondrion; Cytoplasm, perinuclear region; Golgi apparatus"
P35200,YLR168C,UPS2,230,Mitochondria,Mitochondrion inner membrane; Mitochondrion intermembrane space
P35201,YKL089W,MIF2,549,Nucleus,"Nucleus; Chromosome, centromere; Chromosome, centromere, kinetochore"
P35203,YMR094W,CTF13,478,Nucleus,"Nucleus; Chromosome, centromere"
P35206,YBR036C,CSG2,410,Membrane_Secretory,Endoplasmic reticulum membrane
P35207,YLR398C,SKI2,1287,Cytoplasm,Cytoplasm
P35688,YDL240W,LRG1,1017,Cytoplasm,Cytoplasm; Bud; Bud neck
P35691,YKL056C,TMA19,167,Mitochondria,"Cytoplasm, cytoskeleton; Mitochondrion"
P35718,YKL144C,RPC25,212,Nucleus,Nucleus
P35728,YKL059C,MPE1,441,Nucleus,Nucleus
P35729,YKL057C,NUP120,1037,Nucleus,"Nucleus, nuclear pore complex; Nucleus membrane; Nucleus membrane"
P35732,YKL054C,DEF1,738,Nucleus,"Cytoplasm; Nucleus; Chromosome, telomere"
P35734,YKL052C,ASK1,292,Nucleus,"Nucleus; Cytoplasm, cytoskeleton, spindle; Chromosome, centromere, kinetochore; Chromosome"
P35817,YLR399C,BDF1,686,Nucleus,Nucleus
P35843,YOR237W,HES1,434,Membrane_Secretory,Vacuole membrane; Bud neck
P35844,YPL145C,KES1,434,Membrane_Secretory,Cytoplasm; Golgi apparatus membrane
P35845,YAR042W,SWH1,1188,Membrane_Secretory,Golgi apparatus membrane; Nucleus outer membrane; Endoplasmic reticulum membrane; Vacuole membrane
P35997,YKL156W,RPS27A,82,Cytoplasm,Cytoplasm
P35999,YKL134C,OCT1,772,Mitochondria,Mitochondrion matrix
P36000,YKL135C,APL2,726,Membrane_Secretory,"Cell membrane; Membrane, coated pit"
P36003,YKL171W,NNK1,928,Cytoplasm,Cytoplasm
P36006,YKL129C,MYO3,1272,Other,"Cytoplasm, cytoskeleton, actin patch"
P36008,YKL081W,TEF4,412,Cytoplasm,Cytoplasm
P36009,YKL078W,DHR2,735,Nucleus,"Nucleus, nucleolus"
P36010,YKL067W,YNK1,153,Mitochondria,Cytoplasm; Mitochondrion intermembrane space
P36012,YKL049C,CSE4,229,Nucleus,"Nucleus; Chromosome, centromere"
P36014,YKL026C,GPX1,167,Mitochondria,Peroxisome matrix; Mitochondrion outer membrane
P36015,YKL196C,YKT6,200,Membrane_Secretory,Cell membrane
P36016,YKL073W,LHS1,881,Other,Endoplasmic reticulum lumen
P36017,YOR089C,VPS21,210,Mitochondria,Endosome membrane; Mitochondrion membrane
P36018,YKR014C,YPT52,234,Membrane_Secretory,Cell membrane; Endoplasmic reticulum
P36019,YNL093W,YPT53,220,Membrane_Secretory,Cell membrane
P36022,YKR054C,DYN1,4092,Cytoplasm,"Cytoplasm, cytoskeleton"
P36024,YKR072C,SIS2,562,Nucleus,Nucleus; Cytoplasm
P36027,YLR332W,MID2,376,Membrane_Secretory,Cell membrane
P36033,YKL220C,FRE2,711,Membrane_Secretory,Cell membrane
P36035,YKL217W,JEN1,616,Membrane_Secretory,Membrane
P36037,YKL213C,DOA1,715,Nucleus,Nucleus; Cytoplasm; Mitochondrion outer membrane; Endosome membrane
P36041,YKL204W,EAP1,632,Cytoplasm,Cytoplasm
P36044,YKL201C,MNN4,1178,Membrane_Secretory,Golgi apparatus membrane
P36046,YKL195W,MIA40,403,Mitochondria,Mitochondrion inner membrane
P36047,YKL193C,SDS22,338,Nucleus,Nucleus
P36048,YKL173W,SNU114,1008,Nucleus,Nucleus
P36049,YKL172W,EBP2,427,Nucleus,"Nucleus, nucleolus"
P36051,YKL165C,MCD4,919,Membrane_Secretory,Endoplasmic reticulum membrane; Golgi apparatus membrane; Vacuole membrane
P36056,YKL155C,RSM22,628,Mitochondria,Mitochondrion
P36057,YKL154W,SRP102,244,Membrane_Secretory,Endoplasmic reticulum membrane
P36060,YKL150W,MCR1,302,Mitochondria,Mitochondrion outer membrane; Mitochondrion intermembrane space
P36068,YKL130C,SHE2,246,Nucleus,Cytoplasm; Nucleus
P36076,YKL088W,CAB3,571,Cytoplasm,Cytoplasm
P36077,YKL086W,SRX1,127,Nucleus,Cytoplasm; Nucleus
P36080,YKL082C,RRP14,434,Nucleus,"Nucleus, nucleolus"
P36081,YKL077W,PSG1,392,Other,"Cytoplasmic vesicle, COPI-coated vesicle membrane"
P36088,YKL069W,,180,Nucleus,Cytoplasm; Nucleus
P36091,YKL046C,DCW1,449,Membrane_Secretory,Cell membrane
P36094,YKL042W,SPC42,363,Nucleus,"Nucleus; Cytoplasm, cytoskeleton, microtubule organizing center, spindle pole body"
P36095,YKL041W,VPS24,224,Membrane_Secretory,Endosome membrane; Endomembrane system
P36096,YKL034W,TUL1,758,Membrane_Secretory,Golgi apparatus membrane
P36100,YKL028W,TFA1,482,Nucleus,Nucleus
P36102,YKL025C,PAN3,679,Cytoplasm,Cytoplasm
P36104,YKL018W,SWD2,329,Nucleus,"Nucleus; Chromosome, telomere"
P36105,YKL006W,RPL14A,138,Cytoplasm,Cytoplasm
P36107,YKL004W,AUR1,401,Other,"Golgi apparatus, Golgi stack membrane"
P36108,YKL002W,DID4,232,Membrane_Secretory,Cytoplasm; Endosome membrane
P36112,YKR016W,MIC60,540,Mitochondria,Mitochondrion inner membrane
P36116,YKR020W,VPS51,164,Membrane_Secretory,"Golgi apparatus, trans-Golgi network membrane; Endosome membrane"
P36117,YKR021W,ALY1,915,Cytoplasm,Cytoplasm
P36118,YKR022C,NTR2,322,Nucleus,Cytoplasm; Nucleus
P36119,YKR023W,RQT4,530,Cytoplasm,"Cytoplasm, cytosol"
P36120,YKR024C,DBP7,742,Nucleus,"Nucleus, nucleolus"
P36121,YKR025W,RPC37,282,Nucleus,Nucleus
P36122,YKR027W,BCH2,765,Other,"Golgi apparatus, trans-Golgi network membrane"
P36123,YKR028W,SAP190,1033,Cytoplasm,Cytoplasm
P36130,YKR036C,CAF4,643,Mitochondria,Mitochondrion outer membrane
P36131,YKR037C,SPC34,295,Nucleus,"Nucleus; Cytoplasm, cytoskeleton, spindle; Chromosome, centromere, kinetochore; Chromosome"
P36132,YKR038C,KAE1,386,Nucleus,Cytoplasm; Nucleus
P36135,YKR042W,UTH1,365,Mitochondria,"Mitochondrion outer membrane; Secreted, cell wall"
P36136,YKR043C,SHB17,271,Nucleus,Cytoplasm; Nucleus
P36142,YKR051W,HFL1,418,Membrane_Secretory,Vacuole membrane
P36143,YKR058W,GLG1,616,Membrane_Secretory,Cytoplasm; Vacuole
P36146,YKR063C,LAS1,502,Nucleus,Nucleus; Mitochondrion
P36148,YKR067W,GPT2,743,Membrane_Secretory,Lipid droplet; Endoplasmic reticulum membrane
P36149,YKR068C,BET3,193,Membrane_Secretory,"Golgi apparatus, cis-Golgi network; Endoplasmic reticulum; Preautophagosomal structure"
P36152,YKR071C,DRE2,348,Mitochondria,Cytoplasm; Mitochondrion intermembrane space
P36156,YKR076W,ECM4,370,Cytoplasm,Cytoplasm
P36160,YKR081C,RPF2,344,Nucleus,"Nucleus, nucleolus"
P36161,YKR082W,NUP133,1157,Nucleus,"Nucleus, nuclear pore complex; Nucleus membrane; Nucleus membrane"
P36162,YKR083C,DAD2,133,Nucleus,"Nucleus; Cytoplasm, cytoskeleton, spindle; Chromosome, centromere, kinetochore; Chromosome"
P36163,YKR087C,OMA1,345,Mitochondria,Mitochondrion inner membrane
P36165,YKR089C,TGL4,910,Membrane_Secretory,Lipid droplet
P36170,YKR102W,FLO10,1169,Membrane_Secretory,"Secreted, cell wall; Membrane"
P36421,YGR185C,TYS1,394,Nucleus,Cytoplasm; Nucleus
P36516,YMR024W,MRPL3,390,Mitochondria,Mitochondrion
P36517,YLR439W,MRPL4,319,Mitochondria,Mitochondrion
P36520,YNL284C,MRPL10,322,Mitochondria,Mitochondrion
P36525,YMR193W,MRPL24,258,Mitochondria,Mitochondrion
P36528,YNL252C,MRPL17,281,Mitochondria,Mitochondrion
P36531,YBR122C,MRPL36,177,Mitochondria,Mitochondrion
P36775,YBL022C,PIM1,1133,Mitochondria,Mitochondrion matrix
P37012,YMR105C,PGM2,569,Cytoplasm,Cytoplasm
P37020,YJR040W,GEF1,779,Membrane_Secretory,Golgi apparatus membrane; Endosome membrane; Prevacuolar compartment membrane
P37291,YLR058C,SHM2,469,Cytoplasm,Cytoplasm
P37292,YBR263W,SHM1,490,Mitochondria,Mitochondrion
P37296,YMR054W,STV1,890,Membrane_Secretory,Endosome membrane; Golgi apparatus membrane
P37298,YDR178W,SDH4,181,Mitochondria,Mitochondrion inner membrane
P37299,YHR001W-A,QCR10,77,Mitochondria,Mitochondrion inner membrane
P37370,YLR337C,VRP1,817,Cytoplasm,"Cytoplasm, cytoskeleton"
P37838,YPL043W,NOP4,685,Nucleus,"Nucleus, nucleolus"
P38009,YMR120C,ADE17,592,Cytoplasm,"Cytoplasm, cytosol"
P38011,YMR116C,ASC1,319,Cytoplasm,Cytoplasm
P38013,YLR109W,AHP1,176,Cytoplasm,Cytoplasm
P38041,YBL085W,BOI1,980,Cytoplasm,Bud; Bud neck
P38042,YBL084C,CDC27,758,Nucleus,Cytoplasm; Nucleus
P38063,YBL068W,PRS4,326,Cytoplasm,Cytoplasm
P38067,YBR006W,UGA2,497,Cytoplasm,Cytoplasm
P38069,YBR015C,MNN2,597,Membrane_Secretory,Golgi apparatus membrane
P38070,YBR028C,YPK3,525,Cytoplasm,Cytoplasm
P38071,YBR026C,ETR1,380,Mitochondria,Mitochondrion matrix
P38074,YBR034C,HMT1,348,Nucleus,Nucleus
P38075,YBR035C,PDX3,228,Mitochondria,Mitochondrion intermembrane space
P38077,YBR039W,ATP3,311,Mitochondria,Mitochondrion; Mitochondrion inner membrane
P38084,YBR068C,BAP2,609,Membrane_Secretory,Cell membrane
P38085,YBR069C,TAT1,619,Membrane_Secretory,Membrane
P38086,YBR073W,RDH54,958,Nucleus,Nucleus
P38088,YBR121C,GRS1,690,Mitochondria,Mitochondrion matrix
P38109,YBR139W,ATG42,508,Other,Vacuole lumen
P38110,YBL088C,TEL1,2787,Nucleus,"Nucleus; Chromosome, telomere"
P38111,YBR136W,MEC1,2368,Nucleus,Nucleus
P38112,YBR142W,MAK5,773,Nucleus,"Nucleus, nucleolus"
P38115,YBR149W,ARA1,344,Cytoplasm,Cytoplasm
P38116,YBR164C,ARL1,183,Membrane_Secretory,Golgi apparatus
P38121,YBL035C,POL12,705,Nucleus,Nucleus
P38123,YBR175W,SWD3,315,Nucleus,"Nucleus; Chromosome, telomere"
P38125,YBR180W,DTR1,572,Other,Prospore membrane
P38127,YBR192W,RIM2,377,Mitochondria,Mitochondrion inner membrane
P38128,YBR182C,SMP1,452,Nucleus,Nucleus
P38129,YBR198C,TAF5,798,Nucleus,Nucleus
P38130,YBR205W,KTR3,404,Membrane_Secretory,Membrane
P38132,YBR202W,MCM7,845,Nucleus,Cytoplasm; Nucleus
P38137,YBR222C,PCS60,543,Membrane_Secretory,Peroxisome matrix; Peroxisome membrane
P38138,YBR229C,ROT2,954,Membrane_Secretory,Endoplasmic reticulum
P38139,YBR204C,LDH1,375,Membrane_Secretory,Lipid droplet
P38140,YBR239C,ERT1,529,Nucleus,Cytoplasm; Nucleus
P38143,YBR244W,GPX2,162,Nucleus,Cytoplasm; Nucleus; Mitochondrion outer membrane; Mitochondrion inner membrane
P38144,YBR245C,ISW1,1129,Nucleus,Nucleus
P38146,YBR264C,YPT10,199,Membrane_Secretory,Cell membrane; Vesicle
P38147,YBR274W,CHK1,527,Nucleus,Nucleus
P38149,YBR281C,DUG2,878,Nucleus,Cytoplasm; Nucleus
P38153,YBR288C,APM3,483,Membrane_Secretory,Golgi apparatus; Cytoplasmic vesicle membrane
P38165,YBL103C,RTG3,486,Nucleus,Nucleus
P38167,YBL101C,ECM21,1117,Cytoplasm,Cytoplasm
P38169,YBL098W,BNA4,460,Mitochondria,Mitochondrion outer membrane
P38170,YBL097W,BRN1,754,Nucleus,Nucleus; Cytoplasm; Chromosome
P38174,YBL091C,MAP2,421,Cytoplasm,Cytoplasm
P38181,YBL079W,NUP170,1502,Nucleus,"Nucleus, nuclear pore complex; Nucleus membrane; Nucleus membrane"
P38182,YBL078C,ATG8,117,Mitochondria,"Cytoplasmic vesicle, cvt vesicle membrane; Cytoplasmic vesicle, autophagosome membrane; Vacuole membrane; Mitochondrion membrane"
P38193,YBL046W,PSY4,441,Nucleus,Nucleus
P38198,YBL034C,STU1,1513,Nucleus,"Nucleus; Cytoplasm, cytoskeleton, spindle; Cytoplasm, cytoskeleton; Chromosome, centromere, kinetochore"
P38199,YBL032W,HEK2,381,Nucleus,"Cytoplasm; Cytoplasm, P-body; Nucleus; Chromosome, telomere"
P38200,YBL031W,SHE1,338,Cytoplasm,"Cytoplasm, cytoskeleton; Cytoplasm, cytoskeleton, spindle; Bud neck"
P38203,YBL026W,LSM2,95,Nucleus,"Nucleus, nucleolus; Cytoplasm"
P38205,YBL024W,NCL1,684,Nucleus,"Nucleus, nucleolus"
P38207,YBL019W,APN2,520,Nucleus,Nucleus
P38208,YBL018C,POP8,133,Nucleus,Nucleus
P38211,YBR004C,GPI18,433,Membrane_Secretory,Endoplasmic reticulum membrane
P38212,YBR005W,RCR1,213,Membrane_Secretory,Endoplasmic reticulum membrane
P38217,YBR017C,KAP104,918,Nucleus,"Cytoplasm; Nucleus, nuclear pore complex; Nucleus"
P38221,YBR029C,CDS1,457,Membrane_Secretory,"Endoplasmic reticulum membrane; Cytoplasmic vesicle, secretory vesicle"
P38225,YBR041W,FAT1,669,Membrane_Secretory,Lipid droplet; Cell membrane; Peroxisome membrane; Peroxisome
P38227,YBR043C,QDR3,689,Membrane_Secretory,Cell membrane
P38228,YBR044C,TCM62,572,Mitochondria,Mitochondrion inner membrane
P38230,YBR046C,ZTA1,334,Cytoplasm,"Cytoplasm, cytosol"
P38236,YBR057C,MUM2,366,Nucleus,"Cytoplasm; Nucleus, nucleolus"
P38237,YBR058C,UBP14,781,Nucleus,Cytoplasm; Nucleus
P38238,YBR061C,TRM7,310,Cytoplasm,Cytoplasm
P38241,YBR065C,ECM2,364,Nucleus,Nucleus
P38242,YBR070C,ALG14,237,Nucleus,Endoplasmic reticulum membrane; Nucleus membrane
P38244,YBR074W,PFF1,976,Membrane_Secretory,Vacuole membrane
P38247,YBR077C,SLM4,162,Membrane_Secretory,Vacuole membrane
P38248,YBR078W,ECM33,429,Membrane_Secretory,"Cell membrane; Secreted, cell wall"
P38249,YBR079C,RPG1,964,Cytoplasm,Cytoplasm
P38250,YBR086C,IST2,946,Membrane_Secretory,Cell membrane
P38251,YBR087W,RFC5,354,Nucleus,Nucleus
P38255,YBR095C,RXT2,430,Nucleus,Nucleus
P38257,YBR098W,MMS4,691,Nucleus,Nucleus
P38260,YBR101C,FES1,290,Cytoplasm,Cytoplasm
P38261,YBR102C,EXO84,753,Cytoplasm,"Cytoplasmic vesicle, secretory vesicle; Bud; Bud neck"
P38262,YBR103W,SIF2,535,Nucleus,Nucleus
P38263,YBR105C,VID24,362,Other,Cytoplasmic vesicle membrane
P38264,YBR106W,PHO88,188,Mitochondria,Endoplasmic reticulum membrane; Mitochondrion
P38265,YBR107C,IML3,245,Nucleus,"Nucleus; Chromosome, centromere, kinetochore"
P38266,YBR108W,AIM3,947,Other,Membrane raft
P38270,YBR128C,ATG14,344,Membrane_Secretory,Preautophagosomal structure membrane; Vacuole membrane
P38271,YBR129C,OPY1,328,Membrane_Secretory,Cell membrane; Cytoplasm
P38272,YBR130C,SHE3,425,Membrane_Secretory,Endoplasmic reticulum membrane
P38273,YBR131W,CCZ1,704,Membrane_Secretory,"Endosome, multivesicular body membrane; Prevacuolar compartment membrane; Vacuole membrane; Vesicle"
P38274,YBR133C,HSL7,827,Cytoplasm,Bud neck
P38279,YBR147W,RTC2,296,Mitochondria,Vacuole membrane; Mitochondrion membrane
P38282,YBR152W,SPP381,291,Nucleus,Nucleus
P38283,YBR156C,SLI15,698,Nucleus,"Nucleus; Cytoplasm, cytoskeleton, spindle; Chromosome, centromere, kinetochore"
P38285,YBR158W,AMN1,549,Nucleus,Cytoplasm; Nucleus
P38286,YBR159W,IFA38,347,Membrane_Secretory,Endoplasmic reticulum membrane
P38287,YBR161W,CSH1,376,Membrane_Secretory,Vacuole membrane
P38289,YBR163W,EXO5,585,Mitochondria,Mitochondrion
P38291,YBR167C,POP7,140,Nucleus,Nucleus
P38297,YBR179C,FZO1,855,Mitochondria,Mitochondrion outer membrane
P38298,YBR183W,YPC1,316,Membrane_Secretory,Endoplasmic reticulum membrane
P38300,YBR185C,MBA1,278,Mitochondria,Mitochondrion inner membrane
P38301,YBR187W,GDT1,280,Other,"Golgi apparatus, cis-Golgi network membrane"
P38302,YBR188C,NTC20,140,Nucleus,Nucleus
P38304,YBR193C,MED8,223,Nucleus,Nucleus
P38307,YBR201W,DER1,211,Membrane_Secretory,Endoplasmic reticulum membrane
P38310,YBR207W,FTH1,465,Membrane_Secretory,Vacuole membrane
P38313,YBR211C,AME1,324,Nucleus,"Nucleus; Chromosome, centromere, kinetochore"
P38316,YBR217W,ATG12,186,Other,Preautophagosomal structure membrane
P38319,YBR223C,TDP1,544,Nucleus,Nucleus
P38323,YBR227C,MCX1,520,Mitochondria,Mitochondrion inner membrane
P38324,YBR228W,SLX1,304,Nucleus,Nucleus
P38326,YBR231C,SWC5,303,Nucleus,Nucleus
P38328,YBR234C,ARC40,384,Other,"Cytoplasm, cytoskeleton, actin patch"
P38329,YBR235W,VHC1,1120,Membrane_Secretory,Vacuole membrane
P38332,YBR246W,RRT2,387,Membrane_Secretory,Cytoplasm; Endosome
P38333,YBR247C,ENP1,483,Nucleus,"Cytoplasm; Nucleus, nucleolus"
P38334,YBR254C,TRS20,175,Membrane_Secretory,"Golgi apparatus, cis-Golgi network; Endoplasmic reticulum; Preautophagosomal structure"
P38336,YBR257W,POP4,279,Nucleus,Nucleus
P38339,YBR260C,RGD1,666,Cytoplasm,Cytoplasm
P38340,YBR261C,TAE1,232,Cytoplasm,Cytoplasm
P38341,YBR262C,MIC12,106,Mitochondria,Mitochondrion inner membrane
P38342,YBR265W,TSC10,320,Membrane_Secretory,Endoplasmic reticulum membrane
P38344,YBR267W,REI1,393,Cytoplasm,Cytoplasm
P38345,YBR269C,SDH8,138,Mitochondria,Mitochondrion matrix
P38348,YBR272C,HSM3,480,Cytoplasm,Cytoplasm
P38351,YBR279W,PAF1,445,Other,"Nucleus, nucleoplasm"
P38353,YBR283C,SSH1,490,Membrane_Secretory,Endoplasmic reticulum membrane
P38356,YBR290W,BSD2,321,Membrane_Secretory,Endoplasmic reticulum; Vacuole; Membrane
P38360,YBR295W,PCA1,1216,Membrane_Secretory,Cell membrane
P38361,YBR296C,PHO89,574,Membrane_Secretory,Cell membrane
P38426,YMR261C,TPS3,1054,Cytoplasm,Cytoplasm
P38427,YML100W,TSL1,1098,Cytoplasm,Cytoplasm
P38428,YMR264W,CUE1,203,Membrane_Secretory,Endoplasmic reticulum membrane
P38429,YMR263W,SAP30,201,Nucleus,Nucleus
P38439,YOR123C,LEO1,464,Other,"Nucleus, nucleoplasm"
P38523,YOR232W,MGE1,228,Mitochondria,Mitochondrion matrix
P38555,YER031C,YPT31,223,Membrane_Secretory,Golgi apparatus membrane
P38604,YHR072W,ERG7,731,Membrane_Secretory,Lipid droplet; Endoplasmic reticulum membrane
P38623,YLR248W,RCK2,610,Cytoplasm,Cytoplasm
P38624,YJL001W,PRE3,215,Nucleus,Cytoplasm; Nucleus
P38626,YIL043C,CBR1,284,Mitochondria,Mitochondrion outer membrane
P38627,YJR103W,URA8,578,Cytoplasm,Cytoplasm
P38628,YEL058W,PCM1,557,Nucleus,Cytoplasm; Nucleus
P38629,YNL290W,RFC3,340,Nucleus,Nucleus
P38630,YOR217W,RFC1,861,Nucleus,Nucleus
P38631,YLR342W,FKS1,1876,Mitochondria,Mitochondrion; Cell membrane
P38632,YEL019C,MMS21,267,Nucleus,Nucleus; Cytoplasm
P38633,YGL127C,SOH1,127,Nucleus,Nucleus
P38634,YLR079W,SIC1,284,Nucleus,Cytoplasm; Nucleus
P38636,YNL259C,ATX1,73,Cytoplasm,Cytoplasm
P38637,YIR011C,STS1,319,Nucleus,Cytoplasm; Nucleus
P38682,YER122C,GLO3,493,Membrane_Secretory,Golgi apparatus
P38687,YPL243W,SRP68,599,Nucleus,"Cytoplasm; Nucleus, nucleolus"
P38688,YPL210C,SRP72,640,Nucleus,"Cytoplasm; Endoplasmic reticulum membrane; Nucleus, nucleolus"
P38689,YHL011C,PRS3,320,Cytoplasm,Cytoplasm
P38691,YHR082C,KSP1,1029,Nucleus,Nucleus
P38695,YHR096C,HXT5,592,Membrane_Secretory,Membrane
P38696,YHR129C,ARP1,384,Membrane_Secretory,"Cytoplasm, cytoskeleton; Membrane"
P38697,YHR216W,IMD2,523,Cytoplasm,Cytoplasm
P38700,YHL019C,APM2,605,Membrane_Secretory,"Golgi apparatus membrane; Early endosome membrane; Cytoplasmic vesicle, clathrin-coated vesicle membrane"
P38701,YHL015W,RPS20,121,Cytoplasm,Cytoplasm
P38703,YHL003C,LAG1,411,Membrane_Secretory,Endoplasmic reticulum membrane
P38704,YHR006W,STP2,541,Nucleus,Cell membrane; Nucleus
P38710,YHR046C,INM1,295,Nucleus,Cytoplasm; Nucleus
P38711,YHR021C,RPS27B,82,Cytoplasm,Cytoplasm
P38712,YHR065C,RRP3,501,Nucleus,Nucleus
P38713,YHR073W,OSH3,996,Membrane_Secretory,Cytoplasm; Endoplasmic reticulum membrane
P38715,YHR104W,GRE3,327,Nucleus,Cytoplasm; Nucleus
P38717,YNL257C,SIP3,1229,Membrane_Secretory,Endoplasmic reticulum membrane
P38719,YHR169W,DBP8,431,Nucleus,"Nucleus, nucleolus"
P38720,YHR183W,GND1,489,Cytoplasm,Cytoplasm
P38731,YHL040C,ARN1,627,Membrane_Secretory,Cell membrane; Endosome membrane
P38736,YHL031C,GOS1,223,Membrane_Secretory,Golgi apparatus membrane
P38737,YHL030W,ECM29,1868,Nucleus,Cytoplasm; Nucleus
P38742,YHL023C,NPR3,1146,Membrane_Secretory,Vacuole membrane
P38753,YHL002W,HSE1,452,Membrane_Secretory,Endosome membrane
P38754,YHL001W,RPL14B,138,Cytoplasm,Cytoplasm
P38755,YHR001W,OSH7,437,Membrane_Secretory,Cytoplasm; Cell membrane; Endoplasmic reticulum membrane
P38757,YHR004C,NEM1,446,Nucleus,Endoplasmic reticulum membrane; Nucleus membrane
P38758,YHR009C,TDA3,523,Cytoplasm,Cytoplasm; Late endosome
P38766,YHR031C,RRM3,723,Nucleus,"Nucleus; Chromosome, telomere"
P38768,YHR034C,PIH1,344,Nucleus,Cytoplasm; Nucleus
P38770,YHR036W,BRL1,471,Nucleus,Nucleus membrane
P38778,YHR050W,SMF2,549,Membrane_Secretory,Vacuole lumen; Vesicle; Cell membrane
P38779,YHR052W,CIC1,376,Nucleus,"Nucleus, nucleolus"
P38781,YHR056C,RSC30,883,Nucleus,Nucleus
P38782,YHR058C,MED6,295,Nucleus,Nucleus
P38785,YHR061C,GIC1,314,Cytoplasm,"Bud neck; Bud tip; Cytoplasm, cell cortex; Cytoplasm, cytoskeleton"
P38786,YHR062C,RPP1,293,Nucleus,Nucleus
P38788,YHR064C,SSZ1,538,Cytoplasm,Cytoplasm
P38789,YHR066W,SSF1,453,Nucleus,"Nucleus, nucleolus"
P38792,YHR069C,RRP4,359,Nucleus,"Cytoplasm; Nucleus, nucleolus"
P38793,YHR070W,TRM5,499,Nucleus,Mitochondrion matrix; Nucleus; Cytoplasm
P38797,YHR076W,PTC7,343,Mitochondria,Mitochondrion
P38800,YHR080C,LAM4,1345,Membrane_Secretory,Endoplasmic reticulum membrane
P38801,YHR081W,LRP1,184,Nucleus,Nucleus
P38803,YHR085W,IPI1,334,Nucleus,Nucleus
P38805,YHR088W,RPF1,295,Nucleus,"Nucleus, nucleolus"
P38806,YHR090C,YNG2,282,Nucleus,Nucleus
P38810,YHR098C,SFB3,929,Membrane_Secretory,Cytoplasm; Golgi apparatus membrane; Endoplasmic reticulum membrane
P38811,YHR099W,TRA1,3744,Nucleus,Nucleus
P38815,YHR105W,YPT35,214,Membrane_Secretory,Endosome membrane; Vacuole membrane
P38817,YHR108W,GGA2,585,Other,"Golgi apparatus, trans-Golgi network"
P38820,YHR111W,UBA4,440,Cytoplasm,"Cytoplasm, cytosol"
P38821,YHR113W,APE4,490,Cytoplasm,Cytoplasm; Vacuole lumen
P38822,YHR114W,BZZ1,633,Other,"Cytoplasm, cytoskeleton, actin patch"
P38823,YHR115C,DMA1,416,Cytoplasm,Cytoplasm
P38825,YHR117W,TOM71,639,Mitochondria,Mitochondrion outer membrane
P38826,YHR118C,ORC6,435,Nucleus,Nucleus
P38827,YHR119W,SET1,1080,Nucleus,Nucleus; Chromosome
P38828,YHR121W,LSM12,187,Nucleus,Cytoplasm; Nucleus
P38830,YHR124W,NDT80,627,Nucleus,Nucleus
P38836,YHR132C,ECM14,430,Membrane_Secretory,Vacuole; Secreted
P38838,YHR134W,WSS1,269,Nucleus,Nucleus
P38840,YHR137W,ARO9,513,Cytoplasm,Cytoplasm
P38843,YHR142W,CHS7,316,Membrane_Secretory,Endoplasmic reticulum membrane
P38844,YHR143W,DSE2,325,Membrane_Secretory,"Secreted, cell wall; Membrane"
P38850,YHR154W,RTT107,1070,Nucleus,Nucleus
P38851,YHR155W,LAM1,1228,Mitochondria,Mitochondrion membrane; Endoplasmic reticulum membrane
P38855,YHR160C,PEX18,283,Membrane_Secretory,Cytoplasm; Peroxisome membrane
P38856,YHR161C,YAP1801,637,Membrane_Secretory,Bud; Bud neck; Cell membrane; Cytoplasm
P38857,YHR162W,MPC2,129,Mitochondria,Mitochondrion inner membrane
P38859,YHR164C,DNA2,1522,Nucleus,Nucleus; Chromosome
P38861,YHR170W,NMD3,518,Cytoplasm,"Cytoplasm; Nucleus, nucleoplasm"
P38862,YHR171W,ATG7,630,Cytoplasm,Cytoplasm; Preautophagosomal structure
P38863,YHR172W,SPC97,823,Nucleus,"Nucleus; Cytoplasm, cytoskeleton, microtubule organizing center, spindle pole body"
P38869,YHR181W,SVP26,228,Other,"Golgi apparatus, cis-Golgi network membrane"
P38870,YHR182W,RGD3,785,Membrane_Secretory,Cytoplasmic vesicle membrane; Cell membrane; Bud tip; Bud neck
P38873,YHR186C,KOG1,1557,Membrane_Secretory,Cell membrane; Vacuole membrane
P38874,YHR187W,IKI1,309,Nucleus,Cytoplasm; Nucleus
P38875,YHR188C,GPI16,610,Membrane_Secretory,Endoplasmic reticulum membrane
P38878,YHR192W,LNP1,278,Membrane_Secretory,Endoplasmic reticulum membrane
P38879,YHR193C,EGD2,174,Nucleus,Cytoplasm; Nucleus
P38881,YHR195W,NVJ1,321,Other,Nucleus outer membrane
P38882,YHR196W,UTP9,575,Nucleus,"Nucleus, nucleolus"
P38883,YHR197W,RIX1,763,Nucleus,Nucleus
P38887,YHR202W,SMN1,602,Membrane_Secretory,Secreted; Vacuole
P38888,YHR204W,MNL1,796,Other,Endoplasmic reticulum lumen
P38889,YHR206W,SKN7,622,Nucleus,Nucleus
P38890,YHR207C,SET5,526,Nucleus,Nucleus; Chromosome; Cytoplasm
P38891,YHR208W,BAT1,393,Mitochondria,Mitochondrion matrix
P38894,YHR211W,FLO5,1075,Membrane_Secretory,"Secreted, cell wall; Membrane"
P38902,YOL005C,RPB11,120,Nucleus,Nucleus
P38903,YOR014W,RTS1,757,Nucleus,Cytoplasm; Nucleus
P38907,YDR254W,CHL4,458,Nucleus,"Nucleus; Chromosome, centromere, kinetochore"
P38910,YOR020C,HSP10,106,Mitochondria,Mitochondrion matrix
P38911,YML074C,FPR3,411,Nucleus,"Nucleus, nucleolus"
P38915,YLR055C,SPT8,602,Nucleus,Nucleus
P38920,YMR167W,MLH1,769,Nucleus,Nucleus
P38922,YNL004W,HRB1,454,Nucleus,"Cytoplasm; Nucleus; Nucleus; Cytoplasm, P-body; Cytoplasm, Stress granule"
P38925,YOL122C,SMF1,575,Membrane_Secretory,Cell membrane
P38927,YIL139C,REV7,245,Nucleus,Mitochondrion; Nucleus
P38928,YIL140W,AXL2,823,Membrane_Secretory,Cell membrane
P38929,YGL006W,PMC1,1173,Membrane_Secretory,Vacuole membrane
P38931,YDR443C,SSN2,1420,Nucleus,Nucleus
P38932,YGL095C,VPS45,577,Membrane_Secretory,Cytoplasm; Vacuole membrane
P38953,YDR076W,RAD55,406,Nucleus,Nucleus
P38954,YDR072C,IPT1,527,Membrane_Secretory,Golgi apparatus membrane
P38956,YDR073W,SNF11,169,Nucleus,Nucleus
P38959,YDR080W,VPS41,992,Membrane_Secretory,Vacuole
P38960,YDR082W,STN1,494,Other,"Chromosome, telomere"
P38961,YDR083W,RRP8,392,Nucleus,"Nucleus, nucleolus; Chromosome, telomere"
P38967,YOL020W,TAT2,592,Membrane_Secretory,Membrane
P38968,YDL195W,SEC31,1273,Membrane_Secretory,"Cytoplasmic vesicle, COPII-coated vesicle membrane; Endoplasmic reticulum membrane"
P38985,YDL092W,SRP14,146,Nucleus,Cytoplasm; Nucleus
P38989,YFR031C,SMC2,1170,Nucleus,Nucleus; Cytoplasm; Chromosome
P38990,YER129W,SAK1,1142,Cytoplasm,Cytoplasm
P38991,YPL209C,IPL1,367,Nucleus,"Nucleus; Cytoplasm, cytoskeleton, spindle; Chromosome, centromere, kinetochore"
P38992,YDR297W,SUR2,349,Membrane_Secretory,Endoplasmic reticulum membrane
P38993,YMR058W,FET3,636,Membrane_Secretory,Cell membrane
P38994,YDR208W,MSS4,779,Membrane_Secretory,Cell membrane
P38995,YDR270W,CCC2,1004,Other,"Golgi apparatus, trans-Golgi network membrane"
P38996,YPL190C,NAB3,802,Other,"Nucleus, nucleoplasm"
P38998,YIR034C,LYS1,373,Membrane_Secretory,Peroxisome
P39001,YDR207C,UME6,836,Nucleus,Nucleus
P39002,YIL009W,FAA3,694,Membrane_Secretory,Cell membrane
P39003,YDR343C,HXT6,570,Membrane_Secretory,Membrane
P39004,YDR342C,HXT7,570,Membrane_Secretory,Membrane
P39006,YNL169C,PSD1,500,Membrane_Secretory,Lipid droplet; Endoplasmic reticulum membrane
P39007,YGL022W,STT3,718,Membrane_Secretory,Endoplasmic reticulum membrane
P39008,YNR052C,POP2,433,Nucleus,Cytoplasm; Nucleus
P39009,YDL101C,DUN1,513,Nucleus,Nucleus
P39010,YDR264C,AKR1,764,Membrane_Secretory,Early endosome membrane; Golgi apparatus membrane
P39011,YPL161C,BEM4,633,Nucleus,Nucleus; Cytoplasm
P39012,YLR088W,GAA1,614,Membrane_Secretory,Endoplasmic reticulum membrane
P39013,YNL084C,END3,349,Membrane_Secretory,"Cell membrane; Endosome membrane; Cytoplasm, cytoskeleton, actin patch"
P39014,YIL046W,MET30,640,Nucleus,Cytoplasm; Nucleus
P39015,YLR150W,STM1,273,Nucleus,"Cytoplasm; Nucleus; Cytoplasm, perinuclear region"
P39016,YGL178W,MPT5,859,Cytoplasm,Cytoplasm
P39073,YPL042C,SSN3,555,Nucleus,Nucleus
P39078,YDL143W,CCT4,528,Cytoplasm,Cytoplasm
P39081,YDR228C,PCF11,626,Nucleus,Nucleus
P39104,YNL267W,PIK1,1066,Nucleus,"Nucleus; Golgi apparatus, trans-Golgi network"
P39105,YMR008C,PLB1,664,Membrane_Secretory,Cell membrane
P39107,YPL050C,MNN9,395,Membrane_Secretory,Endoplasmic reticulum membrane; Golgi apparatus membrane
P39108,YDR142C,PEX7,375,Cytoplasm,"Cytoplasm, cytosol; Peroxisome matrix"
P39109,YDR135C,YCF1,1515,Membrane_Secretory,Vacuole membrane
P39111,YGR020C,VMA7,118,Membrane_Secretory,Vacuole membrane
P39112,YMR287C,DSS1,969,Mitochondria,Mitochondrion matrix
P39113,YMR280C,CAT8,1433,Nucleus,Nucleus
P39515,YJL143W,TIM17,158,Mitochondria,Mitochondrion inner membrane
P39516,YJL191W,RPS14B,138,Nucleus,"Cytoplasm; Nucleus, nucleolus"
P39517,YDL160C,DHH1,506,Cytoplasm,"Cytoplasm, P-body"
P39518,YER015W,FAA2,744,Membrane_Secretory,Cytoplasm; Peroxisome membrane
P39520,YLR223C,IFH1,1085,Nucleus,Nucleus
P39521,YPR104C,FHL1,936,Nucleus,Nucleus
P39522,YJR016C,ILV3,585,Mitochondria,Mitochondrion
P39524,YAL026C,DRS2,1355,Membrane_Secretory,"Golgi apparatus, trans-Golgi network membrane; Endosome membrane"
P39526,YJL207C,LAA1,2014,Membrane_Secretory,"Golgi apparatus; Cytoplasmic vesicle, clathrin-coated vesicle"
P39531,YJL204C,RCY1,840,Cytoplasm,Cytoplasm; Bud neck; Cell tip
P39533,YJL200C,ACO2,789,Mitochondria,Mitochondrion
P39540,YJL196C,ELO1,310,Membrane_Secretory,Endoplasmic reticulum membrane
P39547,YAR027W,UIP3,235,Nucleus,Nucleus membrane; Cell membrane
P39552,YAR033W,MST28,234,Membrane_Secretory,"Endoplasmic reticulum; Golgi apparatus; Cytoplasmic vesicle, COPI-coated vesicle membrane; Cytoplasmic vesicle, COPII-coated vesicle membrane"
P39676,YGR234W,YHB1,399,Cytoplasm,Cytoplasm
P39678,YDL056W,MBP1,833,Nucleus,Nucleus
P39682,YML046W,PRP39,629,Nucleus,Nucleus
P39683,YOR209C,NPT1,429,Nucleus,Cytoplasm; Nucleus
P39685,YMR129W,POM152,1337,Nucleus,"Nucleus, nuclear pore complex; Nucleus membrane"
P39702,YAL002W,VPS8,1274,Other,"Golgi apparatus, Golgi stack"
P39704,YAL007C,ERP2,215,Membrane_Secretory,Endoplasmic reticulum membrane
P39705,YAR002W,NUP60,539,Nucleus,"Nucleus, nuclear pore complex; Nucleus membrane"
P39706,YAR003W,SWD1,426,Nucleus,"Nucleus; Chromosome, telomere"
P39707,YAR008W,SEN34,275,Nucleus,Nucleus; Endomembrane system; Mitochondrion outer membrane
P39714,YAL060W,BDH1,382,Cytoplasm,Cytoplasm
P39715,YAL059W,ECM1,212,Nucleus,"Nucleus, nucleolus; Nucleus; Cytoplasm"
P39717,YAL056W,GPB2,880,Mitochondria,Cytoplasm; Mitochondrion
P39719,YAL053W,FLC2,783,Membrane_Secretory,Endoplasmic reticulum membrane
P39720,YAL051W,OAF1,1047,Nucleus,Nucleus
P39722,YAL048C,GEM1,662,Mitochondria,Mitochondrion outer membrane
P39723,YAL047C,SPC72,622,Other,"Cytoplasm, cytoskeleton, microtubule organizing center, spindle pole body"
P39724,YAL046C,BOL3,118,Mitochondria,Mitochondrion matrix
P39726,YAL044C,GCV3,170,Mitochondria,Mitochondrion
P39727,YAL042W,ERV46,415,Membrane_Secretory,Endoplasmic reticulum membrane; Golgi apparatus membrane
P39729,YAL036C,RBG1,369,Cytoplasm,Cytoplasm
P39730,YAL035W,FUN12,1002,Cytoplasm,Cytoplasm
P39731,YAL034W-A,MTW1,289,Other,"Chromosome, centromere, kinetochore; Cytoplasm, cytoskeleton, spindle pole"
P39735,YAL027W,SAW1,261,Nucleus,Nucleus
P39742,YLR292C,SEC72,193,Cytoplasm,Cytoplasm
P39743,YDR388W,RVS167,482,Cytoplasm,"Cytoplasm, cytoskeleton"
P39744,YOR206W,NOC2,710,Nucleus,"Nucleus, nucleolus"
P39875,YOR033C,EXO1,702,Nucleus,Nucleus
P39904,YDR484W,VPS52,641,Membrane_Secretory,"Golgi apparatus, trans-Golgi network membrane; Endosome membrane; Cytoplasm, cytoskeleton"
P39923,YEL062W,NPR2,615,Membrane_Secretory,Vacuole membrane
P39925,YER017C,AFG3,761,Mitochondria,Mitochondrion inner membrane
P39926,YMR183C,SSO2,295,Membrane_Secretory,Membrane
P39927,YGR156W,PTI1,425,Nucleus,Nucleus
P39928,YIL147C,SLN1,1220,Membrane_Secretory,Cell membrane
P39929,YLR025W,SNF7,240,Membrane_Secretory,Cytoplasm; Endosome membrane; Nucleus envelope
P39935,YGR162W,TIF4631,952,Cytoplasm,"Cytoplasm; Cytoplasm, P-body; Cytoplasm, Stress granule"
P39936,YGL049C,TIF4632,914,Cytoplasm,Cytoplasm
P39939,YER131W,RPS26B,119,Cytoplasm,Cytoplasm
P39940,YER125W,RSP5,809,Nucleus,"Cytoplasm; Nucleus; Cytoplasm, cytoskeleton, actin patch"
P39943,YER028C,MIG3,394,Nucleus,Cytoplasm; Nucleus
P39946,YOR269W,PAC1,494,Nucleus,"Cytoplasm, cytoskeleton; Cytoplasm, cytoskeleton, spindle pole; Nucleus"
P39952,YER154W,OXA1,402,Mitochondria,Mitochondrion inner membrane
P39956,YER169W,RPH1,796,Nucleus,Nucleus
P39958,YER136W,GDI1,451,Cytoplasm,Cytoplasm
P39962,YER123W,YCK3,524,Nucleus,Cell membrane; Nucleus membrane; Vacuole membrane
P39966,YER089C,PTC2,464,Nucleus,"Nucleus; Cytoplasm, cytosol"
P39968,YEL013W,VAC8,578,Membrane_Secretory,Vacuole membrane
P39969,YER114C,BOI2,1040,Cytoplasm,Bud; Bud neck
P39976,YEL071W,DLD3,496,Cytoplasm,Cytoplasm
P39979,YEL066W,HPA3,161,Nucleus,Cytoplasm; Nucleus
P39984,YEL056W,HAT2,401,Nucleus,Cytoplasm; Nucleus
P39985,YEL055C,POL5,1022,Nucleus,"Nucleus, nucleolus"
P39986,YEL031W,SPF1,1215,Membrane_Secretory,Endoplasmic reticulum membrane
P39987,YEL030W,ECM10,644,Other,"Mitochondrion matrix, mitochondrion nucleoid"
P39990,YEL026W,SNU13,126,Nucleus,"Nucleus, nucleolus"
P39993,YEL022W,GEA2,1459,Membrane_Secretory,"Cytoplasm, cytosol; Membrane; Golgi apparatus membrane"
P39995,YEL018W,EAF5,279,Nucleus,Nucleus
P39997,YEL016C,NPP2,493,Membrane_Secretory,Membrane
P39998,YEL015W,EDC3,551,Cytoplasm,"Cytoplasm, P-body"
P40003,YEL005C,VAB2,282,Membrane_Secretory,Cytoplasmic vesicle; Cytoplasm; Vacuole
P40005,YEL003W,GIM4,111,Cytoplasm,Cytoplasm
P40009,YER005W,YND1,630,Membrane_Secretory,Golgi apparatus; Membrane
P40010,YER006W,NUG1,520,Nucleus,Nucleus
P40013,YER016W,BIM1,344,Cytoplasm,"Cytoplasm, cytoskeleton"
P40014,YER018C,SPC25,221,Nucleus,"Nucleus; Chromosome, centromere, kinetochore"
P40015,YER019W,ISC1,477,Mitochondria,Endoplasmic reticulum membrane; Mitochondrion outer membrane
P40018,YER029C,SMB1,196,Nucleus,Nucleus; Cytoplasm
P40021,YER033C,ZRG8,1076,Cytoplasm,Cytoplasm; Bud; Bud neck; Bud tip
P40023,YER035W,EDC2,145,Nucleus,Cytoplasm; Nucleus
P40024,YER036C,ARB1,610,Nucleus,Cytoplasm; Nucleus
P40028,YER041W,YEN1,759,Nucleus,Cytoplasm; Nucleus
P40032,YER049W,TPA1,644,Nucleus,Nucleus
P40033,YER050C,RSM18,138,Mitochondria,Mitochondrion
P40034,YER051W,JHD1,492,Nucleus,Nucleus
P40046,YER072W,VTC1,129,Membrane_Secretory,"Vacuole membrane; Cytoplasm, cell cortex; Endoplasmic reticulum membrane; Cytoplasmic vesicle, autophagosome membrane"
P40047,YER073W,ALD5,520,Mitochondria,Mitochondrion matrix
P40048,YER075C,PTP3,928,Cytoplasm,Cytoplasm
P40051,YER078C,ICP55,511,Nucleus,Nucleus; Mitochondrion inner membrane
P40055,YER082C,UTP7,554,Nucleus,"Nucleus, nucleolus"
P40056,YER083C,GET2,285,Membrane_Secretory,Endoplasmic reticulum membrane; Golgi apparatus membrane
P40059,YER088C,DOT6,670,Nucleus,Nucleus
P40060,YER092W,IES5,125,Nucleus,Nucleus
P40061,YER093C,TSC11,1430,Membrane_Secretory,Cell membrane; Vacuole membrane
P40063,YER104W,RTT105,208,Nucleus,Cytoplasm; Nucleus
P40064,YER105C,NUP157,1391,Nucleus,"Nucleus, nuclear pore complex; Nucleus membrane; Nucleus membrane"
P40065,YER106W,MAM1,302,Nucleus,Nucleus
P40066,YER107C,GLE2,365,Nucleus,"Nucleus, nuclear pore complex; Nucleus membrane; Nucleus membrane"
P40069,YER110C,KAP123,1113,Nucleus,"Cytoplasm; Nucleus; Nucleus, nuclear pore complex"
P40070,YER112W,LSM4,187,Nucleus,Nucleus; Cytoplasm
P40072,YER116C,SLX8,274,Nucleus,"Nucleus; Chromosome, centromere, kinetochore"
P40073,YER118C,SHO1,367,Membrane_Secretory,Cell membrane; Bud; Bud neck; Cell projection
P40075,YER120W,SCS2,244,Nucleus,Endoplasmic reticulum membrane; Nucleus membrane
P40078,YER126C,NSA2,261,Nucleus,"Nucleus, nucleolus"
P40084,YER139C,RTR1,226,Nucleus,Cytoplasm; Nucleus
P40086,YER141W,COX15,486,Mitochondria,Mitochondrion inner membrane
P40087,YER143W,DDI1,428,Membrane_Secretory,Cytoplasm; Cell membrane
P40089,YER146W,LSM5,93,Nucleus,"Nucleus, nucleolus; Cytoplasm"
P40090,YER147C,SCC4,624,Nucleus,Nucleus
P40094,YER157W,COG3,801,Membrane_Secretory,Golgi apparatus membrane
P40096,YER159C,BUR6,142,Nucleus,Nucleus
P40099,YER183C,FAU1,211,Mitochondria,Mitochondrion
P40106,YER062C,GPP2,250,Nucleus,Cytoplasm; Nucleus
P40107,YGL225W,VRG4,337,Membrane_Secretory,Golgi apparatus membrane; Cytoplasmic vesicle membrane; Endoplasmic reticulum membrane
P40150,YNL209W,SSB2,613,Cytoplasm,Cytoplasm
P40151,YNL218W,MGS1,587,Nucleus,Nucleus
P40152,YNL217W,PPN2,326,Membrane_Secretory,Vacuole membrane
P40154,YNL215W,IES2,320,Nucleus,Nucleus
P40160,YNL207W,RIO2,425,Nucleus,Cytoplasm; Nucleus
P40161,YNL206C,RTT106,455,Nucleus,Nucleus; Chromosome
P40164,YNL201C,PSY2,858,Nucleus,Nucleus
P40167,YNL196C,SLZ1,298,Nucleus,"Cytoplasm; Nucleus, nucleolus"
P40186,YIL050W,PCL7,285,Cytoplasm,Cytoplasm
P40202,YMR038C,CCS1,249,Mitochondria,Cytoplasm; Mitochondrion intermembrane space
P40204,YFL017W-A,SMX2,77,Nucleus,Nucleus; Cytoplasm
P40208,YMR135C,GID8,455,Nucleus,Nucleus; Cytoplasm
P40217,YMR146C,TIF34,347,Cytoplasm,Cytoplasm
P40218,YMR147W,LDO45,412,Membrane_Secretory,Endoplasmic reticulum membrane; Lipid droplet
P40219,YMR148W,LDO16,148,Membrane_Secretory,Endoplasmic reticulum membrane; Lipid droplet
P40302,YMR314W,PRE5,234,Nucleus,Cytoplasm; Nucleus
P40303,YOL038W,PRE6,254,Nucleus,Cytoplasm; Nucleus
P40308,YMR313C,TGL3,642,Membrane_Secretory,Lipid droplet
P40314,YDR252W,BTT1,149,Nucleus,Cytoplasm; Nucleus
P40316,YDR113C,PDS1,373,Nucleus,Cytoplasm; Nucleus
P40318,YIL030C,SSM4,1319,Membrane_Secretory,Endoplasmic reticulum membrane; Nucleus inner membrane
P40319,YLR372W,ELO3,345,Membrane_Secretory,Endoplasmic reticulum membrane
P40325,YGR268C,HUA1,198,Cytoplasm,Cytoplasm
P40327,YDL007W,RPT2,437,Nucleus,Cytoplasm; Nucleus
P40339,YOL094C,RFC4,323,Nucleus,Nucleus
P40340,YGR270W,YTA7,1379,Nucleus,"Chromosome, centromere; Nucleus; Chromosome"
P40341,YMR089C,YTA12,825,Mitochondria,Mitochondrion inner membrane
P40343,YNR006W,VPS27,622,Membrane_Secretory,Endosome membrane
P40344,YNR007C,ATG3,310,Mitochondria,Cytoplasm; Mitochondrion
P40345,YNR008W,LRO1,661,Membrane_Secretory,Endoplasmic reticulum membrane; Nucleus inner membrane
P40348,YJR068W,RFC2,353,Nucleus,Nucleus
P40352,YJR035W,RAD26,1085,Nucleus,Nucleus
P40353,YOR377W,ATF1,525,Membrane_Secretory,Lipid droplet; Endoplasmic reticulum membrane
P40356,YGL025C,PGD1,397,Nucleus,Nucleus
P40358,YJL073W,JEM1,645,Nucleus,Endoplasmic reticulum membrane; Nucleus membrane
P40359,YJL072C,PSF2,213,Nucleus,Nucleus
P40360,YJL071W,ARG2,574,Mitochondria,Mitochondrion
P40362,YJL069C,UTP18,594,Nucleus,"Nucleus, nucleolus"
P40367,YJL062W,LAS21,830,Membrane_Secretory,Endoplasmic reticulum membrane
P40368,YJL061W,NUP82,713,Nucleus,"Nucleus, nuclear pore complex; Nucleus membrane"
P40395,YLR039C,RIC1,1056,Membrane_Secretory,Golgi apparatus membrane
P40414,YIL138C,TPM2,161,Cytoplasm,"Cytoplasm, cytoskeleton"
P40416,YMR301C,ATM1,690,Mitochondria,Mitochondrion inner membrane
P40422,YHR143W-A,RPC10,70,Nucleus,"Nucleus, nucleolus; Peroxisome"
P40438,YIL173W,VTH1,1549,Membrane_Secretory,"Golgi apparatus, trans-Golgi network membrane; Endosome membrane"
P40453,YIL156W,UBP7,1071,Cytoplasm,Cytoplasm
P40454,YIL153W,RRD1,393,Nucleus,Cytoplasm; Nucleus
P40457,YIL149C,MLP2,1679,Nucleus,"Nucleus; Cytoplasm, cytoskeleton, microtubule organizing center, spindle pole body; Nucleus, nuclear pore complex"
P40458,YIL146C,ATG32,529,Mitochondria,Mitochondrion outer membrane; Vacuole membrane; Preautophagosomal structure membrane
P40460,YIL144W,NDC80,691,Nucleus,"Nucleus; Chromosome, centromere, kinetochore"
P40462,YIL137C,TMA108,946,Cytoplasm,Cytoplasm
P40465,YIL132C,CSM2,213,Nucleus,Cytoplasm; Nucleus
P40466,YIL131C,FKH1,484,Nucleus,"Nucleus; Cytoplasm, cytosol"
P40467,YIL130W,ASG1,964,Nucleus,Nucleus
P40469,YIL128W,MET18,1032,Nucleus,Nucleus
P40471,YIL124W,AYR1,297,Mitochondria,Lipid droplet; Mitochondrion outer membrane; Endoplasmic reticulum
P40472,YIL123W,SIM1,476,Membrane_Secretory,"Secreted, cell wall"
P40473,YIL122W,POG1,351,Nucleus,Nucleus
P40474,YIL121W,QDR2,542,Membrane_Secretory,Cell membrane
P40477,YIL115C,NUP159,1460,Nucleus,"Nucleus, nuclear pore complex; Nucleus membrane"
P40482,YIL109C,SEC24,926,Membrane_Secretory,"Cytoplasm; Cytoplasmic vesicle, COPII-coated vesicle membrane; Endoplasmic reticulum membrane; Golgi apparatus membrane"
P40484,YIL106W,MOB1,314,Nucleus,"Cytoplasm; Nucleus; Cytoplasm, cytoskeleton, microtubule organizing center, spindle pole body; Bud neck; Chromosome, centromere"
P40485,YIL105C,SLM1,686,Membrane_Secretory,Cell membrane
P40487,YIL103W,DPH1,425,Cytoplasm,Cytoplasm
P40489,YIL101C,XBP1,647,Nucleus,Nucleus
P40492,YIL097W,FYV10,516,Nucleus,Cytoplasm; Nucleus
P40494,YIL095W,PRK1,810,Other,"Cytoplasm, cytoskeleton, actin patch"
P40495,YIL094C,LYS12,371,Mitochondria,Mitochondrion
P40496,YIL093C,RSM25,264,Mitochondria,Mitochondrion
P40498,YIL091C,UTP25,721,Nucleus,"Nucleus, nucleolus"
P40501,YIL088C,AVT7,490,Membrane_Secretory,Vacuole membrane
P40505,YIL084C,SDS3,327,Nucleus,Nucleus
P40506,YIL083C,CAB2,365,Nucleus,Cytoplasm; Nucleus
P40507,YIL079C,AIR1,360,Nucleus,Cytoplasm; Nucleus
P40509,YIL076W,SEC28,296,Membrane_Secretory,"Cytoplasm; Golgi apparatus membrane; Cytoplasmic vesicle, COPI-coated vesicle membrane"
P40512,YIL071C,PCI8,444,Nucleus,Cytoplasm; Nucleus
P40513,YIL070C,MAM33,266,Mitochondria,Mitochondrion matrix
P40515,YIL065C,FIS1,155,Mitochondria,Mitochondrion outer membrane
P40527,YIL048W,NEO1,1151,Membrane_Secretory,Endosome membrane; Golgi apparatus membrane
P40530,YIL042C,PKP1,394,Mitochondria,Mitochondrion matrix
P40535,YIL036W,CST6,587,Nucleus,Nucleus
P40540,YIL027C,EMC5,141,Membrane_Secretory,Endoplasmic reticulum membrane
P40541,YIL026C,IRR1,1150,Nucleus,"Nucleus; Chromosome; Chromosome, centromere"
P40543,YIL024C,ATG45,189,Cytoplasm,"Cytoplasm, cytosol; Cytoplasmic vesicle, autophagosome"
P40547,YIL017C,VID28,921,Nucleus,Nucleus; Cytoplasm
P40548,YIL016W,SNL1,159,Nucleus,Endoplasmic reticulum membrane; Nucleus membrane
P40553,YIL010W,DOT5,215,Nucleus,"Nucleus; Chromosome, telomere"
P40554,YIL008W,URM1,99,Nucleus,Cytoplasm; Nucleus
P40556,YIL006W,YIA6,373,Mitochondria,Mitochondrion inner membrane
P40557,YIL005W,EPS1,701,Membrane_Secretory,Endoplasmic reticulum membrane
P40558,YIL003W,CFD1,293,Cytoplasm,Cytoplasm
P40559,YIL002C,INP51,946,Other,"Cytoplasm, cytoskeleton, actin patch"
P40562,YIR002C,MPH1,993,Nucleus,Nucleus
P40563,YIR003W,AIM21,679,Other,"Cytoplasm, cytoskeleton, actin patch"
P40564,YIR004W,DJP1,432,Cytoplasm,Cytoplasm
P40565,YIR005W,IST3,148,Nucleus,Cytoplasm; Nucleus
P40566,YIR007W,EGH1,764,Membrane_Secretory,"Cytoplasm, cytosol; Vacuole membrane"
P40568,YIR010W,DSN1,576,Nucleus,"Nucleus; Chromosome, centromere, kinetochore"
P40571,YIR015W,RPR2,144,Nucleus,Nucleus
P40573,YIR017C,MET28,187,Nucleus,Cytoplasm; Nucleus
P40578,YIR033W,MGA2,1113,Membrane_Secretory,Membrane
P40581,YIR037W,HYR1,163,Mitochondria,Cytoplasm; Mitochondrion intermembrane space; Peroxisome matrix
P40693,YNL002C,RLP7,322,Nucleus,"Nucleus, nucleolus"
P40825,YOR335C,ALA1,983,Mitochondria,Mitochondrion
P40850,YNL085W,MKT1,830,Cytoplasm,"Cytoplasm, cytosol"
P40851,YPR122W,AXL1,1208,Cytoplasm,Bud neck
P40857,YJL097W,PHS1,217,Membrane_Secretory,Endoplasmic reticulum membrane; Vacuole membrane
P40890,YJL222W,VTH2,1549,Other,"Golgi apparatus, trans-Golgi network membrane"
P40917,YOR028C,CIN5,295,Nucleus,Cytoplasm; Nucleus
P40955,YJL099W,CHS6,746,Other,"Golgi apparatus, trans-Golgi network membrane"
P40956,YGL181W,GTS1,396,Nucleus,Nucleus
P40957,YGL086W,MAD1,749,Nucleus,Nucleus
P40958,YJL030W,MAD2,196,Nucleus,Nucleus
P40959,YMR004W,MVP1,511,Membrane_Secretory,Cytoplasm; Endosome membrane
P40961,YGR132C,PHB1,287,Mitochondria,Mitochondrion inner membrane
P40963,YMR127C,SAS2,338,Nucleus,Cytoplasm; Nucleus
P40968,YDR364C,CDC40,455,Nucleus,Nucleus
P40969,YMR168C,CEP3,608,Nucleus,"Nucleus; Chromosome, centromere"
P40970,YDR062W,LCB2,561,Membrane_Secretory,Cytoplasm; Endoplasmic reticulum; Membrane
P40988,YMR319C,FET4,552,Membrane_Secretory,Membrane
P40989,YGR032W,GSC2,1895,Membrane_Secretory,Membrane
P40991,YNL061W,NOP2,618,Nucleus,"Nucleus, nucleolus"
P40992,YJL025W,RRN7,514,Nucleus,"Nucleus, nucleolus"
P40993,YDR478W,SNM1,198,Nucleus,Nucleus
P40994,YOR094W,ARF3,183,Membrane_Secretory,Golgi apparatus
P41056,YOR234C,RPL33B,107,Cytoplasm,Cytoplasm
P41277,YIL053W,GPP1,250,Nucleus,Cytoplasm; Nucleus
P41318,YNL006W,LST8,303,Membrane_Secretory,Cell membrane; Vacuole membrane
P41338,YPL028W,ERG10,398,Cytoplasm,"Cytoplasm, cytosol"
P41543,YJL002C,OST1,476,Membrane_Secretory,Endoplasmic reticulum membrane
P41546,YFL031W,HAC1,238,Nucleus,Nucleus
P41695,YGR188C,BUB1,1021,Nucleus,"Nucleus; Chromosome, centromere, kinetochore"
P41696,YOR113W,AZF1,914,Nucleus,"Nucleus; Cytoplasm, cytosol"
P41698,YLR353W,BUD8,603,Membrane_Secretory,Cell membrane; Bud tip
P41735,YOR125C,CAT5,233,Mitochondria,Mitochondrion inner membrane
P41800,YLL006W,MMM1,426,Membrane_Secretory,Endoplasmic reticulum membrane
P41805,YLR075W,RPL10,221,Cytoplasm,Cytoplasm
P41807,YPR036W,VMA13,478,Membrane_Secretory,Vacuole membrane
P41809,YDR420W,HKR1,1802,Membrane_Secretory,Cell membrane
P41810,YDR238C,SEC26,973,Membrane_Secretory,"Cytoplasm; Golgi apparatus membrane; Cytoplasmic vesicle, COPI-coated vesicle membrane"
P41811,YGL137W,SEC27,889,Membrane_Secretory,"Cytoplasm; Golgi apparatus membrane; Cytoplasmic vesicle, COPI-coated vesicle membrane"
P41812,YNL221C,POP1,875,Nucleus,Cytoplasm; Nucleus
P41813,YNL068C,FKH2,862,Nucleus,"Nucleus; Cytoplasm, cytosol"
P41821,YNL291C,MID1,548,Membrane_Secretory,Cell membrane
P41832,YNL271C,BNI1,1953,Membrane_Secretory,"Cell membrane; Cell projection, ruffle membrane; Cytoplasm, cytoskeleton"
P41833,YGL192W,IME4,600,Nucleus,"Cytoplasm; Nucleus, nucleolus"
P41834,YOR075W,UFE1,346,Membrane_Secretory,Endoplasmic reticulum membrane
P41895,YGR186W,TFG1,735,Nucleus,Nucleus
P41896,YGR005C,TFG2,400,Nucleus,Nucleus
P41901,YGR059W,SPR3,512,Cytoplasm,Prospore membrane; Bud neck
P41903,YJR019C,TES1,349,Membrane_Secretory,Peroxisome
P41909,YPL147W,PXA1,870,Membrane_Secretory,Peroxisome membrane
P41910,YDR005C,MAF1,395,Nucleus,Cytoplasm; Nucleus
P41911,YOL059W,GPD2,440,Mitochondria,Cytoplasm; Mitochondrion
P41920,YDR002W,YRB1,201,Nucleus,Cytoplasm; Nucleus
P41921,YPL091W,GLR1,483,Nucleus,Cytoplasm; Nucleus; Mitochondrion; Peroxisome
P41939,YLR174W,IDP2,412,Cytoplasm,Cytoplasm
P41940,YDL055C,PSA1,361,Cytoplasm,Cytoplasm
P41948,YNL142W,MEP2,499,Membrane_Secretory,Cell membrane
P42073,YDR195W,REF2,533,Nucleus,Nucleus
P42835,YNL327W,EGT2,1041,Membrane_Secretory,"Secreted, cell wall; Membrane"
P42836,YNL326C,PFA3,336,Membrane_Secretory,Vacuole membrane
P42837,YNL325C,FIG4,879,Membrane_Secretory,Vacuole membrane
P42838,YNL323W,LEM3,414,Membrane_Secretory,Cell membrane
P42839,YNL321W,VNX1,908,Membrane_Secretory,Vacuole membrane
P42841,YNL317W,PFS2,465,Nucleus,Nucleus
P42844,YNL310C,ZIM17,174,Mitochondria,Mitochondrion inner membrane
P42845,YNL309W,STB1,420,Nucleus,Cytoplasm; Nucleus
P42846,YNL308C,KRI1,591,Nucleus,"Nucleus, nucleolus"
P42935,YGR200C,ELP2,788,Nucleus,Cytoplasm; Nucleus
P42939,YGR206W,MVB12,101,Membrane_Secretory,Cytoplasm; Endosome; Late endosome membrane
P42945,YJL109C,UTP10,1769,Nucleus,"Nucleus, nucleolus; Mitochondrion"
P42949,YJL104W,PAM16,149,Mitochondria,Mitochondrion inner membrane
P42951,YJL100W,LSB6,607,Membrane_Secretory,Cell membrane; Vacuole membrane
P43122,YDL104C,QRI7,407,Mitochondria,Mitochondrion
P43123,YDL103C,QRI1,477,Cytoplasm,Cytoplasm
P43124,YDL105W,NSE4,402,Nucleus,Nucleus
P43132,YLR015W,BRE2,505,Nucleus,"Nucleus; Chromosome, telomere"
P43321,YLR147C,SMD3,101,Nucleus,"Cytoplasm, cytosol; Nucleus"
P43497,YKL096W-A,CWP2,92,Membrane_Secretory,"Secreted, cell wall; Membrane"
P43555,YFL048C,EMP47,445,Membrane_Secretory,Golgi apparatus membrane; Endoplasmic reticulum membrane
P43558,YFL044C,OTU1,301,Nucleus,Cytoplasm; Nucleus
P43561,YFL041W,FET5,622,Membrane_Secretory,Cell membrane
P43563,YFL034C-B,MOB2,287,Nucleus,Nucleus; Cytoplasm
P43564,YFL034W,MIL1,1073,Membrane_Secretory,"Golgi apparatus membrane; Early endosome membrane; Cytoplasmic vesicle, clathrin-coated vesicle membrane"
P43565,YFL033C,RIM15,1770,Nucleus,Cytoplasm; Nucleus
P43571,YFL025C,BST1,1029,Membrane_Secretory,Endoplasmic reticulum membrane
P43572,YFL024C,EPL1,832,Nucleus,Nucleus
P43573,YFL023W,BUD27,796,Cytoplasm,Cytoplasm
P43579,YFL013C,IES1,692,Nucleus,Nucleus
P43583,YFL007W,BLM10,2143,Nucleus,Nucleus; Cytoplasm
P43585,YFL004W,VTC2,828,Membrane_Secretory,"Vacuole membrane; Cytoplasm, cell cortex; Endoplasmic reticulum membrane; Cytoplasmic vesicle, autophagosome membrane"
P43586,YFR001W,LOC1,204,Nucleus,"Nucleus, nucleolus"
P43587,YFR003C,YPI1,155,Nucleus,Nucleus
P43594,YFR011C,MIC19,170,Mitochondria,Mitochondrion inner membrane
P43601,YFR021W,ATG18,500,Membrane_Secretory,Preautophagosomal structure membrane; Vacuole membrane; Endosome membrane
P43603,YFR024C-A,LSB3,459,Cytoplasm,Cytoplasm
P43605,YFR027W,ECO1,281,Nucleus,Nucleus
P43609,YFR037C,RSC8,557,Nucleus,Nucleus
P43610,YFR038W,IRC5,853,Nucleus,Nucleus
P43612,YFR040W,SAP155,1002,Cytoplasm,Cytoplasm
P43616,YFR044C,DUG1,481,Mitochondria,Cytoplasm; Mitochondrion
P43618,YFR046C,CNN1,361,Nucleus,"Nucleus; Chromosome, centromere, kinetochore"
P43621,YFR051C,RET2,546,Membrane_Secretory,"Cytoplasm; Golgi apparatus membrane; Cytoplasmic vesicle, COPI-coated vesicle membrane"
P43635,YPR001W,CIT3,486,Mitochondria,Mitochondrion
P43636,YGL065C,ALG2,503,Membrane_Secretory,Endoplasmic reticulum membrane
P43682,YKL006C-A,SFT1,97,Membrane_Secretory,Golgi apparatus membrane
P45818,YGL171W,ROK1,564,Nucleus,"Nucleus, nucleolus"
P45976,YJR093C,FIP1,327,Nucleus,Nucleus
P45978,YPR129W,SCD6,349,Cytoplasm,"Cytoplasm, P-body; Cytoplasm, Stress granule"
P46367,YOR374W,ALD4,519,Mitochondria,Mitochondrion matrix
P46654,YLR048W,RPS0B,252,Cytoplasm,Cytoplasm
P46655,YGL245W,GUS1,708,Mitochondria,Cytoplasm; Mitochondrion
P46669,YOR340C,RPA43,326,Nucleus,"Nucleus, nucleolus"
P46671,YMR052W,FAR3,204,Membrane_Secretory,Endoplasmic reticulum
P46672,YGL105W,ARC1,376,Cytoplasm,Cytoplasm
P46673,YJR042W,NUP85,744,Nucleus,"Nucleus, nuclear pore complex; Nucleus membrane; Nucleus membrane"
P46674,YDR159W,SAC3,1301,Other,Nucleus envelope
P46675,YLR045C,STU2,888,Other,"Cytoplasm, cytoskeleton, microtubule organizing center, spindle pole body; Cytoplasm, cytoskeleton, spindle; Chromosome, centromere, kinetochore"
P46676,YDR310C,SUM1,1062,Nucleus,Nucleus
P46677,YGR274C,TAF1,1066,Nucleus,Nucleus
P46678,YNL039W,BDP1,594,Nucleus,Nucleus
P46680,YMR092C,AIP1,615,Cytoplasm,"Cytoplasm, cytoskeleton; Cytoplasm, cytoskeleton, actin patch"
P46681,YDL178W,DLD2,530,Mitochondria,Mitochondrion matrix
P46682,YGR261C,APL6,809,Membrane_Secretory,"Golgi apparatus; Cytoplasmic vesicle, clathrin-coated vesicle membrane"
P46784,YMR230W,RPS10B,105,Cytoplasm,Cytoplasm
P46943,YLR289W,GUF1,645,Mitochondria,Mitochondrion inner membrane
P46944,YDR108W,TRS85,698,Other,Preautophagosomal structure
P46946,YGL175C,SAE2,345,Nucleus,Cytoplasm; Nucleus
P46947,YGL174W,BUD13,266,Nucleus,Cytoplasm; Nucleus
P46948,YGR195W,SKI6,246,Nucleus,"Cytoplasm; Nucleus, nucleolus"
P46951,YGR198W,YPP1,817,Membrane_Secretory,Cytoplasmic granule; Cell membrane
P46957,YJR006W,POL31,487,Nucleus,Nucleus
P46959,YJL125C,GCD14,383,Nucleus,Nucleus
P46962,YJL006C,CTK2,323,Nucleus,"Nucleus, nucleolus"
P46963,YML112W,CTK3,296,Nucleus,"Nucleus, nucleolus; Cytoplasm"
P46964,YOR103C,OST2,130,Membrane_Secretory,Endoplasmic reticulum membrane
P46965,YJR010C-A,SPC1,94,Membrane_Secretory,Endoplasmic reticulum membrane
P46971,YJR143C,PMT4,762,Membrane_Secretory,Endoplasmic reticulum membrane
P46972,YMR035W,IMP2,177,Mitochondria,Mitochondrion inner membrane
P46984,YJL184W,GON7,123,Nucleus,"Nucleus; Chromosome, telomere"
P46985,YJL183W,MNN11,422,Other,"Golgi apparatus, cis-Golgi network membrane"
P46988,YJL179W,PFD1,109,Cytoplasm,Cytoplasm
P46989,YJL178C,ATG27,271,Mitochondria,Cytoplasmic vesicle membrane; Golgi apparatus membrane; Mitochondrion membrane; Preautophagosomal structure membrane
P46990,YJL177W,RPL17B,184,Cytoplasm,Cytoplasm
P46995,YJL168C,SET2,733,Nucleus,Nucleus; Chromosome
P47001,YJL158C,CIS3,227,Membrane_Secretory,"Secreted, cell wall"
P47002,YJL156C,SSY5,699,Membrane_Secretory,Cell membrane
P47006,YJL148W,RPA34,233,Nucleus,"Nucleus, nucleolus"
P47008,YJL145W,SFH5,294,Membrane_Secretory,Cytoplasm; Endoplasmic reticulum membrane; Microsome membrane
P47011,YJL137C,GLG2,380,Membrane_Secretory,Cytoplasm; Vacuole
P47013,YJL134W,LCB3,409,Membrane_Secretory,Endoplasmic reticulum membrane
P47016,YJL126W,NIT2,307,Mitochondria,Cytoplasm; Mitochondrion
P47017,YJL124C,LSM1,172,Nucleus,"Nucleus; Cytoplasm; Cytoplasm, P-body"
P47024,YJL113W,TY4B-J,1803,Nucleus,Cytoplasm; Nucleus
P47025,YJL112W,MDV1,714,Mitochondria,Mitochondrion outer membrane
P47026,YJL091C,GWT1,490,Membrane_Secretory,Endoplasmic reticulum membrane
P47027,YJL090C,DPB11,764,Nucleus,Nucleus
P47029,YJL084C,ALY2,1046,Cytoplasm,Cytoplasm
P47032,YJL079C,PRY1,299,Membrane_Secretory,Secreted
P47033,YJL078C,PRY3,881,Membrane_Secretory,"Secreted, cell wall; Membrane"
P47035,YJL076W,NET1,1189,Nucleus,"Nucleus, nucleolus"
P47037,YJL074C,SMC3,1230,Nucleus,Nucleus; Chromosome
P47039,YJL060W,BNA3,444,Mitochondria,Cytoplasm; Mitochondrion
P47041,YJL058C,BIT61,543,Membrane_Secretory,Cell membrane; Vacuole membrane
P47043,YJL056C,ZAP1,880,Nucleus,Nucleus
P47047,YJL050W,MTR4,1073,Nucleus,Nucleus
P47050,YJL047C,RTT101,842,Nucleus,Cytoplasm; Nucleus
P47054,YJL039C,NUP192,1683,Other,"Nucleus, nuclear pore complex"
P47057,YJL036W,SNX4,423,Membrane_Secretory,"Cytoplasm, cytosol; Preautophagosomal structure membrane; Endosome membrane"
P47058,YJL035C,TAD2,250,Nucleus,Cytoplasm; Nucleus
P47061,YJL029C,VPS53,822,Membrane_Secretory,"Golgi apparatus, trans-Golgi network membrane; Endosome membrane"
P47064,YJL024C,APS3,194,Membrane_Secretory,Golgi apparatus; Cytoplasmic vesicle membrane
P47068,YJL020C,BBC1,1157,Other,"Cytoplasm, cytoskeleton, actin patch"
P47069,YJL019W,MPS3,682,Other,"Nucleus inner membrane; Cytoplasm, cytoskeleton, microtubule organizing center, spindle pole body; Chromosome, telomere"
P47074,YJL013C,MAD3,515,Nucleus,Nucleus
P47075,YJL012C,VTC4,721,Membrane_Secretory,"Vacuole membrane; Cytoplasm, cell cortex; Endoplasmic reticulum membrane; Cytoplasmic vesicle, autophagosome membrane"
P47076,YJL011C,RPC17,161,Nucleus,Nucleus
P47077,YJL010C,NOP9,666,Nucleus,"Nucleus, nucleolus"
P47082,YJR001W,AVT1,602,Membrane_Secretory,Vacuole membrane
P47083,YJR002W,MPP10,593,Nucleus,"Nucleus, nucleolus"
P47093,YJR022W,LSM8,109,Nucleus,Nucleus; Cytoplasm
P47096,YJR025C,BNA1,177,Nucleus,Cytoplasm; Nucleus
P47098,YJR027W,TY1B-JR1,1755,Nucleus,Cytoplasm; Nucleus
P47100,YJR029W,TY1B-JR2,1755,Nucleus,Cytoplasm; Nucleus
P47102,YJR031C,GEA1,1408,Mitochondria,"Cytoplasm, cytosol; Membrane; Endoplasmic reticulum; Mitochondrion"
P47104,YJR033C,RAV1,1357,Other,Endomembrane system
P47108,YJR041C,URB2,1174,Nucleus,"Nucleus, nucleolus"
P47110,YJR043C,POL32,350,Nucleus,Nucleus
P47112,YJR046W,TAH11,604,Nucleus,Cytoplasm; Nucleus
P47113,YJR053W,BFA1,574,Other,"Cytoplasm, cytoskeleton, spindle pole"
P47114,YJR054W,KCH1,497,Membrane_Secretory,Vacuole membrane; Cell membrane
P47116,YJR059W,PTK2,818,Nucleus,Nucleus; Cytoplasm
P47117,YJR065C,ARP3,449,Other,"Cytoplasm, cytoskeleton, actin patch"
P47119,YJR069C,HAM1,197,Nucleus,Cytoplasm; Nucleus
P47120,YJR070C,LIA1,325,Nucleus,Cytoplasm; Nucleus
P47122,YJR072C,NPA3,385,Cytoplasm,Cytoplasm
P47124,YJR075W,HOC1,396,Other,"Golgi apparatus, cis-Golgi network membrane"
P47128,YJR082C,EAF6,113,Nucleus,Nucleus
P47130,YJR084W,CSN12,423,Nucleus,Cytoplasm; Nucleus
P47133,YJR088C,EMC2,292,Membrane_Secretory,Endoplasmic reticulum membrane
P47136,YJR092W,BUD4,1447,Cytoplasm,Bud neck
P47142,YJR102C,VPS25,202,Membrane_Secretory,Cytoplasm; Endosome membrane
P47149,YJR112W,NNF1,201,Nucleus,"Nucleus; Chromosome, centromere, kinetochore"
P47150,YJR113C,RSM7,247,Mitochondria,Mitochondrion
P47154,YJR117W,STE24,453,Membrane_Secretory,Endoplasmic reticulum membrane
P47156,YJR119C,JHD2,728,Nucleus,Nucleus
P47160,YJR125C,ENT3,408,Cytoplasm,"Cytoplasm; Golgi apparatus, trans-Golgi network membrane; Cytoplasmic vesicle, clathrin-coated vesicle membrane"
P47164,YJR130C,STR2,639,Nucleus,Cytoplasm; Nucleus
P47167,YJR135C,MCM22,239,Nucleus,"Nucleus; Chromosome, centromere, kinetochore"
P47169,YJR137C,MET5,1442,Cytoplasm,Cytoplasm
P47170,YJR138W,IML1,1584,Membrane_Secretory,Vacuole membrane
P47171,YJR140C,HIR3,1648,Nucleus,Nucleus; Chromosome
P47176,YJR148W,BAT2,376,Cytoplasm,Cytoplasm
P47178,YJR150C,DAN1,298,Membrane_Secretory,"Secreted, cell wall; Membrane"
P47190,YOR321W,PMT3,753,Membrane_Secretory,Endoplasmic reticulum membrane
P47818,YLR220W,CCC1,322,Membrane_Secretory,Golgi apparatus membrane; Vacuole membrane
P47821,YNL025C,SSN8,323,Nucleus,Nucleus
P47822,YDR308C,SRB7,140,Nucleus,Nucleus
P47912,YMR246W,FAA4,694,Membrane_Secretory,Lipid droplet
P47977,YLR136C,TIS11,285,Nucleus,"Nucleus; Cytoplasm, P-body"
P48016,YPR026W,ATH1,1211,Membrane_Secretory,Membrane; Vacuole lumen; Periplasm
P48164,YNL096C,RPS7B,190,Nucleus,"Cytoplasm; Nucleus, nucleolus"
P48231,YNL087W,TCB2,1178,Membrane_Secretory,Cell membrane; Endoplasmic reticulum membrane
P48232,YNL086W,SNN1,102,Membrane_Secretory,Endosome
P48234,YGR145W,ENP2,707,Nucleus,"Nucleus, nucleolus"
P48236,YGR149W,GPC1,432,Membrane_Secretory,Membrane
P48237,YGR150C,CCM1,864,Mitochondria,Mitochondrion
P48240,YGR158C,MTR3,250,Nucleus,"Cytoplasm; Nucleus, nucleolus"
P48360,YDR376W,ARH1,493,Mitochondria,Mitochondrion inner membrane
P48361,YGR097W,ASK10,1146,Cytoplasm,Cytoplasm
P48362,YGR187C,HGH1,394,Cytoplasm,Cytoplasm
P48412,YGR072W,UPF3,387,Nucleus,Nucleus
P48415,YPL085W,SEC16,2195,Membrane_Secretory,Endoplasmic reticulum membrane
P48439,YOR085W,OST3,350,Membrane_Secretory,Endoplasmic reticulum membrane
P48445,YDL141W,BPL1,690,Cytoplasm,Cytoplasm
P48510,YMR276W,DSK2,373,Nucleus,Nucleus
P48524,YMR275C,BUL1,976,Cytoplasm,Cytoplasm
P48558,YNL305C,BXI1,297,Mitochondria,Endoplasmic reticulum membrane; Vacuole membrane; Mitochondrion membrane
P48559,YNL304W,YPT11,417,Membrane_Secretory,Endoplasmic reticulum membrane; Bud tip; Bud neck
P48561,YNL299W,TRF5,642,Nucleus,"Nucleus, nucleolus"
P48563,YNL297C,MON2,1636,Membrane_Secretory,Golgi apparatus membrane
P48566,YNL293W,MSB3,633,Cytoplasm,Cytoplasm; Bud; Bud neck
P48567,YNL292W,PUS4,403,Nucleus,Nucleus; Mitochondrion
P48570,YDL182W,LYS20,428,Cytoplasm,Cytoplasm
P48581,YOR368W,RAD17,401,Nucleus,Nucleus
P48582,YPL084W,BRO1,844,Membrane_Secretory,Cytoplasm; Endosome
P48813,YDR508C,GNP1,663,Mitochondria,Mitochondrion membrane
P48836,YHR039C-A,VMA10,114,Membrane_Secretory,Vacuole membrane
P48837,YGR119C,NUP57,541,Nucleus,"Nucleus, nuclear pore complex; Nucleus membrane; Nucleus membrane"
P49017,YML110C,COQ5,307,Mitochondria,Mitochondrion inner membrane
P49018,YDR331W,GPI8,411,Membrane_Secretory,Endoplasmic reticulum membrane
P49095,YMR189W,GCV2,1034,Mitochondria,Mitochondrion
P49166,YLR185W,RPL37A,88,Cytoplasm,Cytoplasm
P49334,YNL131W,TOM22,152,Mitochondria,Mitochondrion outer membrane
P49367,YDR234W,LYS4,693,Mitochondria,Mitochondrion
P49435,YML022W,APT1,187,Nucleus,Cytoplasm; Nucleus
P49573,YPR124W,CTR1,406,Membrane_Secretory,Cell membrane
P49626,YDR012W,RPL4B,362,Nucleus,Cytoplasm; Nucleus
P49686,YDR192C,NUP42,430,Nucleus,"Nucleus, nuclear pore complex; Nucleus membrane"
P49687,YGL092W,NUP145,1317,Nucleus,"Nucleus, nuclear pore complex; Nucleus membrane"
P49704,YGR091W,PRP31,494,Nucleus,Nucleus
P49723,YGR180C,RNR4,345,Nucleus,Nucleus
P49775,YDR305C,HNT2,206,Nucleus,Cytoplasm; Nucleus; Mitochondrion
P49955,YMR288W,HSH155,971,Nucleus,Nucleus
P49956,YMR078C,CTF18,741,Nucleus,Nucleus
P49957,YML014W,TRM9,279,Nucleus,Cytoplasm; Nucleus
P49960,YMR268C,PRP24,444,Nucleus,Nucleus
P50076,YGR227W,DIE2,525,Membrane_Secretory,Endoplasmic reticulum membrane
P50077,YGR217W,CCH1,2039,Membrane_Secretory,Cell membrane
P50078,YGR221C,TOS2,622,Membrane_Secretory,Cell membrane; Bud membrane
P50079,YGR223C,HSV2,448,Membrane_Secretory,Endosome membrane; Prevacuolar compartment membrane
P50085,YGR231C,PHB2,310,Mitochondria,Mitochondrion inner membrane
P50087,YGR235C,MIC26,233,Mitochondria,Mitochondrion inner membrane
P50091,YGR239C,PEX21,288,Membrane_Secretory,"Cytoplasm, cytosol; Peroxisome"
P50094,YML056C,IMD4,524,Cytoplasm,Cytoplasm
P50095,YLR432W,IMD3,523,Cytoplasm,Cytoplasm
P50101,YMR304W,UBP15,1230,Membrane_Secretory,"Cytoplasm, cytosol; Peroxisome"
P50102,YMR223W,UBP8,471,Nucleus,Nucleus
P50105,YMR005W,TAF4,388,Nucleus,Nucleus
P50106,YDR156W,RPA14,137,Nucleus,"Nucleus, nucleolus"
P50108,YDR245W,MNN10,393,Membrane_Secretory,"Endoplasmic reticulum membrane; Golgi apparatus, cis-Golgi network membrane"
P50109,YML017W,PSP2,593,Cytoplasm,"Cytoplasm; Cytoplasm, P-body; Cytoplasm, Stress granule"
P50110,YMR060C,SAM37,327,Mitochondria,Mitochondrion outer membrane
P50111,YMR273C,ZDS1,915,Cytoplasm,Cytoplasm
P50275,YOR058C,ASE1,885,Other,"Cytoplasm, cytoskeleton, spindle"
P50623,YDL064W,UBC9,157,Nucleus,Nucleus
P50861,YOL143C,RIB4,169,Mitochondria,Mitochondrion intermembrane space
P50874,YNL261W,ORC5,479,Nucleus,Nucleus
P50875,YOL148C,SPT20,604,Nucleus,Nucleus
P50942,YNL106C,INP52,1183,Other,"Cytoplasm, cytoskeleton, actin patch"
P50945,YNL100W,MIC27,234,Mitochondria,Mitochondrion inner membrane
P50947,YNL097C,PHO23,330,Nucleus,Nucleus
P51402,YDR500C,RPL37B,88,Cytoplasm,Cytoplasm
P51979,YGL251C,HFM1,1187,Nucleus,Nucleus
P51996,YGL210W,YPT32,222,Membrane_Secretory,Golgi apparatus membrane
P52286,YDR328C,SKP1,194,Nucleus,"Cytoplasm; Nucleus; Chromosome, centromere, kinetochore"
P52488,YDR390C,UBA2,636,Nucleus,Nucleus
P52490,YDR092W,UBC13,153,Nucleus,"Cytoplasm, cytosol; Nucleus"
P52553,YLR200W,YKE2,114,Nucleus,Nucleus
P52593,YML103C,NUP188,1655,Nucleus,"Nucleus, nuclear pore complex; Nucleus membrane; Nucleus membrane"
P52870,YER087C-B,SBH1,82,Membrane_Secretory,Endoplasmic reticulum membrane
P52871,YER019C-A,SBH2,88,Membrane_Secretory,Endoplasmic reticulum membrane
P52891,YDL116W,NUP84,726,Nucleus,"Nucleus, nuclear pore complex; Nucleus membrane; Nucleus membrane"
P52893,YLR089C,ALT1,592,Mitochondria,Mitochondrion matrix
P52910,YLR153C,ACS2,683,Nucleus,Cytoplasm; Nucleus
P52917,YPR173C,VPS4,437,Membrane_Secretory,Endosome membrane
P52920,YGL091C,NBP35,328,Nucleus,Cytoplasm; Nucleus
P52923,YNR074C,AIF1,378,Nucleus,Mitochondrion outer membrane; Nucleus
P52960,YOR363C,PIP2,996,Nucleus,Nucleus
P53008,YGL027C,CWH41,833,Membrane_Secretory,Endoplasmic reticulum membrane
P53010,YGL094C,PAN2,1115,Cytoplasm,Cytoplasm
P53011,YGL100W,SEH1,349,Nucleus,"Nucleus, nuclear pore complex; Nucleus membrane; Vacuole membrane; Nucleus membrane"
P53012,YGL126W,SCS3,380,Membrane_Secretory,Endoplasmic reticulum membrane
P53032,YGL162W,SUT1,299,Nucleus,Cytoplasm; Nucleus
P53037,YGR170W,PSD2,1138,Membrane_Secretory,Golgi apparatus membrane; Endosome membrane
P53038,YGR099W,TEL2,688,Nucleus,"Nucleus; Chromosome, telomere"
P53039,YGR172C,YIP1,248,Membrane_Secretory,Endoplasmic reticulum membrane; Golgi apparatus membrane
P53040,YGL112C,TAF6,516,Nucleus,Nucleus; Cytoplasm
P53043,YGR123C,PPT1,513,Nucleus,Nucleus
P53045,YGR060W,ERG25,309,Membrane_Secretory,Endoplasmic reticulum membrane
P53048,YGR289C,MAL11,616,Membrane_Secretory,Cell membrane
P53049,YGR281W,YOR1,1477,Membrane_Secretory,Cell membrane
P53051,YGR287C,IMA1,589,Mitochondria,Mitochondrion
P53061,YGL249W,ZIP2,704,Nucleus,Nucleus; Chromosome
P53063,YGL246C,RAI1,387,Nucleus,Nucleus
P53064,YGL244W,RTF1,558,Other,"Nucleus, nucleoplasm"
P53067,YGL241W,KAP114,1004,Cytoplasm,Cytoplasm; Nucleus envelope
P53068,YGL240W,DOC1,250,Nucleus,Cytoplasm; Nucleus
P53076,YGL227W,VID30,958,Nucleus,Nucleus; Cytoplasm
P53079,YGL223C,COG1,417,Membrane_Secretory,Golgi apparatus membrane
P53082,YGL220W,BOL2,120,Nucleus,Cytoplasm; Nucleus
P53083,YGL219C,MDM34,459,Mitochondria,Mitochondrion outer membrane
P53086,YGL216W,KIP3,805,Cytoplasm,"Cytoplasm, cytoskeleton"
P53088,YGL211W,NCS6,359,Mitochondria,Cytoplasm; Mitochondrion
P53090,YGL202W,ARO8,500,Cytoplasm,Cytoplasm
P53091,YGL201C,MCM6,1017,Nucleus,Nucleus
P53093,YGL198W,YIP4,235,Membrane_Secretory,Golgi apparatus membrane
P53096,YGL194C,HOS2,452,Nucleus,Nucleus
P53102,YGL183C,MND1,219,Nucleus,Nucleus
P53104,YGL180W,ATG1,897,Cytoplasm,Cytoplasm; Preautophagosomal structure membrane
P53109,YGL160W,AIM14,570,Membrane_Secretory,Membrane
P53112,YGL153W,PEX14,341,Membrane_Secretory,Peroxisome membrane
P53114,YGL151W,NUT1,1132,Nucleus,Nucleus
P53115,YGL150C,INO80,1489,Nucleus,Nucleus
P53119,YGL141W,HUL5,910,Nucleus,"Cytoplasm, cytosol; Nucleus"
P53125,YGL133W,ITC1,1264,Nucleus,Nucleus
P53127,YGL131C,SNT2,1403,Nucleus,Cytoplasm; Nucleus
P53129,YGL124C,MON1,644,Membrane_Secretory,"Endosome, multivesicular body membrane; Prevacuolar compartment membrane; Vacuole membrane"
P53131,YGL120C,PRP43,767,Nucleus,Nucleus
P53135,YGL113W,SLD3,668,Nucleus,Nucleus
P53137,YGL110C,CUE3,624,Cytoplasm,Cytoplasm
P53140,YGL107C,RMD9,646,Mitochondria,Mitochondrion inner membrane
P53141,YGL106W,MLC1,149,Cytoplasm,Bud neck; Bud tip
P53145,YGL099W,LSG1,640,Cytoplasm,Cytoplasm
P53146,YGL098W,USE1,245,Membrane_Secretory,Endoplasmic reticulum membrane
P53148,YGL093W,SPC105,917,Nucleus,"Nucleus; Chromosome, centromere, kinetochore"
P53150,YGL090W,LIF1,421,Nucleus,Cytoplasm; Nucleus
P53152,YGL087C,MMS2,137,Nucleus,"Cytoplasm, cytosol; Nucleus"
P53154,YGL084C,GUP1,560,Mitochondria,Cell membrane; Endoplasmic reticulum membrane; Mitochondrion membrane
P53157,YGL080W,MPC1,130,Mitochondria,Mitochondrion inner membrane
P53159,YGL075C,MPS2,387,Nucleus,"Nucleus membrane; Cytoplasm, cytoskeleton, microtubule organizing center, spindle pole body"
P53163,YGL068W,MNP1,194,Mitochondria,Mitochondrion
P53164,YGL067W,NPY1,384,Membrane_Secretory,Peroxisome
P53165,YGL066W,SGF73,657,Nucleus,Nucleus; Cytoplasm
P53166,YGL064C,MRH4,561,Mitochondria,Mitochondrion
P53168,YGL061C,DUO1,247,Nucleus,"Nucleus; Cytoplasm, cytoskeleton, spindle pole; Chromosome, centromere, kinetochore"
P53170,YGL059W,PKP2,491,Mitochondria,Mitochondrion matrix
P53173,YGL054C,ERV14,138,Membrane_Secretory,Endoplasmic reticulum membrane; Golgi apparatus membrane
P53176,YGL051W,MST27,234,Membrane_Secretory,"Endoplasmic reticulum; Golgi apparatus; Cytoplasmic vesicle, COPI-coated vesicle membrane; Cytoplasmic vesicle, COPII-coated vesicle membrane"
P53178,YGL047W,ALG13,202,Membrane_Secretory,Endoplasmic reticulum
P53184,YGL037C,PNC1,216,Nucleus,Cytoplasm; Nucleus; Peroxisome
P53191,YGL023C,PIB2,635,Membrane_Secretory,Vacuole membrane
P53192,YGL020C,GET1,235,Mitochondria,Endoplasmic reticulum membrane; Golgi apparatus membrane; Mitochondrion membrane
P53193,YGL018C,JAC1,184,Mitochondria,Mitochondrion matrix
P53195,YGL005C,COG7,279,Membrane_Secretory,Golgi apparatus membrane
P53196,YGL004C,RPN14,417,Nucleus,Cytoplasm; Nucleus
P53197,YGL003C,CDH1,566,Nucleus,Cytoplasm; Nucleus
P53199,YGL001C,ERG26,349,Membrane_Secretory,Endoplasmic reticulum membrane
P53201,YGR002C,SWC4,476,Nucleus,Nucleus
P53204,YGR010W,NMA2,395,Nucleus,Nucleus
P53207,YGR013W,SNU71,620,Nucleus,Cytoplasm; Nucleus
P53208,YGR015C,EAT1,328,Mitochondria,Mitochondrion
P53218,YGR030C,POP6,158,Nucleus,Nucleus
P53219,YGR031W,IMO32,342,Mitochondria,Mitochondrion
P53223,YGR036C,CAX4,239,Membrane_Secretory,Endoplasmic reticulum membrane
P53224,YGR038W,ORM1,222,Membrane_Secretory,Endoplasmic reticulum membrane
P53226,YGR041W,BUD9,547,Membrane_Secretory,Cell membrane; Bud neck; Bud tip
P53230,YGR046W,TAM41,385,Mitochondria,Mitochondrion inner membrane
P53236,YGR056W,RSC1,928,Nucleus,Nucleus
P53238,YGR058W,PEF1,335,Nucleus,Cytoplasm; Nucleus; Bud tip; Bud neck
P53250,YGR080W,TWF1,332,Cytoplasm,"Cytoplasm, cytoskeleton"
P53251,YGR081C,SLX9,210,Nucleus,"Nucleus, nucleolus"
P53252,YGR086C,PIL1,339,Membrane_Secretory,Lipid droplet
P53254,YGR090W,UTP22,1237,Nucleus,"Nucleus, nucleolus"
P53255,YGR093W,DRN1,507,Nucleus,Nucleus; Cytoplasm
P53256,YGR095C,RRP46,223,Nucleus,"Cytoplasm; Nucleus, nucleolus"
P53259,YGR101W,PCP1,346,Mitochondria,Mitochondrion inner membrane
P53261,YGR103W,NOP7,605,Nucleus,"Nucleus, nucleolus; Nucleus, nucleoplasm"
P53262,YGR106C,VOA1,265,Membrane_Secretory,Vacuole membrane; Endoplasmic reticulum membrane
P53264,YGR110W,CLD1,445,Mitochondria,Mitochondrion; Mitochondrion inner membrane
P53267,YGR113W,DAM1,343,Nucleus,"Nucleus; Cytoplasm, cytoskeleton, spindle; Chromosome, centromere, kinetochore"
P53271,YGR120C,COG2,262,Membrane_Secretory,Golgi apparatus membrane
P53276,YGR128C,UTP8,713,Nucleus,"Nucleus, nucleolus"
P53277,YGR129W,SYF2,215,Nucleus,Nucleus
P53281,YGR136W,LSB1,241,Nucleus,"Cytoplasm; Nucleus; Cytoplasm, cytoskeleton, actin patch"
P53286,YGR142W,BTN2,410,Cytoplasm,Cytoplasm; Late endosome
P53290,YGR163W,GTR2,341,Membrane_Secretory,Vacuole membrane
P53292,YGR165W,MRPS35,345,Mitochondria,Mitochondrion
P53294,YGR169C,PUS6,404,Mitochondria,Cytoplasm; Mitochondrion
P53296,YGR177C,ATF2,535,Membrane_Secretory,Lipid droplet; Endoplasmic reticulum membrane
P53297,YGR178C,PBP1,722,Nucleus,Cytoplasm; Nucleus; Mitochondrion
P53298,YGR179C,OKP1,406,Nucleus,"Nucleus; Chromosome, centromere, kinetochore"
P53299,YGR181W,TIM13,105,Mitochondria,Mitochondrion inner membrane; Mitochondrion intermembrane space
P53301,YGR189C,CRH1,507,Membrane_Secretory,"Secreted, cell wall; Membrane"
P53303,YGR211W,ZPR1,486,Nucleus,Cytoplasm; Nucleus
P53309,YGR241C,YAP1802,568,Membrane_Secretory,Bud; Bud neck; Cell membrane; Cytoplasm
P53311,YGR243W,MPC3,146,Mitochondria,Mitochondrion inner membrane
P53314,YGR247W,CPD1,239,Membrane_Secretory,Golgi apparatus
P53317,YGR251W,NOP19,196,Nucleus,"Nucleus, nucleolus"
P53318,YGR255C,COQ6,479,Mitochondria,Mitochondrion inner membrane
P53322,YGR260W,TNA1,534,Membrane_Secretory,Membrane
P53323,YGR262C,BUD32,261,Nucleus,"Cytoplasm; Nucleus; Chromosome, telomere"
P53324,YGR263C,SAY1,424,Membrane_Secretory,Endoplasmic reticulum membrane
P53327,YGR271W,SLH1,1967,Cytoplasm,"Cytoplasm, cytosol"
P53330,YGR275W,RTT102,157,Nucleus,Nucleus
P53331,YGR276C,RNH70,553,Nucleus,Nucleus
P53333,YGR278W,CWC22,577,Nucleus,Cytoplasm; Nucleus
P53334,YGR279C,SCW4,386,Membrane_Secretory,"Secreted, cell wall"
P53335,YGR280C,PXR1,271,Nucleus,"Nucleus, nucleolus"
P53378,YLR212C,TUB4,473,Other,"Cytoplasm, cytoskeleton, microtubule organizing center, spindle pole body"
P53379,YDR144C,MKC7,596,Membrane_Secretory,Cell membrane
P53397,YML060W,OGG1,376,Nucleus,Nucleus
P53507,YNL070W,TOM7,60,Mitochondria,Mitochondrion outer membrane
P53538,YNL222W,SSU72,206,Nucleus,Nucleus
P53540,YNL126W,SPC98,846,Nucleus,"Nucleus; Cytoplasm, cytoskeleton, microtubule organizing center, spindle pole body"
P53541,YNL012W,SPO1,631,Nucleus,Endoplasmic reticulum membrane; Nucleus membrane
P53550,YNL118C,DCP2,970,Cytoplasm,"Cytoplasm, P-body"
P53551,YPL127C,HHO1,258,Nucleus,Nucleus; Chromosome
P53552,YNL139C,THO2,1597,Nucleus,Nucleus
P53598,YOR142W,LSC1,329,Mitochondria,Mitochondrion
P53615,YNL036W,NCE103,221,Nucleus,Cytoplasm; Nucleus; Mitochondrion intermembrane space
P53616,YNL066W,SUN4,420,Membrane_Secretory,"Secreted, cell wall"
P53617,YNL251C,NRD1,575,Nucleus,Nucleus
P53622,YDL145C,COP1,1201,Membrane_Secretory,"Cytoplasm; Golgi apparatus membrane; Cytoplasmic vesicle, COPI-coated vesicle membrane"
P53628,YNR023W,SNF12,566,Nucleus,Nucleus
P53632,YOL115W,PAP2,584,Nucleus,Nucleus
P53633,YNL044W,YIP3,176,Membrane_Secretory,Golgi apparatus membrane; Peroxisome membrane
P53685,YOL068C,HST1,503,Nucleus,Nucleus
P53686,YPL015C,HST2,357,Nucleus,Cytoplasm; Nucleus
P53687,YOR025W,HST3,447,Nucleus,Cytoplasm; Nucleus
P53688,YDR191W,HST4,370,Nucleus,Nucleus
P53691,YLR216C,CPR6,371,Cytoplasm,Cytoplasm
P53720,YNR015W,SMM1,384,Nucleus,Cytoplasm; Nucleus
P53721,YNR018W,RCF2,224,Mitochondria,Mitochondrion membrane
P53722,YNR020C,ATP23,227,Mitochondria,Mitochondrion inner membrane
P53725,YNR024W,MPP6,186,Nucleus,Nucleus
P53731,YNR035C,ARC35,342,Other,"Cytoplasm, cytoskeleton, actin patch"
P53732,YNR036C,MRPS12,153,Mitochondria,Mitochondrion
P53734,YNR038W,DBP6,629,Nucleus,"Nucleus, nucleolus"
P53738,YNR046W,TRM112,135,Nucleus,Cytoplasm; Nucleus
P53739,YNR047W,FPK1,893,Membrane_Secretory,Cytoplasm; Cell membrane
P53740,YNR048W,,393,Other,"Golgi apparatus, trans-Golgi network membrane"
P53742,YNR053C,NOG2,486,Nucleus,"Nucleus, nucleolus"
P53743,YNR054C,ESF2,316,Nucleus,"Nucleus, nucleolus"
P53746,YNR060W,FRE4,719,Membrane_Secretory,Cell membrane
P53753,YNR067C,DSE4,1117,Membrane_Secretory,"Secreted, cell wall"
P53769,YLR323C,CWC24,259,Nucleus,Nucleus
P53829,YNL288W,CAF40,373,Nucleus,Cytoplasm; Nucleus
P53832,YNL283C,WSC2,503,Membrane_Secretory,Cell membrane
P53833,YNL282W,POP3,195,Nucleus,Nucleus
P53838,YNL275W,BOR1,576,Membrane_Secretory,Cell membrane; Vacuole membrane
P53839,YNL274C,GOR1,350,Nucleus,Cytoplasm; Nucleus; Mitochondrion
P53840,YNL273W,TOF1,1238,Nucleus,Nucleus
P53843,YNL265C,IST1,298,Membrane_Secretory,Cytoplasm; Endosome
P53844,YNL264C,PDR17,350,Cytoplasm,Cytoplasm; Microsome
P53845,YNL263C,YIF1,314,Membrane_Secretory,"Endoplasmic reticulum membrane; Golgi apparatus membrane; Cytoplasmic vesicle, COPII-coated vesicle"
P53846,YNL260C,LTO1,162,Nucleus,Nucleus
P53847,YNL258C,DSL1,754,Membrane_Secretory,Endoplasmic reticulum membrane
P53848,YNL256W,FOL1,824,Mitochondria,Mitochondrion membrane
P53853,YNL246W,VPS75,264,Nucleus,Nucleus
P53855,YNL242W,ATG2,1592,Membrane_Secretory,Preautophagosomal structure membrane; Endoplasmic reticulum membrane
P53859,YNL232W,CSL4,292,Nucleus,"Cytoplasm; Nucleus, nucleolus"
P53860,YNL231C,PDR16,351,Membrane_Secretory,Lipid droplet; Microsome membrane; Endoplasmic reticulum membrane
P53863,YNL227C,JJJ1,590,Nucleus,Nucleus
P53865,YNL225C,CNM67,581,Other,"Cytoplasm, cytoskeleton, microtubule organizing center, spindle pole body"
P53866,YNL224C,SQS1,767,Nucleus,Cytoplasm; Nucleus
P53867,YNL223W,ATG4,494,Nucleus,Cytoplasm; Nucleus; Preautophagosomal structure; Mitochondrion
P53868,YNL219C,ALG9,555,Membrane_Secretory,Endoplasmic reticulum membrane
P53871,YNL191W,DUG3,357,Cytoplasm,Cytoplasm
P53872,YNL190W,,204,Membrane_Secretory,"Secreted, cell wall; Membrane"
P53874,YNL186W,UBP10,792,Nucleus,"Nucleus; Chromosome, telomere; Nucleus, nucleolus"
P53877,YNL182C,IPI3,555,Nucleus,Nucleus
P53879,YNL180C,RHO5,331,Mitochondria,Membrane; Mitochondrion
P53886,YNL172W,APC1,1748,Nucleus,"Nucleus; Cytoplasm; Cytoplasm, cytoskeleton, spindle pole"
P53890,YNL166C,BNI5,448,Cytoplasm,Cytoplasm; Bud neck
P53893,YNL163C,RIA1,1110,Cytoplasm,Cytoplasm
P53895,YNL159C,ASI2,289,Other,Nucleus inner membrane
P53896,YNL158W,PGA1,198,Membrane_Secretory,Endoplasmic reticulum membrane
P53899,YNL155W,CUZ1,274,Nucleus,Cytoplasm; Nucleus
P53901,YNL152W,INN1,409,Cytoplasm,Bud neck
P53904,YNL148C,ALF1,254,Cytoplasm,"Cytoplasm; Cytoplasm, cytoskeleton"
P53905,YNL147W,LSM7,115,Nucleus,"Nucleus; Nucleus, nucleolus; Cytoplasm"
P53909,YNL141W,AAH1,347,Nucleus,Cytoplasm; Nucleus
P53911,YNL136W,EAF7,425,Nucleus,Nucleus
P53914,YNL132W,KRE33,1056,Nucleus,"Nucleus, nucleolus"
P53919,YNL124W,NAF1,492,Nucleus,Nucleus
P53920,YNL123W,NMA111,997,Nucleus,Nucleus
P53923,YNL119W,NCS2,493,Cytoplasm,Cytoplasm
P53924,YNL116W,DMA2,522,Cytoplasm,Cytoplasm
P53927,YNL110C,NOP15,220,Nucleus,"Cytoplasm; Nucleus, nucleolus"
P53930,YNL107W,YAF9,226,Nucleus,Cytoplasm; Nucleus
P53933,YNL094W,APP1,587,Other,"Cytoplasm, cytoskeleton, actin patch"
P53935,YNL091W,NST1,1240,Cytoplasm,Cytoplasm
P53939,YNL078W,NIS1,407,Cytoplasm,"Bud neck; Cytoplasm, cell cortex"
P53940,YNL077W,APJ1,528,Nucleus,Cytoplasm; Nucleus
P53941,YNL075W,IMP4,290,Nucleus,"Nucleus, nucleolus"
P53942,YNL072W,RNH201,307,Nucleus,Cytoplasm; Nucleus
P53943,YNL065W,AQR1,586,Membrane_Secretory,Membrane
P53946,YNL059C,ARP5,755,Nucleus,Nucleus
P53950,YNL054W,VAC7,1165,Membrane_Secretory,Vacuole membrane
P53951,YNL051W,COG5,403,Membrane_Secretory,Golgi apparatus membrane
P53953,YNL049C,SFB2,876,Membrane_Secretory,Cytoplasm; Golgi apparatus membrane; Endoplasmic reticulum membrane
P53954,YNL048W,ALG11,548,Membrane_Secretory,Endoplasmic reticulum membrane
P53955,YNL047C,SLM2,656,Membrane_Secretory,Cell membrane
P53959,YNL041C,COG6,839,Membrane_Secretory,Golgi apparatus membrane
P53965,YNL032W,SIW14,281,Cytoplasm,Cytoplasm
P53968,YNL027W,CRZ1,678,Nucleus,Nucleus; Cytoplasm
P53969,YNL026W,SAM50,484,Mitochondria,Mitochondrion outer membrane
P53972,YNL022C,RCM1,490,Nucleus,"Nucleus, nucleolus"
P53973,YNL021W,HDA1,706,Nucleus,Nucleus
P53974,YNL020C,ARK1,638,Other,"Cytoplasm, cytoskeleton, actin patch"
P53978,YNL014W,HEF3,1044,Cytoplasm,Cytoplasm
P53981,YNL010W,PYP1,241,Nucleus,Cytoplasm; Nucleus
P53983,YNL008C,ASI3,676,Other,Nucleus inner membrane
P54000,YMR039C,SUB1,292,Nucleus,Nucleus
P54070,YPL053C,KTR6,446,Membrane_Secretory,Membrane
P54074,YMR119W,ASI1,624,Other,Nucleus inner membrane
P54113,YLR028C,ADE16,591,Cytoplasm,"Cytoplasm, cytosol"
P54115,YPL061W,ALD6,500,Cytoplasm,Cytoplasm
P54780,YMR121C,RPL15B,204,Cytoplasm,Cytoplasm
P54781,YMR015C,ERG5,538,Membrane_Secretory,Endoplasmic reticulum membrane
P54783,YML086C,ALO1,526,Mitochondria,Mitochondrion membrane
P54784,YML065W,ORC1,914,Nucleus,Nucleus
P54785,YMR070W,MOT3,490,Nucleus,Nucleus
P54787,YML097C,VPS9,451,Cytoplasm,Cytoplasm
P54790,YLL004W,ORC3,616,Nucleus,Nucleus
P54791,YPR162C,ORC4,529,Nucleus,Nucleus
P54837,YML012W,ERV25,211,Membrane_Secretory,Endoplasmic reticulum membrane; Golgi apparatus membrane
P54854,YDL245C,HXT15,567,Membrane_Secretory,Membrane
P54857,YDR058C,TGL2,326,Mitochondria,Mitochondrion; Mitochondrion intermembrane space
P54860,YDL190C,UFD2,961,Nucleus,Cytoplasm; Nucleus
P54861,YLL001W,DNM1,757,Mitochondria,Mitochondrion outer membrane
P54862,YOL156W,HXT11,567,Membrane_Secretory,Membrane
P54867,YOR008C,SLG1,378,Membrane_Secretory,Cell membrane
P54999,YPR182W,SMX3,86,Nucleus,Nucleus; Cytoplasm
P57743,YLR438C-A,LSM3,89,Nucleus,"Nucleus; Nucleus, nucleolus; Cytoplasm"
P60010,YFL039C,ACT1,375,Cytoplasm,"Cytoplasm, cytoskeleton"
P61829,Q0130,OLI1,76,Mitochondria,Mitochondrion membrane
P61830,YNL031C,HHT2,136,Nucleus,Nucleus; Chromosome
P62651,YPL096C-A,ERI1,68,Membrane_Secretory,Endoplasmic reticulum membrane
P69771,YKR035W-A,DID2,204,Membrane_Secretory,Endosome membrane; Endomembrane system
P69850,YBR233W-A,DAD3,94,Nucleus,"Nucleus; Cytoplasm, cytoskeleton, spindle; Chromosome, centromere, kinetochore; Chromosome"
P69851,YDR320C-A,DAD4,72,Nucleus,"Nucleus; Cytoplasm, cytoskeleton, spindle; Chromosome, centromere, kinetochore"
P69852,YKL138C-A,HSK3,69,Nucleus,"Nucleus; Cytoplasm, cytoskeleton, spindle; Chromosome, centromere, kinetochore"
P80210,YNL220W,ADE12,433,Cytoplasm,Cytoplasm
P80428,YJL081C,ARP4,489,Nucleus,Nucleus
P80667,YLR191W,PEX13,386,Membrane_Secretory,Peroxisome membrane
P80967,YPR133W-A,TOM5,50,Mitochondria,Mitochondrion outer membrane
P81449,YDR322C-A,TIM11,96,Mitochondria,Mitochondrion; Mitochondrion inner membrane
P81450,YML081C-A,ATP18,59,Mitochondria,Mitochondrion membrane
P87108,YHR005C-A,TIM10,93,Mitochondria,Mitochondrion inner membrane; Mitochondrion intermembrane space
P89105,YOL145C,CTR9,1077,Other,"Nucleus, nucleoplasm"
Q00055,YDL022W,GPD1,391,Membrane_Secretory,Cytoplasm; Peroxisome
Q00245,YIL118W,RHO3,231,Membrane_Secretory,Cell membrane
Q00246,YKR055W,RHO4,291,Membrane_Secretory,Cell membrane
Q00381,YJR058C,APS2,147,Membrane_Secretory,"Cell membrane; Membrane, coated pit"
Q00402,YDR150W,NUM1,2748,Cytoplasm,Bud tip
Q00416,YLR430W,SEN1,2231,Nucleus,Nucleus
Q00578,YIL143C,SSL2,843,Nucleus,Nucleus
Q00582,YML121W,GTR1,310,Membrane_Secretory,Vacuole membrane
Q00684,YFR028C,CDC14,551,Nucleus,"Nucleus, nucleolus; Cytoplasm; Bud neck"
Q00711,YKL148C,SDH1,640,Mitochondria,Mitochondrion inner membrane
Q00764,YBR126C,TPS1,495,Cytoplasm,Cytoplasm
Q00776,YPL259C,APM1,475,Other,"Cytoplasmic vesicle; Cytoplasmic vesicle, clathrin-coated vesicle membrane; Membrane, clathrin-coated pit"
Q00816,YDR028C,REG1,1014,Nucleus,Nucleus
Q00916,YIL061C,SNP1,300,Nucleus,Nucleus
Q00947,YDR463W,STP1,519,Nucleus,Cell membrane; Nucleus
Q00955,YNR016C,ACC1,2233,Membrane_Secretory,Cytoplasm; Endoplasmic reticulum membrane
Q01080,YNL248C,RPA49,415,Nucleus,"Nucleus, nucleolus"
Q01159,YGL130W,CEG1,459,Nucleus,Nucleus
Q01163,YGL129C,RSM23,450,Mitochondria,Mitochondrion
Q01217,YER069W,"ARG5,6",863,Mitochondria,Mitochondrion
Q01329,YAL043C,PTA1,785,Nucleus,Nucleus
Q01389,YJL095W,BCK1,1478,Cytoplasm,Cytoplasm
Q01448,YBR215W,HPC2,625,Nucleus,Nucleus; Chromosome
Q01454,YPR135W,CTF4,927,Nucleus,Nucleus
Q01519,YLR038C,COX12,83,Mitochondria,Mitochondrion inner membrane
Q01532,YNL239W,LAP3,483,Mitochondria,Mitochondrion
Q01560,YDR432W,NPL3,414,Nucleus,"Cytoplasm; Nucleus; Cytoplasm, Stress granule"
Q01574,YAL054C,ACS1,713,Nucleus,Microsome; Cytoplasm; Mitochondrion; Nucleus
Q01589,YDR077W,SED1,338,Membrane_Secretory,"Secreted, cell wall; Membrane"
Q01590,YLR026C,SED5,340,Membrane_Secretory,Membrane; Golgi apparatus membrane
Q01649,YMR198W,CIK1,594,Nucleus,"Nucleus; Cytoplasm, cytoskeleton, microtubule organizing center, spindle pole body; Cytoplasm, cytoskeleton, spindle; Cytoplasm, cytoskeleton"
Q01662,YLR244C,MAP1,387,Cytoplasm,Cytoplasm
Q01722,YNL199C,GCR2,534,Nucleus,Nucleus
Q01852,YIL022W,TIM44,431,Mitochondria,Mitochondrion inner membrane
Q01855,YOL040C,RPS15,142,Cytoplasm,Cytoplasm
Q01896,YDR039C,ENA2,1091,Membrane_Secretory,Cell membrane
Q01926,YOR334W,MRS2,470,Mitochondria,Mitochondrion inner membrane
Q01939,YGL048C,RPT6,405,Nucleus,Cytoplasm; Nucleus
Q02046,YKR080W,MTD1,320,Nucleus,Cytoplasm; Nucleus
Q02100,YNL167C,SKO1,647,Nucleus,Nucleus
Q02159,YMR022W,UBC7,165,Membrane_Secretory,Endoplasmic reticulum membrane
Q02199,YGL172W,NUP49,472,Nucleus,"Nucleus, nuclear pore complex; Nucleus membrane; Nucleus membrane"
Q02201,YKR003W,OSH6,448,Membrane_Secretory,Cytoplasm; Cell membrane; Endoplasmic reticulum membrane
Q02205,YKR007W,MEH1,184,Membrane_Secretory,Vacuole membrane
Q02206,YKR008W,RSC4,625,Nucleus,Nucleus
Q02207,YKR009C,FOX2,900,Membrane_Secretory,Peroxisome
Q02260,YGR074W,SMD1,146,Nucleus,Nucleus; Cytoplasm
Q02326,YML073C,RPL6A,176,Cytoplasm,Cytoplasm
Q02336,YDR448W,ADA2,434,Nucleus,Nucleus
Q02354,YDR449C,UTP6,440,Nucleus,"Nucleus, nucleolus"
Q02455,YKR095W,MLP1,1875,Nucleus,"Nucleus; Nucleus, nuclear pore complex"
Q02457,YPL128C,TBF1,562,Nucleus,"Nucleus; Chromosome, telomere"
Q02486,YMR072W,ABF2,183,Nucleus,Mitochondrion; Nucleus
Q02521,YOR148C,SPP2,185,Nucleus,Cytoplasm; Nucleus
Q02554,YMR240C,CUS1,436,Nucleus,Nucleus
Q02574,YLR288C,MEC3,474,Nucleus,Nucleus
Q02606,YPL014W,CIP1,381,Nucleus,Cytoplasm; Nucleus
Q02629,YKL068W,NUP100,959,Nucleus,"Nucleus, nuclear pore complex; Nucleus membrane; Nucleus membrane"
Q02630,YMR047C,NUP116,1113,Nucleus,"Nucleus, nuclear pore complex; Nucleus membrane; Nucleus membrane"
Q02642,YPL037C,EGD1,157,Nucleus,Cytoplasm; Nucleus
Q02647,YDR424C,DYN2,92,Cytoplasm,"Cytoplasm, cytoskeleton; Nucleus, nuclear pore complex"
Q02685,YPL024W,RMI1,241,Nucleus,Cytoplasm; Nucleus
Q02725,YPL019C,VTC3,835,Membrane_Secretory,"Vacuole membrane; Cytoplasm, cell cortex; Endoplasmic reticulum membrane; Cytoplasmic vesicle, autophagosome membrane"
Q02732,YPL018W,CTF19,369,Nucleus,"Nucleus; Chromosome, centromere, kinetochore"
Q02733,YPL017C,IRC15,499,Cytoplasm,Cytoplasm
Q02767,YPL065W,VPS28,242,Membrane_Secretory,Cytoplasm; Endosome; Late endosome membrane
Q02773,YML091C,RPM2,1202,Mitochondria,Mitochondrion
Q02774,YDL212W,SHR3,210,Membrane_Secretory,Endoplasmic reticulum membrane
Q02775,YDR088C,SLU7,382,Nucleus,Nucleus
Q02776,YPL063W,TIM50,476,Mitochondria,Mitochondrion inner membrane
Q02784,YPL059W,GRX5,150,Mitochondria,Mitochondrion matrix
Q02785,YPL058C,PDR12,1511,Membrane_Secretory,Cell membrane
Q02792,YOR048C,RAT1,1006,Nucleus,Nucleus
Q02793,YGL213C,SKI8,397,Nucleus,Cytoplasm; Nucleus; Chromosome
Q02794,YOR047C,STD1,444,Nucleus,Cell membrane; Nucleus
Q02795,YMR149W,SWP1,286,Membrane_Secretory,Endoplasmic reticulum membrane
Q02796,YPL055C,LGE1,332,Nucleus,Nucleus
Q02804,YPL051W,ARL3,198,Membrane_Secretory,Golgi apparatus
Q02805,YOR018W,ROD1,837,Membrane_Secretory,Membrane
Q02821,YNL189W,SRP1,542,Other,"Cytoplasm, perinuclear region"
Q02884,YPL101W,ELP4,456,Nucleus,Cytoplasm; Nucleus
Q02887,YPL100W,ATG21,496,Membrane_Secretory,Cytoplasm; Vacuole
Q02888,YPL099C,INA17,182,Mitochondria,Mitochondrion inner membrane
Q02890,YPL096W,PNG1,363,Nucleus,Cytoplasm; Nucleus
Q02892,YPL093W,NOG1,647,Nucleus,"Nucleus, nucleolus"
Q02896,YPL087W,YDC1,317,Membrane_Secretory,Endoplasmic reticulum membrane
Q02908,YPL086C,ELP3,557,Nucleus,Cytoplasm; Nucleus
Q02931,YPL126W,NAN1,896,Nucleus,"Nucleus, nucleolus"
Q02933,YPL123C,RNY1,434,Cytoplasm,Vacuole lumen; Cytoplasm
Q02939,YPL122C,TFB2,513,Nucleus,Nucleus
Q02948,YPL120W,VPS30,557,Membrane_Secretory,Endosome membrane; Vacuole membrane; Preautophagosomal structure membrane
Q02950,YPL118W,MRP51,344,Mitochondria,Mitochondrion
Q02959,YPL116W,HOS3,697,Nucleus,Nucleus
Q02979,YPL110C,GDE1,1223,Cytoplasm,Cytoplasm
Q03002,YPL141C,FRK1,865,Cytoplasm,Cytoplasm
Q03010,YPL139C,UME1,460,Nucleus,Cytoplasm; Nucleus
Q03012,YPL138C,SPP1,353,Nucleus,Nucleus
Q03018,YGR098C,ESP1,1630,Nucleus,"Nucleus; Cytoplasm, cytoskeleton, microtubule organizing center, spindle pole body; Cytoplasm"
Q03020,YPL135W,ISU1,165,Mitochondria,Mitochondrion matrix
Q03034,YDR539W,FDC1,503,Cytoplasm,Cytoplasm
Q03048,YLL050C,COF1,143,Cytoplasm,"Cytoplasm; Cytoplasm, cytoskeleton; Nucleus matrix"
Q03063,YPL049C,DIG1,452,Nucleus,Nucleus
Q03067,YPL047W,SGF11,99,Nucleus,Nucleus
Q03071,YPL046C,ELC1,99,Nucleus,Cytoplasm; Nucleus
Q03081,YPL038W,MET31,177,Nucleus,Cytoplasm; Nucleus
Q03096,YIL009C-A,EST3,181,Nucleus,"Nucleus; Chromosome, telomere"
Q03103,YML130C,ERO1,563,Membrane_Secretory,Endoplasmic reticulum membrane
Q03124,YML127W,RSC9,581,Nucleus,Nucleus
Q03125,YDR043C,NRG1,231,Nucleus,Nucleus
Q03162,YMR100W,MUB1,620,Cytoplasm,Cytoplasm
Q03178,YKL164C,PIR1,341,Membrane_Secretory,"Secreted, cell wall"
Q03180,YKL163W,PIR3,325,Membrane_Secretory,"Secreted, cell wall"
Q03195,YDR091C,RLI1,608,Nucleus,Cytoplasm; Nucleus
Q03213,YMR172W,HOT1,719,Nucleus,Nucleus
Q03219,YMR178W,FPY1,274,Nucleus,"Cytoplasm, cytosol; Nucleus"
Q03262,YMR278W,PRM15,622,Nucleus,Cytoplasm; Nucleus
Q03280,YDR457W,TOM1,3268,Nucleus,"Nucleus, nucleolus"
Q03290,YDR460W,TFB3,321,Nucleus,Nucleus
Q03305,YDR465C,RMT2,412,Nucleus,Cytoplasm; Nucleus
Q03308,YPL045W,VPS16,798,Membrane_Secretory,Cytoplasm; Vacuole
Q03322,YDR468C,TLG1,224,Other,"Golgi apparatus, trans-Golgi network membrane; Early endosome membrane; Late endosome membrane"
Q03323,YDR469W,SDC1,175,Nucleus,Nucleus
Q03330,YGR252W,GCN5,439,Nucleus,Nucleus; Cytoplasm
Q03337,YDR472W,TRS31,283,Membrane_Secretory,"Golgi apparatus, cis-Golgi network; Endoplasmic reticulum; Preautophagosomal structure"
Q03338,YDR473C,PRP3,469,Nucleus,Nucleus
Q03373,YDR480W,DIG2,323,Nucleus,Nucleus
Q03375,YDR482C,CWC21,135,Nucleus,Cytoplasm; Nucleus
Q03388,YDR485C,VPS72,795,Nucleus,Nucleus
Q03390,YDR486C,VPS60,229,Membrane_Secretory,Endosome membrane; Vacuole membrane
Q03406,YDR489W,SLD5,294,Nucleus,Nucleus
Q03433,YML041C,VPS71,280,Nucleus,Nucleus
Q03434,YML039W,TY1B-ML2,1755,Nucleus,Cytoplasm; Nucleus
Q03435,YDL002C,NHP10,203,Nucleus,Nucleus
Q03455,YDR205W,MSC2,724,Nucleus,Endoplasmic reticulum membrane; Nucleus membrane
Q03465,YDL020C,RPN4,531,Nucleus,Nucleus
Q03466,YDR206W,EBS1,884,Nucleus,"Nucleus; Chromosome, telomere; Cytoplasm, P-body"
Q03494,YDR210W-B,TY2B-DR2,1770,Nucleus,Cytoplasm; Nucleus
Q03496,YMR259C,TRM732,1420,Cytoplasm,Cytoplasm
Q03497,YHL007C,STE20,939,Nucleus,Cytoplasm; Nucleus
Q03503,YPR051W,MAK3,176,Nucleus,Cytoplasm; Nucleus
Q03529,YMR272C,SCS7,384,Membrane_Secretory,Endoplasmic reticulum membrane
Q03532,YMR290C,HAS1,505,Nucleus,"Nucleus, nucleolus"
Q03533,YMR291W,TDA1,586,Nucleus,Cytoplasm; Nucleus
Q03554,YMR292W,GOT1,138,Membrane_Secretory,Golgi apparatus membrane
Q03557,YMR293C,HER2,464,Mitochondria,Mitochondrion
Q03558,YHR179W,OYE2,400,Nucleus,Cytoplasm; Nucleus; Mitochondrion
Q03579,YMR298W,LIP1,150,Membrane_Secretory,Endoplasmic reticulum membrane
Q03612,YER138C,TY1B-ER1,1755,Nucleus,Cytoplasm; Nucleus
Q03619,YER160C,TY1B-ER2,1755,Nucleus,Cytoplasm; Nucleus
Q03630,YML077W,BET5,159,Membrane_Secretory,"Golgi apparatus, cis-Golgi network; Endoplasmic reticulum; Preautophagosomal structure"
Q03631,YML076C,WAR1,944,Nucleus,Nucleus
Q03640,YML072C,TCB3,1545,Membrane_Secretory,Cell membrane; Endoplasmic reticulum membrane
Q03654,YMR213W,CEF1,590,Nucleus,Cytoplasm; Nucleus
Q03655,YMR215W,GAS3,524,Membrane_Secretory,"Secreted, cell wall; Membrane"
Q03660,YMR218C,TRS130,1102,Membrane_Secretory,Golgi apparatus
Q03674,YMR006C,PLB2,706,Membrane_Secretory,"Secreted, cell wall; Membrane"
Q03677,YMR009W,ADI1,179,Nucleus,Cytoplasm; Nucleus
Q03687,YMR010W,ANY1,405,Membrane_Secretory,Golgi apparatus membrane; Late endosome membrane
Q03690,YMR012W,CLU1,1277,Cytoplasm,Cytoplasm
Q03691,YMR200W,ROT1,256,Membrane_Secretory,Endoplasmic reticulum membrane
Q03702,YKL011C,CCE1,353,Mitochondria,Mitochondrion
Q03705,YML036W,CGI121,181,Nucleus,"Nucleus; Chromosome, telomere"
Q03713,YML030W,RCF1,159,Mitochondria,Mitochondrion membrane
Q03714,YML029W,USA1,838,Membrane_Secretory,Endoplasmic reticulum membrane
Q03723,YML019W,OST6,332,Membrane_Secretory,Endoplasmic reticulum membrane
Q03750,YML114C,TAF8,510,Nucleus,Nucleus
Q03758,YML111W,BUL2,920,Cytoplasm,Cytoplasm
Q03761,YDR145W,TAF12,539,Nucleus,Nucleus
Q03769,YDR153C,ENT5,411,Membrane_Secretory,Cytoplasm; Endosome membrane
Q03770,YDR160W,SSY1,852,Membrane_Secretory,Cell membrane
Q03771,YDR161W,ACL4,387,Nucleus,Cytoplasm; Nucleus
Q03774,YDR165W,TRM82,444,Nucleus,Nucleus
Q03776,YDR235W,PRP42,544,Nucleus,Nucleus
Q03778,YDR236C,FMN1,218,Mitochondria,Microsome; Mitochondrion inner membrane; Endoplasmic reticulum
Q03782,YDR240C,SNU56,492,Nucleus,Nucleus
Q03784,YDR246W,TRS23,219,Membrane_Secretory,"Golgi apparatus, cis-Golgi network; Endoplasmic reticulum; Preautophagosomal structure"
Q03785,YDR247W,VHS1,461,Cytoplasm,Cytoplasm
Q03790,YMR153W,NUP53,475,Nucleus,"Nucleus, nuclear pore complex; Nucleus membrane; Nucleus membrane"
Q03818,YMR159C,ATG16,150,Other,Preautophagosomal structure membrane
Q03825,YMR164C,MSS11,758,Nucleus,Cytoplasm; Nucleus
Q03833,YDR096W,GIS1,894,Nucleus,Nucleus
Q03834,YDR097C,MSH6,1242,Nucleus,Nucleus
Q03855,YDR098C-B,TY1B-DR1,1755,Nucleus,Cytoplasm; Nucleus
Q03862,YDR101C,ARX1,593,Nucleus,Cytoplasm; Nucleus
Q03868,YDR104C,SPO71,1245,Other,Prospore membrane
Q03897,YDR128W,MTC5,1148,Membrane_Secretory,Vacuole membrane
Q03898,YDR130C,FIN1,291,Nucleus,"Nucleus; Cytoplasm; Cytoplasm, cytoskeleton; Cytoplasm, cytoskeleton, spindle pole"
Q03920,YDR140W,MTQ2,221,Nucleus,Cytoplasm; Nucleus
Q03921,YDR141C,DOP1,1698,Membrane_Secretory,Golgi apparatus membrane
Q03940,YDR190C,RVB1,463,Nucleus,Nucleus
Q03941,YDR196C,CAB5,241,Nucleus,Endoplasmic reticulum; Mitochondrion; Nucleus
Q03944,YDR200C,VPS64,604,Membrane_Secretory,Endoplasmic reticulum membrane
Q03954,YDR201W,SPC19,165,Nucleus,"Nucleus; Cytoplasm, cytoskeleton, spindle; Chromosome, centromere, kinetochore; Chromosome"
Q03957,YKL139W,CTK1,528,Nucleus,"Nucleus, nucleolus; Cytoplasm"
Q03973,YDR174W,HMO1,246,Nucleus,"Nucleus, nucleolus"
Q03976,YDR175C,RSM24,319,Mitochondria,Mitochondrion
Q03981,YDR179C,CSN9,162,Nucleus,Cytoplasm; Nucleus
Q04002,YDR180W,SCC2,1493,Nucleus,"Nucleus; Chromosome, centromere"
Q04003,YDR181C,SAS4,481,Nucleus,Nucleus
Q04013,YMR241W,YHM2,314,Mitochondria,"Mitochondrion inner membrane; Mitochondrion matrix, mitochondrion nucleoid"
Q04031,YDR412W,RRP17,235,Nucleus,"Nucleus, nucleolus"
Q04048,YDR416W,SYF1,859,Nucleus,Nucleus
Q04049,YDR419W,RAD30,632,Nucleus,Nucleus
Q04053,YDR425W,SNX41,625,Membrane_Secretory,Prevacuolar compartment; Endosome; Endosome membrane
Q04067,YDR429C,TIF35,274,Cytoplasm,Cytoplasm
Q04080,YDR434W,GPI17,534,Membrane_Secretory,Endoplasmic reticulum membrane
Q04082,YDR437W,GPI19,140,Membrane_Secretory,Endoplasmic reticulum membrane
Q04087,YDR439W,LRS4,347,Nucleus,"Nucleus, nucleolus; Chromosome, centromere"
Q04089,YDR440W,DOT1,582,Nucleus,Nucleus
Q04110,YDR446W,ECM11,302,Nucleus,Nucleus
Q04119,YDR452W,PPN1,674,Membrane_Secretory,Vacuole membrane; Cytoplasm
Q04120,YDR453C,TSA2,196,Cytoplasm,Cytoplasm
Q04121,YDR456W,NHX1,633,Membrane_Secretory,Endosome membrane; Prevacuolar compartment membrane
Q04149,YDR386W,MUS81,632,Nucleus,Nucleus
Q04175,YDR395W,SXM1,944,Cytoplasm,"Cytoplasm; Nucleus, nuclear pore complex"
Q04177,YDR398W,UTP5,643,Nucleus,"Nucleus, nucleolus"
Q04178,YDR399W,HPT1,221,Nucleus,Cytoplasm; Nucleus
Q04179,YDR400W,URH1,340,Nucleus,Cytoplasm; Nucleus
Q04183,YDR407C,TRS120,1289,Other,"Golgi apparatus, cis-Golgi network"
Q04195,YDR409W,SIZ1,904,Nucleus,Cytoplasm; Nucleus; Bud neck
Q04199,YML102W,CAC2,468,Nucleus,Nucleus
Q04213,YMR044W,IOC4,475,Nucleus,Nucleus
Q04214,YMR045C,TY1B-MR1,1755,Nucleus,Cytoplasm; Nucleus
Q04217,YMR128W,ECM16,1267,Nucleus,"Nucleus, nucleolus"
Q04226,YML015C,TAF11,346,Nucleus,Nucleus
Q04228,YML013W,UBX2,584,Membrane_Secretory,Endoplasmic reticulum membrane
Q04235,YML005W,TRM12,462,Cytoplasm,Cytoplasm
Q04264,YMR076C,PDS5,1277,Nucleus,Nucleus
Q04272,YMR077C,VPS20,221,Membrane_Secretory,Endosome membrane; Vacuole membrane
Q04305,YMR093W,UTP15,513,Nucleus,"Nucleus, nucleolus"
Q04307,YDR045C,RPC11,110,Nucleus,"Nucleus, nucleolus"
Q04311,YDR049W,VMS1,632,Mitochondria,Cytoplasm; Mitochondrion; Endoplasmic reticulum membrane
Q04322,YMR192W,GYL1,720,Cytoplasm,Cytoplasm; Bud; Bud neck
Q04338,YMR197C,VTI1,217,Membrane_Secretory,Prevacuolar compartment membrane; Golgi apparatus membrane
Q04359,YMR017W,SPO20,397,Membrane_Secretory,Cell membrane; Prospore membrane
Q04364,YMR018W,PEX9,514,Membrane_Secretory,Cytoplasm; Peroxisome membrane
Q04370,YMR026C,PEX12,399,Membrane_Secretory,Peroxisome membrane
Q04373,YDR496C,PUF6,656,Nucleus,"Bud tip; Nucleus, nucleolus"
Q04377,YDR499W,LCD1,747,Nucleus,Cytoplasm; Nucleus
Q04396,YDR503C,LPP1,274,Membrane_Secretory,Golgi apparatus membrane
Q04401,YDR511W,SDH7,133,Mitochondria,Mitochondrion; Mitochondrion intermembrane space; Mitochondrion matrix
Q04409,YDR516C,EMI2,500,Cytoplasm,Cytoplasm
Q04410,YDR517W,GRH1,372,Cytoplasm,"Cytoplasm; Golgi apparatus, cis-Golgi network membrane"
Q04430,YDR531W,CAB1,367,Nucleus,Cytoplasm; Nucleus
Q04431,YDR532C,KRE28,385,Nucleus,"Nucleus; Chromosome, centromere, kinetochore"
Q04432,YDR533C,HSP31,237,Cytoplasm,"Cytoplasm, P-body"
Q04437,YMR106C,YKU80,629,Nucleus,"Nucleus; Chromosome, telomere"
Q04439,YMR109W,MYO5,1219,Other,"Cytoplasm, cytoskeleton, actin patch"
Q04458,YMR110C,HFD1,532,Mitochondria,Lipid droplet; Mitochondrion outer membrane; Endosome membrane; Cytoplasmic granule membrane
Q04461,YMR111C,EUC1,462,Nucleus,Chromosome
Q04472,YMR115W,MGR3,501,Mitochondria,Mitochondrion inner membrane
Q04477,YMR117C,SPC24,213,Nucleus,"Nucleus; Chromosome, centromere, kinetochore"
Q04491,YLR208W,SEC13,297,Membrane_Secretory,"Cytoplasmic vesicle, COPII-coated vesicle membrane; Endoplasmic reticulum membrane; Nucleus, nuclear pore complex; Vacuole membrane"
Q04500,YML093W,UTP14,899,Nucleus,"Nucleus, nucleolus"
Q04601,YDR118W,APC4,652,Nucleus,Cytoplasm; Nucleus
Q04603,YDR121W,DPB4,196,Nucleus,Nucleus
Q04629,YDR126W,SWF1,336,Membrane_Secretory,Endoplasmic reticulum membrane
Q04632,YML071C,COG8,607,Membrane_Secretory,Golgi apparatus membrane
Q04636,YML069W,POB3,552,Nucleus,Nucleus; Chromosome
Q04651,YML067C,ERV41,352,Membrane_Secretory,"Endoplasmic reticulum membrane; Golgi apparatus membrane; Cytoplasmic vesicle, COPII-coated vesicle membrane"
Q04659,YMR048W,CSM3,317,Nucleus,Nucleus
Q04660,YMR049C,ERB1,807,Nucleus,"Nucleus, nucleolus; Nucleus, nucleoplasm"
Q04670,YMR050C,TY1B-MR2,1755,Nucleus,Cytoplasm; Nucleus
Q04673,YLR005W,SSL1,461,Nucleus,Nucleus
Q04693,YML049C,RSE1,1361,Nucleus,Nucleus
Q04705,YML047C,PRM6,352,Membrane_Secretory,Cell membrane; Bud tip; Vacuole lumen
Q04711,YML045W,TY1B-ML1,1755,Nucleus,Cytoplasm; Nucleus
Q04712,YML043C,RRN11,507,Nucleus,"Nucleus, nucleolus"
Q04728,YMR062C,ARG7,441,Mitochondria,Mitochondrion matrix
Q04739,YER027C,GAL83,417,Nucleus,Cytoplasm; Nucleus
Q04746,YMR065W,KAR5,504,Nucleus,Endoplasmic reticulum membrane; Nucleus membrane
Q04749,YMR068W,AVO2,426,Membrane_Secretory,Cell membrane; Vacuole membrane
Q04779,YMR075W,RCO1,684,Nucleus,Nucleus
Q04781,YMR247C,RKR1,1562,Nucleus,"Nucleus; Cytoplasm, cytosol"
Q04839,YMR255W,GFD1,188,Nucleus,"Cytoplasm; Nucleus, nuclear pore complex; Nucleus membrane"
Q04847,YMR258C,ROY1,553,Nucleus,Cytoplasm; Nucleus; Cytoplasmic vesicle membrane
Q04868,YMR312W,ELP6,273,Nucleus,Cytoplasm; Nucleus
Q04894,YMR318C,ADH6,360,Nucleus,Cytoplasm; Nucleus
Q04921,YDR218C,SPR28,423,Membrane_Secretory,Membrane; Bud neck
Q04924,YDR221W,GTB1,702,Membrane_Secretory,Endoplasmic reticulum
Q04930,YDR223W,CRF1,467,Nucleus,Cytoplasm; Nucleus
Q04935,YDR231C,COX20,205,Mitochondria,Mitochondrion inner membrane
Q04947,YDR233C,RTN1,295,Membrane_Secretory,Endoplasmic reticulum membrane
Q04951,YMR305C,SCW10,389,Membrane_Secretory,"Secreted, cell wall"
Q04958,YML059C,NTE1,1679,Membrane_Secretory,Endoplasmic reticulum membrane; Lipid droplet
Q04964,YML058W,SML1,104,Nucleus,Nucleus; Cytoplasm
Q04969,YML055W,SPC2,178,Membrane_Secretory,Endoplasmic reticulum membrane
Q05016,YMR226C,,267,Nucleus,Cytoplasm; Nucleus
Q05021,YMR227C,TAF7,590,Nucleus,Nucleus
Q05022,YMR229C,RRP5,1729,Nucleus,"Nucleus, nucleolus"
Q05027,YMR236W,TAF9,157,Nucleus,Nucleus
Q05029,YMR237W,BCH1,724,Other,"Golgi apparatus, trans-Golgi network membrane"
Q05031,YMR238W,DFG5,458,Membrane_Secretory,Cell membrane
Q05040,YMR029C,FAR8,523,Membrane_Secretory,Cytoplasm; Endoplasmic reticulum
Q05050,YMR031C,EIS1,843,Membrane_Secretory,Cytoplasmic granule; Cell membrane
Q05080,YMR032W,HOF1,669,Cytoplasm,"Cytoplasm, cytoskeleton; Bud neck"
Q05123,YMR033W,ARP9,467,Nucleus,Nucleus
Q05164,YOL155C,HPF1,967,Membrane_Secretory,"Secreted, cell wall; Membrane"
Q05166,YDL088C,ASM4,528,Nucleus,"Nucleus, nuclear pore complex; Nucleus membrane; Nucleus membrane"
Q05359,YAR002C-A,ERP1,219,Membrane_Secretory,Endoplasmic reticulum membrane
Q05471,YDR334W,SWR1,1514,Nucleus,Nucleus
Q05498,YDR339C,FCF1,189,Nucleus,"Nucleus, nucleolus"
Q05515,YDR346C,SVF1,481,Nucleus,"Golgi apparatus, cis-Golgi network membrane; Endoplasmic reticulum membrane; Cytoplasm; Nucleus"
Q05521,YDR284C,DPP1,289,Membrane_Secretory,Vacuole membrane
Q05543,YDR289C,RTT103,409,Nucleus,Nucleus
Q05549,YDR291W,HRQ1,1077,Nucleus,Nucleus
Q05567,YDR294C,DPL1,589,Membrane_Secretory,Endoplasmic reticulum membrane
Q05568,YDR265W,PEX10,337,Membrane_Secretory,Peroxisome membrane
Q05580,YDR266C,HEL2,639,Cytoplasm,Cytoplasm
Q05583,YDR267C,CIA1,330,Nucleus,Cytoplasm; Nucleus
Q05584,YDR272W,GLO2,274,Cytoplasm,Cytoplasm
Q05636,YDR280W,RRP45,305,Nucleus,"Cytoplasm; Nucleus, nucleolus"
Q05775,YLR192C,HCR1,265,Cytoplasm,Cytoplasm
Q05776,YLR193C,UPS1,175,Mitochondria,Mitochondrion inner membrane; Mitochondrion intermembrane space
Q05777,YLR194C,NCW2,254,Membrane_Secretory,Cell membrane
Q05785,YLR206W,ENT2,613,Membrane_Secretory,Cytoplasm; Membrane
Q05787,YLR207W,HRD3,833,Membrane_Secretory,Endoplasmic reticulum membrane
Q05789,YLR211C,ATG38,226,Cytoplasm,Cytoplasm; Preautophagosomal structure membrane
Q05791,YLR215C,CDC123,360,Cytoplasm,Cytoplasm
Q05871,YLR284C,ECI1,280,Membrane_Secretory,Peroxisome
Q05900,YLR298C,YHC1,231,Nucleus,Nucleus
Q05902,YLR299W,ECM38,660,Membrane_Secretory,Vacuole membrane
Q05919,YLR360W,VPS38,439,Membrane_Secretory,"Golgi apparatus, trans-Golgi network membrane; Endosome membrane"
Q05930,YLR368W,MDM30,598,Mitochondria,Cytoplasm; Mitochondrion
Q05931,YLR369W,SSQ1,657,Mitochondria,Mitochondrion matrix
Q05933,YLR370C,ARC18,178,Cytoplasm,"Cytoplasm, cytoskeleton"
Q05934,YLR373C,VID22,901,Nucleus,Cell membrane; Nucleus
Q05946,YLR222C,UTP13,817,Nucleus,"Nucleus, nucleolus"
Q05949,YLR226W,BUR2,395,Nucleus,Nucleus
Q05958,YLR228C,ECM22,814,Nucleus,Cytoplasm; Nucleus
Q05979,YLR231C,BNA5,453,Nucleus,Cytoplasm; Nucleus
Q06010,YLR389C,STE23,1027,Membrane_Secretory,Membrane
Q06032,YLR394W,CST9,482,Nucleus,Nucleus; Chromosome
Q06053,YLR401C,DUS3,668,Nucleus,Cytoplasm; Nucleus
Q06058,YLR404W,SEI1,285,Membrane_Secretory,Endoplasmic reticulum membrane
Q06078,YLR409C,UTP21,939,Nucleus,"Nucleus, nucleolus"
Q06096,YPR105C,COG4,861,Membrane_Secretory,Golgi apparatus membrane
Q06102,YPR107C,YTH1,208,Nucleus,Nucleus
Q06103,YPR108W,RPN7,429,Nucleus,Nucleus
Q06106,YPR112C,MRD1,887,Nucleus,Nucleus
Q06132,YLR336C,SGD1,899,Nucleus,"Nucleus, nucleolus"
Q06135,YLR343W,GAS2,555,Membrane_Secretory,Cell membrane
Q06142,YLR347C,KAP95,861,Nucleus,"Cytoplasm; Nucleus; Nucleus, nuclear pore complex"
Q06143,YLR348C,DIC1,298,Mitochondria,Mitochondrion inner membrane
Q06144,YLR350W,ORM2,216,Membrane_Secretory,Endoplasmic reticulum membrane
Q06147,YLR260W,LCB5,687,Membrane_Secretory,Golgi apparatus membrane
Q06148,YLR265C,NEJ1,342,Nucleus,Cytoplasm; Nucleus membrane
Q06151,YLR270W,DCS1,350,Cytoplasm,"Cytoplasm; Cytoplasm, perinuclear region; Cytoplasm, P-body"
Q06156,YLR272C,YCS4,1176,Nucleus,Nucleus; Chromosome
Q06159,YLR312C,ATG39,398,Membrane_Secretory,Endoplasmic reticulum membrane; Preautophagosomal structure membrane
Q06160,YLR313C,SPH1,661,Cytoplasm,"Bud tip; Bud neck; Cytoplasm, cytoskeleton"
Q06162,YLR315W,NKP2,153,Nucleus,"Nucleus; Chromosome, centromere, kinetochore"
Q06163,YLR318W,EST2,884,Nucleus,"Nucleus; Chromosome, telomere"
Q06164,YLR320W,MMS22,1454,Nucleus,Nucleus
Q06168,YLR321C,SFH1,426,Nucleus,Nucleus
Q06178,YLR328W,NMA1,401,Nucleus,Cytoplasm; Nucleus
Q06188,YLR455W,PDP3,304,Nucleus,Nucleus; Cytoplasm
Q06205,YLR449W,FPR4,392,Nucleus,Nucleus
Q06211,YPR164W,MMS1,1407,Nucleus,Nucleus
Q06213,YPR168W,NUT2,157,Nucleus,Nucleus
Q06217,YLR275W,SMD2,110,Nucleus,"Nucleus; Cytoplasm, cytosol"
Q06218,YLR276C,DBP9,594,Nucleus,"Nucleus, nucleolus"
Q06224,YLR277C,YSH1,779,Nucleus,Nucleus
Q06263,YLR181C,VTA1,330,Membrane_Secretory,Cytoplasm; Endosome membrane
Q06266,YLR183C,TOS4,489,Nucleus,Nucleus
Q06287,YLR186W,EMG1,252,Nucleus,"Nucleus, nucleolus"
Q06321,YLR189C,ATG26,1198,Membrane_Secretory,Cytoplasm; Membrane
Q06324,YLR190W,MMR1,491,Mitochondria,Bud tip; Bud neck; Mitochondrion outer membrane
Q06328,YDR352W,YPQ2,317,Membrane_Secretory,Vacuole membrane
Q06333,YDR357C,CNL1,122,Cytoplasm,Cytoplasm
Q06337,YDR359C,EAF1,982,Nucleus,Nucleus
Q06339,YDR362C,TFC6,672,Nucleus,Nucleus
Q06340,YDR363W,ESC2,456,Nucleus,Cytoplasm; Nucleus
Q06344,YDR365C,ESF1,628,Nucleus,"Nucleus, nucleolus"
Q06346,YDR367W,KEI1,221,Membrane_Secretory,Golgi apparatus membrane
Q06349,YDR370C,DXO1,442,Cytoplasm,Cytoplasm
Q06385,YDR372C,VPS74,345,Other,"Golgi apparatus, Golgi stack membrane"
Q06389,YDR373W,FRQ1,190,Other,Bud membrane
Q06406,YDR378C,LSM6,86,Nucleus,"Cytoplasm; Nucleus, nucleolus"
Q06407,YDR379W,RGA2,1009,Cytoplasm,"Cytoplasm, cytoskeleton"
Q06408,YDR380W,ARO10,635,Cytoplasm,Cytoplasm
Q06409,YLR422W,DCK1,1932,Mitochondria,Cytoplasm; Mitochondrion
Q06410,YLR423C,ATG17,417,Cytoplasm,Cytoplasm; Preautophagosomal structure membrane
Q06411,YLR424W,SPP382,708,Nucleus,Cytoplasm; Nucleus
Q06449,YPR154W,PIN3,215,Nucleus,"Cytoplasm; Nucleus; Cytoplasm, cytoskeleton, actin patch"
Q06488,YLR357W,RSC2,889,Nucleus,Nucleus
Q06493,YPR125W,YLH47,454,Mitochondria,Mitochondrion inner membrane
Q06497,YPR128C,ANT1,328,Membrane_Secretory,Peroxisome membrane
Q06504,YPR131C,NAT3,195,Cytoplasm,Cytoplasm
Q06505,YPR133C,SPN1,410,Nucleus,Nucleus
Q06506,YPR137W,RRP9,573,Nucleus,"Nucleus, nucleolus"
Q06508,YPR139C,LOA1,300,Membrane_Secretory,Lipid droplet; Endoplasmic reticulum membrane
Q06510,YPR140W,TAZ1,381,Mitochondria,Mitochondrion outer membrane; Mitochondrion inner membrane
Q06512,YPR144C,NOC4,552,Nucleus,"Nucleus, nucleolus"
Q06522,YPR147C,,304,Membrane_Secretory,Lipid droplet; Membrane
Q06541,YLR242C,ARV1,321,Membrane_Secretory,Endoplasmic reticulum membrane; Golgi apparatus membrane
Q06551,YLR246W,ERF2,359,Membrane_Secretory,Endoplasmic reticulum membrane
Q06554,YLR247C,IRC20,1556,Nucleus,Nucleus
Q06580,YPR188C,MLC2,163,Cytoplasm,Bud neck
Q06593,YPR194C,OPT2,877,Membrane_Secretory,Membrane
Q06596,YPR199C,ARR1,294,Nucleus,Cytoplasm; Nucleus
Q06598,YPR201W,ARR3,404,Membrane_Secretory,Cell membrane
Q06604,YPR171W,BSP1,576,Membrane_Secretory,"Cytoplasm, cytoskeleton, actin patch; Cytoplasm, cytoskeleton; Cell membrane"
Q06616,YPR174C,CSA1,221,Nucleus,"Nucleus membrane; Cytoplasm, cytoskeleton, microtubule organizing center, spindle pole body"
Q06623,YPR179C,HDA3,655,Nucleus,Nucleus
Q06625,YPR184W,GDB1,1536,Mitochondria,Mitochondrion; Cytoplasm
Q06628,YPR185W,ATG13,738,Cytoplasm,Cytoplasm; Preautophagosomal structure
Q06629,YDR295C,HDA2,674,Nucleus,Nucleus
Q06630,YDR296W,MHR1,226,Nucleus,Nucleus; Mitochondrion
Q06631,YDR299W,BFR2,534,Nucleus,"Nucleus, nucleolus"
Q06632,YDR301W,CFT1,1357,Nucleus,Nucleus
Q06639,YDR303C,RSC3,885,Nucleus,Nucleus
Q06648,YDR309C,GIC2,383,Cytoplasm,"Bud neck; Bud tip; Cytoplasm, cell cortex; Cytoplasm, cytoskeleton"
Q06651,YDR313C,PIB1,286,Membrane_Secretory,Endosome membrane; Vacuole membrane
Q06671,YLR431C,ATG23,453,Membrane_Secretory,Cytoplasm; Preautophagosomal structure membrane; Membrane
Q06672,YLR435W,TSR2,205,Nucleus,Cytoplasm; Nucleus
Q06675,YDR318W,MCM21,368,Nucleus,"Nucleus; Chromosome, centromere, kinetochore"
Q06676,YDR319C,YFT2,274,Membrane_Secretory,Endoplasmic reticulum membrane; Vacuole
Q06677,YDR320C,SWA2,668,Membrane_Secretory,Cytoplasm; Endoplasmic reticulum membrane
Q06678,YDR322W,MRPL35,367,Mitochondria,Mitochondrion
Q06679,YDR324C,UTP4,776,Nucleus,"Nucleus, nucleolus"
Q06680,YDR325W,YCG1,1035,Nucleus,Nucleus; Cytoplasm; Chromosome
Q06681,YDR326C,YSP2,1438,Mitochondria,Mitochondrion membrane; Endoplasmic reticulum membrane
Q06685,YLR410W,VIP1,1146,Cytoplasm,"Cytoplasm; Cytoplasm, cytoskeleton"
Q06696,YLR417W,VPS36,566,Membrane_Secretory,Cytoplasm; Endosome membrane
Q06697,YLR418C,CDC73,393,Other,"Nucleus, nucleoplasm"
Q06703,YLR308W,CDA2,312,Other,Prospore
Q06704,YLR309C,IMH1,911,Membrane_Secretory,Cytoplasm; Golgi apparatus membrane
Q06705,YLR380W,CSR1,408,Membrane_Secretory,Cytoplasm; Microsome; Endosome
Q06706,YLR384C,IKI3,1349,Nucleus,Cytoplasm; Nucleus
Q06707,YLR385C,SWC7,132,Nucleus,Nucleus
Q06708,YLR386W,VAC14,880,Membrane_Secretory,Vacuole membrane
Q06810,YPR075C,OPY2,360,Membrane_Secretory,Cell membrane; Vacuole membrane
Q06817,YPR081C,GRS2,618,Cytoplasm,Cytoplasm
Q06833,YPR091C,NVJ2,770,Nucleus,Endoplasmic reticulum membrane; Nucleus membrane
Q06834,YPR093C,ASR1,288,Nucleus,Cytoplasm; Nucleus
Q06836,YPR095C,SYT1,1226,Cytoplasm,Cytoplasm
Q06892,YPL188W,POS5,414,Mitochondria,Mitochondrion matrix
Q07084,YLR006C,SSK1,712,Cytoplasm,Cytoplasm
Q07350,YDL043C,PRP11,266,Nucleus,Nucleus
Q07381,YDL060W,TSR1,788,Nucleus,"Cytoplasm; Nucleus, nucleolus"
Q07418,YDL065C,PEX19,342,Membrane_Secretory,Cytoplasm; Peroxisome membrane; Endoplasmic reticulum membrane
Q07442,YDL070W,BDF2,638,Nucleus,Cytoplasm; Nucleus
Q07457,YDL074C,BRE1,700,Nucleus,Nucleus
Q07468,YDL077C,VAM6,1049,Membrane_Secretory,Vacuole membrane
Q07471,YDL080C,THI3,609,Nucleus,Nucleus
Q07478,YDL084W,SUB2,446,Nucleus,Nucleus
Q07508,YDL087C,LUC7,261,Nucleus,Nucleus
Q07528,YDL113C,ATG20,640,Membrane_Secretory,Endosome membrane; Preautophagosomal structure membrane
Q07532,YDL115C,IWR1,353,Nucleus,Cytoplasm; Nucleus
Q07533,YDL117W,CYK3,885,Cytoplasm,Cytoplasm; Bud neck
Q07540,YDL120W,YFH1,174,Mitochondria,Mitochondrion matrix
Q07551,YDL124W,,312,Nucleus,Cytoplasm; Nucleus
Q07560,YDL142C,CRD1,283,Mitochondria,Mitochondrion inner membrane
Q07623,YDL213C,NOP6,225,Nucleus,"Nucleus, nucleolus"
Q07648,YDL219W,DTD1,150,Cytoplasm,Cytoplasm
Q07651,YDL222C,FMP45,309,Membrane_Secretory,Cell membrane
Q07657,YDL225W,SHS1,551,Membrane_Secretory,Membrane; Bud neck
Q07688,YDL235C,YPD1,167,Nucleus,Cytoplasm; Nucleus
Q07732,YDL239C,ADY3,790,Other,"Prospore membrane; Cytoplasm, cytoskeleton, microtubule organizing center, spindle pole body"
Q07791,YDR261W-B,TY2B-DR3,1770,Nucleus,Cytoplasm; Nucleus
Q07793,YDR261C-D,TY1B-DR4,1604,Nucleus,Cytoplasm; Nucleus
Q07794,YLL002W,RTT109,436,Nucleus,Nucleus
Q07800,YLL010C,PSR1,427,Membrane_Secretory,Cell membrane
Q07804,YLL012W,YEH1,573,Membrane_Secretory,Lipid droplet; Membrane
Q07807,YLL013C,PUF3,879,Mitochondria,Mitochondrion outer membrane; Cytoplasm
Q07821,YLL027W,ISA1,250,Mitochondria,Mitochondrion matrix
Q07824,YLL028W,TPO1,586,Membrane_Secretory,Cell membrane
Q07825,YLL029W,FRA1,749,Cytoplasm,Cytoplasm
Q07830,YLL031C,GPI13,1017,Membrane_Secretory,Endoplasmic reticulum membrane
Q07845,YLL035W,GRC3,632,Nucleus,"Nucleus, nucleolus"
Q07878,YLL040C,VPS13,3144,Mitochondria,"Endosome membrane; Mitochondrion outer membrane; Prospore membrane; Vacuole membrane; Nucleus outer membrane; Peroxisome; Golgi apparatus, trans-Golgi network membrane"
Q07879,YLL042C,ATG10,167,Other,Preautophagosomal structure membrane
Q07896,YLR002C,NOC3,663,Nucleus,"Nucleus, nucleolus"
Q07913,YLR007W,NSE1,336,Nucleus,Nucleus
Q07914,YLR008C,PAM18,168,Mitochondria,Mitochondrion inner membrane
Q07915,YLR009W,RLP24,199,Nucleus,Cytoplasm; Nucleus
Q07921,YLR010C,TEN1,160,Nucleus,"Nucleus; Chromosome, telomere"
Q07923,YLR011W,LOT6,191,Nucleus,Cytoplasm; Nucleus
Q07930,YLR016C,PML1,204,Nucleus,Cytoplasm; Nucleus
Q07938,YLR017W,MEU1,337,Nucleus,Cytoplasm; Nucleus
Q07950,YLR020C,YEH2,538,Membrane_Secretory,Cell membrane
Q07953,YLR022C,SDO1,250,Nucleus,Cytoplasm; Nucleus
Q07963,YLR024C,UBR2,1872,Cytoplasm,Cytoplasm
Q07979,YLR033W,RSC58,502,Nucleus,Nucleus
Q08001,YLR072W,LAM6,693,Membrane_Secretory,Endoplasmic reticulum membrane
Q08004,YLR074C,BUD20,166,Nucleus,Nucleus; Cytoplasm
Q08032,YLR103C,CDC45,650,Nucleus,Nucleus
Q08096,YOL010W,RCL1,367,Nucleus,"Nucleus, nucleolus"
Q08108,YOL011W,PLB3,686,Membrane_Secretory,Cell membrane
Q08109,YOL013C,HRD1,551,Membrane_Secretory,Endoplasmic reticulum membrane
Q08144,YOL018C,TLG2,397,Membrane_Secretory,"Golgi apparatus, trans-Golgi network membrane; Endosome membrane"
Q08162,YOL021C,DIS3,1001,Nucleus,"Cytoplasm; Mitochondrion; Nucleus, nucleolus"
Q08179,YOL027C,MDM38,573,Mitochondria,Mitochondrion inner membrane
Q08193,YOL030W,GAS5,484,Membrane_Secretory,"Secreted, cell wall; Membrane"
Q08199,YOL031C,SIL1,421,Other,Endoplasmic reticulum lumen
Q08204,YOL034W,SMC5,1093,Nucleus,Nucleus; Chromosome
Q08208,YOL041C,NOP12,459,Nucleus,"Nucleus, nucleolus"
Q08214,YOL043C,NTG2,380,Nucleus,Nucleus
Q08215,YOL044W,PEX15,383,Membrane_Secretory,Peroxisome membrane; Endoplasmic reticulum membrane
Q08217,YOL045W,PSK2,1101,Cytoplasm,Cytoplasm
Q08218,YOL047C,LDS2,356,Membrane_Secretory,Prospore membrane; Lipid droplet; Spore wall
Q08229,YOL070C,NBA1,501,Cytoplasm,Bud neck; Cytoplasm
Q08230,YOL071W,SDH5,162,Mitochondria,Mitochondrion matrix
Q08231,YOL072W,THP1,455,Other,Nucleus envelope
Q08235,YOL077C,BRX1,291,Nucleus,"Nucleus, nucleolus"
Q08236,YOL078W,AVO1,1176,Membrane_Secretory,Cell membrane; Vacuole membrane
Q08245,YOL109W,ZEO1,113,Membrane_Secretory,Cell membrane
Q08273,YOL133W,HRT1,121,Nucleus,Cytoplasm; Nucleus
Q08278,YOL135C,MED7,222,Nucleus,Nucleus
Q08281,YOL138C,RTC1,1341,Membrane_Secretory,Vacuole membrane
Q08282,YOL141W,PPM2,695,Mitochondria,Cytoplasm; Mitochondrion
Q08285,YOL142W,RRP40,240,Nucleus,"Cytoplasm; Nucleus, nucleolus"
Q08287,YOL144W,NOP8,484,Nucleus,"Nucleus, nucleolus"
Q08387,YOR005C,DNL4,944,Nucleus,Nucleus
Q08412,YOR042W,CUE5,411,Cytoplasm,Cytoplasm
Q08417,YOR049C,RSB1,382,Membrane_Secretory,Cell membrane
Q08444,YOR056C,NOB1,459,Nucleus,"Cytoplasm; Nucleus, nucleolus; Endoplasmic reticulum"
Q08448,YOR059C,LPL1,450,Membrane_Secretory,Lipid droplet; Membrane
Q08465,YOR064C,YNG1,219,Nucleus,Nucleus
Q08484,YOR070C,GYP1,637,Other,"Golgi apparatus, Golgi stack"
Q08490,YOR073W,SGO1,590,Other,"Chromosome, centromere; Chromosome, centromere, kinetochore; Cytoplasm, cytoskeleton, spindle pole"
Q08491,YOR076C,SKI7,747,Cytoplasm,Cytoplasm
Q08492,YOR078W,BUD21,214,Nucleus,"Nucleus, nucleolus"
Q08496,YOR080W,DIA2,732,Nucleus,Nucleus
Q08548,YOR175C,ALE1,619,Membrane_Secretory,Endoplasmic reticulum membrane
Q08550,YOR177C,MPC54,464,Other,"Prospore membrane; Cytoplasm, cytoskeleton, microtubule organizing center, spindle pole body; Cytoplasm, cytoskeleton, spindle pole"
Q08558,YOR180C,DCI1,271,Membrane_Secretory,Peroxisome
Q08561,YOR189W,IES4,116,Nucleus,Nucleus
Q08562,YOR191W,ULS1,1619,Nucleus,Nucleus
Q08581,YOR195W,SLK19,821,Other,"Chromosome, centromere; Chromosome, centromere, kinetochore; Cytoplasm, cytoskeleton, microtubule organizing center, spindle pole body"
Q08601,YOR197W,MCA1,432,Nucleus,Cytoplasm; Nucleus
Q08641,YOR239W,ABP140,628,Cytoplasm,"Cytoplasm; Cytoplasm, cytoskeleton"
Q08645,YOR241W,MET7,548,Mitochondria,Mitochondrion; Mitochondrion inner membrane; Mitochondrion matrix; Cytoplasm
Q08647,YOR243C,PUS7,676,Nucleus,Nucleus; Cytoplasm
Q08650,YOR245C,DGA1,418,Membrane_Secretory,Lipid droplet; Endoplasmic reticulum membrane
Q08651,YOR246C,ENV9,330,Membrane_Secretory,Lipid droplet; Membrane
Q08683,YOR249C,APC5,685,Nucleus,Nucleus
Q08685,YOR250C,CLP1,445,Nucleus,Nucleus
Q08686,YOR251C,TUM1,304,Mitochondria,Mitochondrion; Cytoplasm
Q08689,YOR253W,NAT5,176,Cytoplasm,Cytoplasm
Q08702,YOR258W,HNT3,217,Nucleus,Nucleus; Cytoplasm
Q08746,YOR294W,RRS1,203,Nucleus,Nucleus
Q08747,YOR295W,UAF30,228,Nucleus,"Nucleus, nucleolus"
Q08749,YOR297C,TIM18,192,Mitochondria,Mitochondrion inner membrane
Q08754,YOR299W,BUD7,746,Other,"Golgi apparatus, trans-Golgi network membrane"
Q08760,YOR301W,RAX1,435,Membrane_Secretory,Cell membrane; Bud neck; Bud tip
Q08773,YOR304W,ISW2,1120,Nucleus,Nucleus
Q08816,YOR352W,TFB6,343,Nucleus,Cytoplasm; Nucleus
Q08826,YOR357C,SNX3,162,Membrane_Secretory,Cytoplasm; Golgi apparatus membrane; Prevacuolar compartment membrane
Q08831,YOR359W,VTS1,523,Cytoplasm,"Cytoplasm, cytosol; Cytoplasm, P-body"
Q08873,YOR367W,SCP1,200,Other,"Cytoplasm, cytoskeleton, actin patch"
Q08886,YOR371C,GPB1,897,Cytoplasm,Cytoplasm
Q08887,YOR372C,NDD1,554,Nucleus,Cytoplasm; Nucleus
Q08905,YOR381W,FRE3,711,Membrane_Secretory,Cell membrane
Q08920,YPL178W,CBC2,208,Nucleus,"Nucleus; Cytoplasm, perinuclear region"
Q08921,YPL180W,TCO89,799,Membrane_Secretory,Cell membrane; Vacuole membrane
Q08923,YPL181W,CTI6,506,Nucleus,Nucleus
Q08924,YPL183C,RTT10,1013,Membrane_Secretory,Cytoplasm; Endosome
Q08925,YPL184C,MRN1,612,Cytoplasm,Cytoplasm
Q08930,YPL191C,,360,Cytoplasm,Cytoplasm
Q08931,YPL192C,PRM3,133,Other,"Nucleus outer membrane; Cytoplasm, cytoskeleton, microtubule organizing center, spindle pole body"
Q08949,YPL194W,DDC1,612,Nucleus,Cytoplasm; Nucleus
Q08951,YPL195W,APL5,932,Membrane_Secretory,"Golgi apparatus; Cytoplasmic vesicle, clathrin-coated vesicle membrane"
Q08955,YPL200W,CSM4,156,Nucleus,Endoplasmic reticulum membrane; Nucleus membrane
Q08957,YPL202C,AFT2,416,Nucleus,Nucleus
Q08959,YPL206C,PGC1,321,Mitochondria,Mitochondrion membrane; Lipid droplet
Q08960,YPL207W,TYW1,810,Membrane_Secretory,Endoplasmic reticulum
Q08962,YPL211W,NIP7,181,Nucleus,"Cytoplasm; Nucleus, nucleolus"
Q08963,YPL213W,LEA1,238,Nucleus,Nucleus
Q08965,YPL217C,BMS1,1183,Nucleus,"Cytoplasm; Nucleus, nucleolus"
Q08967,YPL221W,FLC1,793,Membrane_Secretory,Endoplasmic reticulum membrane
Q08968,YPL222W,FMP40,688,Mitochondria,Mitochondrion
Q08972,YPL226W,NEW1,1196,Nucleus,Cytoplasm; Nucleus
Q08985,YPL273W,SAM4,325,Nucleus,Cytoplasm; Nucleus
Q08986,YPL274W,SAM3,587,Membrane_Secretory,Membrane; Endoplasmic reticulum
Q08992,YPL280W,HSP32,237,Cytoplasm,"Cytoplasm, P-body"
Q10740,YNL045W,LAP2,671,Nucleus,Cytoplasm; Nucleus
Q12003,YPL236C,ENV7,364,Membrane_Secretory,Vacuole membrane
Q12004,YPR056W,TFB4,338,Nucleus,Nucleus
Q12006,YOL003C,PFA4,378,Membrane_Secretory,Endoplasmic reticulum membrane
Q12009,YDL201W,TRM8,286,Nucleus,Nucleus
Q12010,YOL092W,YPQ1,308,Membrane_Secretory,Vacuole membrane
Q12015,YOR223W,DSC3,292,Membrane_Secretory,Endoplasmic reticulum membrane
Q12017,YOR281C,PLP2,286,Cytoplasm,Cytoplasm
Q12018,YDL132W,CDC53,815,Nucleus,Cytoplasm; Nucleus
Q12019,YLR106C,MDN1,4910,Nucleus,"Nucleus; Nucleus, nucleolus; Nucleus, nucleoplasm"
Q12024,YOR272W,YTM1,460,Nucleus,"Nucleus, nucleolus; Nucleus, nucleoplasm"
Q12028,YPR029C,APL4,832,Membrane_Secretory,"Cytoplasm; Golgi apparatus membrane; Cytoplasmic vesicle, clathrin-coated vesicle membrane"
Q12030,YDR167W,TAF10,206,Nucleus,Nucleus
Q12033,YOR275C,RIM20,661,Nucleus,Cytoplasm; Nucleus
Q12038,YPR032W,SRO7,1033,Membrane_Secretory,Cytoplasm; Cell membrane
Q12039,YOL095C,HMI1,706,Mitochondria,Mitochondrion inner membrane
Q12041,YDR253C,MET32,191,Nucleus,Cytoplasm; Nucleus
Q12043,YOR081C,TGL5,749,Membrane_Secretory,Lipid droplet
Q12045,YPL253C,VIK1,647,Nucleus,"Cytoplasm, cytoskeleton, microtubule organizing center, spindle pole body; Nucleus; Cytoplasm, cytoskeleton"
Q12046,YDL209C,CWC2,339,Nucleus,Nucleus
Q12048,YPL250C,ATG41,136,Other,Preautophagosomal structure membrane
Q12049,YPR045C,THP3,470,Nucleus,Nucleus
Q12050,YOR144C,ELG1,791,Nucleus,"Nucleus; Chromosome, telomere"
Q12051,YPL069C,BTS1,335,Cytoplasm,Cytoplasm
Q12052,YPL157W,TGS1,315,Nucleus,"Nucleus, nucleolus"
Q12055,YDL166C,FAP7,197,Nucleus,Cytoplasm; Nucleus
Q12056,YOR226C,ISU2,156,Mitochondria,Mitochondrion matrix
Q12060,YPL254W,HFI1,488,Nucleus,Nucleus
Q12063,YDL193W,NUS1,375,Nucleus,Endoplasmic reticulum membrane; Lipid droplet; Nucleus membrane
Q12068,YOL151W,GRE2,342,Nucleus,Cytoplasm; Nucleus
Q12071,YDR027C,VPS54,889,Mitochondria,"Golgi apparatus, trans-Golgi network membrane; Endosome membrane; Mitochondrion membrane"
Q12080,YPL146C,NOP53,455,Nucleus,"Nucleus, nucleolus; Nucleus, nucleoplasm"
Q12082,YDL157C,DMO2,118,Mitochondria,Mitochondrion inner membrane; Peroxisome membrane
Q12083,YPL164C,MLH3,715,Nucleus,Nucleus
Q12088,YLR035C-A,TY1B-LR1,1755,Nucleus,Cytoplasm; Nucleus
Q12092,YPL166W,ATG29,213,Other,Preautophagosomal structure
Q12093,YDL033C,SLM3,417,Mitochondria,Mitochondrion
Q12094,YOR006C,TSR3,313,Nucleus,Cytoplasm; Nucleus
Q12098,YLR135W,SLX4,748,Nucleus,Nucleus; Cytoplasm
Q12099,YDR021W,FAL1,399,Nucleus,"Nucleus, nucleolus"
Q12102,YLR115W,CFT2,859,Nucleus,Nucleus
Q12106,YOR228C,MCP1,302,Mitochondria,Mitochondrion outer membrane
Q12112,YNL284C-B,TY1B-NL1,1755,Nucleus,Cytoplasm; Nucleus
Q12113,YOR192C-B,TY2B-OR1,1770,Nucleus,Cytoplasm; Nucleus
Q12114,YLR330W,CHS5,671,Other,"Golgi apparatus, trans-Golgi network membrane"
Q12118,YOR007C,SGT2,346,Cytoplasm,Cytoplasm
Q12123,YOR173W,DCS2,353,Cytoplasm,"Cytoplasm; Cytoplasm, perinuclear region; Cytoplasm, P-body"
Q12124,YDL005C,MED2,431,Nucleus,Nucleus
Q12127,YLR110C,CCW12,133,Membrane_Secretory,"Secreted, cell wall; Membrane"
Q12136,YDL153C,SAS10,610,Nucleus,"Nucleus, nucleolus"
Q12141,YGR027W-B,TY1B-GR1,1755,Nucleus,Cytoplasm; Nucleus
Q12142,YDL149W,ATG9,997,Mitochondria,Preautophagosomal structure membrane; Cytoplasmic vesicle membrane; Golgi apparatus membrane; Endoplasmic reticulum membrane; Mitochondrion membrane
Q12143,YPL233W,NSL1,216,Nucleus,"Nucleus; Chromosome, centromere, kinetochore"
Q12146,YOL146W,PSF3,194,Nucleus,Nucleus
Q12149,YOR001W,RRP6,733,Nucleus,"Nucleus, nucleolus; Nucleus"
Q12150,YLR087C,CSF1,2958,Mitochondria,Cell membrane; Endoplasmic reticulum membrane; Mitochondrion membrane
Q12151,YDR213W,UPC2,913,Nucleus,Nucleus
Q12154,YDL100C,GET3,354,Membrane_Secretory,Cytoplasm; Endoplasmic reticulum; Golgi apparatus
Q12156,YDR063W,AIM7,149,Nucleus,Cytoplasm; Nucleus
Q12158,YDL003W,MCD1,566,Nucleus,"Nucleus; Chromosome; Chromosome, centromere"
Q12159,YDR381W,YRA1,226,Nucleus,Nucleus
Q12161,YOL054W,PSH1,406,Nucleus,Nucleus
Q12164,YLL023C,POM33,279,Membrane_Secretory,"Endoplasmic reticulum membrane; Nucleus, nuclear pore complex"
Q12166,YOR108W,LEU9,604,Mitochondria,Mitochondrion
Q12168,YLR144C,ACF2,779,Cytoplasm,Cytoplasm
Q12173,YGR109W-A,TY3A-G,290,Cytoplasm,Cytoplasm
Q12176,YDR060W,MAK21,1025,Nucleus,"Nucleus, nucleolus"
Q12178,YPR062W,FCY1,158,Nucleus,Cytoplasm; Nucleus
Q12181,YPR048W,TAH18,623,Mitochondria,Cytoplasm; Mitochondrion
Q12184,YPL252C,YAH1,172,Mitochondria,Mitochondrion matrix
Q12186,YLR116W,MSL5,476,Nucleus,Nucleus
Q12188,YPR007C,REC8,680,Nucleus,"Nucleus; Chromosome; Chromosome, centromere"
Q12191,YDL099W,BUG1,341,Cytoplasm,"Cytoplasm; Golgi apparatus, cis-Golgi network membrane"
Q12193,YBR012W-B,TY1B-BR,1756,Nucleus,Cytoplasm; Nucleus
Q12196,YOR119C,RIO1,484,Cytoplasm,Cytoplasm
Q12198,YLL058W,HSU1,575,Cytoplasm,Cytoplasm
Q12200,YPL006W,NCR1,1170,Membrane_Secretory,Vacuole membrane
Q12207,YPR149W,NCE102,173,Membrane_Secretory,Cell membrane
Q12208,YLR132C,USB1,290,Nucleus,Nucleus; Mitochondrion
Q12211,YPL212C,PUS1,544,Nucleus,Nucleus
Q12213,YPL198W,RPL7B,244,Cytoplasm,Cytoplasm
Q12216,YOR156C,NFI1,726,Nucleus,Nucleus
Q12220,YLR129W,DIP2,943,Nucleus,"Nucleus, nucleolus"
Q12223,YDL059C,RAD59,238,Nucleus,Nucleus
Q12224,YPL089C,RLM1,676,Nucleus,Nucleus
Q12229,YDL091C,UBX3,455,Cytoplasm,Cytoplasm
Q12230,YPL004C,LSP1,341,Other,"Cytoplasm, cell cortex"
Q12236,YOL100W,PKH2,1081,Nucleus,"Nucleus; Cytoplasm, cell cortex"
Q12241,YOR106W,VAM3,283,Membrane_Secretory,Vacuole membrane
Q12242,YOR138C,RUP1,671,Nucleus,Cytoplasm; Nucleus
Q12245,YPL144W,POC4,148,Cytoplasm,Cytoplasm
Q12246,YOR171C,LCB4,624,Membrane_Secretory,Cell membrane; Endoplasmic reticulum membrane; Late endosome membrane; Golgi apparatus membrane
Q12248,YDR016C,DAD1,94,Nucleus,"Nucleus; Cytoplasm, cytoskeleton, spindle; Chromosome, centromere, kinetochore"
Q12255,YLR093C,NYV1,253,Membrane_Secretory,Vacuole membrane
Q12256,YOR273C,TPO4,659,Membrane_Secretory,Cell membrane
Q12259,YLR108C,,485,Nucleus,Nucleus
Q12262,YPR046W,MCM16,181,Nucleus,"Nucleus; Chromosome, centromere, kinetochore"
Q12263,YDR507C,GIN4,1142,Cytoplasm,Cytoplasm; Bud neck
Q12265,YOL061W,PRS5,496,Cytoplasm,Cytoplasm
Q12267,YLR086W,SMC4,1418,Nucleus,Nucleus; Cytoplasm; Chromosome
Q12269,YGR038C-B,TY1B-GR2,1755,Nucleus,Cytoplasm; Nucleus
Q12271,YOR109W,INP53,1107,Cytoplasm,Cytoplasm
Q12273,YOL103W-B,TY1B-OL,1755,Nucleus,Cytoplasm; Nucleus
Q12275,YOR093C,CRM2,1648,Mitochondria,Vacuole membrane; Mitochondrion membrane
Q12277,YDL111C,RRP42,265,Nucleus,"Cytoplasm; Nucleus, nucleolus"
Q12280,YPL242C,IQG1,1495,Cytoplasm,Bud neck
Q12284,YPR037C,ERV2,196,Membrane_Secretory,Endoplasmic reticulum membrane
Q12285,YOL111C,MDY2,212,Nucleus,"Cytoplasm, cytosol; Nucleus"
Q12287,YLL009C,COX17,69,Mitochondria,Mitochondrion intermembrane space
Q12292,YOL083W,ATG34,412,Other,Preautophagosomal structure membrane
Q12297,YPL011C,TAF3,353,Nucleus,Nucleus
Q12300,YDL138W,RGT2,763,Membrane_Secretory,Cell membrane
Q12303,YLR121C,YPS3,508,Membrane_Secretory,Cell membrane
Q12305,YOR285W,RDL1,139,Mitochondria,Mitochondrion
Q12308,YPL007C,TFC8,588,Nucleus,Nucleus
Q12309,YLR117C,CLF1,687,Nucleus,Nucleus
Q12311,YPR031W,NTO1,748,Nucleus,Cytoplasm; Nucleus
Q12315,YDL207W,GLE1,538,Nucleus,"Nucleus, nuclear pore complex; Nucleus membrane; Nucleus membrane"
Q12316,YGR161C-D,TY1B-GR3,1755,Nucleus,Cytoplasm; Nucleus
Q12317,YOL112W,MSB4,492,Cytoplasm,Cytoplasm; Bud; Bud neck
Q12318,YLR376C,PSY3,242,Nucleus,Nucleus
Q12320,YOR040W,GLO4,285,Mitochondria,Mitochondrion matrix
Q12321,YPR070W,MED1,566,Nucleus,Nucleus
Q12324,YOR087W,YVC1,675,Membrane_Secretory,Vacuole membrane
Q12328,YDL217C,TIM22,207,Mitochondria,Mitochondrion inner membrane
Q12330,YOR159C,SME1,94,Nucleus,Cytoplasm; Nucleus
Q12333,YOL152W,FRE7,620,Membrane_Secretory,Cell membrane
Q12334,YDL139C,SCM3,223,Nucleus,Nucleus
Q12339,YOR004W,UTP23,254,Nucleus,"Mitochondrion; Nucleus, nucleolus"
Q12341,YPL001W,HAT1,374,Nucleus,Cytoplasm; Nucleus
Q12343,YOR174W,MED4,284,Nucleus,Nucleus
Q12344,YPL249C,GYP5,894,Cytoplasm,Cytoplasm; Bud; Bud neck
Q12345,YLR052W,IES3,250,Nucleus,Nucleus
Q12348,YOL117W,RRI2,645,Nucleus,Cytoplasm; Nucleus
Q12349,YLR295C,ATP14,124,Mitochondria,Mitochondrion; Mitochondrion inner membrane
Q12355,YDR055W,PST1,444,Membrane_Secretory,"Cell membrane; Secreted, cell wall"
Q12361,YDL035C,GPR1,961,Membrane_Secretory,Cell membrane
Q12362,YOL066C,RIB2,591,Cytoplasm,Cytoplasm
Q12363,YOR230W,WTM1,437,Nucleus,Cytoplasm; Nucleus
Q12365,YPL255W,BBP1,385,Other,"Cytoplasm, cytoskeleton, microtubule organizing center, spindle pole body"
Q12366,YOL104C,NDJ1,352,Nucleus,"Nucleus; Chromosome, telomere"
Q12373,YLL022C,HIF1,385,Nucleus,Nucleus
Q12380,YPL149W,ATG5,294,Other,Preautophagosomal structure membrane
Q12382,YOR311C,DGK1,290,Nucleus,Endoplasmic reticulum membrane; Nucleus membrane
Q12383,YOL125W,TRM13,476,Nucleus,Cytoplasm; Nucleus
Q12386,YOR141C,ARP8,881,Nucleus,"Nucleus; Cytoplasm, cytoskeleton"
Q12389,YDL031W,DBP10,995,Nucleus,"Nucleus, nucleolus"
Q12396,YLR080W,EMP46,444,Membrane_Secretory,Golgi apparatus membrane; Endoplasmic reticulum membrane
Q12400,YOL093W,TRM10,293,Nucleus,Cytoplasm; Nucleus
Q12402,YPR028W,YOP1,180,Membrane_Secretory,Endoplasmic reticulum membrane; Golgi apparatus membrane
Q12404,YOR288C,MPD1,318,Other,Endoplasmic reticulum lumen
Q12406,YPR034W,ARP7,477,Nucleus,Nucleus
Q12411,YOL091W,SPO21,609,Other,"Prospore membrane; Cytoplasm, cytoskeleton, spindle pole"
Q12414,YPL257W-B,TY1B-PL,1755,Nucleus,Cytoplasm; Nucleus
Q12415,YOR110W,TFC7,435,Nucleus,Nucleus
Q12416,YOR083W,WHI5,295,Nucleus,Cytoplasm; Nucleus
Q12417,YPL151C,PRP46,451,Nucleus,Cytoplasm; Nucleus
Q12420,YOR308C,SNU66,587,Nucleus,Nucleus
Q12421,YDR022C,ATG31,196,Cytoplasm,"Cytoplasm, cytoskeleton; Preautophagosomal structure"
Q12425,YPR067W,ISA2,185,Mitochondria,Mitochondrion matrix
Q12429,YLR143W,DPH6,685,Cytoplasm,Cytoplasm
Q12432,YPR023C,EAF3,401,Nucleus,Nucleus
Q12433,YOR023C,AHC1,566,Nucleus,Cytoplasm; Nucleus
Q12438,YDL010W,GRX6,231,Membrane_Secretory,Vacuole
Q12440,YLR127C,APC2,853,Nucleus,Cytoplasm; Nucleus
Q12443,YDL204W,RTN2,393,Membrane_Secretory,Endoplasmic reticulum membrane
Q12445,YLR018C,POM34,299,Nucleus,"Nucleus, nuclear pore complex; Nucleus membrane"
Q12449,YDR214W,AHA1,350,Cytoplasm,Cytoplasm
Q12451,YDL019C,OSH2,1283,Membrane_Secretory,Cell membrane; Endoplasmic reticulum membrane
Q12452,YLR100W,ERG27,347,Membrane_Secretory,Endoplasmic reticulum membrane; Lipid droplet
Q12457,YDR026C,NSI1,570,Nucleus,"Nucleus, nucleolus"
Q12458,YDR368W,YPR1,312,Cytoplasm,Cytoplasm
Q12460,YLR197W,NOP56,504,Nucleus,"Nucleus, nucleolus"
Q12461,YPL152W,RRD2,358,Cytoplasm,Cytoplasm
Q12462,YOL147C,PEX11,236,Membrane_Secretory,Peroxisome membrane
Q12463,YOL124C,TRM11,433,Cytoplasm,Cytoplasm
Q12464,YPL235W,RVB2,471,Other,"Nucleus, nucleoplasm"
Q12465,YLR084C,RAX2,1220,Membrane_Secretory,Cell membrane; Bud neck; Bud tip
Q12466,YOR086C,TCB1,1186,Membrane_Secretory,Cell membrane; Endoplasmic reticulum membrane
Q12468,YDL216C,RRI1,440,Nucleus,Cytoplasm; Nucleus
Q12472,YDR034C-D,TY2B-DR1,1770,Nucleus,Cytoplasm; Nucleus
Q12473,YLL051C,FRE6,712,Membrane_Secretory,Vacuole membrane
Q12476,YDL175C,AIR2,344,Nucleus,Nucleus
Q12481,YOR287C,RRP36,300,Nucleus,"Nucleus, nucleolus"
Q12483,YPL002C,SNF8,233,Membrane_Secretory,Cytoplasm; Endosome membrane
Q12488,YDR013W,PSF1,208,Nucleus,Nucleus
Q12490,YBL005W-B,TY1B-BL,1755,Nucleus,Cytoplasm; Nucleus
Q12491,YBL100W-B,TY2B-B,1770,Nucleus,Cytoplasm; Nucleus
Q12494,YDR017C,KCS1,1050,Cytoplasm,Cytoplasm
Q12495,YPR018W,RLF2,606,Nucleus,Nucleus
Q12499,YOR310C,NOP58,511,Nucleus,"Nucleus, nucleolus"
Q12501,YOR343W-B,TY2B-OR2,1770,Nucleus,Cytoplasm; Nucleus
Q12502,YOR322C,LDB19,818,Membrane_Secretory,Cytoplasm; Golgi apparatus
Q12508,YDR255C,RMD5,421,Cytoplasm,Cytoplasm
Q12509,YLR085C,ARP6,438,Nucleus,Cytoplasm; Nucleus
Q12510,YDL156W,CMR1,522,Nucleus,Cytoplasm; Nucleus
Q12511,YOR090C,PTC5,572,Mitochondria,Mitochondrion intermembrane space
Q12513,YDL110C,TMA17,150,Nucleus,Cytoplasm; Nucleus
Q12514,YPR072W,NOT5,560,Nucleus,Cytoplasm; Nucleus
Q12517,YOL149W,DCP1,231,Cytoplasm,"Cytoplasm, P-body"
Q12518,YDL161W,ENT1,454,Membrane_Secretory,Cytoplasm; Membrane
Q12522,YPR016C,TIF6,245,Nucleus,"Cytoplasm; Nucleus, nucleolus"
Q12524,YLR151C,PCD1,340,Membrane_Secretory,Peroxisome
Q12527,YPR049C,ATG11,1178,Membrane_Secretory,Preautophagosomal structure membrane; Vacuole membrane
Q12530,YLR145W,RMP1,201,Nucleus,Membrane; Cytoplasm; Nucleus
Q12532,YPL009C,RQC2,1038,Cytoplasm,Cytoplasm
Q12674,YMR162C,DNF3,1656,Membrane_Secretory,"Golgi apparatus, trans-Golgi network membrane; Endosome membrane"
Q12675,YDR093W,DNF2,1612,Membrane_Secretory,Cell membrane
Q12691,YDR038C,ENA5,1091,Membrane_Secretory,Cell membrane
Q12692,YOL012C,HTZ1,134,Nucleus,Nucleus; Chromosome
Q12697,YOR291W,YPK9,1472,Membrane_Secretory,Vacuole membrane
Q12734,YPR030W,CSR2,1121,Nucleus,Cytoplasm; Nucleus
Q12745,YLR440C,SEC39,709,Membrane_Secretory,Endoplasmic reticulum membrane
Q12746,YML125C,PGA3,312,Membrane_Secretory,Cell membrane; Endoplasmic reticulum membrane
Q12748,YLR381W,CTF3,733,Nucleus,"Nucleus; Chromosome, centromere, kinetochore"
Q12749,YLR383W,SMC6,1114,Nucleus,Nucleus; Chromosome
Q12754,YPL012W,RRP12,1228,Nucleus,"Cytoplasm; Nucleus, nucleolus"
Q3E731,YLL018C-A,COX19,98,Mitochondria,"Cytoplasm, cytosol; Mitochondrion intermembrane space"
Q3E754,YJL136C,RPS21B,87,Cytoplasm,Cytoplasm
Q3E757,YGR085C,RPL11B,174,Nucleus,Cytoplasm; Nucleus
Q3E772,YGR169C-A,LSO2,92,Nucleus,Nucleus; Cytoplasm
Q3E792,YGR027C,RPS25A,108,Cytoplasm,Cytoplasm
Q3E793,YAL044W-A,BOL1,110,Mitochondria,Mitochondrion matrix
Q3E7A4,YBL059C-A,CMC2,109,Mitochondria,Mitochondrion inner membrane; Mitochondrion intermembrane space
Q3E7B2,YJL062W-A,COA3,85,Mitochondria,Mitochondrion inner membrane
Q3E7B6,YCL005W-A,VMA9,73,Membrane_Secretory,Vacuole membrane
Q3E7C1,YDR079C-A,TFB5,72,Nucleus,Nucleus
Q3E7X9,YOR167C,RPS28A,67,Cytoplasm,Cytoplasm
Q3E833,YKR095W-A,PCC1,88,Nucleus,"Nucleus; Chromosome, telomere"
Q3E840,YBL071W-A,KTI11,82,Nucleus,Cytoplasm; Nucleus
Q3E846,YMR244C-A,COA6,104,Nucleus,Cytoplasm; Nucleus; Mitochondrion intermembrane space
Q6Q547,YHR072W-A,NOP10,58,Nucleus,"Nucleus, nucleolus"
Q6WNK7,YBR111W-A,SUS1,96,Cytoplasm,"Nucleus, nucleoplasm; Cytoplasm, P-body"
Q7LHG5,YIL082W-A,TY3B-I,1498,Nucleus,Cytoplasm; Nucleus
Q92316,YGL226C-A,OST5,86,Membrane_Secretory,Endoplasmic reticulum membrane
Q92317,YDR397C,NCB2,146,Nucleus,Nucleus
Q92328,YOL009C,MDM12,271,Mitochondria,Mitochondrion outer membrane; Endoplasmic reticulum membrane
Q92331,YOR069W,VPS5,675,Membrane_Secretory,Cytoplasm; Golgi apparatus membrane; Endosome membrane
Q92393,YOR142W-B,TY1B-OR,1755,Nucleus,Cytoplasm; Nucleus
Q96VH5,YCL057C-A,MIC10,97,Mitochondria,Mitochondrion inner membrane
Q99176,YLR119W,SRN2,213,Membrane_Secretory,Cytoplasm; Endosome; Late endosome membrane
Q99186,YOL062C,APM4,491,Other,"Membrane, clathrin-coated pit; Cytoplasmic vesicle, clathrin-coated vesicle membrane"
Q99190,YDL015C,TSC13,310,Membrane_Secretory,Endoplasmic reticulum membrane
Q99207,YDL148C,NOP14,810,Nucleus,"Nucleus, nucleolus"
Q99210,YOR111W,,232,Cytoplasm,Cytoplasm
Q99216,YOR145C,PNO1,274,Nucleus,"Cytoplasm; Nucleus, nucleolus"
Q99219,YIL082W,TY3A-I,290,Cytoplasm,Cytoplasm
Q99220,YDR057W,YOS9,542,Membrane_Secretory,Endoplasmic reticulum membrane
Q99222,YOR129C,AFI1,893,Other,"Cytoplasm, perinuclear region; Cytoplasm, cell cortex"
Q99231,YDR210C-D,TY1B-DR3,1755,Nucleus,Cytoplasm; Nucleus
Q99257,YPL169C,MEX67,599,Nucleus,Nucleus; Cytoplasm
Q99258,YDR487C,RIB3,208,Nucleus,Cytoplasm; Nucleus; Mitochondrion intermembrane space
Q99260,YLR262C,YPT6,215,Membrane_Secretory,Cell membrane
Q99271,YLR138W,NHA1,985,Membrane_Secretory,Cell membrane
Q99278,YMR112C,MED11,115,Nucleus,Nucleus
Q99287,YOR165W,SEY1,776,Membrane_Secretory,Endoplasmic reticulum membrane
Q99299,YPL158C,AIM44,758,Cytoplasm,Bud neck
Q99314,YOR213C,SAS5,248,Nucleus,Nucleus
Q99315,YGR109W-B,TY3B-G,1547,Nucleus,Cytoplasm; Nucleus
Q99321,YOR163W,DDP1,188,Nucleus,Cytoplasm; Nucleus
Q99325,YOR152C,ATG40,256,Membrane_Secretory,Endoplasmic reticulum membrane; Preautophagosomal structure membrane
Q99337,YNL054W-B,TY1B-NL2,1749,Nucleus,Cytoplasm; Nucleus
Q99380,YDL232W,OST4,36,Membrane_Secretory,Endoplasmic reticulum membrane
Q99383,YOL123W,HRP1,534,Nucleus,"Cytoplasm; Nucleus; Cytoplasm, Stress granule"
Q99385,YDL128W,VCX1,411,Membrane_Secretory,Vacuole membrane
Q99394,YOR115C,TRS33,268,Membrane_Secretory,"Golgi apparatus, cis-Golgi network; Endoplasmic reticulum; Preautophagosomal structure"
Q9URQ3,YLR316C,TAD3,322,Nucleus,Cytoplasm; Nucleus; Peroxisome
Q9URQ5,YCR020W-B,HTL1,78,Nucleus,Nucleus
Q9ZZW7,Q0115,BI3,517,Mitochondria,Mitochondrion inner membrane
Q9ZZX1,Q0070,AI5_ALPHA,630,Mitochondria,Mitochondrion; Membrane
D6W196,YNL083W,SAL1,494,Mitochondria,Mitochondrion inner membrane
O13577,YLR437C,DIF1,133,Nucleus,Cytoplasm; Nucleus
O14464,YPL183W-A,RTC6,93,Mitochondria,Mitochondrion
O14468,YOR304C-A,,76,Cytoplasm,Cytoplasm; Bud; Bud neck
P00045,YEL039C,CYC7,113,Mitochondria,Mitochondrion intermembrane space
P00425,YIL111W,COX5B,151,Mitochondria,Mitochondrion inner membrane
P00427,YHR051W,COX6,148,Mitochondria,Mitochondrion inner membrane
P00447,YHR008C,SOD2,233,Mitochondria,Mitochondrion matrix
P00856,Q0080,ATP8,48,Mitochondria,Mitochondrion membrane
P01098,YDL130W-A,STF1,86,Mitochondria,Mitochondrion
P02381,Q0140,VAR1,398,Mitochondria,Mitochondrion
P03872,R0040C,REP2,296,Nucleus,Nucleus
P03882,Q0160,SCEI,235,Mitochondria,Mitochondrion
P04173,YCL018W,LEU2,364,Cytoplasm,Cytoplasm
P04650,YJL189W,RPL39,51,Cytoplasm,Cytoplasm
P04801,YIL078W,THS1,734,Cytoplasm,Cytoplasm
P04803,YDR268W,MSW1,379,Mitochondria,Mitochondrion matrix
P05085,YML099C,ARG81,880,Nucleus,Cytoplasm; Nucleus
P05316,YBR021W,FUR4,633,Membrane_Secretory,Membrane
P05626,YPL078C,ATP4,244,Mitochondria,Mitochondrion; Mitochondrion inner membrane
P05738,YGL147C,RPL9A,191,Cytoplasm,Cytoplasm
P05743,YLR344W,RPL26A,127,Cytoplasm,Cytoplasm
P05747,YFR032C-A,RPL29,59,Cytoplasm,Cytoplasm
P05749,YLR061W,RPL22A,121,Cytoplasm,Cytoplasm
P06182,YAL039C,CYC3,269,Mitochondria,Mitochondrion inner membrane; Mitochondrion intermembrane space
P06775,YGR191W,HIP1,603,Membrane_Secretory,Membrane
P06783,YKL178C,STE3,470,Membrane_Secretory,Membrane
P07253,YBR120C,CBP6,162,Mitochondria,Mitochondrion
P07266,YIR021W,MRS1,363,Mitochondria,Mitochondrion matrix
P07275,YHR037W,PUT2,575,Mitochondria,Mitochondrion inner membrane
P07806,YGR094W,VAS1,1104,Mitochondria,Mitochondrion
P08465,YNL277W,MET2,486,Cytoplasm,Cytoplasm
P09368,YLR142W,PUT1,476,Mitochondria,Mitochondrion matrix
P09436,YBL076C,ILS1,1072,Cytoplasm,Cytoplasm
P09457,YDR298C,ATP5,212,Mitochondria,Mitochondrion; Mitochondrion inner membrane
P0C074,YNL138W-A,YSF3,85,Nucleus,Nucleus
P0C0W1,YJL190C,RPS22A,130,Cytoplasm,Cytoplasm
P0C2H6,YHR010W,RPL27A,136,Cytoplasm,Cytoplasm
P0C2H8,YDL075W,RPL31A,113,Cytoplasm,Cytoplasm
P0C2H9,YLR406C,RPL31B,113,Cytoplasm,Cytoplasm
P0CD90,YLL052C,AQY2,149,Membrane_Secretory,Endoplasmic reticulum membrane; Cell membrane
P0CD99,YDL247W,MPH2,609,Membrane_Secretory,Cell membrane
P0CE00,YJR160C,MPH3,602,Membrane_Secretory,Cell membrane
P0CE68,YKR103W,NFT1,1218,Membrane_Secretory,Membrane
P0CW40,YIL172C,IMA3,589,Cytoplasm,Cytoplasm
P0CX26,YJR094W-A,RPL43B,92,Cytoplasm,Cytoplasm
P0CX33,YLR287C-A,RPS30A,63,Cytoplasm,Cytoplasm
P0CX34,YOR182C,RPS30B,63,Cytoplasm,Cytoplasm
P0CX39,YBL072C,RPS8A,200,Cytoplasm,Cytoplasm
P0CX40,YER102W,RPS8B,200,Cytoplasm,Cytoplasm
P0CX52,YDL083C,RPS16B,143,Cytoplasm,Cytoplasm
P0CX86,YDL184C,RPL41A,25,Cytoplasm,Cytoplasm
P0CX87,YDL133C-A,RPL41B,25,Cytoplasm,Cytoplasm
P10355,YER153C,PET122,254,Mitochondria,Mitochondrion inner membrane
P10566,YJL133W,MRS3,314,Mitochondria,Mitochondrion inner membrane
P10834,YGR222W,PET54,293,Mitochondria,Mitochondrion inner membrane
P10849,YDL044C,MTF2,440,Mitochondria,Mitochondrion matrix
P12685,YJL129C,TRK1,1235,Membrane_Secretory,Membrane
P12887,YML021C,UNG1,359,Nucleus,Mitochondrion; Nucleus
P13090,YML116W,ATR1,542,Membrane_Secretory,Membrane
P13181,YLR081W,GAL2,574,Membrane_Secretory,Membrane
P13433,YFL036W,RPO41,1351,Mitochondria,Mitochondrion
P13711,YGL205W,POX1,748,Membrane_Secretory,Peroxisome
P13902,YOL108C,INO4,151,Nucleus,Nucleus
P14063,YKL138C,MRPL31,131,Mitochondria,Mitochondrion
P14066,YDL069C,CBS1,229,Mitochondria,Mitochondrion inner membrane
P14359,YJL151C,SNA3,133,Membrane_Secretory,Membrane; Late endosome membrane; Vacuole lumen; Cytoplasmic vesicle membrane
P15179,YPL104W,MSD1,658,Mitochondria,Mitochondrion matrix
P15365,YJR152W,DAL5,543,Membrane_Secretory,Membrane
P15380,YOR348C,PUT4,627,Membrane_Secretory,Membrane
P16965,YGR008C,STF2,84,Mitochondria,Mitochondrion; Cytoplasm
P17121,YDR389W,SAC7,654,Cytoplasm,"Cytoplasm, cytoskeleton"
P17261,YCR075C,ERS1,260,Membrane_Secretory,Endosome membrane; Vacuole membrane
P18414,YBL040C,ERD2,219,Membrane_Secretory,Endoplasmic reticulum membrane
P18494,YER040W,GLN3,730,Nucleus,Nucleus
P18496,YLR393W,ATP10,279,Mitochondria,Mitochondrion inner membrane
P18544,YOL140W,ARG8,423,Mitochondria,Mitochondrion matrix
P18900,YBR003W,COQ1,473,Mitochondria,Mitochondrion inner membrane
P18963,YBR140C,IRA1,3092,Cytoplasm,Cytoplasm
P19158,YOL081W,IRA2,3079,Cytoplasm,Cytoplasm
P20084,YMR286W,MRPL33,86,Mitochondria,Mitochondrion
P21306,YPL271W,ATP15,62,Mitochondria,Mitochondrion; Mitochondrion inner membrane
P21657,YIR023W,DAL81,970,Nucleus,Nucleus
P22023,YOR336W,KRE5,1365,Other,Endoplasmic reticulum lumen
P22035,YKR099W,BAS1,811,Nucleus,Nucleus
P22134,YER142C,MAG1,296,Nucleus,Nucleus
P22135,YJL180C,ATP12,325,Mitochondria,Mitochondrion; Mitochondrion intermembrane space
P22136,YMR282C,AEP2,580,Mitochondria,Mitochondrion
P22353,YJL063C,MRPL8,238,Mitochondria,Mitochondrion
P22354,YKR085C,MRPL20,195,Mitochondria,Mitochondrion
P22438,YGR171C,MSM1,575,Mitochondria,Mitochondrion matrix
P23180,YHL021C,AIM17,465,Mitochondria,Mitochondrion
P23248,YML063W,RPS1B,255,Cytoplasm,Cytoplasm
P23369,YGR076C,MRPL25,157,Mitochondria,Mitochondrion
P23500,YKR052C,MRS4,304,Mitochondria,Mitochondrion inner membrane
P23501,YKR053C,YSR3,404,Membrane_Secretory,Endoplasmic reticulum membrane
P23624,YHR014W,SPO13,291,Nucleus,Nucleus
P23641,YJR077C,MIR1,311,Mitochondria,Mitochondrion inner membrane
P24000,YGR148C,RPL24B,155,Cytoplasm,Cytoplasm
P24521,YMR220W,ERG8,451,Cytoplasm,Cytoplasm
P25038,YOL023W,IFM1,676,Mitochondria,Mitochondrion
P25039,YLR069C,MEF1,761,Mitochondria,Mitochondrion
P25270,YOR201C,MRM1,412,Mitochondria,Mitochondrion
P25332,YCR036W,RBK1,333,Nucleus,Cytoplasm; Nucleus
P25334,YCR069W,CPR4,318,Membrane_Secretory,Membrane
P25337,YCR063W,BUD31,157,Nucleus,Nucleus
P25338,YGL010W,MPO1,174,Membrane_Secretory,Endoplasmic reticulum membrane
P25345,YCR024C,SLM5,492,Mitochondria,Mitochondrion matrix
P25356,YCR032W,BPH1,2167,Membrane_Secretory,Cytoplasm; Membrane
P25365,YCR067C,SED4,1065,Membrane_Secretory,Endoplasmic reticulum membrane; Golgi apparatus membrane
P25367,YCL028W,RNQ1,405,Nucleus,Cytoplasm; Nucleus
P25371,YCR011C,ADP1,1049,Membrane_Secretory,Endoplasmic reticulum membrane
P25379,YCL064C,CHA1,360,Mitochondria,Mitochondrion
P25381,YCR045C,RRT12,491,Other,Spore wall
P25560,YCL001W,RER1,188,Membrane_Secretory,Golgi apparatus membrane
P25567,YCL037C,SRO9,434,Cytoplasm,Cytoplasm
P25578,YCL004W,PGS1,521,Mitochondria,Mitochondrion
P25580,YCL052C,PBN1,416,Membrane_Secretory,Endoplasmic reticulum membrane
P25594,YCL069W,VBA3,458,Membrane_Secretory,Vacuole membrane
P25596,YCL073C,GEX1,615,Membrane_Secretory,Cell membrane; Vacuole membrane
P25621,YCR028C,FEN2,512,Membrane_Secretory,Cell membrane
P25625,YCR044C,PER1,357,Membrane_Secretory,Endoplasmic reticulum membrane
P25626,YCR046C,IMG1,169,Mitochondria,Mitochondrion
P25628,YCR048W,ARE1,610,Membrane_Secretory,Endoplasmic reticulum membrane
P25649,YCR082W,AHC2,128,Nucleus,Cytoplasm; Nucleus
P26343,YKR034W,DAL80,269,Nucleus,Nucleus
P26637,YPL160W,CDC60,1090,Cytoplasm,Cytoplasm
P26725,YJL139C,YUR1,428,Membrane_Secretory,Golgi apparatus membrane
P26798,YDR123C,INO2,304,Nucleus,Nucleus
P28239,YMR267W,PPA2,310,Mitochondria,Mitochondrion
P28584,YKR050W,TRK2,889,Membrane_Secretory,Membrane
P29467,YER044C-A,MEI4,408,Nucleus,Nucleus; Chromosome
P29478,YML105C,SEC65,273,Cytoplasm,Cytoplasm
P30606,YOL103W,ITR2,609,Membrane_Secretory,Cell membrane
P30775,YGL143C,MRF1,413,Mitochondria,Mitochondrion
P31334,YGR220C,MRPL9,269,Mitochondria,Mitochondrion
P31379,YAL018C,LDS1,325,Membrane_Secretory,Prospore membrane; Lipid droplet; Spore wall
P31381,YAL022C,FUN26,517,Membrane_Secretory,Membrane
P32191,YIL155C,GUT2,649,Mitochondria,Mitochondrion inner membrane; Mitochondrion intermembrane space
P32264,YDR300C,PRO1,428,Cytoplasm,Cytoplasm
P32331,YPR058W,YMC1,307,Mitochondria,Mitochondrion inner membrane
P32339,YLR205C,HMX1,317,Membrane_Secretory,Endoplasmic reticulum membrane
P32341,YKL119C,VPH2,215,Membrane_Secretory,Endoplasmic reticulum membrane
P32378,YNR041C,COQ2,372,Mitochondria,Mitochondrion inner membrane
P32451,YGR286C,BIO2,375,Mitochondria,Mitochondrion
P32453,YNL315C,ATP11,318,Mitochondria,Mitochondrion
P32469,YLR172C,DPH5,300,Cytoplasm,Cytoplasm
P32487,YNL268W,LYP1,611,Membrane_Secretory,Membrane
P32489,YPL121C,MEI5,222,Nucleus,Nucleus
P32522,YLR067C,PET309,965,Mitochondria,Mitochondrion inner membrane
P32525,YJL201W,ECM25,599,Cytoplasm,Cytoplasm
P32559,YMR023C,MSS1,526,Mitochondria,Mitochondrion
P32603,YOR190W,SPR1,445,Membrane_Secretory,Secreted
P32611,YEL050C,RML2,393,Mitochondria,Mitochondrion
P32613,YEL048C,TCA17,152,Other,"Golgi apparatus, trans-Golgi network"
P32626,YEL038W,UTR4,227,Nucleus,Cytoplasm; Nucleus
P32656,YER163C,GCG1,232,Nucleus,Cytoplasm; Nucleus
P32775,YEL011W,GLC3,704,Cytoplasm,Cytoplasm
P32785,YBL013W,FMT1,401,Mitochondria,Mitochondrion; Mitochondrion matrix; Cytoplasm
P32786,YBL014C,RRN6,894,Nucleus,"Cytoplasm; Nucleus, nucleolus"
P32787,YJR144W,MGM101,269,Other,"Mitochondrion matrix, mitochondrion nucleoid"
P32788,YBL010C,LAA2,280,Other,"Cytoplasmic vesicle, clathrin-coated vesicle"
P32804,YGL255W,ZRT1,376,Membrane_Secretory,Membrane
P32805,YGL254W,FZF1,299,Nucleus,Nucleus
P32836,YOR185C,GSP2,220,Nucleus,Nucleus
P32837,YDL210W,UGA4,571,Membrane_Secretory,Vacuole membrane
P32841,YMR133W,REC114,428,Nucleus,Nucleus; Chromosome
P32843,YMR302C,YME2,850,Mitochondria,Mitochondrion inner membrane
P32875,YOR196C,LIP5,414,Mitochondria,Mitochondrion
P32904,YHR147C,MRPL6,214,Mitochondria,Mitochondrion
P32907,YNR002C,ATO2,282,Membrane_Secretory,Cell membrane
P33200,YBL005W,PDR3,976,Nucleus,Nucleus
P33311,YPL270W,MDL2,773,Mitochondria,Mitochondrion inner membrane
P33411,YGR006W,PRP18,251,Nucleus,Nucleus
P33412,YGR007W,ECT1,323,Nucleus,Cytoplasm; Nucleus
P33550,YKR061W,KTR2,425,Membrane_Secretory,Golgi apparatus membrane
P33890,YOR010C,TIR2,251,Membrane_Secretory,"Secreted, cell wall; Membrane"
P33893,YBL080C,PET112,541,Mitochondria,Mitochondrion
P33894,YOR219C,STE13,931,Membrane_Secretory,Vacuole membrane
P34072,YNL076W,MKS1,584,Nucleus,Nucleus
P34165,YDR461W,MFA1,36,Membrane_Secretory,Cell membrane
P34166,YNL145W,MFA2,38,Membrane_Secretory,Cell membrane
P34222,YBL057C,PTH2,208,Cytoplasm,Cytoplasm
P34232,YKL186C,MTR2,184,Nucleus,Nucleus
P34237,YKL179C,COY1,679,Membrane_Secretory,Golgi apparatus membrane
P34240,YKL175W,ZRT3,503,Membrane_Secretory,Vacuole membrane
P34248,YKL100C,,587,Membrane_Secretory,Membrane; Endoplasmic reticulum membrane
P34253,YKL110C,KTI12,313,Nucleus,Cytoplasm; Nucleus
P35178,YDR087C,RRP1,278,Nucleus,"Nucleus, nucleolus"
P35183,YBL069W,AST1,429,Membrane_Secretory,Cell membrane; Membrane raft; Golgi apparatus membrane; Late endosome membrane
P35723,YKL065C,YET1,206,Membrane_Secretory,Endoplasmic reticulum membrane
P35727,YKL061W,BLI1,113,Membrane_Secretory,Endosome
P35731,YKL055C,OAR1,278,Mitochondria,Mitochondrion
P35996,YKL170W,MRPL38,138,Mitochondria,Mitochondrion
P36001,YKL132C,RMA1,430,Mitochondria,Mitochondrion
P36004,YKL168C,KKQ8,724,Cytoplasm,Cytoplasm
P36013,YKL029C,MAE1,669,Mitochondria,Mitochondrion matrix
P36023,YKR064W,OAF3,863,Nucleus,Cytoplasm; Nucleus; Mitochondrion
P36029,YKL174C,TPO5,618,Membrane_Secretory,Golgi apparatus membrane
P36036,YKL214C,YRA2,203,Nucleus,Nucleus
P36039,YKL207W,EMC3,253,Membrane_Secretory,Endoplasmic reticulum membrane
P36040,YKL206C,ADD66,267,Cytoplasm,Cytoplasm
P36053,YKL160W,ELF1,145,Nucleus,Nucleus
P36059,YKL151C,NNR2,337,Cytoplasm,Cytoplasm
P36062,YKL146W,AVT3,692,Membrane_Secretory,Vacuole membrane
P36064,YKL137W,CMC1,111,Mitochondria,Mitochondrion inner membrane; Mitochondrion intermembrane space
P36069,YKL128C,PMU1,295,Nucleus,Cytoplasm; Nucleus
P36070,YKL125W,RRN3,627,Nucleus,Nucleus
P36093,YKL043W,PHD1,366,Nucleus,Nucleus
P36097,YKL033W,TTI1,1038,Nucleus,Cytoplasm; Nucleus
P36101,YKL027W,TCD2,447,Mitochondria,Mitochondrion outer membrane
P36106,YKL005C,BYE1,594,Nucleus,Nucleus
P36110,YKR013W,PRY2,329,Membrane_Secretory,Secreted
P36139,YKR046C,PET10,283,Membrane_Secretory,Lipid droplet; Membrane
P36144,YKR060W,UTP30,274,Nucleus,"Nucleus, nucleolus"
P36145,YKR062W,TFA2,328,Nucleus,Nucleus
P36147,YKR065C,PAM17,197,Mitochondria,Mitochondrion inner membrane
P36159,YKR079C,TRZ1,838,Nucleus,Cytoplasm; Nucleus
P36164,YKR088C,TVP38,337,Membrane_Secretory,Golgi apparatus membrane
P36167,YKR091W,SRL3,246,Cytoplasm,Cytoplasm
P36168,YKR096W,ESL2,1195,Nucleus,Cytoplasm; Nucleus; Peroxisome
P36169,YKR100C,SKG1,355,Membrane_Secretory,Cell membrane; Bud membrane
P36173,YKR106W,GEX2,615,Membrane_Secretory,Cell membrane; Vacuole membrane
P36224,YMR294W,JNM1,373,Cytoplasm,"Cytoplasm, cytoskeleton"
P36519,YDR237W,MRPL7,292,Mitochondria,Mitochondrion
P36521,YDL202W,MRPL11,249,Mitochondria,Mitochondrion
P36523,YLR312W-A,MRPL15,253,Mitochondria,Mitochondrion
P36526,YBR282W,MRPL27,146,Mitochondria,Mitochondrion
P36527,YDR462W,MRPL28,147,Mitochondria,Mitochondrion
P36532,YBR268W,MRPL37,105,Mitochondria,Mitochondrion
P36533,YML009C,MRPL39,70,Mitochondria,Mitochondrion
P36534,YPL173W,MRPL40,297,Mitochondria,Mitochondrion
P37254,YNR033W,ABZ1,787,Cytoplasm,Cytoplasm
P37261,YCL026C-A,FRM2,193,Nucleus,Cytoplasm; Nucleus
P37262,YCR073W-A,SOL2,315,Cytoplasm,Cytoplasm
P37263,YCR087C-A,,153,Nucleus,"Nucleus, nucleolus"
P37302,YBR286W,APE3,537,Membrane_Secretory,Vacuole
P38064,YBL038W,MRPL16,232,Mitochondria,Mitochondrion
P38065,YBL037W,APL3,1025,Membrane_Secretory,"Cell membrane; Membrane, coated pit"
P38072,YBR024W,SCO2,301,Mitochondria,Mitochondrion inner membrane
P38082,YBR066C,NRG2,220,Nucleus,Nucleus
P38090,YBR132C,AGP2,596,Membrane_Secretory,Membrane
P38113,YBR145W,ADH5,351,Cytoplasm,Cytoplasm
P38114,YBR150C,TBS1,1094,Nucleus,Nucleus membrane; Mitochondrion membrane
P38120,YBR146W,MRPS9,278,Mitochondria,Mitochondrion
P38126,YBR186W,PCH2,564,Nucleus,"Nucleus, nucleolus; Chromosome"
P38131,YBR199W,KTR4,464,Membrane_Secretory,Membrane
P38151,YBR233W,PBP2,413,Nucleus,Nucleus
P38152,YBR291C,CTP1,299,Mitochondria,Mitochondrion inner membrane
P38162,YBL107C,MIX23,196,Mitochondria,Mitochondrion intermembrane space
P38164,YBL104C,SEA4,1038,Membrane_Secretory,Cytoplasm; Vacuole membrane
P38166,YBL102W,SFT2,215,Membrane_Secretory,Golgi apparatus membrane
P38175,YBL090W,MRP21,177,Mitochondria,Mitochondrion
P38179,YBL082C,ALG3,458,Membrane_Secretory,Endoplasmic reticulum membrane
P38196,YBL042C,FUI1,639,Membrane_Secretory,Membrane
P38204,YBL025W,RRN10,145,Nucleus,"Nucleus, nucleolus"
P38206,YBL020W,RFT1,574,Membrane_Secretory,Endoplasmic reticulum membrane
P38210,YBL006C,LDB7,180,Nucleus,Nucleus
P38219,YBR025C,OLA1,394,Cytoplasm,Cytoplasm
P38222,YBR030W,RKM3,552,Nucleus,Nucleus
P38224,YBR040W,FIG1,298,Membrane_Secretory,Membrane
P38226,YBR042C,CST26,397,Membrane_Secretory,Lipid droplet
P38254,YBR094W,PBY1,753,Cytoplasm,"Cytoplasm; Cytoplasm, P-body"
P38276,YBR137W,,179,Cytoplasm,Cytoplasm
P38278,YBR141C,BMT2,337,Nucleus,"Nucleus, nucleolus"
P38288,YBR162C,TOS1,455,Membrane_Secretory,"Secreted; Secreted, cell wall"
P38314,YBR214W,SDS24,527,Cytoplasm,Cytoplasm
P38315,YBR216C,YBP1,674,Cytoplasm,Cytoplasm
P38337,YBR258C,SHG1,142,Nucleus,Nucleus
P38347,YBR271W,EFM2,419,Cytoplasm,Cytoplasm
P38349,YBR273C,UBX7,436,Membrane_Secretory,Endoplasmic reticulum
P38359,YBR294W,SUL1,859,Membrane_Secretory,Membrane
P38616,YNL160W,YGP1,354,Membrane_Secretory,Secreted
P38620,YER099C,PRS2,318,Cytoplasm,Cytoplasm
P38625,YMR217W,GUA1,525,Cytoplasm,"Cytoplasm, cytosol"
P38699,YHR178W,STB5,743,Nucleus,Nucleus
P38705,YHR011W,DIA4,446,Mitochondria,Mitochondrion matrix
P38724,YHL047C,ARN2,620,Membrane_Secretory,Endosome membrane
P38727,YHL044W,DFP4,235,Membrane_Secretory,Cell membrane
P38732,YHL039W,EFM1,585,Cytoplasm,Cytoplasm
P38735,YHL035C,VMR1,1592,Membrane_Secretory,Vacuole membrane
P38748,YHL010C,ETP1,585,Cytoplasm,Cytoplasm
P38749,YHL009C,YAP3,330,Nucleus,Cytoplasm; Nucleus
P38751,YHL006C,SHU1,150,Nucleus,Nucleus
P38756,YHR003C,TCD1,429,Mitochondria,Mitochondrion outer membrane
P38760,YHR015W,MIP6,659,Cytoplasm,Cytoplasm
P38769,YHR035W,NEL1,630,Nucleus,Cytoplasm; Nucleus
P38772,YHR040W,BCD1,366,Nucleus,Nucleus
P38777,YHR049W,FSH1,243,Nucleus,Cytoplasm; Nucleus
P38783,YHR059W,FYV4,130,Mitochondria,Mitochondrion
P38798,YHR077C,NMD2,1089,Cytoplasm,Cytoplasm
P38812,YHR100C,GEP4,185,Mitochondria,Mitochondrion inner membrane
P38813,YHR101C,BIG1,335,Membrane_Secretory,Endoplasmic reticulum membrane
P38816,YHR106W,TRR2,342,Mitochondria,Mitochondrion
P38818,YHR109W,CTM1,585,Cytoplasm,"Cytoplasm, cytosol"
P38824,YHR116W,COX23,151,Mitochondria,Cytoplasm; Mitochondrion intermembrane space
P38837,YHR133C,NSG1,291,Membrane_Secretory,Endoplasmic reticulum membrane
P38858,YHR163W,SOL3,249,Nucleus,Cytoplasm; Nucleus
P38860,YHR168W,MTG2,518,Mitochondria,Mitochondrion inner membrane
P38865,YHR175W,CTR2,189,Membrane_Secretory,Vacuole membrane
P38871,YHR184W,SSP1,571,Other,Prospore membrane
P38876,YHR189W,PTH1,190,Mitochondria,Mitochondrion
P38877,YHR191C,CTF8,133,Nucleus,Nucleus
P38880,YHR194W,MDM31,579,Mitochondria,Mitochondrion inner membrane
P38892,YHR209W,CRG1,291,Cytoplasm,Cytoplasm
P38904,YDR464W,SPP41,1435,Nucleus,Nucleus
P38909,YOR037W,CYC2,366,Mitochondria,Mitochondrion inner membrane
P38913,YDL045C,FAD1,306,Nucleus,"Cytoplasm, cytosol; Mitochondrion; Nucleus"
P38921,YNL003C,PET8,284,Mitochondria,Mitochondrion; Mitochondrion inner membrane
P38957,YDR078C,SHU2,223,Nucleus,Nucleus
P38962,YDR084C,TVP23,199,Membrane_Secretory,Golgi apparatus membrane
P38966,YDR089W,VTC5,869,Membrane_Secretory,Vacuole membrane
P38972,YGR061C,ADE6,1358,Cytoplasm,Cytoplasm
P38986,YDR321W,ASP1,381,Cytoplasm,Cytoplasm
P38988,YDL198C,GGC1,300,Mitochondria,Mitochondrion inner membrane
P39000,YER096W,SHC1,512,Cytoplasm,Cytoplasm; Cytoplasmic granule membrane
P39076,YIL142W,CCT2,527,Cytoplasm,Cytoplasm
P39077,YJL014W,CCT3,534,Cytoplasm,Cytoplasm
P39079,YDR188W,CCT6,546,Cytoplasm,Cytoplasm
P39102,YLR090W,XDJ1,459,Mitochondria,Mitochondrion outer membrane
P39103,YML129C,COX14,70,Mitochondria,Mitochondrion membrane
P39106,YER001W,MNN1,762,Membrane_Secretory,Golgi apparatus membrane
P39535,YJL198W,PHO90,881,Membrane_Secretory,Cell membrane
P39543,YJL192C,SOP4,234,Membrane_Secretory,Endoplasmic reticulum membrane
P39548,YAR028W,KTD1,234,Membrane_Secretory,"Vacuole membrane; Golgi apparatus, trans-Golgi network membrane; Endosome membrane"
P39677,YJL102W,MEF2,819,Mitochondria,Mitochondrion
P39684,YFR023W,PES4,611,Nucleus,Nucleus
P39709,YAL067C,SEO1,593,Membrane_Secretory,Membrane
P39712,YAL063C,FLO9,1322,Membrane_Secretory,"Secreted, cell wall; Membrane"
P39713,YAL061W,BDH2,417,Nucleus,Cytoplasm; Nucleus
P39732,YAL031C,GIP4,760,Cytoplasm,Cytoplasm
P39734,YAL028W,FRT2,528,Membrane_Secretory,Endoplasmic reticulum membrane
P39924,YEL069C,HXT13,564,Membrane_Secretory,Membrane
P39932,YDR536W,STL1,569,Membrane_Secretory,Membrane
P39933,YPR186C,PZF1,429,Nucleus,Nucleus
P39938,YGL189C,RPS26A,119,Cytoplasm,Cytoplasm
P39953,YEL006W,YEA6,335,Mitochondria,Mitochondrion inner membrane
P39961,YER184C,TOG1,794,Nucleus,Nucleus
P39970,YER045C,ACA1,489,Nucleus,Nucleus
P39980,YEL065W,SIT1,628,Membrane_Secretory,Endosome membrane
P39988,YEL029C,BUD16,312,Nucleus,Cytoplasm; Nucleus
P39994,YEL020C,PXP1,560,Cytoplasm,Cytoplasm; Peroxisome matrix
P40004,YEL004W,YEA4,342,Membrane_Secretory,Endoplasmic reticulum; Endoplasmic reticulum membrane
P40007,YER002W,NOP16,231,Nucleus,"Nucleus, nucleolus"
P40012,YER014W,HEM14,539,Mitochondria,Mitochondrion inner membrane
P40017,YER024W,YAT2,923,Cytoplasm,Cytoplasm
P40019,YER030W,CHZ1,153,Nucleus,Nucleus
P40020,YER032W,FIR1,876,Cytoplasm,Bud neck
P40026,YER038C,KRE29,464,Nucleus,Nucleus; Cytoplasm
P40030,YER044C,ERG28,148,Membrane_Secretory,Endoplasmic reticulum membrane
P40031,YER046W,SPO73,143,Cytoplasm,Cytoplasm; Prospore membrane
P40035,YER053C,PIC2,300,Mitochondria,Mitochondrion inner membrane
P40038,YER059W,PCL6,420,Nucleus,Cytoplasm; Nucleus
P40043,YER067W,RGI1,161,Membrane_Secretory,Cell membrane
P40045,YER071C,TDA2,126,Cytoplasm,Cytoplasm; Cell projection
P40071,YER113C,TMN3,706,Membrane_Secretory,Golgi apparatus membrane
P40074,YER119C,AVT6,448,Membrane_Secretory,Vacuole membrane
P40077,YER124C,DSE1,573,Cytoplasm,Bud neck
P40079,YER127W,LCP5,357,Nucleus,"Nucleus, nucleolus"
P40080,YER128W,VFA1,203,Membrane_Secretory,Cytoplasm; Endosome
P40085,YER140W,EMP65,556,Mitochondria,Endoplasmic reticulum membrane; Mitochondrion
P40088,YER145C,FTR1,404,Membrane_Secretory,Membrane
P40092,YER150W,SPI1,148,Membrane_Secretory,"Secreted, cell wall; Membrane"
P40165,YNL200C,NNR1,246,Mitochondria,Cytoplasm; Mitochondrion
P40169,YNL194C,,301,Membrane_Secretory,Cell membrane
P40185,YIL051C,MMF1,145,Mitochondria,Mitochondrion matrix
P40207,YMR134W,ERG29,237,Membrane_Secretory,Endoplasmic reticulum membrane
P40212,YMR142C,RPL13B,199,Cytoplasm,Cytoplasm
P40215,YMR145C,NDE1,560,Mitochondria,Mitochondrion intermembrane space
P40260,YGR121C,MEP1,492,Membrane_Secretory,Membrane
P40310,YJL093C,TOK1,691,Membrane_Secretory,Cell membrane
P40312,YNL111C,CYB5,120,Membrane_Secretory,Endoplasmic reticulum membrane; Microsome membrane
P40347,YPR073C,LTP1,161,Cytoplasm,Cytoplasm
P40350,YPL227C,ALG5,334,Membrane_Secretory,Endoplasmic reticulum membrane
P40351,YOR067C,ALG8,577,Membrane_Secretory,Endoplasmic reticulum membrane
P40363,YJL068C,,299,Cytoplasm,Cytoplasm
P40366,YJL065C,DLS1,167,Nucleus,Nucleus
P40413,YJR064W,CCT5,562,Cytoplasm,Cytoplasm
P40442,YIL169C,CSS1,995,Membrane_Secretory,Secreted
P40452,YIL157C,COA1,197,Mitochondria,Mitochondrion inner membrane
P40459,YIL145C,PAN6,309,Nucleus,Cytoplasm; Nucleus
P40475,YIL120W,QDR1,563,Membrane_Secretory,Cell membrane
P40478,YIL114C,POR2,281,Mitochondria,Mitochondrion outer membrane
P40481,YIL110W,HPM1,377,Nucleus,Cytoplasm; Nucleus
P40486,YIL104C,SHQ1,507,Nucleus,Nucleus
P40491,YIL098C,FMC1,155,Mitochondria,Mitochondrion
P40493,YIL096C,BMT5,336,Nucleus,"Nucleus, nucleolus"
P40499,YIL090W,ICE2,491,Membrane_Secretory,Endoplasmic reticulum membrane
P40504,YIL085C,KTR7,517,Membrane_Secretory,Membrane
P40516,YIL064W,EFM4,229,Cytoplasm,Cytoplasm
P40517,YIL063C,YRB2,327,Nucleus,Nucleus
P40518,YIL062C,ARC15,154,Other,"Cytoplasm, cytoskeleton, actin patch"
P40522,YIL056W,VHR1,640,Nucleus,Cytoplasm; Nucleus
P40526,YIL049W,DFG10,253,Membrane_Secretory,Endoplasmic reticulum membrane
P40528,YIL047C,SYG1,902,Membrane_Secretory,Cell membrane
P40529,YIL044C,AGE2,298,Membrane_Secretory,Cytoplasm; Golgi apparatus
P40532,YIL040W,APQ12,138,Nucleus,Nucleus membrane; Endoplasmic reticulum membrane
P40533,YIL039W,TED1,473,Membrane_Secretory,Endoplasmic reticulum membrane
P40549,YIL014W,MNT3,630,Membrane_Secretory,Golgi apparatus membrane
P40550,YIL013C,PDR11,1411,Membrane_Secretory,Membrane
P40552,YIL011W,TIR3,269,Membrane_Secretory,"Secreted, cell wall; Membrane"
P40567,YIR009W,MSL1,111,Nucleus,Nucleus
P40574,YIR018W,YAP5,245,Nucleus,Cytoplasm; Nucleus
P40576,YIR024C,INA22,216,Mitochondria,Mitochondrion inner membrane
P40579,YIR035C,NRE1,254,Cytoplasm,Cytoplasm
P40582,YIR038C,GTT1,234,Membrane_Secretory,Endoplasmic reticulum membrane
P40583,YIR039C,YPS6,537,Membrane_Secretory,Cell membrane
P40858,YJL096W,MRPL49,161,Mitochondria,Mitochondrion
P40885,YJL219W,HXT9,567,Membrane_Secretory,Membrane
P40886,YJL214W,HXT8,569,Membrane_Secretory,Membrane
P40897,YJL212C,OPT1,799,Membrane_Secretory,Cell membrane
P40960,YDR488C,PAC11,533,Cytoplasm,"Cytoplasm, cytoskeleton"
P40971,YDR034C,LYS14,790,Nucleus,Nucleus
P40975,YEL017C-A,PMP2,43,Membrane_Secretory,Cell membrane
P40985,YJR036C,HUL4,892,Nucleus,Nucleus
P40986,YDR182W,CDC1,491,Membrane_Secretory,Membrane
P41057,YLR388W,RPS29A,56,Cytoplasm,Cytoplasm
P41058,YDL061C,RPS29B,56,Cytoplasm,Cytoplasm
P41544,YJL004C,SYS1,203,Membrane_Secretory,Golgi apparatus membrane
P41733,YLR459W,GAB1,394,Membrane_Secretory,Endoplasmic reticulum membrane
P41806,YGR105W,VMA21,77,Membrane_Secretory,"Endoplasmic reticulum membrane; Endoplasmic reticulum-Golgi intermediate compartment membrane; Cytoplasmic vesicle, COPII-coated vesicle membrane"
P41814,YNL062C,GCD10,478,Nucleus,Nucleus
P41815,YDR046C,BAP3,604,Membrane_Secretory,Membrane
P41817,YPL177C,CUP9,306,Nucleus,Nucleus
P41819,YPL266W,DIM1,318,Nucleus,"Cytoplasm; Nucleus, nucleolus"
P41912,YOL110W,SHR5,237,Membrane_Secretory,Endoplasmic reticulum membrane
P41930,YPL092W,SSU1,458,Membrane_Secretory,Cell membrane
P42826,YGR194C,XKS1,600,Cytoplasm,Cytoplasm
P42833,YNL318C,HXT14,540,Membrane_Secretory,Membrane
P42842,YNL313C,EMW1,904,Nucleus,Cytoplasm; Nucleus
P42843,YNL311C,SKP2,763,Cytoplasm,Cytoplasm
P42847,YNL306W,MRPS18,217,Mitochondria,Mitochondrion
P42900,YLR139C,SLS1,643,Mitochondria,Mitochondrion inner membrane
P42934,YGR199W,PMT6,759,Membrane_Secretory,Endoplasmic reticulum membrane
P42937,YGR203W,YCH1,148,Nucleus,Cytoplasm; Nucleus
P42938,YGR205W,TDA10,290,Nucleus,Cytoplasm; Nucleus
P42944,YJL110C,GZF3,551,Nucleus,Nucleus
P42950,YJL103C,GSM1,618,Nucleus,Nucleus
P43549,YFL054C,AQY3,646,Membrane_Secretory,Cell membrane
P43551,YFL052W,ZNF1,465,Nucleus,Nucleus
P43553,YFL050C,ALR2,858,Membrane_Secretory,Cell membrane
P43554,YFL049W,SWP82,623,Nucleus,Nucleus
P43560,YFL042C,LAM5,674,Membrane_Secretory,Endoplasmic reticulum membrane
P43569,YFL028C,CAF16,289,Nucleus,Cytoplasm; Nucleus
P43574,YFL021W,GAT1,510,Nucleus,Nucleus
P43581,YFL011W,HXT10,546,Membrane_Secretory,Membrane
P43582,YFL010C,WWM1,211,Nucleus,Cytoplasm; Nucleus; Mitochondrion
P43589,YFR005C,SAD1,448,Nucleus,Nucleus
P43596,YFR013W,IOC3,787,Nucleus,Nucleus
P43598,YFR017C,IGD1,195,Cytoplasm,Cytoplasm
P43606,YFR029W,PTR3,678,Membrane_Secretory,Cell membrane
P43614,YFR042W,KEG1,200,Membrane_Secretory,Endoplasmic reticulum membrane
P43619,YFR047C,BNA6,295,Nucleus,Cytoplasm; Nucleus
P43634,YLR098C,CHA4,648,Nucleus,Nucleus
P43638,YJL042W,MHP1,1398,Cytoplasm,"Cytoplasm; Cytoplasm, cytoskeleton, spindle"
P46670,YPL241C,CIN2,268,Cytoplasm,"Cytoplasm, cytoskeleton"
P46950,YGR197C,SNG1,547,Membrane_Secretory,Membrane
P46954,YJL089W,SIP4,829,Nucleus,Nucleus
P46956,YJL117W,PHO86,311,Membrane_Secretory,Membrane
P46961,YPL076W,GPI2,280,Membrane_Secretory,Membrane
P46969,YJL121C,RPE1,238,Cytoplasm,Cytoplasm
P46970,YJR132W,NMD5,1048,Nucleus,Nucleus; Cytoplasm
P46974,YJR127C,RSF2,1380,Nucleus,Nucleus
P46982,YJL186W,MNN5,586,Other,"Golgi apparatus, cis-Golgi network"
P46992,YJL171C,TOH1,396,Membrane_Secretory,Cell membrane
P47018,YJL123C,MTC1,478,Cytoplasm,"Cytoplasm; Cytoplasmic vesicle, COPI-coated vesicle"
P47019,YJL122W,ALB1,175,Nucleus,Cytoplasm; Nucleus
P47031,YJL082W,IML2,731,Nucleus,Cytoplasm; Nucleus
P47040,YJL059W,YHC3,408,Membrane_Secretory,Vacuole membrane
P47045,YJL054W,TIM54,478,Mitochondria,Mitochondrion inner membrane
P47052,YJL045W,,634,Mitochondria,Mitochondrion inner membrane
P47055,YJL038C,LOH1,219,Membrane_Secretory,Membrane
P47056,YJL037W,IRC18,224,Membrane_Secretory,Membrane
P47079,YJL008C,CCT8,568,Cytoplasm,Cytoplasm
P47088,YJR013W,GPI14,403,Membrane_Secretory,Endoplasmic reticulum membrane
P47089,YJR014W,TMA22,198,Cytoplasm,Cytoplasm
P47095,YJR024C,MDE1,244,Cytoplasm,Cytoplasm
P47118,YJR067C,YAE1,141,Nucleus,Cytoplasm; Nucleus
P47123,YJR074W,MOG1,218,Nucleus,Nucleus
P47138,YJR097W,JJJ3,172,Nucleus,Cytoplasm; Nucleus
P47141,YJR101W,RSM26,266,Mitochondria,Mitochondrion
P47147,YJR110W,YMR1,688,Cytoplasm,Cytoplasm
P47158,YJR122W,IBA57,497,Mitochondria,Mitochondrion matrix
P47161,YJR126C,VPS70,811,Membrane_Secretory,Membrane
P47168,YJR136C,TTI2,421,Nucleus,Cytoplasm; Nucleus
P47179,YJR151C,DAN4,1161,Membrane_Secretory,"Secreted, cell wall; Cell membrane"
P47185,YJR158W,HXT16,567,Membrane_Secretory,Membrane
P47771,YMR170C,ALD2,506,Cytoplasm,Cytoplasm
P47988,YOR337W,TEA1,759,Nucleus,Nucleus
P48015,YDR019C,GCV1,400,Mitochondria,Mitochondrion
P48239,YGR154C,GTO1,356,Membrane_Secretory,Peroxisome
P48365,YDL234C,GYP7,746,Cytoplasm,Cytoplasm
P48525,YOL033W,MSE1,536,Mitochondria,Mitochondrion matrix
P48527,YPL097W,MSY1,492,Mitochondria,Mitochondrion matrix
P48565,YNL294C,RIM21,533,Membrane_Secretory,Cell membrane
P48589,YOR369C,RPS12,143,Cytoplasm,Cytoplasm
P48606,YOR265W,RBL2,106,Cytoplasm,"Cytoplasm, cytoskeleton"
P49167,YLR325C,RPL38,78,Cytoplasm,Cytoplasm
P50276,YGR055W,MUP1,574,Membrane_Secretory,Membrane
P50278,YNR034W,SOL1,321,Nucleus,Cytoplasm; Nucleus
P50896,YDR505C,PSP1,841,Mitochondria,Cytoplasm; Mitochondrion
P50944,YNL101W,AVT4,713,Membrane_Secretory,Vacuole membrane
P50946,YNL099C,OCA1,238,Cytoplasm,Cytoplasm
P51401,YNL067W,RPL9B,191,Cytoplasm,Cytoplasm
P51533,YOR328W,PDR10,1564,Membrane_Secretory,Membrane
P51534,YOR035C,SHE4,789,Cytoplasm,Cytoplasm
P51998,YML025C,YML6,286,Mitochondria,Mitochondrion
P52867,YDL093W,PMT5,743,Membrane_Secretory,Endoplasmic reticulum membrane
P52868,YGL128C,CWC23,283,Nucleus,Cytoplasm; Nucleus
P52892,YDR111C,ALT2,507,Nucleus,Cytoplasm; Nucleus
P52911,YDR261C,EXG2,562,Membrane_Secretory,Cell membrane
P53035,YGL209W,MIG2,382,Nucleus,Nucleus
P53059,YGL257C,MNT2,558,Membrane_Secretory,Golgi apparatus membrane
P53062,YGL247W,BRR6,197,Nucleus,Nucleus membrane
P53070,YGL236C,MTO1,669,Mitochondria,Mitochondrion
P53072,YGL232W,TAN1,289,Nucleus,Cytoplasm; Nucleus
P53073,YGL231C,EMC4,190,Membrane_Secretory,Endoplasmic reticulum membrane
P53075,YGL228W,SHE10,577,Mitochondria,Mitochondrion
P53080,YGL222C,EDC1,175,Cytoplasm,Cytoplasm
P53094,YGL197W,MDS3,1487,Cytoplasm,Cytoplasm
P53101,YGL184C,STR3,465,Nucleus,Cytoplasm; Nucleus
P53107,YGL164C,YRB30,440,Nucleus,Cytoplasm; Nucleus
P53108,YGL161C,YIP5,310,Membrane_Secretory,Membrane
P53111,YGL157W,ARI1,347,Nucleus,Cytoplasm; Nucleus
P53121,YGL139W,FLC3,802,Membrane_Secretory,Endoplasmic reticulum membrane
P53123,YGL136C,MRM2,320,Mitochondria,Mitochondrion
P53124,YGL134W,PCL10,433,Cytoplasm,Cytoplasm
P53136,YGL111W,NSA1,463,Nucleus,"Nucleus, nucleolus"
P53153,YGL085W,LCL3,274,Mitochondria,Mitochondrion; Membrane
P53158,YGL079W,KXD1,218,Membrane_Secretory,Endosome
P53167,YGL063W,PUS2,370,Mitochondria,Mitochondrion
P53169,YGL060W,YBP2,641,Cytoplasm,Cytoplasm
P53174,YGL053W,PRM8,237,Membrane_Secretory,Membrane; Endoplasmic reticulum
P53185,YGL036W,VIR1,909,Nucleus,"Cytoplasm; Nucleus, nucleolus"
P53187,YGL033W,HOP2,214,Nucleus,Nucleus
P53188,YGL029W,CGR1,120,Nucleus,"Nucleus, nucleolus"
P53189,YGL028C,SCW11,542,Membrane_Secretory,"Secreted, cell wall"
P53198,YGL002W,ERP6,216,Membrane_Secretory,Endoplasmic reticulum membrane
P53206,YGR012W,MCY1,393,Mitochondria,Mitochondrion; Mitochondrion outer membrane
P53214,YGR023W,MTL1,551,Membrane_Secretory,Membrane
P53220,YGR033C,TIM21,239,Mitochondria,Mitochondrion inner membrane
P53221,YGR034W,RPL26B,127,Cytoplasm,Cytoplasm
P53233,YGR052W,FMP48,369,Mitochondria,Mitochondrion
P53239,YGR062C,COX18,316,Mitochondria,Mitochondrion inner membrane
P53246,YGR071C,ENV11,860,Nucleus,Nucleus
P53258,YGR100W,MDR1,950,Cytoplasm,Cytoplasm
P53260,YGR102C,GTF1,183,Mitochondria,Mitochondrion inner membrane
P53266,YGR112W,SHY1,389,Mitochondria,Mitochondrion inner membrane
P53273,YGR125W,VSB1,1036,Membrane_Secretory,Vacuole membrane
P53280,YGR134W,CAF130,1122,Nucleus,Cytoplasm; Nucleus
P53283,YGR138C,TPO2,614,Membrane_Secretory,Cell membrane
P53295,YGR173W,RBG2,368,Cytoplasm,Cytoplasm
P53305,YGR215W,RSM27,110,Mitochondria,Mitochondrion
P53306,YGR216C,GPI1,609,Membrane_Secretory,Membrane
P53312,YGR244C,LSC2,427,Mitochondria,Mitochondrion
P53313,YGR245C,SDA1,767,Nucleus,"Nucleus, nucleolus"
P53320,YGR257C,MTM1,366,Mitochondria,Mitochondrion inner membrane
P53332,YGR277C,CAB4,305,Nucleus,Cytoplasm; Nucleus
P53337,YGR284C,ERV29,310,Membrane_Secretory,Endoplasmic reticulum membrane
P53388,YPL265W,DIP5,608,Membrane_Secretory,Membrane
P53389,YNR055C,HOL1,586,Membrane_Secretory,Membrane
P53390,YPR138C,MEP3,489,Membrane_Secretory,Membrane
P53437,YMR270C,RRN9,365,Nucleus,"Nucleus, nucleolus"
P53600,YPL010W,RET3,189,Membrane_Secretory,"Cytoplasm; Golgi apparatus membrane; Cytoplasmic vesicle, COPI-coated vesicle membrane"
P53629,YNR019W,ARE2,642,Membrane_Secretory,Endoplasmic reticulum membrane
P53631,YNR072W,HXT17,564,Membrane_Secretory,Membrane
P53718,YNR009W,NRM1,249,Nucleus,Cytoplasm; Nucleus
P53727,YNR027W,BUD17,317,Nucleus,Cytoplasm; Nucleus
P53730,YNR030W,ALG12,551,Membrane_Secretory,Endoplasmic reticulum membrane
P53733,YNR037C,RSM19,91,Mitochondria,Mitochondrion
P53756,YNR070W,PDR18,1333,Membrane_Secretory,Membrane
P53834,YNL281W,HCH1,153,Nucleus,Cytoplasm; Nucleus
P53836,YNL278W,CAF120,1060,Nucleus,Cytoplasm; Nucleus; Bud neck
P53849,YNL255C,GIS2,153,Cytoplasm,Cytoplasm
P53851,YNL253W,TEX1,422,Nucleus,Nucleus
P53854,YNL245C,CWC25,179,Nucleus,Nucleus
P53875,YNL185C,MRPL19,158,Mitochondria,Mitochondrion
P53881,YNL177C,MRPL22,309,Mitochondria,Mitochondrion
P53883,YNL175C,NOP13,403,Nucleus,"Nucleus, nucleolus"
P53889,YNL168C,FMP41,259,Mitochondria,Mitochondrion
P53903,YNL149C,PGA2,129,Nucleus,Endoplasmic reticulum membrane; Nucleus membrane
P53921,YNL122C,MRP35,115,Mitochondria,Mitochondrion
P53937,YNL081C,SWS2,143,Mitochondria,Mitochondrion
P53938,YNL080C,EOS1,366,Membrane_Secretory,Endoplasmic reticulum membrane
P53944,YNL063W,MTQ1,314,Mitochondria,Mitochondrion
P53971,YNL023C,FAP1,965,Nucleus,Cytoplasm; Nucleus
P54114,YMR169C,ALD3,506,Cytoplasm,Cytoplasm
P54730,YMR067C,UBX4,416,Nucleus,Nucleus; Cytoplasm
P54964,YLR059C,REX2,269,Mitochondria,Mitochondrion
P56628,YFL034C-A,RPL22B,122,Cytoplasm,Cytoplasm
P57744,YJR135W-A,TIM8,87,Mitochondria,Mitochondrion inner membrane; Mitochondrion intermembrane space
P80235,YAR035W,YAT1,687,Mitochondria,Mitochondrion inner membrane
P81451,YOL077W-A,ATP19,68,Mitochondria,Mitochondrion inner membrane
P87284,YDR276C,PMP3,55,Membrane_Secretory,Cell membrane
P89114,YHR079C-A,SAE3,91,Nucleus,Nucleus
P89886,YER007C-A,TMA20,181,Cytoplasm,Cytoplasm
Q00723,YGR075C,PRP38,242,Nucleus,Nucleus
Q01802,YKL106W,AAT1,451,Mitochondria,Mitochondrion matrix
Q01846,YML104C,MDM1,1127,Cytoplasm,Cytoplasm
Q02197,YEL053C,MAK10,733,Cytoplasm,Cytoplasm
Q02204,YKR006C,MRPL13,264,Mitochondria,Mitochondrion
Q02208,YKR010C,TOF2,771,Nucleus,Nucleus
Q02516,YOR358W,HAP5,242,Nucleus,Nucleus
Q02648,YPL030W,TRM44,567,Cytoplasm,Cytoplasm
Q02721,YLR329W,REC102,264,Nucleus,Nucleus
Q02753,YBR191W,RPL21A,160,Cytoplasm,Cytoplasm
Q02770,YPL064C,CWC27,301,Nucleus,Cytoplasm; Nucleus
Q02783,YPL060W,MFM1,413,Mitochondria,Mitochondrion inner membrane
Q02825,YPL083C,SEN54,467,Nucleus,Nucleus; Endomembrane system; Mitochondrion outer membrane
Q02866,YPL070W,MUK1,612,Cytoplasm,Cytoplasm
Q02883,YPL103C,FMP30,468,Mitochondria,Mitochondrion membrane
Q02932,YPL125W,KAP120,1032,Nucleus,Cytoplasm; Nucleus
Q02969,YPL112C,PEX25,394,Membrane_Secretory,Peroxisome membrane
Q02983,YLR141W,RRN5,363,Nucleus,"Nucleus, nucleolus"
Q03016,YPL137C,GIP3,1276,Membrane_Secretory,Cytoplasm; Endoplasmic reticulum
Q03028,YPL134C,ODC1,310,Mitochondria,Mitochondrion inner membrane
Q03088,YPL032C,SVL3,825,Cytoplasm,"Cytoplasm; Bud; Bud neck; Cytoplasm, cell cortex"
Q03175,YMR101C,SRT1,343,Membrane_Secretory,Lipid droplet
Q03201,YDR041W,RSM10,203,Mitochondria,Mitochondrion
Q03212,YMR171C,EAR1,550,Membrane_Secretory,Endosome membrane; Vacuole membrane
Q03214,YMR176W,ECM5,1411,Nucleus,Nucleus
Q03218,YMR177W,MMT1,510,Mitochondria,Mitochondrion membrane
Q03220,YMR180C,CTL1,320,Nucleus,Cytoplasm; Nucleus
Q03246,YMR188C,MRPS17,237,Mitochondria,Mitochondrion
Q03254,YMR277W,FCP1,732,Nucleus,Nucleus
Q03281,YDR458C,HEH2,663,Other,Nucleus inner membrane
Q03289,YDR459C,PFA5,374,Membrane_Secretory,Membrane
Q03327,YDR470C,UGO1,502,Mitochondria,Mitochondrion outer membrane
Q03370,YDR479C,PEX29,554,Membrane_Secretory,Peroxisome membrane
Q03429,YDR493W,MZM1,123,Mitochondria,Mitochondrion matrix
Q03430,YDR494W,RSM28,361,Mitochondria,Mitochondrion
Q03446,YDR003W,RCR2,210,Membrane_Secretory,Membrane
Q03530,YMR274C,RCE1,315,Membrane_Secretory,Endoplasmic reticulum membrane
Q03661,YMR219W,ESC1,1658,Nucleus,Nucleus
Q03694,YMR204C,INP1,420,Membrane_Secretory,Peroxisome membrane
Q03707,YML034W,SRC1,834,Other,Nucleus inner membrane
Q03718,YML023C,NSE5,556,Nucleus,Nucleus; Chromosome
Q03735,YML117W,NAB6,1134,Cytoplasm,Cytoplasm
Q03760,YML107C,PML39,334,Nucleus,Nucleus membrane
Q03764,YDR147W,EKI1,534,Cytoplasm,Cytoplasm
Q03772,YDR163W,CWC15,175,Nucleus,Nucleus
Q03824,YMR163C,INP2,705,Membrane_Secretory,Peroxisome membrane
Q03829,YMR166C,MME1,368,Mitochondria,Mitochondrion inner membrane
Q03860,YDR100W,TVP15,143,Membrane_Secretory,Golgi apparatus membrane
Q03935,YDR259C,YAP6,383,Nucleus,Nucleus
Q03937,YDR014W-A,HED1,162,Nucleus,Nucleus; Chromosome
Q03956,YDR202C,RAV2,351,Cytoplasm,Cytoplasm; Early endosome membrane
Q04004,YDR183W,PLP1,230,Cytoplasm,Cytoplasm
Q04006,YDR185C,UPS3,179,Mitochondria,Mitochondrion inner membrane; Mitochondrion intermembrane space
Q04052,YDR421W,ARO80,950,Nucleus,Nucleus
Q04116,YDR451C,YHP1,353,Nucleus,Nucleus
Q04170,YDR391C,IAT4,232,Nucleus,Cytoplasm; Nucleus
Q04172,YDR393W,SHE9,456,Mitochondria,Mitochondrion inner membrane
Q04174,YOR149C,SMP3,516,Membrane_Secretory,Endoplasmic reticulum membrane
Q04182,YDR406W,PDR15,1529,Membrane_Secretory,Membrane
Q04225,YMR131C,RRB1,511,Nucleus,Nucleus
Q04279,YMR086W,SEG1,960,Membrane_Secretory,Cell membrane
Q04347,YMR014W,BUD22,519,Nucleus,Nucleus
Q04368,YMR025W,CSI1,295,Nucleus,Cytoplasm; Nucleus
Q04383,YDR501W,PLM2,521,Nucleus,Nucleus
Q04412,YDR524C,AGE1,482,Cytoplasm,Cytoplasm
Q04433,YDR534C,FIT1,528,Membrane_Secretory,"Secreted, cell wall; Membrane"
Q04471,YMR114C,,368,Nucleus,Chromosome
Q04487,YMR118C,SHH3,196,Mitochondria,Mitochondrion inner membrane
Q04545,YML081W,TDA9,1251,Nucleus,Nucleus
Q04549,YDR106W,ARP10,284,Cytoplasm,"Cytoplasm, cytoskeleton"
Q04562,YDR107C,TMN2,672,Membrane_Secretory,Vacuole membrane
Q04599,YDR116C,MRPL1,285,Mitochondria,Mitochondrion
Q04658,YML066C,SMA2,369,Membrane_Secretory,Prospore membrane; Endoplasmic reticulum
Q04675,YMR059W,SEN15,128,Nucleus,Nucleus; Endomembrane system; Mitochondrion outer membrane
Q04697,YML048W,GSF2,403,Membrane_Secretory,Endoplasmic reticulum membrane
Q04751,YMR069W,NAT4,285,Nucleus,Nucleus; Cytoplasm
Q04895,YIR028W,DAL4,635,Membrane_Secretory,Membrane
Q04902,YMR322C,SNO4,237,Cytoplasm,"Cytoplasm, P-body"
Q04934,YDR229W,IVY1,453,Membrane_Secretory,Vacuole membrane
Q04949,YMR299C,DYN3,312,Cytoplasm,"Cytoplasm, cytoskeleton"
Q04952,YMR306W,FKS3,1785,Mitochondria,Mitochondrion; Membrane
Q05024,YMR233W,TRI1,226,Nucleus,"Cytoplasm; Nucleus; Nucleus, nucleolus"
Q05043,YMR030W,RSF1,376,Nucleus,Cytoplasm; Nucleus; Mitochondrion
Q05131,YMR034C,RCH1,434,Membrane_Secretory,Cell membrane; Bud neck
Q05468,YDR333C,RQC1,723,Cytoplasm,Cytoplasm
Q05473,YDR336W,MRX8,314,Mitochondria,Mitochondrion
Q05506,YDR341C,,607,Cytoplasm,"Cytoplasm; Cytoplasm, cytosol"
Q05518,YDR348C,PAL1,499,Membrane_Secretory,Cell membrane
Q05541,YDR288W,NSE3,303,Nucleus,Nucleus; Cytoplasm
Q05610,YDR273W,DON1,365,Other,Prospore membrane
Q05635,YDR279W,RNH202,350,Nucleus,Nucleus
Q05670,YMR232W,FUS2,677,Other,Cell tip
Q05778,YLR199C,PBA1,276,Cytoplasm,Cytoplasm
Q05779,YLR201C,COQ9,260,Mitochondria,Mitochondrion inner membrane
Q05790,YLR213C,CRR1,422,Other,Spore wall
Q05809,YLR218C,COA4,96,Mitochondria,Mitochondrion inner membrane; Mitochondrion intermembrane space
Q05874,YLR285W,NNT1,261,Cytoplasm,Cytoplasm
Q05892,YLR290C,COQ11,277,Mitochondria,Mitochondrion
Q05924,YLR361C,DCR2,578,Cytoplasm,Cytoplasm
Q05926,YLR364W,GRX8,109,Cytoplasm,Cytoplasm
Q05942,YLR221C,RSA3,220,Nucleus,"Nucleus, nucleolus"
Q05998,YLR237W,THI7,598,Membrane_Secretory,Membrane
Q06001,YLR238W,FAR10,478,Membrane_Secretory,Membrane
Q06005,YLR239C,LIP2,328,Mitochondria,Mitochondrion
Q06071,YLR408C,BLS1,122,Membrane_Secretory,Endosome
Q06090,YPR100W,MRPL51,140,Mitochondria,Mitochondrion
Q06091,YPR101W,SNT309,175,Nucleus,Nucleus
Q06104,YPR109W,GLD1,294,Membrane_Secretory,Golgi apparatus membrane; Endosome membrane
Q06109,YPR116W,RRG8,277,Mitochondria,Mitochondrion
Q06137,YLR345W,,509,Cytoplasm,Cytoplasm
Q06149,YLR266C,PDR8,701,Nucleus,Cytoplasm; Nucleus
Q06169,YLR324W,PEX30,523,Membrane_Secretory,Peroxisome membrane
Q06179,YLR454W,FMP27,2628,Mitochondria,Cell membrane; Endoplasmic reticulum membrane; Mitochondrion membrane
Q06208,YLR453C,RIF2,395,Nucleus,"Nucleus; Chromosome, telomere"
Q06236,YLR164W,SHH4,168,Mitochondria,Mitochondrion inner membrane
Q06244,YLR165C,PUS5,254,Mitochondria,Mitochondrion
Q06315,YLR187W,SKG3,1026,Membrane_Secretory,Cytoplasm; Bud neck; Cell membrane
Q06325,YDR349C,YPS7,596,Membrane_Secretory,Cytoplasm; Endoplasmic reticulum membrane
Q06336,YDR358W,GGA1,557,Other,"Golgi apparatus, trans-Golgi network"
Q06338,YDR361C,BCP1,283,Nucleus,Cytoplasm; Nucleus
Q06350,YDR371W,CTS2,511,Membrane_Secretory,Secreted
Q06405,YDR377W,ATP17,101,Mitochondria,Mitochondrion; Mitochondrion inner membrane
Q06417,YLR426W,TDA5,326,Mitochondria,Mitochondrion membrane
Q06436,YLR427W,MAG2,670,Cytoplasm,Cytoplasm
Q06451,YPR156C,TPO3,622,Membrane_Secretory,Cell membrane
Q06489,YPR118W,MRI1,411,Nucleus,Cytoplasm; Nucleus
Q06511,YPR143W,RRP15,250,Nucleus,"Nucleus, nucleolus"
Q06525,YPR152C,URN1,465,Nucleus,Nucleus
Q06538,YLR241W,CSC1,782,Membrane_Secretory,Membrane
Q06567,YLR253W,MCP2,569,Mitochondria,Mitochondrion; Mitochondrion inner membrane
Q06568,YLR254C,NDL1,189,Nucleus,"Nucleus; Cytoplasm, cytoskeleton"
Q06665,YDR314C,RAD34,692,Nucleus,Nucleus
Q06667,YDR315C,IPK1,281,Nucleus,Nucleus
Q06668,YDR316W,OMS1,471,Mitochondria,Mitochondrion inner membrane
Q06682,YDR330W,UBX5,500,Nucleus,Nucleus; Cytoplasm
Q06683,YDR332W,IRC3,689,Mitochondria,Mitochondrion
Q06702,YLR307W,CDA1,301,Other,Prospore
Q06709,YLR387C,REH1,432,Cytoplasm,Cytoplasm
Q06815,YPR079W,MRL1,381,Membrane_Secretory,"Golgi apparatus, trans-Golgi network membrane; Endosome membrane"
Q06819,YPR082C,DIB1,143,Nucleus,Nucleus
Q06835,YPR094W,RDS3,107,Nucleus,Nucleus
Q06839,YPR097W,LEC1,1073,Membrane_Secretory,Endoplasmic reticulum membrane; Lipid droplet
Q06991,YLR414C,PUN1,263,Membrane_Secretory,Cell membrane
Q07395,YDL063C,SYO1,620,Nucleus,Cytoplasm; Nucleus
Q07458,YDL076C,RXT3,294,Nucleus,Nucleus
Q07500,YDL085W,NDE2,545,Mitochondria,Mitochondrion intermembrane space
Q07527,YDL112W,TRM3,1436,Cytoplasm,Cytoplasm
Q07534,YDL119C,HEM25,307,Mitochondria,Mitochondrion; Mitochondrion inner membrane
Q07541,YDL121C,EXP1,149,Membrane_Secretory,"Endoplasmic reticulum membrane; Cytoplasmic vesicle, COPI-coated vesicle membrane; Cytoplasmic vesicle, COPII-coated vesicle membrane; Golgi apparatus membrane"
Q07729,YDL238C,GUD1,489,Cytoplasm,Cytoplasm
Q07799,YLL007C,LMO1,665,Mitochondria,Cytoplasm; Mitochondrion
Q07844,YLL034C,RIX7,837,Nucleus,"Nucleus, nucleolus"
Q07949,YLR019W,PSR2,397,Membrane_Secretory,Cell membrane
Q07980,YLR035C,MLH2,695,Nucleus,Nucleus
Q08003,YLR073C,RFU1,200,Membrane_Secretory,Endosome
Q08058,YOL008W,COQ10,207,Mitochondria,Mitochondrion inner membrane
Q08119,YOL017W,ESC8,714,Nucleus,Cytoplasm; Nucleus
Q08157,YOL019W,TOS7,551,Membrane_Secretory,Vacuole membrane; Cell membrane
Q08176,YOL026C,MIM1,113,Mitochondria,Mitochondrion outer membrane
Q08219,YOL048C,RRT8,342,Membrane_Secretory,Prospore membrane; Lipid droplet; Spore wall
Q08232,YOL073C,DSC2,322,Membrane_Secretory,Membrane
Q08237,YOL080C,REX4,289,Nucleus,Nucleus
Q08269,YOL130W,ALR1,859,Membrane_Secretory,Cell membrane
Q08271,YOL132W,GAS4,471,Membrane_Secretory,Cell membrane
Q08299,YOL158C,ENB1,606,Membrane_Secretory,Endosome membrane
Q08409,YOR011W,AUS1,1394,Membrane_Secretory,Membrane
Q08421,YOR051C,ETT1,412,Nucleus,Nucleus
Q08457,YOR060C,SLD7,257,Nucleus,"Nucleus; Cytoplasm, cytoskeleton, spindle pole"
Q08485,YOR071C,NRT1,598,Membrane_Secretory,Cell membrane
Q08553,YOR179C,SYC1,188,Nucleus,Nucleus
Q08579,YOR192C,THI72,599,Membrane_Secretory,Membrane
Q08580,YOR193W,PEX27,376,Membrane_Secretory,Peroxisome membrane
Q08622,YOR205C,GEP3,556,Mitochondria,Mitochondrion
Q08673,YOR247W,SRL1,210,Membrane_Secretory,"Secreted, cell wall; Cell surface"
Q08726,YOR262W,GPN2,347,Cytoplasm,Cytoplasm
Q08732,YOR267C,HRK1,759,Cytoplasm,Cytoplasm
Q08742,YOR286W,RDL2,149,Mitochondria,Mitochondrion
Q08745,YOR293W,RPS10A,105,Cytoplasm,Cytoplasm
Q08817,YOR353C,SOG2,791,Cytoplasm,Cytoplasm
Q08822,YOR356W,CIR2,631,Mitochondria,Mitochondrion inner membrane
Q08902,YOR378W,AMF1,515,Membrane_Secretory,Cell membrane
Q08906,YOR382W,FIT2,153,Membrane_Secretory,"Secreted, cell wall; Membrane"
Q08908,YOR384W,FRE5,694,Membrane_Secretory,Cell membrane
Q08911,YOR388C,FDH1,376,Cytoplasm,Cytoplasm
Q08913,YOR390W,FEX1,375,Membrane_Secretory,Cell membrane
Q08914,YOR391C,HSP33,237,Cytoplasm,"Cytoplasm, P-body"
Q08929,YPL189W,GUP2,609,Membrane_Secretory,Endoplasmic reticulum membrane
Q08952,YPL196W,OXR1,273,Mitochondria,Mitochondrion
Q08954,YPL199C,NBR9,240,Cytoplasm,Cytoplasm
Q08961,YPL208W,RKM1,583,Nucleus,Cytoplasm; Nucleus
Q08966,YPL219W,PCL8,492,Nucleus,Cytoplasm; Nucleus
Q08970,YPL224C,MMT2,484,Mitochondria,Mitochondrion membrane
Q08977,YPL260W,CUB1,551,Nucleus,Cytoplasm; Nucleus
Q08991,YPL279C,FEX2,375,Membrane_Secretory,Cell membrane
Q12000,YOR091W,TMA46,345,Cytoplasm,Cytoplasm
Q12001,YOR002W,ALG6,544,Membrane_Secretory,Endoplasmic reticulum membrane
Q12008,YDL021W,GPM2,311,Cytoplasm,Cytoplasm
Q12013,YOR034C,AKR2,749,Membrane_Secretory,Membrane
Q12016,YOL129W,VPS68,184,Mitochondria,Vacuole membrane; Mitochondrion
Q12025,YDR056C,EMC10,205,Membrane_Secretory,Endoplasmic reticulum membrane
Q12029,YOR271C,FSF1,327,Mitochondria,Mitochondrion membrane
Q12031,YPR006C,ICL2,575,Mitochondria,Mitochondrion matrix
Q12035,YLR051C,FCF2,217,Nucleus,"Nucleus, nucleolus"
Q12066,YDL089W,NUR1,484,Nucleus,Nucleus membrane
Q12067,YOR079C,ATX2,313,Membrane_Secretory,Golgi apparatus membrane
Q12069,YDL036C,PUS9,462,Mitochondria,Mitochondrion
Q12072,YLR095C,IOC2,812,Nucleus,Nucleus
Q12078,YLR034C,SMF3,473,Membrane_Secretory,Vacuole membrane; Endoplasmic reticulum membrane
Q12084,YDR020C,DAS2,232,Nucleus,Cytoplasm; Nucleus
Q12086,YDR263C,DIN7,430,Nucleus,Nucleus
Q12090,YLR107W,REX3,404,Nucleus,Cytoplasm; Nucleus
Q12096,YOR320C,GNT1,491,Membrane_Secretory,Golgi apparatus membrane; Vacuole membrane
Q12104,YOR166C,SWT1,458,Nucleus,Nucleus
Q12107,YLR102C,APC9,265,Nucleus,Cytoplasm; Nucleus
Q12122,YDL131W,LYS21,440,Mitochondria,Mitochondrion
Q12125,YOR164C,GET4,312,Cytoplasm,Cytoplasm
Q12132,YPL230W,USV1,391,Nucleus,Nucleus
Q12133,YLR066W,SPC3,184,Membrane_Secretory,Endoplasmic reticulum membrane
Q12153,YDR312W,SSF2,453,Nucleus,"Nucleus, nucleolus"
Q12163,YDR162C,NBP2,236,Cytoplasm,Cytoplasm
Q12165,YDL004W,ATP16,160,Mitochondria,Mitochondrion; Mitochondrion inner membrane
Q12171,YOR147W,MDM32,622,Mitochondria,Mitochondrion inner membrane
Q12172,YOR162C,YRR1,810,Nucleus,Cytoplasm; Nucleus
Q12180,YOL089C,HAL9,1030,Nucleus,Cytoplasm; Nucleus
Q12185,YDR018C,,396,Membrane_Secretory,Membrane
Q12192,YOR279C,RFM1,310,Nucleus,Nucleus
Q12199,YPR040W,TIP41,356,Nucleus,Cytoplasm; Nucleus
Q12204,YOR022C,,715,Mitochondria,Mitochondrion
Q12205,YLR057W,MNL2,849,Membrane_Secretory,Endoplasmic reticulum membrane
Q12209,YLR047C,FRE8,686,Membrane_Secretory,Membrane
Q12215,YOL105C,WSC3,556,Membrane_Secretory,Membrane
Q12218,YOR009W,TIR4,487,Membrane_Secretory,"Secreted, cell wall; Membrane"
Q12219,YOR114W,CIM1,294,Mitochondria,Mitochondrion matrix
Q12232,YOR154W,SLP1,587,Membrane_Secretory,Endoplasmic reticulum membrane
Q12233,YPR020W,ATP20,115,Mitochondria,Mitochondrion membrane
Q12234,YOR216C,RUD3,484,Other,Golgi apparatus lumen
Q12235,YLL055W,YCT1,531,Membrane_Secretory,Cell membrane; Endoplasmic reticulum membrane
Q12270,YPL246C,RBD2,262,Membrane_Secretory,"Golgi apparatus membrane; Golgi apparatus, cis-Golgi network membrane"
Q12276,YOR227W,HER1,1246,Cytoplasm,Cytoplasm
Q12283,YOR221C,MCT1,360,Mitochondria,Mitochondrion
Q12286,YPR009W,SUT2,268,Nucleus,Nucleus
Q12289,YOR100C,CRC1,327,Mitochondria,Mitochondrion inner membrane
Q12296,YOL060C,MAM3,706,Membrane_Secretory,Vacuole membrane
Q12325,YLR092W,SUL2,893,Membrane_Secretory,Membrane
Q12335,YDR032C,PST2,198,Membrane_Secretory,Secreted
Q12338,YLR154C,RNH203,110,Nucleus,Cytoplasm; Nucleus
Q12342,YDL146W,LDB17,491,Cytoplasm,Cytoplasm; Bud; Bud neck
Q12354,YLR118C,,227,Nucleus,Cytoplasm; Nucleus
Q12359,YDR384C,ATO3,275,Membrane_Secretory,Cell membrane
Q12368,YDL098C,SNU23,194,Nucleus,Nucleus
Q12369,YLL003W,SFI1,946,Other,"Cytoplasm, cytoskeleton, spindle pole"
Q12372,YLL061W,MMP1,583,Membrane_Secretory,Membrane; Endoplasmic reticulum
Q12375,YOR130C,ORT1,292,Mitochondria,Mitochondrion inner membrane
Q12378,YDR066C,RTR2,196,Nucleus,Cytoplasm; Nucleus
Q12387,YOL076W,MDM20,796,Cytoplasm,Cytoplasm
Q12398,YOR032C,HMS1,434,Nucleus,Nucleus
Q12403,YDL018C,ERP3,225,Membrane_Secretory,Endoplasmic reticulum membrane
Q12405,YOR084W,LPX1,387,Other,Peroxisome matrix
Q12408,YDL046W,NPC2,173,Membrane_Secretory,Vacuole
Q12427,YDR169C,STB3,513,Cytoplasm,Cytoplasm
Q12431,YLL014W,EMC6,108,Membrane_Secretory,Endoplasmic reticulum membrane
Q12434,YDL135C,RDI1,202,Cytoplasm,Cytoplasm
Q12442,YOL002C,IZH2,317,Membrane_Secretory,Membrane
Q12447,YDR071C,PAA1,191,Cytoplasm,Cytoplasm
Q12450,YOR016C,ERP4,207,Membrane_Secretory,Endoplasmic reticulum membrane
Q12453,YOR112W,CEX1,761,Cytoplasm,Cytoplasm
Q12467,YPL168W,MRX4,430,Mitochondria,Mitochondrion; Mitochondrion membrane
Q12482,YPR021C,AGC1,902,Mitochondria,Mitochondrion inner membrane
Q12487,YOR150W,MRPL23,163,Mitochondria,Mitochondrion
Q12493,YDR383C,NKP1,238,Nucleus,"Nucleus; Chromosome, centromere, kinetochore"
Q12507,YOR315W,SFG1,346,Nucleus,Nucleus
Q12520,YPL244C,HUT1,339,Membrane_Secretory,Endoplasmic reticulum membrane
Q12525,YLL062C,MHT1,324,Cytoplasm,Cytoplasm
Q12676,YMR113W,FOL3,427,Cytoplasm,Cytoplasm
Q12743,YDR411C,DFM1,341,Membrane_Secretory,Endoplasmic reticulum membrane
Q12751,YMR185W,RTP1,981,Cytoplasm,Cytoplasm
Q12753,YPR008W,HAA1,694,Nucleus,Nucleus
Q2V2P4,YIL156W-B,ATG44,73,Mitochondria,Mitochondrion intermembrane space; Vacuole
Q2V2P9,YDR119W-A,COX26,66,Mitochondria,Mitochondrion inner membrane
Q3E705,YGR271C-A,EFG1,233,Nucleus,"Nucleus, nucleolus"
Q3E785,YDR379C-A,SDH6,79,Mitochondria,Mitochondrion matrix
Q3E790,YBR058C-A,TSC3,80,Membrane_Secretory,Endoplasmic reticulum membrane
Q3E798,YLR099W-A,MIM2,87,Mitochondria,Mitochondrion outer membrane
Q3E7Y3,YLR367W,RPS22B,130,Cytoplasm,Cytoplasm
Q3E7Y6,YHR199C-A,NBL1,73,Nucleus,"Nucleus; Cytoplasm, cytoskeleton, spindle"
Q3E827,YJR005C-A,LSO1,93,Nucleus,Nucleus; Cytoplasm
Q3E834,YER074W-A,YOS1,85,Membrane_Secretory,Endoplasmic reticulum membrane; Golgi apparatus membrane
Q6Q560,YER048W-A,ISD11,94,Mitochondria,Mitochondrion
Q6Q595,YBL091C-A,SCS22,175,Membrane_Secretory,Membrane
Q99177,YPR057W,BRR1,341,Nucleus,Nucleus
Q99181,YOR319W,HSH49,213,Nucleus,Nucleus
Q99188,YOR107W,RGS2,309,Nucleus,Cytoplasm; Nucleus
Q99189,YOR160W,MTR10,972,Nucleus,Nucleus
Q99234,YOR030W,DFG16,619,Membrane_Secretory,Membrane
Q99247,YOL087C,DUF1,1116,Cytoplasm,Cytoplasm
Q99288,YDR051C,DET1,334,Nucleus,Cytoplasm; Nucleus
Q99297,YOR222W,ODC2,307,Mitochondria,Mitochondrion inner membrane
Q99316,YOL088C,MPD2,277,Membrane_Secretory,Endoplasmic reticulum
Q99332,YOR324C,FRT1,602,Membrane_Secretory,Endoplasmic reticulum membrane
Q99359,YDR014W,RAD61,647,Nucleus,Nucleus
Q99382,YLR065C,ENV10,181,Membrane_Secretory,Endoplasmic reticulum membrane
Q99393,YOL101C,IZH4,312,Membrane_Secretory,Endoplasmic reticulum membrane
Q9P305,YHR132W-A,IGO2,131,Nucleus,Cytoplasm; Nucleus
O74302,YDR261C-C,TY1A-DR4,440,Cytoplasm,Cytoplasm
P00498,YER055C,HIS1,297,Cytoplasm,Cytoplasm
P02407,YML024W,RPS17A,136,Cytoplasm,Cytoplasm
P03874,YHL038C,CBP2,630,Mitochondria,Mitochondrion
P03875,Q0050,AI1,834,Mitochondria,Mitochondrion
P03876,Q0055,AI2,854,Mitochondria,Mitochondrion
P07236,YKL194C,MST1,462,Mitochondria,Mitochondrion matrix
P07252,YJL209W,CBP1,654,Mitochondria,Mitochondrion
P07390,YNR045W,PET494,489,Mitochondria,Mitochondrion inner membrane
P08459,YDR522C,SPS2,502,Membrane_Secretory,Cell membrane
P08468,YMR257C,PET111,800,Mitochondria,Mitochondrion matrix
P09007,YCR018C,SRD1,221,Nucleus,Cytoplasm; Nucleus
P09932,YDL227C,HO,586,Nucleus,Nucleus
P0C271,YNL097C-B,PLS1,40,Cytoplasm,"Cytoplasm, cytosol; Peroxisome matrix"
P0C2H7,YDR471W,RPL27B,136,Cytoplasm,Cytoplasm
P0C2I4,YHR214C-C,TY1A-H,478,Cytoplasm,Cytoplasm
P0C2I8,YLR256W-A,TY1A-LR4,440,Cytoplasm,Cytoplasm
P0C2J4,YLR410W-A,TY2A-LR1,438,Cytoplasm,Cytoplasm
P0CE11,YER039C,HVG1,249,Membrane_Secretory,Golgi apparatus membrane; Cytoplasmic vesicle membrane; Endoplasmic reticulum membrane
P0CX13,YML132W,COS3,379,Membrane_Secretory,Membrane
P0CX23,YMR242C,RPL20A,172,Cytoplasm,Cytoplasm
P0CX24,YOR312C,RPL20B,172,Cytoplasm,Cytoplasm
P0CX57,YAR010C,TY1A-A,440,Cytoplasm,Cytoplasm
P0CX58,YPR137C-A,TY1A-PR1,440,Cytoplasm,Cytoplasm
P0CX59,YOR142W-A,TY1A-OR,440,Cytoplasm,Cytoplasm
P0CX60,YPR158W-A,TY1A-PR2,440,Cytoplasm,Cytoplasm
P0CX61,YFL002W-B,TY2A-F,438,Cytoplasm,Cytoplasm
P0CX62,YGR161W-A,TY2A-GR2,438,Cytoplasm,Cytoplasm
P0CX65,YDR316W-A,TY1A-DR5,440,Cytoplasm,Cytoplasm
P0CX66,YER159C-A,TY1A-ER2,440,Cytoplasm,Cytoplasm
P0CX67,YGR161C-C,TY1A-GR3,440,Cytoplasm,Cytoplasm
P0CX68,YLR035C-B,TY1A-LR1,440,Cytoplasm,Cytoplasm
P0CX69,YMR051C,TY1A-MR2,440,Cytoplasm,Cytoplasm
P0CX70,YDR365W-A,TY1A-DR6,440,Cytoplasm,Cytoplasm
P0CX71,YER137C-A,TY1A-ER1,440,Cytoplasm,Cytoplasm
P0CX72,YLR157C-A,TY1A-LR2,440,Cytoplasm,Cytoplasm
P0CX73,YPL257W-A,TY1A-PL,440,Cytoplasm,Cytoplasm
P0CX74,YJR026W,TY1A-JR1,440,Cytoplasm,Cytoplasm
P0CX75,YLR227W-A,TY1A-LR3,440,Cytoplasm,Cytoplasm
P0CX76,YML040W,TY1A-ML2,440,Cytoplasm,Cytoplasm
P0CY07,YCL066W,HMLALPHA1,175,Nucleus,Nucleus
P0CY09,YCL067C,HMLALPHA2,210,Nucleus,Nucleus
P0CY11,YCR097W,HMRA1,126,Nucleus,Nucleus
P10663,YPR166C,MRP2,115,Mitochondria,Mitochondrion
P11927,YNL188W,KAR1,433,Other,"Cytoplasm, cytoskeleton, microtubule organizing center, spindle pole body"
P14127,YDR447C,RPS17B,136,Cytoplasm,Cytoplasm
P14905,YDR197W,CBS2,389,Mitochondria,Mitochondrion
P16151,YDR414C,ERD1,362,Membrane_Secretory,Endoplasmic reticulum membrane
P16547,YIL136W,OM45,393,Mitochondria,Mitochondrion outer membrane
P16639,YGL017W,ATE1,503,Cytoplasm,Cytoplasm
P18411,YAL008W,FUN14,198,Membrane_Secretory,Membrane
P18634,YLR392C,ART10,518,Cytoplasm,Cytoplasm
P18962,YHR028C,DAP2,818,Membrane_Secretory,Vacuole membrane
P19956,YMR225C,MRPL44,98,Mitochondria,Mitochondrion
P20048,YMR013C,SEC59,519,Membrane_Secretory,Endoplasmic reticulum membrane
P22215,YOR307C,SLY41,453,Membrane_Secretory,Membrane
P23250,YIL119C,RPI1,407,Nucleus,Nucleus
P23797,YMR281W,GPI12,304,Membrane_Secretory,Endoplasmic reticulum membrane
P25351,YCR023C,,611,Membrane_Secretory,Membrane
P25354,YCR007C,DFP3,239,Membrane_Secretory,Membrane
P25380,YCL048W,SPS22,463,Membrane_Secretory,Cell membrane
P25383,YCL020W,TY2A-C,438,Cytoplasm,Cytoplasm
P25568,YCL038C,ATG22,528,Membrane_Secretory,Vacuole membrane
P25584,YCL056C,PEX34,144,Membrane_Secretory,Peroxisome membrane
P25585,YCL058C,FYV5,152,Membrane_Secretory,"Cell membrane; Secreted, cell wall"
P25611,YCR106W,RDS1,832,Nucleus,Nucleus
P25619,YCR021C,HSP30,332,Membrane_Secretory,Membrane
P28625,YMR152W,YIM1,365,Mitochondria,Lipid droplet; Mitochondrion
P28778,YKL003C,MRP17,131,Mitochondria,Mitochondrion
P30777,YGL142C,GPI10,616,Membrane_Secretory,Endoplasmic reticulum membrane
P32388,YKL167C,MRP49,137,Mitochondria,Mitochondrion
P32452,YNL316C,PHA2,334,Cytoplasm,Cytoplasm
P32493,YMR064W,AEP1,518,Mitochondria,Mitochondrion
P32606,YOR017W,PET127,800,Mitochondria,Mitochondrion
P32616,YEL045C,,141,Membrane_Secretory,Membrane
P32634,YER132C,PMD1,1753,Cytoplasm,Cytoplasm
P32770,YDL167C,NRP1,719,Nucleus,Chromosome; Nucleus
P32806,YJL044C,GYP6,458,Cytoplasm,Cytoplasm
P32857,YKL039W,PTM1,523,Membrane_Secretory,Golgi apparatus membrane; Early endosome membrane
P32858,YKL037W,AIM26,118,Mitochondria,Mitochondrion membrane
P32903,YCR024C-A,PMP1,40,Membrane_Secretory,Cell membrane
P33303,YJR095W,SFC1,322,Mitochondria,Mitochondrion inner membrane
P33331,YER009W,NTF2,125,Cytoplasm,Cytoplasm
P33335,YPR198W,SGE1,543,Membrane_Secretory,Membrane
P34228,YBL066C,SEF1,1148,Nucleus,Nucleus
P34231,YKL187C,,750,Mitochondria,Mitochondrion
P34234,YKL183W,LOT5,306,Nucleus,Cytoplasm; Nucleus
P34250,YKL105C,SEG2,1132,Membrane_Secretory,Cell membrane
P35195,YBL001C,ECM15,104,Nucleus,Cytoplasm; Nucleus
P35719,YKL142W,MRP8,219,Cytoplasm,Cytoplasm
P35724,YKL064W,MNR2,969,Membrane_Secretory,Membrane
P35735,YKL051W,SFK1,353,Membrane_Secretory,Cell membrane
P36032,YKL221W,MCH2,473,Membrane_Secretory,Membrane
P36038,YKL208W,CBT1,271,Mitochondria,Mitochondrion
P36078,YKL084W,HOT13,116,Mitochondria,Mitochondrion intermembrane space; Mitochondrion membrane
P36090,YKL047W,ANR2,516,Membrane_Secretory,Lipid droplet
P36125,YKR030W,GMH1,273,Membrane_Secretory,Golgi apparatus membrane; Endoplasmic reticulum membrane
P36137,YKR044W,UIP5,443,Nucleus,Nucleus membrane
P36141,YKR049C,FMP46,133,Mitochondria,Mitochondrion
P36172,YKR105C,VBA5,582,Membrane_Secretory,Vacuole membrane
P36973,YDR441C,APT2,181,Cytoplasm,Cytoplasm
P37267,YGR174C,CBP4,147,Mitochondria,Mitochondrion inner membrane
P38061,YBL092W,RPL32,130,Cytoplasm,Cytoplasm
P38073,YBR033W,EDS1,919,Nucleus,Nucleus
P38079,YBR054W,YRO2,344,Membrane_Secretory,Membrane
P38081,YBR056W,,501,Mitochondria,Mitochondrion intermembrane space
P38087,YBR104W,YMC2,329,Mitochondria,Mitochondrion inner membrane
P38124,YBR008C,FLR1,548,Membrane_Secretory,Membrane
P38141,YBR240C,THI2,450,Nucleus,Nucleus
P38142,YBR241C,,488,Membrane_Secretory,Vacuole membrane
P38156,YBR298C,MAL31,614,Membrane_Secretory,Membrane
P38157,YBR297W,MAL33,468,Nucleus,Nucleus
P38172,YBL095W,MRX3,270,Mitochondria,Mitochondrion
P38176,YBL089W,AVT5,459,Membrane_Secretory,Vacuole membrane
P38197,YBL036C,,257,Nucleus,Cytoplasm; Nucleus
P38216,YBR016W,CPP1,128,Membrane_Secretory,Cell membrane
P38234,YBR052C,RFS1,210,Cytoplasm,Cytoplasm; Membrane raft
P38281,YBR151W,APD1,316,Nucleus,Cytoplasm; Nucleus
P38305,YBR194W,AIM4,123,Cytoplasm,Cytoplasm
P38312,YBR210W,ERV15,142,Membrane_Secretory,Membrane
P38325,YBR230C,OM14,134,Mitochondria,Mitochondrion outer membrane
P38330,YBR238C,,731,Mitochondria,Mitochondrion inner membrane
P38335,YBR255W,MTC4,694,Membrane_Secretory,Membrane; Cytoplasm
P38343,YBR266C,SLM6,150,Membrane_Secretory,Membrane
P38358,YBR293W,VBA2,474,Membrane_Secretory,Vacuole membrane
P38374,YBR162W-A,YSY6,65,Membrane_Secretory,Membrane; Endoplasmic reticulum membrane
P38694,YHR039C,MSC7,644,Membrane_Secretory,Endoplasmic reticulum
P38702,YHR002W,LEU5,357,Mitochondria,Mitochondrion inner membrane
P38707,YHR019C,DED81,554,Cytoplasm,"Cytoplasm, cytosol"
P38714,YHR091C,MSR1,643,Mitochondria,Mitochondrion matrix
P38734,YHL036W,MUP3,546,Membrane_Secretory,Membrane
P38738,YHL029C,OCA5,679,Cytoplasm,Cytoplasm
P38739,YHL028W,WSC4,605,Membrane_Secretory,Membrane
P38745,YHL017W,,532,Other,"Golgi apparatus, trans-Golgi network membrane"
P38746,YHL014C,YLF2,405,Mitochondria,Mitochondrion
P38750,YHL008C,,627,Membrane_Secretory,Membrane
P38767,YHR032W,ERC1,581,Membrane_Secretory,Membrane
P38771,YHR038W,RRF1,230,Mitochondria,Mitochondrion
P38776,YHR048W,YHK8,514,Membrane_Secretory,Membrane
P38790,YHR067W,HTD2,280,Mitochondria,Mitochondrion
P38804,YHR087W,RTC3,111,Nucleus,Cytoplasm; Nucleus
P38809,YHR097C,,366,Nucleus,Cytoplasm; Nucleus
P38814,YHR103W,SBE22,852,Membrane_Secretory,Cytoplasm; Golgi apparatus
P38819,YHR110W,ERP5,212,Membrane_Secretory,Endoplasmic reticulum membrane
P38839,YHR136C,SPL2,148,Cytoplasm,Cytoplasmic granule; Cytoplasm
P38842,YHR140W,,239,Membrane_Secretory,Endoplasmic reticulum membrane
P38848,YHR150W,PEX28,579,Membrane_Secretory,Peroxisome membrane
P38849,YHR151C,MTC6,526,Membrane_Secretory,Membrane
P38852,YHR156C,LIN1,340,Nucleus,Nucleus
P38854,YHR159W,TDA11,504,Cytoplasm,Cytoplasm
P38872,YHR185C,PFS1,237,Nucleus,"Nucleus; Cytoplasm, cytoskeleton, microtubule organizing center, spindle pole body"
P38884,YHR198C,AIM18,321,Mitochondria,Mitochondrion
P38885,YHR199C,AIM46,310,Mitochondria,Mitochondrion
P38958,YDR079W,PET100,111,Mitochondria,Mitochondrion membrane
P38969,YOR266W,PNT1,423,Mitochondria,Mitochondrion inner membrane
P38971,YNL270C,ALP1,573,Membrane_Secretory,Membrane
P39005,YJL174W,KRE9,276,Membrane_Secretory,"Secreted, cell wall"
P39525,YER061C,CEM1,442,Mitochondria,Mitochondrion
P39551,YAR031W,PRM9,298,Membrane_Secretory,Cell membrane
P39718,YAL055W,PEX22,180,Membrane_Secretory,Peroxisome membrane
P39937,YER007W,PAC2,518,Cytoplasm,"Cytoplasm, cytoskeleton"
P39959,YER130C,,443,Nucleus,Nucleus
P39965,YER087W,AIM10,576,Mitochondria,Mitochondrion
P39981,YEL064C,AVT2,480,Membrane_Secretory,Vacuole membrane
P39982,YEL059W,HHY1,102,Membrane_Secretory,Membrane
P39996,YEL017W,GTT3,337,Nucleus,Nucleus membrane
P40002,YEL007W,MIT1,666,Nucleus,Cytoplasm; Nucleus
P40006,YEL001C,IRC22,225,Membrane_Secretory,Endoplasmic reticulum membrane
P40037,YER057C,HMF1,129,Nucleus,Cytoplasm; Nucleus; Mitochondrion intermembrane space
P40039,YER060W,FCY21,528,Membrane_Secretory,Membrane
P40041,YER064C,VHR2,505,Nucleus,Nucleus
P40050,YER077C,MRX1,688,Mitochondria,Mitochondrion
P40081,YER134C,,178,Nucleus,Cytoplasm; Nucleus
P40100,YER185W,PUG1,303,Membrane_Secretory,Cell membrane
P40155,YNL214W,PEX17,199,Membrane_Secretory,Peroxisome membrane
P40156,YNL213C,RRG9,214,Mitochondria,Mitochondrion
P40188,YIL057C,RGI2,164,Cytoplasm,Cytoplasm
P40210,YMR140W,SIP5,489,Cytoplasm,Cytoplasm
P40309,YJL094C,KHA1,873,Membrane_Secretory,Membrane
P40317,YDR006C,SOK1,901,Nucleus,Nucleus
P40342,YNR004W,SWM2,146,Nucleus,"Nucleus, nucleolus"
P40355,YJR061W,MNN14,935,Membrane_Secretory,Golgi apparatus membrane
P40445,YIL166C,,542,Membrane_Secretory,Membrane
P40451,YIL158W,AIM20,204,Membrane_Secretory,Vacuole membrane
P40463,YIL135C,VHS2,436,Cytoplasm,Cytoplasm
P40464,YIL134W,FLX1,311,Mitochondria,Mitochondrion inner membrane
P40483,YIL108W,,696,Cytoplasm,Cytoplasm
P40525,YIL052C,RPL34B,121,Cytoplasm,Cytoplasm
P40531,YIL041W,GVP36,326,Membrane_Secretory,Golgi apparatus membrane
P40544,YIL023C,YKE4,346,Membrane_Secretory,Endoplasmic reticulum membrane
P40545,YIL020C,HIS6,261,Cytoplasm,Cytoplasm
P40546,YIL019W,FAF1,346,Nucleus,"Nucleus, nucleolus"
P40561,YIR001C,SGN1,250,Cytoplasm,Cytoplasm
P40570,YIR014W,VLD1,242,Membrane_Secretory,Vacuole membrane
P40990,YDL107W,MSS2,351,Mitochondria,Mitochondrion inner membrane
P42223,YDR351W,SBE2,864,Membrane_Secretory,Golgi apparatus
P42834,YNL328C,MDJ2,146,Mitochondria,Mitochondrion inner membrane
P42940,YGR207C,CIR1,261,Mitochondria,Mitochondrion matrix
P42943,YJL111W,CCT7,550,Cytoplasm,Cytoplasm
P43548,YFL055W,AGP3,558,Membrane_Secretory,Membrane
P43557,YFL046W,FMP32,207,Mitochondria,Mitochondrion; Membrane
P43562,YFL040W,,540,Membrane_Secretory,Membrane
P43613,YFR041C,ERJ5,295,Membrane_Secretory,Endoplasmic reticulum membrane
P43620,YFR048W,RMD8,662,Membrane_Secretory,Membrane
P45819,YGL170C,SPO74,413,Other,"Cytoplasm, cytoskeleton, microtubule organizing center, spindle pole body"
P45820,YGL168W,HUR1,110,Membrane_Secretory,Membrane
P46955,YJL116C,NCA3,337,Mitochondria,Mitochondrion
P46983,YJL185C,ATG36,293,Membrane_Secretory,Peroxisome
P46993,YJL170C,ASG7,209,Other,Endomembrane system
P46997,YJL162C,JJJ2,583,Nucleus,Cytoplasm; Nucleus
P46999,YJL160C,PIR5,287,Membrane_Secretory,"Secreted, cell wall"
P47007,YJL147C,MRX5,382,Mitochondria,Mitochondrion
P47015,YJL131C,AIM23,356,Mitochondria,Mitochondrion
P47046,YJL051W,IRC8,822,Membrane_Secretory,Membrane
P47065,YJL023C,PET130,347,Mitochondria,Mitochondrion matrix
P47081,YJL003W,COX16,118,Mitochondria,Mitochondrion inner membrane
P47084,YJR003C,MRX12,519,Mitochondria,Mitochondrion
P47085,YJR008W,MHO1,338,Nucleus,Cytoplasm; Nucleus
P47099,YJR028W,TY1A-JR2,440,Cytoplasm,Cytoplasm
P47111,YJR044C,VPS55,140,Membrane_Secretory,Endosome membrane
P47127,YJR080C,AIM24,394,Mitochondria,Mitochondrion
P47140,YJR100C,AIM25,327,Mitochondria,Mitochondrion
P47148,YJR111C,PXP2,283,Cytoplasm,"Peroxisome matrix; Cytoplasm, cytosol"
P47153,YJR116W,TDA4,279,Membrane_Secretory,Membrane
P47155,YJR118C,ILM1,203,Membrane_Secretory,Endoplasmic reticulum membrane
P47163,YJR129C,EFM3,339,Cytoplasm,Cytoplasm
P47165,YJR133W,XPT1,209,Cytoplasm,Cytoplasm
P47166,YJR134C,SGM1,707,Membrane_Secretory,Golgi apparatus
P47175,YJR147W,HMS2,358,Nucleus,Cytoplasm; Nucleus
P47177,YJR149W,,404,Cytoplasm,Cytoplasm
P47187,YJR161C,COS5,383,Membrane_Secretory,Membrane
P48526,YPL040C,ISM1,1002,Mitochondria,Mitochondrion matrix
P48560,YNL300W,TOS6,102,Membrane_Secretory,"Secreted, cell wall; Membrane"
P48564,YNL295W,MRX6,524,Mitochondria,Mitochondrion
P50080,YGR224W,AZR1,613,Membrane_Secretory,Cell membrane
P50104,YMR019W,STB4,949,Nucleus,Nucleus
P50112,YDL049C,KNH1,268,Membrane_Secretory,"Secreted, cell wall"
P50273,YDR350C,ATP22,684,Mitochondria,Mitochondrion inner membrane
P52924,YNR075W,COS10,374,Membrane_Secretory,Membrane
P53047,YGR213C,RTA1,317,Membrane_Secretory,Membrane
P53058,YGL258W,VEL1,206,Cytoplasm,"Cytoplasm, cytosol"
P53060,YGL250W,RMR1,241,Nucleus,Cytoplasm; Nucleus
P53099,YGL186C,TPN1,579,Membrane_Secretory,Membrane
P53130,YGL121C,GPG1,126,Cytoplasm,Cytoplasm
P53139,YGL108C,,140,Cytoplasm,"Cytoplasm, cytosol"
P53142,YGL104C,VPS73,486,Mitochondria,Mitochondrion membrane
P53147,YGL096W,TOS8,276,Nucleus,Nucleus
P53155,YGL082W,,381,Nucleus,Cytoplasm; Nucleus
P53172,YGL056C,SDS23,527,Nucleus,Cytoplasm; Nucleus
P53200,YGR001C,EFM5,248,Cytoplasm,Cytoplasm
P53203,YGR004W,PEX31,462,Membrane_Secretory,Peroxisome membrane
P53241,YGR065C,VHT1,593,Membrane_Secretory,Cell membrane
P53243,YGR067C,,804,Nucleus,Nucleus
P53248,YGR077C,PEX8,589,Other,Peroxisome matrix
P53253,YGR089W,NNF2,936,Membrane_Secretory,Endoplasmic reticulum membrane
P53257,YGR096W,TPC1,314,Mitochondria,Mitochondrion inner membrane
P53279,YGR131W,FHN1,174,Membrane_Secretory,Cell membrane
P53285,YGR141W,VPS62,467,Membrane_Secretory,Membrane
P53289,YGR161C,RTS3,263,Nucleus,Cytoplasm; Nucleus
P53304,YGR212W,SLI1,468,Membrane_Secretory,Endoplasmic reticulum
P53315,YGR248W,SOL4,255,Cytoplasm,Cytoplasm
P53336,YGR283C,,341,Nucleus,"Nucleus, nucleolus"
P53338,YGR288W,MAL13,473,Nucleus,Nucleus
P53394,YPR003C,,754,Membrane_Secretory,Endoplasmic reticulum membrane
P53438,YMR016C,SOK2,785,Nucleus,Nucleus
P53723,YNR021W,,404,Membrane_Secretory,Endoplasmic reticulum membrane
P53724,YNR022C,MRPL50,139,Mitochondria,Mitochondrion
P53735,YNR039C,ZRG17,605,Membrane_Secretory,Endoplasmic reticulum membrane
P53744,YNR056C,BIO5,561,Membrane_Secretory,Membrane
P53751,YNR065C,,1116,Membrane_Secretory,Membrane
P53752,YNR066C,,436,Membrane_Secretory,Membrane
P53835,YNL279W,PRM1,661,Membrane_Secretory,Cell membrane
P53850,YNL254C,RTC4,401,Nucleus,Cytoplasm; Nucleus
P53873,YNL187W,SWT21,357,Nucleus,Nucleus
P53878,YNL181W,PBR1,407,Membrane_Secretory,Endoplasmic reticulum membrane
P53882,YNL176C,TDA7,636,Membrane_Secretory,Vacuole membrane
P53885,YNL173C,MDG1,366,Membrane_Secretory,Cell membrane
P53892,YNL164C,IBD2,351,Other,"Cytoplasm, cytoskeleton, spindle pole"
P53898,YNL156C,NSG2,299,Membrane_Secretory,Endoplasmic reticulum membrane
P53913,YNL133C,FYV6,173,Nucleus,"Nucleus; Chromosome, telomere"
P53918,YNL125C,ESBP6,673,Membrane_Secretory,Endoplasmic reticulum membrane
P53949,YNL056W,OCA2,197,Cytoplasm,Cytoplasm
P53958,YNL042W,BOP3,396,Nucleus,Cytoplasm; Nucleus
P53961,YNL038W,GPI15,229,Membrane_Secretory,Membrane
P53966,YNL029C,KTR5,522,Membrane_Secretory,Membrane
P53970,YNL024C,EFM6,246,Cytoplasm,Cytoplasm
P54003,YML052W,SUR7,302,Membrane_Secretory,Cell membrane
P54005,YMR316W,DIA1,336,Cytoplasm,Cytoplasm
P56508,YDR525W-A,SNA2,79,Membrane_Secretory,Membrane; Lipid droplet
P87262,YER056C-A,RPL34A,121,Cytoplasm,Cytoplasm
P87275,YER093C-A,AIM11,137,Membrane_Secretory,Membrane
Q00453,YMR182C,RGM1,211,Nucleus,Nucleus
Q00873,YKL087C,CYT2,224,Mitochondria,Mitochondrion inner membrane
Q01766,YPR005C,HAL1,294,Cytoplasm,Cytoplasm
Q02608,YPL013C,MRPS16,121,Mitochondria,Mitochondrion
Q02771,YER058W,PET117,107,Mitochondria,Mitochondrion
Q02772,YJR034W,PET191,108,Mitochondria,Mitochondrion intermembrane space
Q02875,YPL105C,SYH1,849,Cytoplasm,Cytoplasm
Q02889,YPL098C,MGR2,113,Membrane_Secretory,Membrane
Q02981,YPL109C,,657,Mitochondria,Mitochondrion
Q03029,YPL130W,SPO19,223,Membrane_Secretory,"Secreted, cell wall; Membrane"
Q03079,YPL041C,MRX11,207,Mitochondria,Mitochondrion; Mitochondrion inner membrane
Q03151,YMR097C,MTG1,367,Mitochondria,Mitochondrion inner membrane
Q03153,YMR098C,ATP25,612,Mitochondria,Mitochondrion inner membrane
Q03264,YMR285C,NGL2,515,Nucleus,Cytoplasm; Nucleus
Q03266,YMR289W,ABZ2,374,Cytoplasm,Cytoplasm
Q03419,YDR492W,IZH1,316,Membrane_Secretory,Endoplasmic reticulum membrane
Q03441,YDL001W,RMD1,430,Cytoplasm,Cytoplasm
Q03482,YDR210W,CPP2,75,Membrane_Secretory,Cell membrane
Q03483,YDR210W-A,TY2A-DR2,438,Cytoplasm,Cytoplasm
Q03516,YMR266W,RSN1,953,Membrane_Secretory,Membrane
Q03525,YMR269W,TMA23,211,Nucleus,"Nucleus, nucleolus"
Q03652,YMR211W,DML1,475,Mitochondria,Cytoplasm; Mitochondrion
Q03667,YMR002W,MIX17,156,Mitochondria,Mitochondrion intermembrane space
Q03673,YMR003W,AIM34,198,Mitochondria,Mitochondrion membrane
Q03697,YML038C,YMD8,442,Membrane_Secretory,"Golgi apparatus membrane; Cytoplasmic vesicle, COPI-coated vesicle membrane"
Q03786,YDR248C,,193,Cytoplasm,Cytoplasm
Q03796,YMR156C,TPP1,238,Nucleus,Nucleus
Q03798,YMR157C,AIM36,255,Mitochondria,Mitochondrion membrane
Q03799,YMR158W,MRPS8,155,Mitochondria,Mitochondrion
Q03856,YDR098C-A,TY1A-DR1,440,Cytoplasm,Cytoplasm
Q03880,YMR123W,PKR1,122,Membrane_Secretory,Endoplasmic reticulum membrane
Q03899,YDR131C,,556,Membrane_Secretory,Vacuole
Q03964,YDR170W-A,TY1A-DR2,440,Cytoplasm,Cytoplasm
Q04005,YDR184C,ATC1,294,Nucleus,Cytoplasm; Nucleus
Q04007,YDR186C,SND1,877,Cytoplasm,Cytoplasm
Q04083,YDR438W,THI74,370,Mitochondria,Mitochondrion membrane
Q04201,YML101C,CUE4,117,Membrane_Secretory,Cytoplasm; Endoplasmic reticulum
Q04210,YMR040W,YET2,160,Membrane_Secretory,Endoplasmic reticulum membrane
Q04215,YMR046C,TY1A-MR1,440,Cytoplasm,Cytoplasm
Q04216,YMR126C,DLT1,342,Membrane_Secretory,Membrane
Q04231,YML011C,RAD33,177,Nucleus,Nucleus
Q04233,YML006C,GIS4,774,Cytoplasm,Cytoplasm
Q04301,YMR088C,VBA1,562,Membrane_Secretory,Vacuole membrane
Q04329,YMR195W,ICY1,127,Membrane_Secretory,Vacuole membrane
Q04341,YDR031W,MIX14,121,Mitochondria,Mitochondrion intermembrane space
Q04411,YDR520C,URC2,772,Nucleus,Cytoplasm; Nucleus
Q04418,YDR527W,RBA50,439,Cytoplasm,Cytoplasm
Q04429,YDR528W,HLR1,423,Cytoplasm,Cytoplasm
Q04516,YML087C,AIM33,312,Membrane_Secretory,Membrane
Q04598,YDR115W,,105,Mitochondria,Mitochondrion
Q04602,YDR119W,VBA4,768,Membrane_Secretory,Vacuole membrane
Q04623,YDR125C,ECM18,453,Mitochondria,Mitochondrion
Q04706,YML045W-A,TY1A-ML1,440,Cytoplasm,Cytoplasm
Q04734,YMR063W,RIM9,239,Membrane_Secretory,Cell membrane
Q04767,YMR071C,TVP18,167,Membrane_Secretory,Golgi apparatus membrane
Q04806,YMR251W,GTO3,366,Cytoplasm,Cytoplasm
Q04867,YMR310C,,317,Nucleus,Nucleus
Q04922,YDR219C,MFB1,465,Mitochondria,Mitochondrion
Q05015,YMR222C,FSH2,223,Cytoplasm,Cytoplasm
Q05648,YDR282C,MRX10,414,Mitochondria,Mitochondrion inner membrane
Q05672,YDL189W,RBS1,457,Cytoplasm,Cytoplasm
Q05676,YEL059C-A,SOM1,74,Mitochondria,Mitochondrion inner membrane
Q05863,YLR281C,,155,Mitochondria,Mitochondrion
Q05867,YLR283W,,314,Mitochondria,Mitochondrion membrane
Q05899,YLR297W,,129,Membrane_Secretory,Vacuole membrane
Q05905,YLR301W,HRI1,244,Nucleus,Cytoplasm; Nucleus
Q05955,YLR227C,ADY4,493,Other,"Cytoplasm, cytoskeleton, microtubule organizing center, spindle pole body"
Q06011,YLR390W,ECM19,112,Mitochondria,Mitochondrion membrane
Q06107,YPR114W,,315,Membrane_Secretory,Endoplasmic reticulum membrane
Q06108,YPR115W,RGC1,1083,Cytoplasm,Cytoplasm
Q06116,YPR117W,HOB2,2489,Mitochondria,Cell membrane; Endoplasmic reticulum membrane; Mitochondrion membrane
Q06134,YLR341W,SPO77,477,Cytoplasm,Cytoplasm
Q06177,YLR327C,TMA10,86,Nucleus,Cytoplasm; Nucleus
Q06200,YLR443W,ECM7,448,Membrane_Secretory,Membrane
Q06214,YPR169W,JIP5,492,Nucleus,"Nucleus, nucleolus"
Q06466,YPR157W,TDA6,467,Membrane_Secretory,Membrane
Q06469,YPR158W,CUR1,252,Nucleus,Nucleus
Q06485,YLR356W,ATG33,197,Mitochondria,Mitochondrion membrane
Q06490,YPR121W,THI22,572,Membrane_Secretory,Secreted
Q06494,YPR127W,,345,Nucleus,Cytoplasm; Nucleus
Q06537,YPR153W,,140,Membrane_Secretory,Membrane
Q06563,YLR251W,SYM1,197,Mitochondria,Mitochondrion inner membrane
Q06636,YDR302W,GPI11,219,Membrane_Secretory,Endoplasmic reticulum membrane
Q06644,YDR307W,PMT7,662,Membrane_Secretory,Endoplasmic reticulum membrane
Q06673,YLR436C,ECM30,1274,Cytoplasm,Cytoplasm
Q06686,YLR411W,CTR3,241,Other,Cytoplasmic vesicle membrane
Q06688,YLR412W,BER1,274,Cytoplasm,"Cytoplasm, cytoskeleton"
Q06689,YLR413W,,675,Membrane_Secretory,Cell membrane
Q06698,YLR419W,,1435,Cytoplasm,Cytoplasm
Q06822,YPR085C,ASA1,443,Nucleus,Nucleus
Q07349,YDL027C,MRX9,420,Mitochondria,Mitochondrion; Mitochondrion membrane
Q07351,YDL048C,STP4,490,Nucleus,Cytoplasm; Mitochondrion; Nucleus
Q07362,YDL053C,PBP4,185,Nucleus,Cytoplasm; Nucleus
Q07376,YDL054C,MCH1,486,Membrane_Secretory,Vacuole membrane
Q07451,YDL072C,YET3,203,Membrane_Secretory,Endoplasmic reticulum membrane
Q07549,YDL123W,SNA4,140,Membrane_Secretory,Vacuole membrane
Q07653,YDL223C,HBT1,1046,Cytoplasm,Cytoplasm
Q07655,YDL224C,WHI4,649,Cytoplasm,Cytoplasm
Q07660,YDL231C,BRE4,1125,Membrane_Secretory,Membrane
Q07684,YDL233W,MFG1,458,Nucleus,Nucleus
Q07788,YDL248W,COS7,383,Membrane_Secretory,Membrane
Q07798,YLL005C,SPO75,868,Membrane_Secretory,Membrane
Q07897,YLR003C,CMS1,291,Nucleus,Nucleus
Q07904,YLR004C,THI73,523,Membrane_Secretory,Endoplasmic reticulum membrane; Cell membrane
Q07959,YLR023C,IZH3,543,Membrane_Secretory,Endoplasmic reticulum membrane
Q07987,YLR037C,PAU23,124,Membrane_Secretory,"Secreted, cell wall"
Q07988,YLR040C,AFB1,224,Membrane_Secretory,"Secreted, cell wall; Membrane"
Q07990,YLR042C,,161,Membrane_Secretory,"Secreted, cell wall; Membrane"
Q08182,YOL028C,YAP7,245,Nucleus,Nucleus
Q08202,YOL032W,OPI10,246,Nucleus,Cytoplasm; Nucleus
Q08223,YOL053W,AIM39,395,Mitochondria,Mitochondrion membrane
Q08225,YOL057W,,711,Cytoplasm,Cytoplasm
Q08227,YOL065C,INP54,384,Membrane_Secretory,Endoplasmic reticulum membrane
Q08234,YOL075C,,1294,Membrane_Secretory,Membrane
Q08268,YOL119C,MCH4,501,Membrane_Secretory,Membrane
Q08280,YOL137W,BSC6,497,Other,"Golgi apparatus, cis-Golgi network membrane"
Q08416,YOR044W,IRC23,157,Membrane_Secretory,Endoplasmic reticulum membrane
Q08422,YOR052C,TMC1,150,Nucleus,Nucleus
Q08646,YOR242C,SSP2,371,Other,Spore wall
Q08693,YOR256C,TRE2,809,Membrane_Secretory,Membrane
Q08729,YOR264W,DSE3,430,Cytoplasm,Bud neck
Q08750,YOR298W,MUM3,479,Membrane_Secretory,Membrane
Q08777,YOR306C,MCH5,521,Membrane_Secretory,Cell membrane
Q08818,YOR354C,MSC6,692,Mitochondria,Mitochondrion
Q08904,YOR380W,RDR1,546,Nucleus,Nucleus
Q08907,YOR383C,FIT3,204,Membrane_Secretory,"Secreted, cell wall; Membrane"
Q08919,YPL176C,TRE1,783,Membrane_Secretory,Cell membrane
Q08926,YPL186C,UIP4,304,Mitochondria,Endoplasmic reticulum membrane; Mitochondrion outer membrane; Nucleus envelope
Q08932,YPL193W,RSA1,381,Nucleus,Nucleus
Q08956,YPL201C,YIG1,461,Nucleus,Cytoplasm; Nucleus
Q08971,YPL225W,,146,Cytoplasm,Cytoplasm
Q12020,YLR082C,SRL2,392,Nucleus,Cytoplasm; Nucleus
Q12021,YDR030C,RAD28,506,Nucleus,Nucleus
Q12036,YPL148C,PPT2,173,Mitochondria,Mitochondrion
Q12040,YOR283W,,230,Nucleus,Cytoplasm; Nucleus
Q12057,YOR104W,PIN2,282,Membrane_Secretory,Membrane
Q12085,YGR027W-A,TY1A-GR1,440,Cytoplasm,Cytoplasm
Q12089,YPL005W,AEP3,606,Mitochondria,Mitochondrion inner membrane
Q12108,YOR118W,RTC5,567,Cytoplasm,Cytoplasm
Q12109,YOL097C,WRS1,432,Cytoplasm,Cytoplasm
Q12117,YDR033W,MRH1,320,Mitochondria,Cell membrane; Mitochondrion; Bud
Q12119,YER060W-A,FCY22,530,Membrane_Secretory,Membrane
Q12129,YLR363C,NMD4,218,Cytoplasm,Cytoplasm
Q12139,YPR022C,,1133,Nucleus,Cytoplasm; Nucleus
Q12144,YLR064W,PER33,273,Membrane_Secretory,"Endoplasmic reticulum membrane; Nucleus, nuclear pore complex"
Q12145,YPR013C,CMR3,317,Nucleus,Nucleus
Q12155,YLR050C,EMA19,161,Membrane_Secretory,Endoplasmic reticulum membrane
Q12167,YDR065W,RRG1,365,Mitochondria,Mitochondrion
Q12202,YLR054C,OSW2,724,Cytoplasm,Cytoplasm; Prospore membrane
Q12214,YPR068C,HOS1,470,Nucleus,Nucleus
Q12217,YBR012W-A,TY1A-BR,440,Cytoplasm,Cytoplasm
Q12221,YPR042C,PUF2,1075,Cytoplasm,Cytoplasm
Q12239,YOL107W,,342,Membrane_Secretory,Golgi apparatus membrane
Q12247,YLR068W,FYV7,151,Nucleus,"Nucleus, nucleolus"
Q12251,YPR011C,,326,Mitochondria,Mitochondrion inner membrane
Q12252,YOL084W,PHM7,991,Membrane_Secretory,Cell membrane
Q12260,YBL100W-A,TY2A-B,438,Cytoplasm,Cytoplasm
Q12266,YBL005W-A,TY1A-BL,440,Cytoplasm,Cytoplasm
Q12282,YOR214C,SPR2,236,Membrane_Secretory,"Spore wall; Secreted, cell wall; Membrane"
Q12288,YLR126C,,251,Cytoplasm,Cytoplasm
Q12291,YLR063W,BMT6,365,Nucleus,Cytoplasm; Nucleus
Q12293,YOR343W-A,TY2A-OR2,438,Cytoplasm,Cytoplasm
Q12314,YOR021C,SFM1,213,Cytoplasm,Cytoplasm
Q12340,YOR172W,YRM1,786,Nucleus,Cytoplasm; Nucleus
Q12350,YPR061C,JID1,301,Mitochondria,Mitochondrion membrane
Q12374,YPR155C,NCA2,616,Mitochondria,Mitochondrion membrane
Q12391,YNL284C-A,TY1A-NL1,440,Cytoplasm,Cytoplasm
Q12392,YDR034C-C,TY2A-DR1,438,Cytoplasm,Cytoplasm
Q12393,YLR091W,GEP5,293,Mitochondria,Mitochondrion
Q12407,YDL199C,,687,Membrane_Secretory,Membrane
Q12412,YOR161C,PNS1,539,Membrane_Secretory,Cell membrane
Q12424,YDL206W,,762,Membrane_Secretory,Membrane
Q12436,YLR130C,ZRT2,422,Membrane_Secretory,Membrane
Q12439,YOR192C-A,TY2A-OR1,438,Cytoplasm,Cytoplasm
Q12441,YDR210C-C,TY1A-DR3,440,Cytoplasm,Cytoplasm
Q12454,YDR067C,OCA6,224,Cytoplasm,Cytoplasm
Q12470,YNL054W-A,TY1A-NL2,440,Cytoplasm,Cytoplasm
Q12480,YPR004C,AIM45,344,Mitochondria,Mitochondrion matrix
Q12485,YGR038C-A,TY1A-GR2,440,Cytoplasm,Cytoplasm
Q12489,YDL012C,,107,Membrane_Secretory,Cell membrane
Q12500,YLR114C,AVL9,764,Cytoplasm,Cytoplasm
Q12504,YDR257C,RKM4,494,Nucleus,Nucleus
Q12515,YDL173W,PAR32,295,Cytoplasm,Cytoplasm
Q12516,YDL133W,SRF1,437,Membrane_Secretory,Membrane
Q12672,YPL079W,RPL21B,160,Cytoplasm,Cytoplasm
Q12690,YDL082W,RPL13A,199,Cytoplasm,Cytoplasm
Q2V2P8,YDR374W-A,WIP1,89,Nucleus,"Nucleus; Chromosome, centromere, kinetochore"
Q2V2Q1,YCL058W-A,ADF1,113,Nucleus,Nucleus
Q3E6R5,YDR381C-A,,114,Mitochondria,Mitochondrion outer membrane
Q3E752,YPR036W-A,SPO24,67,Other,Prospore membrane
Q3E764,YLR262C-A,TMA7,64,Nucleus,Cytoplasm; Nucleus
Q3E824,YOR020W-A,,90,Mitochondria,Mitochondrion membrane
Q3E828,YJL127C-B,MCO6,52,Mitochondria,Mitochondrion outer membrane
Q6Q5H1,YPR158C-C,TY1A-PR3,440,Cytoplasm,Cytoplasm
Q6Q5K6,YML058W-A,HUG1,68,Nucleus,Cytoplasm; Nucleus
Q6Q5X2,YDR034W-B,CPP3,51,Membrane_Secretory,Cell membrane
Q8TGJ3,YNL024C-A,KSH1,72,Membrane_Secretory,Endoplasmic reticulum membrane; Golgi apparatus membrane
Q8TGM6,YLR154W-C,TAR1,124,Mitochondria,Mitochondrion
Q8TGN9,YGR031C-A,NAG1,163,Membrane_Secretory,Membrane
Q92392,YOL103W-A,TY1A-OL,440,Cytoplasm,Cytoplasm
Q99252,YOR092W,ECM3,613,Membrane_Secretory,Endoplasmic reticulum membrane
Q99303,YDR261W-A,TY2A-DR3,438,Cytoplasm,Cytoplasm
Q99373,YPL159C,PET20,253,Mitochondria,Mitochondrion
A5Z2X5,YPR010C-A,,72,Membrane_Secretory,Cytoplasm; Membrane
D6VPM8,YAR023C,DFP1,179,Membrane_Secretory,Membrane
O13511,YAL065C,,128,Membrane_Secretory,Membrane
O13512,YAL064W-B,,126,Membrane_Secretory,Membrane
O13529,YHR021W-A,ECM12,151,Membrane_Secretory,Membrane
O13548,YPR099C,,118,Mitochondria,Mitochondrion
O13585,YPR089W,,888,Membrane_Secretory,Golgi apparatus
O43137,YBR085C-A,,85,Nucleus,Cytoplasm; Nucleus
P03881,Q0255,,472,Mitochondria,Mitochondrion
P08593,YPR134W,MSS18,268,Mitochondria,Mitochondrion
P0C289,YDR034C-A,,58,Membrane_Secretory,Membrane
P0CD97,YER039C-A,,72,Membrane_Secretory,Membrane
P0CD98,YLL053C,,152,Membrane_Secretory,Membrane
P0CF19,YOL162W,,215,Membrane_Secretory,Membrane
P0CF20,YOL163W,,169,Membrane_Secretory,Membrane
P0CX12,YBR302C,COS2,379,Membrane_Secretory,Membrane
P0CX18,YAR066W,,203,Membrane_Secretory,Cell membrane
P0CX19,YHR214W,,203,Membrane_Secretory,Cell membrane
P0CX99,YFL068W,,160,Membrane_Secretory,Membrane
P0CY13,YCR096C,HMRA2,119,Nucleus,Nucleus
P23493,YKL093W,MBR1,339,Mitochondria,Mitochondrion
P25355,YCR054C,CTR86,563,Cytoplasm,Cytoplasm
P25565,YCL002C,,263,Membrane_Secretory,Membrane
P25610,YCR104W,PAU3,124,Membrane_Secretory,Membrane
P25639,YCR061W,,631,Membrane_Secretory,Membrane
P32047,YNL074C,MLF3,452,Cytoplasm,Cytoplasm
P32564,YGR049W,SCM4,187,Membrane_Secretory,Membrane
P32612,YEL049W,PAU2,120,Membrane_Secretory,Membrane
P32633,YEL033W,MTC7,139,Membrane_Secretory,Membrane
P32792,YHR017W,YSC83,385,Mitochondria,Mitochondrion outer membrane
P34224,YBL059W,,193,Mitochondria,Mitochondrion membrane
P34251,YKL107W,,309,Membrane_Secretory,Membrane
P35995,YKL222C,,705,Nucleus,Nucleus
P36034,YKL219W,COS9,407,Membrane_Secretory,Membrane
P36052,YKL162C,,402,Mitochondria,Mitochondrion
P36066,YKL133C,,463,Membrane_Secretory,Membrane
P36086,YKL071W,,256,Cytoplasm,Cytoplasm
P36103,YKL023W,,277,Cytoplasm,Cytoplasm
P36114,YKR018C,,725,Nucleus,Cytoplasm; Nucleus
P36138,YKR045C,,183,Cytoplasm,Cytoplasm
P36151,YKR070W,,352,Mitochondria,Mitochondrion
P36154,YKR074W,AIM29,155,Cytoplasm,Cytoplasm
P37265,YCR041W,,110,Membrane_Secretory,Membrane
P37293,YGR147C,NAT2,288,Cytoplasm,Cytoplasm
P38083,YBR063C,,404,Membrane_Secretory,Membrane
P38150,YBR284W,,797,Membrane_Secretory,Membrane
P38155,YBR301W,PAU24,120,Membrane_Secretory,"Secreted, cell wall"
P38192,YBL048W,RRT1,103,Membrane_Secretory,Membrane
P38231,YBR047W,FMP23,175,Mitochondria,Mitochondrion
P38253,YBR090C,,122,Nucleus,Cytoplasm; Nucleus; Membrane
P38277,YBR138C,,524,Cytoplasm,Cytoplasm
P38292,YBR168W,PEX32,413,Membrane_Secretory,Peroxisome membrane
P38318,YBR220C,,560,Membrane_Secretory,Membrane
P38355,YBR287W,,427,Membrane_Secretory,Membrane
P38690,YHR033W,,423,Cytoplasm,Cytoplasm
P38721,YHL050C,,697,Membrane_Secretory,Membrane
P38723,YHL048W,COS8,381,Membrane_Secretory,Membrane
P38728,YHL043W,ECM34,170,Membrane_Secretory,Membrane
P38740,YHL026C,,315,Membrane_Secretory,Membrane
P38775,YHR045W,,560,Membrane_Secretory,Membrane
P38832,YHR126C,ANS1,159,Membrane_Secretory,Cell membrane
P38835,YHR131C,,850,Cytoplasm,Cytoplasm
P38868,YHR180W,,163,Membrane_Secretory,Membrane
P39529,YJL206C,,758,Nucleus,Nucleus
P39542,YJL193W,,402,Membrane_Secretory,Membrane
P39549,YAR029W,DFP2,74,Membrane_Secretory,Cytoplasm; Membrane
P39721,YAL049C,AIM2,246,Cytoplasm,Cytoplasm
P39975,YEL072W,RMD6,231,Membrane_Secretory,Peroxisome
P39991,YEL025C,,1188,Membrane_Secretory,Membrane
P40008,YER004W,FMP52,231,Mitochondria,Mitochondrion outer membrane
P40053,YER080W,AIM9,627,Mitochondria,Mitochondrion
P40057,YER084W,,128,Nucleus,Cytoplasm; Nucleus
P40097,YER181C,,107,Mitochondria,Mitochondrion membrane
P40098,YER182W,FMP10,244,Mitochondria,Mitochondrion membrane
P40157,YNL212W,VID27,782,Cytoplasm,Cytoplasm
P40159,YNL208W,,199,Mitochondria,Mitochondrion
P40168,YNL195C,,261,Mitochondria,Mitochondrion
P40206,YMR132C,JLP2,208,Cytoplasm,Cytoplasm
P40326,YGR269W,,108,Nucleus,Cytoplasm; Nucleus
P40364,YJL066C,MPM1,252,Mitochondria,Mitochondrion membrane
P40470,YIL127C,RRT14,206,Nucleus,"Nucleus, nucleolus"
P40476,YIL117C,PRM5,318,Membrane_Secretory,Membrane
P40497,YIL092W,,633,Membrane_Secretory,Membrane
P40500,YIL089W,,205,Membrane_Secretory,Membrane
P40502,YIL087C,AIM19,157,Mitochondria,Mitochondrion membrane
P40508,YIL077C,,320,Mitochondria,Mitochondrion membrane
P40514,YIL067C,,678,Membrane_Secretory,Vacuole membrane
P40524,YIL054W,,105,Membrane_Secretory,Membrane
P40534,YIL037C,PRM2,656,Membrane_Secretory,Membrane
P40893,YJL217W,REE1,198,Cytoplasm,Cytoplasm
P40962,YOR077W,RTS2,232,Nucleus,Nucleus
P42840,YNL320W,,284,Mitochondria,Mitochondrion membrane
P42946,YJL108C,PRM10,383,Membrane_Secretory,Membrane
P43537,YFL067W,,175,Membrane_Secretory,Membrane
P43542,YFL062W,COS4,379,Membrane_Secretory,Membrane
P43552,YFL051C,,160,Membrane_Secretory,Cell membrane
P43575,YFL020C,PAU5,122,Membrane_Secretory,Membrane
P43590,YFR006W,,535,Membrane_Secretory,Membrane
P43595,YFR012W,DCV1,202,Membrane_Secretory,Membrane
P43600,YFR020W,CSS2,232,Membrane_Secretory,Secreted
P43617,YFR045W,,309,Mitochondria,Mitochondrion inner membrane
P46996,YJL163C,,555,Membrane_Secretory,Membrane
P46998,YJL161W,FMP33,180,Mitochondria,Mitochondrion membrane
P47010,YJL142C,IRC9,130,Membrane_Secretory,Membrane
P47014,YJL132W,,750,Membrane_Secretory,Membrane
P47034,YJL077C,ICS3,131,Membrane_Secretory,Membrane
P47072,YJL016W,,561,Cytoplasm,Cytoplasm
P47090,YJR015W,,510,Membrane_Secretory,Endoplasmic reticulum membrane
P47131,YJR085C,,105,Mitochondria,Mitochondrion; Membrane
P47139,YJR098C,,656,Mitochondria,Cytoplasm; Mitochondrion
P47144,YJR106W,ECM27,725,Membrane_Secretory,Membrane
P47159,YJR124C,,448,Membrane_Secretory,Membrane
P47174,YJR146W,,117,Nucleus,Cytoplasm; Nucleus
P47181,YJR154W,,346,Cytoplasm,Cytoplasm
P50088,YGR236C,SPG1,95,Mitochondria,Mitochondrion membrane
P53050,YGR249W,MGA1,456,Nucleus,Nucleus
P53053,YGL263W,COS12,380,Membrane_Secretory,Membrane
P53074,YGL230C,,147,Membrane_Secretory,Membrane
P53077,YGL226W,MTC3,123,Mitochondria,Mitochondrion
P53081,YGL221C,NIF3,288,Mitochondria,Mitochondrion
P53089,YGL204C,,101,Membrane_Secretory,Endoplasmic reticulum; Membrane
P53117,YGL146C,RRT6,311,Membrane_Secretory,Membrane
P53120,YGL140C,,1219,Membrane_Secretory,Membrane
P53134,YGL114W,,725,Membrane_Secretory,Membrane
P53171,YGL057C,GEP7,287,Mitochondria,Mitochondrion membrane
P53209,YGR016W,,190,Membrane_Secretory,Membrane
P53212,YGR021W,,290,Mitochondria,Mitochondrion
P53217,YGR026W,,278,Membrane_Secretory,Cell membrane
P53287,YGR151C,,111,Nucleus,Cytoplasm; Nucleus
P53293,YGR168C,,376,Membrane_Secretory,Membrane
P53343,YGR294W,PAU12,120,Membrane_Secretory,Membrane
P53344,YGR295C,COS6,381,Membrane_Secretory,Membrane
P53427,YLR461W,PAU4,120,Membrane_Secretory,Membrane
P53584,YNL237W,YTP1,459,Membrane_Secretory,Membrane
P53745,YNR059W,MNT4,580,Membrane_Secretory,Membrane
P53747,YNR061C,,219,Membrane_Secretory,Vacuole membrane
P53748,YNR062C,,327,Membrane_Secretory,Membrane
P53749,YNR063W,,607,Nucleus,Nucleus
P53822,YNL336W,COS1,381,Membrane_Secretory,Membrane
P53869,YNL211C,MRX7,86,Mitochondria,Mitochondrion
P53906,YNL146W,,100,Membrane_Secretory,Endoplasmic reticulum membrane
P53908,YNL143C,,130,Membrane_Secretory,Membrane
P53925,YNL115C,,644,Membrane_Secretory,Vacuole membrane
P53932,YNL095C,,642,Membrane_Secretory,Membrane
P53947,YNL058C,,316,Membrane_Secretory,Vacuole membrane
P53956,YNL046W,,172,Membrane_Secretory,Endoplasmic reticulum membrane
P53964,YNL033W,,284,Membrane_Secretory,Cell membrane
P53975,YNL019C,,284,Membrane_Secretory,Cell membrane
P54072,YLR152C,,576,Membrane_Secretory,Membrane
P9WEJ6,YGR016C-A,,35,Membrane_Secretory,Endoplasmic reticulum membrane
Q02203,YKR005C,,525,Membrane_Secretory,Membrane
Q02754,YPL067C,,198,Cytoplasm,Cytoplasm
Q02786,YPL056C,LCL1,101,Membrane_Secretory,Cell membrane
Q02820,YJL205C,NCE101,53,Membrane_Secretory,Membrane
Q02864,YPL071C,,156,Nucleus,Cytoplasm; Nucleus
Q02872,YPL108W,,168,Cytoplasm,Cytoplasm
Q02873,YPL107W,,248,Mitochondria,Mitochondrion
Q03036,YDR540C,IRC4,179,Nucleus,Cytoplasm; Nucleus
Q03102,YML131W,,365,Membrane_Secretory,Membrane
Q03193,YDR090C,,310,Membrane_Secretory,Cell membrane
Q03233,YMR184W,ADD37,198,Cytoplasm,Cytoplasm
Q03263,YMR279C,,540,Membrane_Secretory,Membrane
Q03362,YDR476C,,224,Membrane_Secretory,Endoplasmic reticulum
Q03648,YMR209C,,457,Membrane_Secretory,Membrane
Q03730,YML018C,,393,Membrane_Secretory,Vacuole membrane
Q03780,YDR239C,,787,Cytoplasm,Cytoplasm
Q03795,YMR155W,,547,Membrane_Secretory,Membrane
Q03900,YDR132C,,495,Nucleus,Cytoplasm; Nucleus
Q04018,YMR244W,,355,Membrane_Secretory,Membrane
Q04093,YDR444W,,687,Cytoplasm,Cytoplasm
Q04162,YDR387C,,555,Membrane_Secretory,Membrane
Q04304,YMR090W,,227,Cytoplasm,Cytoplasm
Q04398,YDR504C,SPG3,127,Membrane_Secretory,Membrane
Q04408,YDR514C,,483,Nucleus,Nucleus; Mitochondrion
Q04489,YML096W,,525,Cytoplasm,Cytoplasm
Q04748,YMR066W,SOV1,898,Mitochondria,Mitochondrion
Q04835,YMR253C,,414,Membrane_Secretory,Membrane
Q04925,YDR222W,,415,Cytoplasm,Cytoplasm
Q04991,YMR221C,FMP42,504,Membrane_Secretory,Vacuole membrane
Q05497,YDR338C,,695,Membrane_Secretory,Membrane
Q05611,YDR275W,BSC2,235,Membrane_Secretory,Lipid droplet; Membrane
Q05637,YDR281C,PHM6,104,Membrane_Secretory,Vacuole membrane
Q05812,YLR219W,MSC3,728,Membrane_Secretory,Cell membrane
Q05854,YLR278C,,1341,Nucleus,Nucleus
Q05881,YLR287C,,355,Cytoplasm,Cytoplasm
Q05937,YLR375W,STP3,343,Nucleus,Nucleus
Q05948,YLR225C,,407,Cytoplasm,Cytoplasm
Q06070,YLR407W,,228,Other,"Cytoplasm, cell cortex"
Q06089,YPR098C,,161,Mitochondria,Mitochondrion outer membrane
Q06139,YLR346C,CIS1,101,Mitochondria,Mitochondrion
Q06146,YLR257W,,321,Cytoplasm,Cytoplasm
Q06152,YLR271W,,274,Nucleus,Cytoplasm; Nucleus
Q06170,YLR326W,,240,Membrane_Secretory,Membrane
Q06199,YLR456W,,204,Nucleus,Cytoplasm; Nucleus
Q06235,YLR162W,,118,Membrane_Secretory,Membrane
Q06247,YLR173W,,608,Membrane_Secretory,Membrane
Q06251,YLR177W,,628,Cytoplasm,Cytoplasm
Q06523,YPR148C,,435,Cytoplasm,Cytoplasm
Q06524,YPR151C,SUE1,206,Other,Mitochondrion envelope
Q06595,YPR196W,,470,Nucleus,Nucleus
Q06608,YPR172W,,200,Nucleus,Cytoplasm; Nucleus
Q07074,YHR007C-A,,71,Membrane_Secretory,Membrane
Q07555,YDL129W,,291,Nucleus,Cytoplasm; Nucleus
Q07589,YDL144C,,356,Nucleus,Cytoplasm; Nucleus
Q07629,YDL218W,,317,Membrane_Secretory,Membrane
Q07829,YLL030C,RRT7,113,Membrane_Secretory,Membrane
Q07834,YLL032C,,825,Cytoplasm,Cytoplasm
Q07895,YLR001C,,862,Membrane_Secretory,Vacuole membrane
Q07986,YLR036C,,203,Membrane_Secretory,Membrane
Q08023,YLR077W,FMP25,583,Mitochondria,Mitochondrion membrane
Q08213,YOL042W,NGL1,363,Mitochondria,Mitochondrion
Q08300,YOL159C,CSS3,171,Membrane_Secretory,Cytoplasm; Secreted
Q08322,YOL161C,PAU20,120,Membrane_Secretory,Membrane
Q08474,YOR068C,VAM10,114,Membrane_Secretory,Vacuole membrane
Q08559,YOR183W,FYV12,129,Membrane_Secretory,Membrane
Q08630,YOR235W,IRC13,104,Membrane_Secretory,Membrane
Q08634,YOR238W,,303,Cytoplasm,Cytoplasm
Q08687,YOR252W,TMA16,178,Nucleus,Nucleus
Q08692,YOR255W,OSW1,278,Other,Spore wall
Q08743,YOR292C,,309,Membrane_Secretory,Vacuole membrane
Q08748,YOR296W,,1289,Cytoplasm,Cytoplasm
Q08774,YOR305W,RRG7,242,Mitochondria,Mitochondrion
Q08844,YOR365C,,703,Membrane_Secretory,Membrane
Q08900,YOR376W,,122,Membrane_Secretory,Membrane
Q08909,YOR385W,,290,Cytoplasm,Cytoplasm
Q08910,YOR387C,,206,Cytoplasm,"Cytoplasm, cytosol"
Q08912,YOR389W,,624,Membrane_Secretory,Secreted
Q08964,YPL216W,,1102,Nucleus,Nucleus
Q08969,YPL223C,GRE1,168,Cytoplasm,Cytoplasm
Q08974,YPL257W,,193,Membrane_Secretory,Membrane
Q08980,YPL264C,,353,Membrane_Secretory,Membrane
Q12032,YOR215C,AIM41,185,Mitochondria,Mitochondrion
Q12042,YPL162C,,273,Membrane_Secretory,Vacuole membrane
Q12044,YOR220W,RCN2,265,Cytoplasm,Cytoplasm
Q12079,YPR027C,,277,Membrane_Secretory,Membrane
Q12116,YDR105C,TMS1,473,Membrane_Secretory,Membrane
Q12121,YDL211C,,372,Membrane_Secretory,Vacuole membrane
Q12134,YOR284W,HUA2,243,Cytoplasm,Cytoplasm
Q12160,YPR063C,,140,Membrane_Secretory,Endoplasmic reticulum membrane
Q12179,YPL245W,,454,Nucleus,Cytoplasm; Nucleus
Q12182,YOR342C,,319,Nucleus,Cytoplasm; Nucleus
Q12244,YLL054C,,843,Nucleus,Nucleus
Q12253,YLR046C,,270,Membrane_Secretory,Membrane
Q12298,YDR061W,,539,Mitochondria,Mitochondrion
Q12301,YDL180W,,547,Membrane_Secretory,Vacuole membrane
Q12331,YDR262W,,272,Membrane_Secretory,Vacuole
Q12346,YPR071W,,211,Membrane_Secretory,Endoplasmic reticulum membrane
Q12418,YLR094C,GIS3,502,Nucleus,Cytoplasm; Nucleus
Q12486,YOR131C,,218,Nucleus,Cytoplasm; Nucleus
Q12497,YDR070C,FMP16,93,Mitochondria,Mitochondrion
Q12498,YPL156C,PRM4,284,Membrane_Secretory,Membrane
Q12523,YPL247C,,523,Nucleus,Cytoplasm; Nucleus
Q2V2P2,YKL065W-A,,73,Membrane_Secretory,Endoplasmic reticulum; Membrane
Q2V2P3,YKL023C-A,,75,Membrane_Secretory,Membrane
Q2V2P5,YIL102C-A,,75,Membrane_Secretory,Membrane
Q2V2Q2,YCL048W-A,,79,Membrane_Secretory,Cell membrane
Q3E6R4,YDR524C-B,,66,Membrane_Secretory,Cell membrane
Q3E747,YLR363W-A,,85,Nucleus,Nucleus
Q3E756,YBL029C-A,,94,Membrane_Secretory,Cell membrane
Q3E769,YOL159C-A,,90,Cytoplasm,Cytoplasm
Q3E7A3,YJL133C-A,,74,Mitochondria,Mitochondrion outer membrane
Q3E7A7,YKL018C-A,,99,Cytoplasm,Cytoplasm
Q3E7A8,YNL162W-A,,72,Nucleus,Cytoplasm; Nucleus
Q3E7A9,YMR194C-B,CMC4,73,Mitochondria,Mitochondrion intermembrane space
Q3E7B0,YER053C-A,,37,Membrane_Secretory,Endoplasmic reticulum membrane
Q3E7B7,YDL085C-A,,68,Nucleus,Cytoplasm; Nucleus
Q3E7B9,YOR008C-A,,74,Membrane_Secretory,Membrane
Q3E7Z8,YCR024C-B,,88,Membrane_Secretory,Membrane
Q3E808,YNL130C-A,DGR1,48,Mitochondria,Mitochondrion
Q3E823,YPL189C-A,COA2,68,Mitochondria,Mitochondrion inner membrane
Q3E841,YNR034W-A,,98,Cytoplasm,Cytoplasm
Q3E842,YMR122W-A,,84,Membrane_Secretory,Endoplasmic reticulum membrane
Q45U18,YIL134C-A,,67,Membrane_Secretory,Membrane
Q6B0V8,YPR038W,IRC16,119,Membrane_Secretory,Membrane
Q8TGQ7,YPR159C-A,,33,Membrane_Secretory,Membrane
Q8TGU7,YBR126W-A,,68,Membrane_Secretory,Endoplasmic reticulum; Membrane
Q96VH4,YCL026C-B,HBN1,193,Nucleus,Cytoplasm; Nucleus
Q99395,YPL229W,,206,Cytoplasm,Cytoplasm
Q9ZZX0,Q0075,AI5_BETA,354,Mitochondria,Mitochondrion
A0A023PZB3,YER038W-A,FMP49,126,Mitochondria,Mitochondrion
O13544,YLR302C,,120,Membrane_Secretory,Membrane
O13578,YLR415C,,112,Mitochondria,Mitochondrion
P0C5N0,YFR010W-A,,62,Membrane_Secretory,Membrane
P0C5N3,YGL041W-A,,154,Mitochondria,Mitochondrion
P0C5P3,YKL145W-A,,30,Membrane_Secretory,Membrane
P0C5Q3,YMR013C-A,,49,Membrane_Secretory,Membrane
P0CX93,YHR214C-D,,97,Membrane_Secretory,Membrane
P0CX94,YER190C-B,,160,Membrane_Secretory,Membrane
P0CX95,YEL077W-A,,160,Membrane_Secretory,Membrane
P0CX96,YGR296C-B,,160,Membrane_Secretory,Membrane
P0CX97,YPL283W-B,,160,Membrane_Secretory,Membrane
P0CX98,YPR204C-A,,160,Membrane_Secretory,Membrane
P0CY00,YLL066W-A,,160,Membrane_Secretory,Membrane
P0CY01,YLL067W-A,,160,Membrane_Secretory,Membrane
P36092,YKL044W,,106,Membrane_Secretory,Membrane
P38185,YBL071C,,102,Membrane_Secretory,Membrane
P38220,YBR027C,,110,Membrane_Secretory,Membrane
P38311,YBR209W,,105,Membrane_Secretory,Membrane
P38317,YBR219C,,127,Membrane_Secretory,Membrane
P38357,YBR292C,,123,Membrane_Secretory,Membrane
P38733,YHL037C,,133,Membrane_Secretory,Secreted
P38752,YHL005C,,130,Membrane_Secretory,Membrane
P38799,YHR078W,,552,Membrane_Secretory,Membrane
P38834,YHR130C,,111,Membrane_Secretory,Membrane
P39563,YAR064W,,99,Membrane_Secretory,Membrane
P39999,YEL014C,,101,Cytoplasm,Cytoplasm
P40166,YNL198C,,100,Mitochondria,Mitochondrion
P40519,YIL060W,,144,Membrane_Secretory,Membrane
P40538,YIL029C,,142,Membrane_Secretory,Membrane
P43578,YFL015C,,164,Membrane_Secretory,Membrane
P43608,YFR035C,,114,Membrane_Secretory,Membrane
P47022,YJL118W,,219,Membrane_Secretory,Membrane
P47062,YJL028W,,111,Membrane_Secretory,Membrane
P47080,YJL007C,,104,Membrane_Secretory,Membrane
P53116,YGL149W,,101,Membrane_Secretory,Membrane
P53151,YGL088W,,121,Membrane_Secretory,Membrane
P53229,YGR045C,,120,Membrane_Secretory,Membrane
P53307,YGR219W,,113,Nucleus,Cytoplasm; Nucleus
P87287,YDR366C,,132,Membrane_Secretory,Membrane
P9WEJ4,YFR035W-A,,96,Membrane_Secretory,Membrane
Q02749,YPL068C,,293,Nucleus,Nucleus
Q03236,YMR187C,,431,Membrane_Secretory,Membrane
Q03480,YDR209C,,137,Membrane_Secretory,Membrane
Q04838,YMR254C,,102,Membrane_Secretory,Membrane
Q05612,YDR278C,,105,Membrane_Secretory,Membrane
Q05898,YLR296W,,108,Membrane_Secretory,Membrane
Q08560,YOR186W,,144,Membrane_Secretory,Membrane
Q08734,YOR268C,,132,Membrane_Secretory,Membrane
Q12111,YDR029W,,104,Membrane_Secretory,Membrane
Q12169,YOR015W,,119,Membrane_Secretory,Membrane
Q12210,YDL009C,,107,Membrane_Secretory,Membrane
Q12240,YDR215C,,137,Membrane_Secretory,Membrane
Q12274,YOR097C,,175,Membrane_Secretory,Membrane
Q12312,YLR122C,,125,Membrane_Secretory,Membrane
Q12492,YPR064W,,139,Membrane_Secretory,Membrane
Q12528,YLR111W,,110,Membrane_Secretory,Membrane
Q2V2P6,YGL194C-A,,80,Membrane_Secretory,Membrane
Q35811,Q0092,,46,Mitochondria,Mitochondrion
Q3E735,YOR034C-A,,80,Membrane_Secretory,Membrane
Q3E739,YIR021W-A,,70,Membrane_Secretory,Membrane
Q3E743,YJR112W-A,,109,Membrane_Secretory,Membrane
Q3E750,YGL041C-B,,60,Membrane_Secretory,Membrane
Q3E751,YPL119C-A,,87,Membrane_Secretory,Membrane
Q3E755,YBR200W-A,,54,Membrane_Secretory,Secreted
Q3E760,YMR030W-A,,96,Membrane_Secretory,Membrane
Q3E765,YKL183C-A,,70,Membrane_Secretory,Membrane
Q3E776,YBR255C-A,,120,Membrane_Secretory,Membrane
Q3E796,YDR182W-A,,67,Membrane_Secretory,Membrane
Q3E7A6,YML007C-A,,36,Mitochondria,Mitochondrion
Q3E7Z4,YIL046W-A,,54,Membrane_Secretory,Membrane
Q3E810,YLR342W-A,,57,Membrane_Secretory,Membrane
Q3E814,YLL006W-A,,58,Membrane_Secretory,Membrane
Q3E815,YHR175W-A,,49,Membrane_Secretory,Membrane
Q3E820,YBR196C-A,,49,Membrane_Secretory,Membrane
Q3E821,YBL008W-A,,79,Membrane_Secretory,Secreted
Q8TGS0,YOR161C-C,,48,Membrane_Secretory,Membrane
Q8TGS1,YOR032W-A,,66,Membrane_Secretory,Membrane
Q8TGS7,YMR182W-A,,28,Membrane_Secretory,Membrane
Q8TGT2,YKL096C-B,,49,Membrane_Secretory,Membrane
Q8TGT4,YHR213W-A,,77,Membrane_Secretory,Membrane
Q8TGT9,YGR146C-A,,53,Membrane_Secretory,Membrane
Q8TGU2,YFR032C-B,,87,Membrane_Secretory,Membrane
Q96VH3,YCL021W-A,,125,Membrane_Secretory,Membrane
Q9ZZV8,Q0297,,51,Mitochondria,Mitochondrion
Q9ZZW1,Q0182,,134,Mitochondria,Mitochondrion
Q9ZZW2,Q0144,,109,Mitochondria,Mitochondrion
Q9ZZW3,Q0143,,50,Mitochondria,Mitochondrion
Q9ZZW4,Q0142,,58,Mitochondria,Mitochondrion
Q9ZZX7,Q0032,,96,Mitochondria,Mitochondrion
Q9ZZX8,Q0017,,53,Mitochondria,Mitochondrion
Q9ZZX9,Q0010,,128,Mitochondria,Mitochondrion
