gene_id,length,log_length,n_term_hydrophobic,n_term_positive,n_term_aliphatic
YPL060C-A,1104,3.0429690733931802,0.32,0.2,0.26
YFL026W,431,2.6344772701607315,0.34,0.0,0.22
YPL228W,549,2.739572344450092,0.34,0.14,0.24
YDR110W,566,2.7528164311882715,0.3,0.2,0.18
YPL081W,197,2.294466226161593,0.34,0.22,0.2
YDR204W,335,2.525044807036845,0.52,0.16,0.4
YAR009C,1196,3.077731179652392,0.48,0.14,0.26
YHR214C-B,1793,3.253580289562183,0.3,0.14,0.24
YHR167W,261,2.416640507338281,0.32,0.08,0.26
YLR390W-A,238,2.376576957056512,0.48,0.06,0.42
YLR421C,156,2.1931245983544616,0.4,0.08,0.2
YPL249C-A,100,2.0,0.44,0.22,0.34
YOR298C-A,151,2.1789769472931693,0.34,0.16,0.28
YKL053C-A,86,1.9344984512435677,0.3,0.12,0.14
YEL020W-A,87,1.9395192526186185,0.32,0.14,0.18
YDL045W-A,95,1.9777236052888478,0.48,0.2,0.26
YJR048W,109,2.037426497940624,0.32,0.24,0.2
YFR033C,147,2.167317334748176,0.36,0.08,0.28
YDR529C,127,2.103803720955957,0.52,0.12,0.38
Q0105,385,2.5854607295085006,0.52,0.04,0.34
YML054C,591,2.7715874808812555,0.34,0.26,0.26
YOL086C,348,2.5415792439465807,0.4,0.18,0.28
YMR303C,348,2.5415792439465807,0.42,0.18,0.28
YJR009C,332,2.5211380837040362,0.48,0.14,0.34
YGR192C,332,2.5211380837040362,0.52,0.12,0.36
YJL052W,332,2.5211380837040362,0.5,0.14,0.4
Q0045,534,2.7275412570285567,0.56,0.08,0.4
Q0250,251,2.399673721481038,0.52,0.04,0.34
Q0275,269,2.429752280002408,0.54,0.14,0.28
YNL052W,153,2.184691430817599,0.42,0.12,0.28
YKR066C,361,2.5575072019056577,0.46,0.14,0.36
YJR104C,154,2.187520720836463,0.42,0.1,0.32
YCR012W,416,2.6190933306267428,0.46,0.18,0.36
YBR093C,467,2.6693168805661123,0.52,0.08,0.36
YIL162W,532,2.7259116322950483,0.52,0.08,0.28
YMR297W,532,2.7259116322950483,0.5,0.12,0.42
YBR011C,287,2.4578818967339924,0.4,0.14,0.28
YJR121W,511,2.708420900134713,0.52,0.14,0.38
Q0085,259,2.413299764081252,0.52,0.02,0.38
YNR001C,479,2.680335513414563,0.36,0.16,0.26
YGR254W,437,2.640481436970422,0.4,0.14,0.3
YHR174W,437,2.640481436970422,0.4,0.14,0.3
YER086W,576,2.7604224834232123,0.42,0.24,0.36
YKL152C,247,2.392696953259666,0.42,0.2,0.3
YGR264C,751,2.8756399370041685,0.48,0.18,0.36
YDL181W,85,1.9294189257142929,0.36,0.16,0.22
YOR101W,309,2.4899584794248346,0.32,0.12,0.24
YNL098C,322,2.507855871695831,0.34,0.14,0.26
YFL038C,206,2.3138672203691533,0.36,0.1,0.28
YDR224C,131,2.1172712956557644,0.3,0.32,0.22
YBL002W,131,2.1172712956557644,0.32,0.3,0.24
YNL030W,103,2.012837224705172,0.3,0.34,0.26
YDR382W,110,2.041392685158225,0.5,0.08,0.46
YGL103W,149,2.173186268412274,0.24,0.42,0.1
YFL037W,457,2.6599162000698504,0.3,0.14,0.22
YPL240C,709,2.8506462351830666,0.44,0.1,0.34
YOR187W,437,2.640481436970422,0.44,0.18,0.32
YBR118W,458,2.660865478003869,0.3,0.22,0.26
YEL009C,281,2.44870631990508,0.44,0.08,0.22
R0020C,373,2.571708831808688,0.38,0.16,0.22
Q0110,423,2.6263403673750423,0.52,0.04,0.34
Q0060,415,2.618048096712093,0.56,0.08,0.4
Q0065,556,2.7450747915820575,0.56,0.08,0.4
Q0120,638,2.8048206787211623,0.52,0.04,0.34
YJR109C,1118,3.0484418035504044,0.34,0.02,0.24
YGL187C,155,2.1903316981702914,0.44,0.14,0.3
YLR395C,78,1.8920946026904804,0.4,0.24,0.22
YDL140C,1733,3.238798562713917,0.44,0.14,0.28
YOR116C,1460,3.164352855784437,0.46,0.16,0.36
YER165W,577,2.7611758131557314,0.32,0.04,0.28
YPL248C,881,2.944975908412048,0.3,0.28,0.2
YGL031C,155,2.1903316981702914,0.38,0.24,0.22
YOL127W,142,2.1522883443830567,0.48,0.28,0.38
YMR056C,309,2.4899584794248346,0.42,0.12,0.28
YOL006C,769,2.885926339801431,0.34,0.12,0.26
YLL018C,557,2.745855195173729,0.32,0.24,0.26
YEL063C,590,2.7708520116421442,0.28,0.22,0.18
YDL164C,755,2.8779469516291885,0.46,0.2,0.28
YLR310C,1589,3.2011238972073794,0.22,0.02,0.14
YNL055C,283,2.45178643552429,0.44,0.14,0.28
YDR225W,132,2.12057393120585,0.36,0.22,0.28
YBL003C,132,2.12057393120585,0.36,0.22,0.28
YGL008C,918,2.9628426812012423,0.28,0.06,0.22
YOR386W,565,2.7520484478194387,0.28,0.22,0.18
YJL088W,338,2.5289167002776547,0.36,0.18,0.24
YLR340W,312,2.494154594018443,0.36,0.22,0.28
YDL081C,106,2.0253058652647704,0.54,0.04,0.46
YOL039W,106,2.0253058652647704,0.48,0.1,0.44
YGR157W,869,2.9390197764486663,0.36,0.16,0.2
YJR073C,206,2.3138672203691533,0.48,0.14,0.32
YDR172W,685,2.8356905714924254,0.12,0.02,0.08
YGL076C,244,2.3873898263387296,0.44,0.24,0.4
YLR448W,176,2.24551266781415,0.5,0.22,0.34
YKL180W,184,2.2648178230095364,0.34,0.16,0.26
YPL143W,107,2.0293837776852097,0.38,0.22,0.3
YMR194W,100,2.0,0.42,0.22,0.32
YLR029C,204,2.3096301674258988,0.36,0.32,0.26
YNL178W,240,2.380211241711606,0.46,0.14,0.36
YBR189W,195,2.290034611362518,0.34,0.22,0.2
YDR064W,151,2.1789769472931693,0.42,0.16,0.28
YLR167W,152,2.1818435879447726,0.38,0.14,0.28
YDL165W,191,2.2810333672477277,0.4,0.14,0.28
YDR168W,506,2.7041505168397992,0.32,0.24,0.2
YIL038C,836,2.9222062774390163,0.26,0.24,0.18
YOR361C,763,2.8825245379548807,0.38,0.18,0.26
YGL058W,172,2.2355284469075487,0.52,0.14,0.24
YJL080C,1222,3.0870712059065353,0.36,0.06,0.24
YLR303W,444,2.6473829701146196,0.36,0.14,0.22
YGR088W,562,2.749736315569061,0.36,0.16,0.2
YLR355C,395,2.59659709562646,0.5,0.22,0.38
YLR044C,563,2.7505083948513462,0.44,0.1,0.3
YPR113W,220,2.342422680822206,0.5,0.12,0.3
YNL104C,619,2.791690649020118,0.5,0.22,0.34
YDL108W,306,2.48572142648158,0.3,0.2,0.22
YJL164C,397,2.598790506763115,0.08,0.12,0.06
YCR031C,137,2.1367205671564067,0.42,0.14,0.32
YOR204W,604,2.7810369386211318,0.24,0.1,0.16
YDL042C,562,2.749736315569061,0.32,0.22,0.2
YLR442C,978,2.9903388547876015,0.32,0.22,0.24
YOR257W,161,2.2068258760318495,0.36,0.12,0.22
YPR160W,902,2.9552065375419416,0.42,0.14,0.2
YGL237C,265,2.423245873936808,0.44,0.1,0.28
YPL022W,1100,3.041392685158225,0.2,0.08,0.14
YML032C,471,2.673020907128896,0.34,0.18,0.2
YPR165W,209,2.3201462861110542,0.44,0.1,0.32
YNL090W,192,2.2833012287035497,0.4,0.16,0.28
YDR477W,633,2.801403710017355,0.2,0.3,0.14
YOR074C,304,2.482873583608754,0.34,0.16,0.18
YNL088W,1428,3.1547282074401557,0.32,0.1,0.22
YBR109C,147,2.167317334748176,0.4,0.06,0.28
YML095C,210,2.322219294733919,0.3,0.12,0.22
YER171W,778,2.890979596989689,0.42,0.1,0.22
YER161C,333,2.5224442335063197,0.36,0.2,0.24
YDR392W,337,2.5276299008713385,0.42,0.12,0.28
YOR065W,309,2.4899584794248346,0.4,0.14,0.32
YDR226W,222,2.346352974450639,0.42,0.14,0.28
YNL121C,617,2.7902851640332416,0.3,0.18,0.26
YGL234W,802,2.9041743682841634,0.48,0.1,0.36
YGR204W,946,2.975891136401793,0.46,0.1,0.34
YMR083W,375,2.574031267727719,0.38,0.22,0.26
YDR216W,1323,3.121559844187501,0.38,0.04,0.2
YMR042W,177,2.247973266361807,0.26,0.08,0.1
YDR173C,355,2.550228353055094,0.42,0.14,0.3
YBL099W,545,2.7363965022766426,0.5,0.16,0.44
YDL067C,59,1.7708520116421442,0.5,0.16,0.28
YBL045C,457,2.6599162000698504,0.42,0.14,0.34
YPR191W,368,2.5658478186735176,0.44,0.2,0.38
YOR303W,411,2.6138418218760693,0.4,0.04,0.22
YJL130C,2214,3.345177616542704,0.48,0.06,0.32
YOL139C,213,2.3283796034387376,0.38,0.16,0.22
YPL075W,785,2.8948696567452528,0.4,0.06,0.32
YPR033C,546,2.7371926427047373,0.46,0.18,0.38
YPL154C,405,2.6074550232146687,0.54,0.2,0.44
YDL106C,559,2.747411807886423,0.24,0.1,0.08
YFR034C,312,2.494154594018443,0.28,0.16,0.18
YML061C,859,2.9339931638312424,0.46,0.2,0.22
YLR014C,904,2.9561684304753633,0.22,0.32,0.12
YGL043W,309,2.4899584794248346,0.44,0.2,0.38
YOR122C,126,2.100370545117563,0.42,0.06,0.32
YGR258C,1031,3.0132586652835167,0.5,0.14,0.34
YMR208W,443,2.6464037262230695,0.54,0.08,0.4
YIL033C,416,2.6190933306267428,0.44,0.12,0.28
YOL121C,144,2.1583624920952498,0.46,0.08,0.3
YNL302C,144,2.1583624920952498,0.46,0.08,0.32
YFL045C,254,2.404833716619938,0.44,0.16,0.32
YDR023W,462,2.6646419755561257,0.38,0.14,0.28
YBR243C,448,2.651278013998144,0.56,0.08,0.42
YMR108W,687,2.8369567370595505,0.42,0.18,0.26
YHR013C,238,2.376576957056512,0.48,0.1,0.28
YFL005W,215,2.3324384599156054,0.4,0.12,0.28
YPR110C,335,2.525044807036845,0.34,0.12,0.2
YFL009W,779,2.8915374576725643,0.44,0.1,0.3
YAL024C,1435,3.156851901070011,0.42,0.06,0.28
YOR274W,428,2.6314437690131722,0.42,0.12,0.32
YLR438W,424,2.6273658565927325,0.42,0.18,0.26
YNL192W,1131,3.053462604925455,0.14,0.18,0.08
YJL128C,668,2.824776462475546,0.24,0.14,0.2
YEL024W,215,2.3324384599156054,0.36,0.16,0.24
YDR146C,709,2.8506462351830666,0.28,0.06,0.18
YPL262W,488,2.6884198220027105,0.34,0.18,0.18
YPR047W,469,2.6711728427150834,0.36,0.18,0.24
YKL184W,466,2.66838591669,0.26,0.1,0.24
YER026C,276,2.4409090820652177,0.32,0.1,0.2
YDR523C,490,2.690196080028514,0.38,0.16,0.3
YJL208C,329,2.5171958979499744,0.4,0.1,0.28
YOR151C,1224,3.0877814178095426,0.38,0.06,0.24
YJL166W,94,1.9731278535996988,0.42,0.14,0.16
YJR010W,511,2.708420900134713,0.5,0.1,0.4
YHR005C,472,2.673941998634088,0.34,0.12,0.28
YDR127W,1588,3.2008504980910777,0.44,0.14,0.36
YLR451W,886,2.9474337218870508,0.22,0.24,0.12
YIR019C,1367,3.1357685145678222,0.5,0.04,0.32
YCR005C,460,2.6627578316815743,0.32,0.18,0.22
YOR260W,578,2.761927838420529,0.42,0.06,0.24
YPL237W,285,2.45484486000851,0.4,0.2,0.28
YJL194W,513,2.7101173651118162,0.46,0.2,0.22
YEL060C,635,2.8027737252919755,0.44,0.18,0.34
YBL075C,649,2.812244696800369,0.36,0.1,0.28
YBR084W,975,2.989004615698537,0.4,0.24,0.32
YPL016W,1314,3.118595365223762,0.12,0.02,0.04
YGL203C,729,2.8627275283179747,0.52,0.06,0.32
YFL018C,499,2.6981005456233897,0.48,0.16,0.4
YML085C,447,2.6503075231319366,0.34,0.12,0.24
YML124C,445,2.6483600109809315,0.32,0.12,0.24
YKL022C,840,2.9242792860618816,0.3,0.2,0.18
YJL026W,399,2.6009728956867484,0.34,0.22,0.26
YDR232W,548,2.738780558484369,0.46,0.1,0.38
YLR182W,803,2.904715545278681,0.4,0.14,0.28
YLR333C,108,2.03342375548695,0.4,0.3,0.3
YKR057W,87,1.9395192526186185,0.38,0.16,0.32
YPR102C,174,2.2405492482826,0.4,0.16,0.32
YLR264W,67,1.8260748027008264,0.38,0.2,0.3
YDR316W-B,1755,3.244277120801843,0.3,0.14,0.24
YDR365W-B,1755,3.244277120801843,0.28,0.14,0.22
YLR157C-B,1755,3.244277120801843,0.28,0.14,0.22
YLR227W-B,1755,3.244277120801843,0.26,0.16,0.22
YPR137C-B,1755,3.244277120801843,0.28,0.14,0.22
YPR158W-B,1756,3.244524511570084,0.3,0.14,0.24
YPR158C-D,1755,3.244277120801843,0.28,0.12,0.22
YLR410W-B,1770,3.247973266361807,0.36,0.12,0.24
YHL009W-B,1802,3.255754786643044,0.32,0.2,0.26
YPR170W-B,85,1.9294189257142929,0.5,0.08,0.34
YPR192W,305,2.484299839346786,0.28,0.22,0.14
YLR256W,1502,3.17666993266815,0.34,0.06,0.14
YLL039C,381,2.5809249756756194,0.38,0.14,0.28
YIL148W,128,2.1072099696478683,0.38,0.14,0.28
YKR094C,128,2.1072099696478683,0.38,0.14,0.28
YJR045C,654,2.815577748324267,0.42,0.12,0.36
YNL015W,75,1.8750612633917,0.44,0.2,0.32
YPR043W,92,1.9637878273455553,0.24,0.32,0.2
YNL162W,106,2.0253058652647704,0.22,0.34,0.14
YHR141C,106,2.0253058652647704,0.22,0.34,0.14
YGR118W,145,2.161368002234975,0.3,0.32,0.18
YPR132W,145,2.161368002234975,0.3,0.32,0.18
YER074W,135,2.130333768495006,0.46,0.22,0.38
YIL069C,135,2.130333768495006,0.46,0.22,0.38
YJR145C,261,2.416640507338281,0.5,0.28,0.32
YHR203C,261,2.416640507338281,0.5,0.28,0.32
YPL090C,236,2.3729120029701067,0.36,0.16,0.22
YBR181C,236,2.3729120029701067,0.36,0.16,0.22
YBL087C,137,2.1367205671564067,0.42,0.12,0.32
YER117W,137,2.1367205671564067,0.42,0.12,0.32
YPL220W,217,2.3364597338485296,0.28,0.24,0.2
YGL135W,217,2.3364597338485296,0.28,0.24,0.2
YFR031C-A,254,2.404833716619938,0.34,0.28,0.3
YIL018W,254,2.404833716619938,0.34,0.28,0.3
YDR025W,156,2.1931245983544616,0.34,0.24,0.18
YBR048W,156,2.1931245983544616,0.34,0.24,0.18
YOL120C,186,2.2695129442179165,0.38,0.28,0.28
YNL301C,186,2.2695129442179165,0.38,0.28,0.28
YMR143W,143,2.155336037465062,0.48,0.18,0.36
YEL054C,165,2.2174839442139063,0.52,0.14,0.36
YDR418W,165,2.2174839442139063,0.52,0.14,0.36
YDR450W,146,2.164352855784437,0.4,0.16,0.36
YML026C,146,2.164352855784437,0.4,0.16,0.36
YFL002W-A,1770,3.247973266361807,0.36,0.12,0.24
YGR161W-B,1770,3.247973266361807,0.36,0.12,0.24
YLR157C,362,2.558708570533166,0.44,0.12,0.32
YLR158C,362,2.558708570533166,0.44,0.12,0.32
YLR160C,362,2.558708570533166,0.44,0.12,0.32
YBR084C-A,189,2.2764618041732443,0.42,0.2,0.36
YBL027W,189,2.2764618041732443,0.42,0.2,0.36
YDL191W,120,2.0791812460476247,0.4,0.26,0.34
YDL136W,120,2.0791812460476247,0.4,0.26,0.34
YCR040W,175,2.2430380486862944,0.38,0.32,0.24
YCR039C,210,2.322219294733919,0.42,0.12,0.28
YLR155C,362,2.558708570533166,0.44,0.12,0.32
YHL034C,294,2.4683473304121573,0.38,0.08,0.28
YJL138C,395,2.59659709562646,0.34,0.06,0.22
YGL256W,382,2.582063362911709,0.46,0.08,0.32
YMR256C,60,1.7781512503836436,0.6,0.12,0.38
YLR163C,462,2.6646419755561257,0.36,0.14,0.24
YAL005C,642,2.807535028068853,0.4,0.1,0.3
YLL024C,639,2.8055008581584002,0.36,0.1,0.26
YHR007C,530,2.724275869600789,0.6,0.06,0.48
YDL130W,106,2.0253058652647704,0.54,0.04,0.46
YDR347W,321,2.5065050324048723,0.44,0.22,0.32
YBR031W,362,2.558708570533166,0.5,0.14,0.34
YER020W,449,2.6522463410033232,0.3,0.12,0.2
YCR066W,487,2.6875289612146345,0.4,0.12,0.26
YER011W,254,2.404833716619938,0.48,0.06,0.44
YDL194W,884,2.946452265013073,0.24,0.18,0.18
YGL073W,833,2.9206450014067875,0.36,0.06,0.24
YAL025C,306,2.48572142648158,0.32,0.12,0.2
YOR341W,1664,3.2211533219547053,0.42,0.1,0.32
YDR170C,2009,3.3029799367482493,0.28,0.1,0.22
YDL192W,181,2.2576785748691846,0.48,0.12,0.34
YGL062W,1178,3.0711452904510828,0.44,0.18,0.32
YLR382C,894,2.951337518795918,0.34,0.24,0.2
YDR044W,328,2.515873843711679,0.4,0.16,0.24
YDL229W,613,2.787460474518415,0.42,0.02,0.3
YDR481C,566,2.7528164311882715,0.42,0.2,0.32
YPR052C,93,1.9684829485539352,0.38,0.24,0.18
YBR089C-A,99,1.99563519459755,0.36,0.28,0.18
YNR026C,471,2.673020907128896,0.42,0.08,0.3
YCL029C,440,2.6434526764861874,0.4,0.14,0.28
YCL027W,512,2.709269960975831,0.4,0.02,0.34
YMR235C,407,2.60959440922522,0.4,0.14,0.32
YMR043W,286,2.456366033129043,0.28,0.3,0.16
YML098W,167,2.2227164711475833,0.4,0.1,0.32
YHR024C,482,2.6830470382388496,0.4,0.12,0.32
YNL216W,827,2.9175055095525466,0.46,0.02,0.32
YDR227W,1358,3.132899769944483,0.36,0.22,0.12
YJL153C,533,2.7267272090265724,0.34,0.12,0.26
YGL013C,1068,3.0285712526925375,0.26,0.2,0.14
YBR143C,437,2.640481436970422,0.44,0.16,0.3
YDR212W,559,2.747411807886423,0.42,0.08,0.32
YIL015W,587,2.7686381012476144,0.46,0.08,0.38
YML075C,1054,3.022840610876528,0.6,0.14,0.38
YLR450W,1045,3.019116290447073,0.6,0.12,0.48
YGR084C,339,2.530199698203082,0.46,0.2,0.34
YNL005C,371,2.569373909615046,0.4,0.2,0.24
YKL126W,680,2.832508912706236,0.22,0.26,0.1
YOR346W,985,2.9934362304976116,0.28,0.12,0.24
YNL071W,482,2.6830470382388496,0.46,0.14,0.3
YBR196C,554,2.74350976472843,0.34,0.2,0.2
YNL250W,1312,3.1179338350396417,0.38,0.12,0.28
YGR083C,651,2.813580988568192,0.32,0.24,0.24
YKL209C,1290,3.110589710299249,0.48,0.16,0.34
YMR231W,1029,3.012415374762433,0.5,0.04,0.32
YGL115W,322,2.507855871695831,0.42,0.12,0.34
YDL040C,854,2.931457870689005,0.38,0.3,0.3
YJL092W,1174,3.0696680969115957,0.42,0.12,0.34
YOR276W,161,2.2068258760318495,0.44,0.18,0.32
YNL238W,814,2.910624404889201,0.4,0.14,0.26
YDR122W,1064,3.0269416279590295,0.3,0.1,0.1
YLR096W,1147,3.0595634179012676,0.44,0.1,0.2
YGR202C,424,2.6273658565927325,0.18,0.22,0.12
YNL102W,1468,3.166726055580052,0.2,0.24,0.18
YER148W,240,2.380211241711606,0.34,0.18,0.2
YBL021C,144,2.1583624920952498,0.28,0.08,0.2
YIL034C,287,2.4578818967339924,0.48,0.04,0.38
YHR084W,688,2.837588438235511,0.4,0.12,0.32
YGL167C,950,2.9777236052888476,0.4,0.08,0.3
YDR040C,1091,3.037824750588342,0.32,0.1,0.24
YDR158W,365,2.5622928644564746,0.48,0.18,0.4
YBR195C,422,2.625312450961674,0.3,0.16,0.2
YGR152C,272,2.4345689040341987,0.36,0.12,0.3
YPR183W,267,2.4265112613645754,0.44,0.12,0.28
YKL109W,554,2.74350976472843,0.42,0.16,0.24
YOR120W,312,2.494154594018443,0.4,0.14,0.32
YGL030W,105,2.0211892990699383,0.42,0.18,0.36
YOR063W,387,2.5877109650189114,0.42,0.32,0.26
YKL112W,731,2.8639173769578603,0.4,0.16,0.26
YBR038W,963,2.9836262871245345,0.32,0.1,0.14
YNL082W,873,2.94101424370557,0.4,0.1,0.36
YPL167C,1504,3.1772478362556233,0.28,0.12,0.14
YLR263W,827,2.9175055095525466,0.38,0.2,0.3
YLR178C,219,2.3404441148401185,0.44,0.08,0.32
YJL141C,807,2.90687353472207,0.26,0.08,0.12
YGR040W,368,2.5658478186735176,0.44,0.18,0.32
YDR054C,295,2.469822015978163,0.42,0.14,0.28
YHR083W,329,2.5171958979499744,0.42,0.12,0.24
YFR036W,124,2.093421685162235,0.3,0.18,0.24
YER162C,754,2.8773713458697743,0.36,0.32,0.22
YDR217C,1309,3.116939646550756,0.42,0.1,0.26
YKR026C,305,2.484299839346786,0.5,0.08,0.34
YLR195C,455,2.6580113966571126,0.32,0.24,0.18
YLL015W,1559,3.192846115188842,0.5,0.02,0.3
YDR155C,162,2.2095150145426308,0.42,0.1,0.26
YDR035W,370,2.568201724066995,0.4,0.22,0.24
YKL103C,514,2.710963118995276,0.28,0.16,0.2
YOR254C,663,2.821513528404773,0.46,0.02,0.26
YJL041W,823,2.91539983521227,0.28,0.02,0.08
YMR228W,341,2.5327543789924976,0.44,0.2,0.24
YBR112C,966,2.9849771264154934,0.34,0.0,0.18
YMR186W,705,2.848189116991399,0.46,0.08,0.36
YDR037W,591,2.7715874808812555,0.38,0.24,0.34
YDR256C,515,2.711807229041191,0.32,0.12,0.22
YPR181C,768,2.885361220031512,0.42,0.06,0.24
YGL166W,225,2.3521825181113627,0.3,0.24,0.22
YIR022W,167,2.2227164711475833,0.6,0.04,0.38
YDR194C,664,2.8221680793680175,0.4,0.18,0.32
YDL102W,1097,3.0402066275747113,0.36,0.16,0.24
YDR283C,1659,3.219846386024361,0.36,0.12,0.24
YPL117C,288,2.459392487759231,0.38,0.08,0.22
YDR120C,570,2.7558748556724915,0.5,0.2,0.34
YLR060W,595,2.7745169657285498,0.34,0.06,0.16
YFL022C,503,2.7015679850559273,0.4,0.16,0.3
YDL014W,327,2.514547752660286,0.14,0.22,0.04
YKL024C,204,2.3096301674258988,0.44,0.08,0.3
YGR282C,313,2.4955443375464483,0.4,0.06,0.3
YOR027W,589,2.7701152947871015,0.36,0.12,0.28
YOR330C,1254,3.0982975364946976,0.46,0.22,0.26
YBR088C,258,2.41161970596323,0.48,0.12,0.38
YCR088W,592,2.77232170672292,0.36,0.12,0.24
YKR086W,1071,3.029789470831856,0.38,0.18,0.28
YBR127C,517,2.7134905430939424,0.46,0.16,0.32
YIL021W,318,2.5024271199844326,0.5,0.1,0.38
YER178W,420,2.6232492903979003,0.42,0.2,0.3
YGR193C,410,2.6127838567197355,0.44,0.16,0.3
YLR134W,563,2.7505083948513462,0.42,0.1,0.28
YJL034W,682,2.833784374656479,0.56,0.08,0.42
YLR249W,1044,3.0187004986662433,0.42,0.12,0.32
YHR166C,626,2.7965743332104296,0.44,0.16,0.38
YCL050C,321,2.5065050324048723,0.4,0.14,0.22
YHR042W,691,2.8394780473741985,0.48,0.08,0.38
YOR176W,393,2.5943925503754266,0.38,0.14,0.2
YCR084C,713,2.8530895298518657,0.34,0.1,0.26
YLR105C,377,2.576341350205793,0.42,0.18,0.26
YBR110W,449,2.6522463410033232,0.62,0.1,0.46
YDR137W,663,2.821513528404773,0.38,0.22,0.26
YGR240C,987,2.9943171526696366,0.34,0.18,0.2
YMR205C,959,2.9818186071706636,0.36,0.06,0.24
YBL016W,353,2.5477747053878224,0.44,0.16,0.3
YER056C,533,2.7267272090265724,0.32,0.08,0.26
YNL272C,759,2.8802417758954806,0.36,0.14,0.34
YHL033C,256,2.4082399653118496,0.4,0.22,0.22
YJR060W,351,2.5453071164658243,0.18,0.18,0.16
YPR141C,729,2.8627275283179747,0.34,0.24,0.14
YPL031C,305,2.484299839346786,0.3,0.12,0.24
YLR233C,699,2.8444771757456815,0.34,0.22,0.22
YDL185W,1071,3.029789470831856,0.46,0.1,0.38
YNL322C,313,2.4955443375464483,0.58,0.06,0.46
YGR233C,1178,3.0711452904510828,0.44,0.2,0.36
YKL085W,334,2.5237464668115646,0.46,0.16,0.38
YNL079C,199,2.298853076409707,0.26,0.22,0.22
YNL138W,526,2.7209857441537393,0.34,0.16,0.26
YOR158W,318,2.5024271199844326,0.38,0.2,0.24
YDR138W,752,2.876217840591642,0.48,0.1,0.26
YGR019W,471,2.673020907128896,0.36,0.1,0.18
YDR513W,143,2.155336037465062,0.52,0.12,0.38
YPR189W,1432,3.1559430179718366,0.38,0.16,0.3
YNL151C,251,2.399673721481038,0.34,0.1,0.16
YGR167W,233,2.367355921026019,0.32,0.12,0.16
YNL130C,393,2.5943925503754266,0.52,0.14,0.24
YCL043C,522,2.717670503002262,0.5,0.06,0.38
YBR085W,307,2.4871383754771865,0.46,0.1,0.34
YBL030C,318,2.5024271199844326,0.58,0.12,0.38
YAL010C,493,2.69284691927723,0.4,0.12,0.26
YAL009W,259,2.413299764081252,0.32,0.14,0.22
YBR083W,486,2.6866362692622934,0.34,0.1,0.22
YBR289W,905,2.9566485792052033,0.4,0.0,0.2
YBR080C,758,2.8796692056320534,0.46,0.14,0.26
YJR086W,110,2.041392685158225,0.28,0.22,0.22
YHL025W,332,2.5211380837040362,0.3,0.16,0.22
YGL155W,376,2.575187844927661,0.38,0.22,0.24
YMR104C,677,2.8305886686851442,0.2,0.3,0.06
YLR229C,191,2.2810333672477277,0.46,0.04,0.32
YKR039W,602,2.7795964912578244,0.28,0.06,0.18
YDL137W,181,2.2576785748691846,0.46,0.12,0.34
YJR047C,157,2.1958996524092336,0.36,0.14,0.22
YDR148C,463,2.6655809910179533,0.46,0.22,0.38
YLR071C,1082,3.0342272607705505,0.3,0.12,0.18
YLR304C,778,2.890979596989689,0.4,0.16,0.34
YPL132W,300,2.4771212547196626,0.52,0.18,0.4
YOR326W,1574,3.1970047280230456,0.36,0.14,0.24
YPL133C,446,2.649334858712142,0.32,0.28,0.24
YPL036W,947,2.9763499790032735,0.26,0.1,0.2
YJL085W,623,2.7944880466591697,0.44,0.1,0.34
YOL051W,1081,3.0338256939533106,0.4,0.14,0.34
YBR055C,899,2.9537596917332287,0.32,0.2,0.16
YDL030W,530,2.724275869600789,0.4,0.16,0.28
YGL077C,563,2.7505083948513462,0.34,0.14,0.22
YML007W,650,2.8129133566428557,0.24,0.2,0.16
YLR259C,572,2.7573960287930244,0.46,0.22,0.4
YFR049W,123,2.089905111439398,0.5,0.18,0.32
YIL072W,605,2.781755374652469,0.42,0.12,0.24
YOL001W,293,2.4668676203541096,0.44,0.12,0.34
YPR178W,465,2.667452952889954,0.42,0.14,0.34
YNL135C,114,2.0569048513364727,0.32,0.12,0.22
YNR011C,876,2.9425041061680806,0.24,0.2,0.2
YMR243C,442,2.645422269349092,0.56,0.08,0.44
YOR140W,766,2.884228769632604,0.42,0.06,0.32
YPR088C,541,2.7331972651065692,0.5,0.06,0.44
YJL140W,221,2.3443922736851106,0.32,0.16,0.26
YBR154C,215,2.3324384599156054,0.36,0.18,0.2
YPR187W,155,2.1903316981702914,0.24,0.08,0.1
YOR224C,146,2.164352855784437,0.42,0.08,0.3
YGL078C,523,2.718501688867274,0.14,0.58,0.12
YJL033W,770,2.886490725172482,0.3,0.26,0.2
YOR046C,482,2.6830470382388496,0.32,0.18,0.24
YJR007W,304,2.482873583608754,0.42,0.08,0.3
YKL021C,414,2.617000341120899,0.46,0.14,0.28
YLR133W,582,2.7649229846498886,0.24,0.22,0.2
YDL047W,311,2.4927603890268375,0.42,0.1,0.26
YPL218W,190,2.278753600952829,0.5,0.16,0.34
YOR098C,1076,3.0318122713303706,0.3,0.2,0.12
YLR396C,691,2.8394780473741985,0.46,0.06,0.32
YJR004C,650,2.8129133566428557,0.56,0.04,0.36
YIL125W,1014,3.0060379549973173,0.34,0.14,0.28
YGL055W,510,2.7075701760979363,0.42,0.08,0.32
YJR094C,360,2.5563025007672873,0.38,0.08,0.16
YLR131C,770,2.886490725172482,0.36,0.06,0.18
YOR362C,288,2.459392487759231,0.38,0.06,0.28
YGL011C,252,2.401400540781544,0.4,0.12,0.32
YER168C,546,2.7371926427047373,0.42,0.08,0.32
YBR237W,849,2.928907690243953,0.26,0.26,0.2
YJR050W,235,2.3710678622717363,0.3,0.2,0.22
YJR051W,501,2.699837725867246,0.5,0.12,0.4
YER070W,888,2.948412965778601,0.36,0.22,0.28
YBR049C,810,2.90848501887865,0.26,0.22,0.2
YPL215W,335,2.525044807036845,0.4,0.18,0.22
YKR001C,704,2.8475726591421124,0.42,0.06,0.34
YPL172C,462,2.6646419755561257,0.36,0.22,0.26
YJR021C,314,2.496929648073215,0.36,0.12,0.26
YIL066C,869,2.9390197764486663,0.36,0.2,0.28
YKR101W,654,2.815577748324267,0.46,0.16,0.34
YDR337W,286,2.456366033129043,0.46,0.22,0.32
YLL041C,266,2.424881636631067,0.48,0.22,0.3
YPL094C,274,2.437750562820388,0.38,0.16,0.28
YIR031C,554,2.74350976472843,0.46,0.1,0.34
YGL097W,482,2.6830470382388496,0.38,0.22,0.28
YNL262W,2222,3.346744054604849,0.32,0.12,0.22
YDL066W,428,2.6314437690131722,0.48,0.22,0.32
YHL020C,404,2.606381365110605,0.32,0.1,0.24
YDL090C,431,2.6344772701607315,0.48,0.24,0.36
YOR290C,1703,3.231214647962601,0.42,0.16,0.24
YDR530C,325,2.5118833609788744,0.38,0.24,0.26
YOL126C,377,2.576341350205793,0.42,0.12,0.36
YGL206C,1653,3.2182728535714475,0.42,0.08,0.24
YPR010C,1203,3.0802656273398448,0.46,0.18,0.24
YOR210W,70,1.845098040014257,0.38,0.16,0.28
YHR123W,391,2.5921767573958667,0.44,0.16,0.18
YER012W,198,2.296665190261531,0.44,0.14,0.36
YMR307W,559,2.747411807886423,0.54,0.08,0.38
YGL173C,1528,3.184123354239671,0.42,0.1,0.22
YOL116W,382,2.582063362911709,0.42,0.18,0.3
YGL071W,690,2.838849090737255,0.36,0.1,0.24
YER103W,642,2.807535028068853,0.38,0.1,0.3
YOR332W,233,2.367355921026019,0.38,0.14,0.3
YGR092W,572,2.7573960287930244,0.34,0.14,0.2
YNL183C,790,2.8976270912904414,0.22,0.18,0.16
YDR189W,666,2.823474229170301,0.42,0.1,0.32
YLR268W,214,2.330413773349191,0.38,0.12,0.28
YPL153C,821,2.9143431571194407,0.36,0.08,0.26
YLR043C,103,2.012837224705172,0.5,0.08,0.28
YBR097W,1454,3.162564406523019,0.46,0.08,0.36
YGL233W,910,2.9590413923210934,0.38,0.08,0.28
YOR207C,1149,3.060320028688285,0.4,0.3,0.3
YGR183C,66,1.8195439355418688,0.46,0.14,0.24
YAR007C,621,2.7930916001765804,0.28,0.16,0.18
YKL210W,1024,3.010299956639812,0.4,0.08,0.34
YPL008W,861,2.935003151453655,0.34,0.16,0.22
YLR240W,875,2.942008053022313,0.48,0.14,0.34
YOL004W,1536,3.1863912156954934,0.26,0.1,0.16
YJR017C,170,2.230448921378274,0.3,0.2,0.1
YOL058W,420,2.6232492903979003,0.46,0.08,0.36
YGR209C,104,2.0170333392987803,0.48,0.08,0.3
YIL004C,142,2.1522883443830567,0.26,0.08,0.18
YGL156W,1083,3.0346284566253203,0.34,0.16,0.2
YKL114C,367,2.5646660642520893,0.42,0.12,0.2
YHL022C,398,2.599883072073688,0.34,0.26,0.28
YLL021W,1466,3.166133970305109,0.32,0.24,0.24
YNL229C,354,2.5490032620257876,0.24,0.04,0.16
YCR042C,1407,3.1482940974347455,0.42,0.18,0.28
YHR057C,205,2.311753861055754,0.48,0.08,0.34
YHR135C,538,2.7307822756663893,0.44,0.08,0.32
YNL154C,546,2.7371926427047373,0.4,0.06,0.26
YPR161C,657,2.8175653695597807,0.34,0.24,0.24
YEL034W,157,2.1958996524092336,0.34,0.14,0.2
YDR243C,588,2.7693773260761385,0.3,0.24,0.22
YNL240C,491,2.6910814921229687,0.38,0.06,0.26
YLR027C,418,2.621176281775035,0.44,0.12,0.3
YMR011W,541,2.7331972651065692,0.34,0.1,0.22
YGR116W,1451,3.161667412437736,0.22,0.06,0.14
YGR135W,258,2.41161970596323,0.4,0.12,0.32
YML092C,250,2.3979400086720375,0.38,0.12,0.3
YML115C,535,2.7283537820212285,0.28,0.24,0.16
YDR495C,1011,3.004751155591001,0.16,0.26,0.12
YMR203W,387,2.5877109650189114,0.48,0.08,0.28
YBL041W,241,2.3820170425748683,0.38,0.04,0.28
YLR300W,448,2.651278013998144,0.4,0.14,0.3
YBR037C,295,2.469822015978163,0.44,0.2,0.32
YLL043W,669,2.8254261177678233,0.16,0.2,0.08
YHR026W,213,2.3283796034387376,0.42,0.14,0.26
YKL197C,1043,3.018284308426531,0.46,0.14,0.34
YEL032W,971,2.9872192299080047,0.36,0.1,0.18
YMR079W,304,2.482873583608754,0.44,0.08,0.28
YKL149C,405,2.6074550232146687,0.4,0.16,0.32
YER013W,1145,3.0588054866759067,0.46,0.08,0.38
YPR175W,689,2.8382192219076257,0.5,0.12,0.36
YNL112W,546,2.7371926427047373,0.08,0.2,0.0
YPL119C,617,2.7902851640332416,0.28,0.2,0.14
YDR423C,409,2.611723308007342,0.3,0.3,0.2
YJR090C,1151,3.0610753236297916,0.24,0.08,0.1
YNL289W,279,2.4456042032735974,0.42,0.14,0.26
YOL022C,408,2.61066016308988,0.42,0.08,0.24
YPR065W,368,2.5658478186735176,0.44,0.2,0.26
YOR157C,261,2.416640507338281,0.36,0.1,0.26
YDL230W,335,2.525044807036845,0.4,0.14,0.26
YMR296C,558,2.7466341989375787,0.54,0.1,0.34
YBL093C,220,2.342422680822206,0.34,0.06,0.24
YML008C,383,2.583198773968623,0.3,0.22,0.22
YKR048C,417,2.6201360549737576,0.38,0.14,0.2
YNL007C,352,2.546542663478131,0.32,0.22,0.22
YML123C,587,2.7686381012476144,0.38,0.24,0.28
YMR061W,677,2.8305886686851442,0.38,0.12,0.26
YGL044C,296,2.4712917110589387,0.42,0.06,0.28
YCR038C,642,2.807535028068853,0.42,0.12,0.32
YDR004W,460,2.6627578316815743,0.44,0.08,0.3
YMR214W,377,2.576341350205793,0.5,0.16,0.44
YCR092C,1018,3.00774777800074,0.32,0.12,0.24
YGL012W,473,2.6748611407378116,0.36,0.14,0.2
YCR002C,322,2.507855871695831,0.42,0.1,0.28
YCR009C,265,2.423245873936808,0.34,0.24,0.26
YCR098C,518,2.714329759745233,0.3,0.22,0.24
YCR003W,183,2.2624510897304293,0.5,0.16,0.32
YCR004C,247,2.392696953259666,0.46,0.14,0.4
YCR026C,742,2.870403905279027,0.36,0.12,0.16
YCR033W,1226,3.0884904701823963,0.3,0.22,0.1
YCR034W,347,2.5403294747908736,0.46,0.12,0.26
YCR035C,394,2.595496221825574,0.46,0.16,0.3
YCR037C,923,2.965201701025912,0.34,0.12,0.22
YCR065W,564,2.751279103983342,0.36,0.16,0.22
YCL031C,297,2.4727564493172123,0.44,0.18,0.24
YCL034W,354,2.5490032620257876,0.42,0.12,0.32
YCR083W,127,2.103803720955957,0.46,0.18,0.28
YCL035C,110,2.041392685158225,0.46,0.18,0.36
YCL017C,497,2.696356388733332,0.44,0.14,0.32
YCL057W,712,2.8524799936368566,0.56,0.06,0.28
YCL025C,633,2.801403710017355,0.22,0.12,0.14
YCR027C,209,2.3201462861110542,0.36,0.14,0.24
YCR072C,515,2.711807229041191,0.48,0.16,0.32
YCL019W,1770,3.247973266361807,0.36,0.12,0.24
YLR078C,244,2.3873898263387296,0.4,0.14,0.34
YDL058W,1790,3.2528530309798933,0.4,0.12,0.32
YCL024W,1037,3.015778756389041,0.34,0.18,0.24
YDL150W,422,2.625312450961674,0.32,0.24,0.22
YGL123W,254,2.404833716619938,0.32,0.26,0.18
YER094C,205,2.311753861055754,0.42,0.12,0.3
YER179W,334,2.5237464668115646,0.32,0.06,0.3
YER095W,400,2.6020599913279625,0.28,0.02,0.22
YNL064C,409,2.611723308007342,0.4,0.22,0.28
YKL015W,979,2.9907826918031377,0.26,0.24,0.16
YEL027W,160,2.204119982655925,0.54,0.04,0.4
YCL010C,259,2.413299764081252,0.42,0.08,0.28
YCL011C,427,2.630427875025024,0.12,0.26,0.06
YCL039W,745,2.8721562727482928,0.34,0.14,0.28
YCL044C,417,2.6201360549737576,0.38,0.16,0.2
YCL045C,760,2.8808135922807914,0.54,0.04,0.36
YCL047C,258,2.41161970596323,0.44,0.18,0.24
YCL054W,841,2.924795995797912,0.26,0.3,0.2
YCL055W,335,2.525044807036845,0.26,0.2,0.1
YCL059C,316,2.499687082618404,0.34,0.16,0.12
YCL005W,256,2.4082399653118496,0.72,0.04,0.46
YCL061C,1096,3.0398105541483504,0.36,0.12,0.26
YCL063W,423,2.6263403673750423,0.36,0.1,0.32
YCL008C,385,2.5854607295085006,0.46,0.16,0.3
YCL009C,309,2.4899584794248346,0.4,0.2,0.28
YCR010C,283,2.45178643552429,0.22,0.1,0.16
YCR014C,582,2.7649229846498886,0.42,0.16,0.26
YCR017C,953,2.979092900638326,0.56,0.12,0.36
YCR030C,870,2.9395192526186187,0.38,0.18,0.3
YCR047C,275,2.439332693830263,0.42,0.14,0.26
YCR052W,483,2.683947130751512,0.44,0.12,0.3
YCR057C,923,2.965201701025912,0.38,0.12,0.22
YCR059C,258,2.41161970596323,0.44,0.1,0.32
YCR060W,111,2.0453229787866576,0.36,0.14,0.24
YCR068W,520,2.716003343634799,0.48,0.16,0.34
YCR071C,146,2.164352855784437,0.42,0.12,0.28
YCR077C,796,2.900913067737669,0.26,0.06,0.14
YCR079W,442,2.645422269349092,0.36,0.16,0.28
YCR081W,1427,3.154423973114647,0.44,0.1,0.22
YCR086W,190,2.278753600952829,0.42,0.12,0.36
YCR089W,1609,3.2065560440990297,0.48,0.04,0.36
YCR093W,2108,3.323870606540509,0.4,0.08,0.34
YCR094W,391,2.5921767573958667,0.52,0.18,0.28
YDL127W,308,2.4885507165004443,0.5,0.14,0.36
YDL126C,835,2.921686475483602,0.4,0.18,0.32
YML078W,182,2.2600713879850747,0.42,0.18,0.26
YFL002C,606,2.782472624166286,0.52,0.06,0.3
YHR120W,959,2.9818186071706636,0.36,0.24,0.2
YOL090W,964,2.984077033902831,0.32,0.2,0.2
YDL200C,188,2.27415784926368,0.46,0.14,0.32
YGR087C,563,2.7505083948513462,0.44,0.1,0.32
YGL116W,610,2.785329835010767,0.32,0.18,0.24
YPL131W,297,2.4727564493172123,0.24,0.32,0.12
YER170W,225,2.3521825181113627,0.44,0.16,0.36
YDL170W,528,2.722633922533812,0.26,0.28,0.18
YMR055C,306,2.48572142648158,0.42,0.1,0.32
YOR026W,341,2.5327543789924976,0.48,0.1,0.38
YNL312W,273,2.436162647040756,0.26,0.06,0.16
YJL173C,122,2.0863598306747484,0.42,0.08,0.28
YJR123W,225,2.3521825181113627,0.48,0.04,0.28
YIL133C,199,2.298853076409707,0.5,0.14,0.42
YNL069C,198,2.296665190261531,0.5,0.16,0.42
YOR096W,190,2.278753600952829,0.5,0.1,0.36
YKL113C,382,2.582063362911709,0.48,0.16,0.36
YBR278W,201,2.303196057420489,0.56,0.12,0.42
YJR005W,700,2.845098040014257,0.4,0.24,0.32
YLR258W,705,2.848189116991399,0.42,0.16,0.34
YGR159C,414,2.617000341120899,0.18,0.2,0.16
YNR013C,894,2.951337518795918,0.34,0.22,0.22
YNR012W,501,2.699837725867246,0.32,0.22,0.24
YJL172W,576,2.7604224834232123,0.58,0.2,0.38
YAR019C,974,2.9885589568786157,0.34,0.18,0.28
YBR067C,210,2.322219294733919,0.5,0.04,0.46
YOL096C,312,2.494154594018443,0.38,0.22,0.28
YML010W,1063,3.0265332645232967,0.24,0.06,0.14
YGL119W,501,2.699837725867246,0.3,0.22,0.26
YGL035C,504,2.7024305364455254,0.4,0.22,0.24
YIL160C,417,2.6201360549737576,0.38,0.22,0.3
YLR148W,918,2.9628426812012423,0.4,0.12,0.34
YDR483W,442,2.645422269349092,0.52,0.08,0.4
YOR099W,393,2.5943925503754266,0.56,0.14,0.38
YAL058W,502,2.7007037171450192,0.48,0.1,0.3
YGR029W,189,2.2764618041732443,0.32,0.14,0.2
YEL061C,1000,3.0,0.24,0.14,0.18
YNL137C,486,2.6866362692622934,0.34,0.26,0.24
YGL070C,122,2.0863598306747484,0.32,0.16,0.18
YNL113W,142,2.1522883443830567,0.26,0.14,0.16
YAL032C,379,2.578639209968072,0.42,0.18,0.26
YAL033W,173,2.2380461031287955,0.48,0.16,0.36
YHR089C,205,2.311753861055754,0.3,0.16,0.1
YER065C,557,2.745855195173729,0.44,0.18,0.3
YOR136W,369,2.56702636615906,0.34,0.16,0.16
YEL012W,218,2.338456493604605,0.38,0.18,0.2
YKL216W,314,2.496929648073215,0.38,0.08,0.24
YKL215C,1286,3.109240968588203,0.36,0.14,0.26
YKL096W,239,2.3783979009481375,0.48,0.08,0.38
YKL095W,278,2.444044795918076,0.4,0.26,0.2
YKL094W,313,2.4955443375464483,0.44,0.1,0.22
YKL007W,268,2.428134794028789,0.36,0.1,0.28
YKL008C,418,2.621176281775035,0.34,0.2,0.2
YMR201C,371,2.569373909615046,0.38,0.24,0.3
YMR150C,190,2.278753600952829,0.44,0.1,0.26
YKL116C,518,2.714329759745233,0.26,0.14,0.14
YGR028W,362,2.558708570533166,0.36,0.16,0.3
YBL063W,1111,3.0457140589408676,0.38,0.16,0.22
YPL155C,706,2.8488047010518036,0.26,0.14,0.12
YDR498C,383,2.583198773968623,0.4,0.16,0.34
YDR329C,441,2.6444385894678386,0.48,0.2,0.36
YDR036C,500,2.6989700043360187,0.42,0.12,0.26
YNL037C,360,2.5563025007672873,0.4,0.18,0.32
YLR286C,562,2.749736315569061,0.46,0.02,0.34
YPR086W,345,2.537819095073274,0.42,0.16,0.28
YGR246C,596,2.7752462597402365,0.36,0.08,0.26
YPL204W,494,2.693726948923647,0.34,0.22,0.26
YGR133W,183,2.2624510897304293,0.42,0.14,0.28
YBR200W,551,2.741151598851785,0.3,0.22,0.22
YLL045C,256,2.4082399653118496,0.42,0.22,0.24
YOR208W,750,2.8750612633917,0.28,0.18,0.18
YBR023C,1165,3.0663259253620376,0.28,0.16,0.2
YKR002W,568,2.754348335711019,0.34,0.1,0.26
YBL023C,868,2.938519725176492,0.3,0.14,0.08
YLR274W,775,2.88930170250631,0.4,0.1,0.22
YDR353W,319,2.503790683057181,0.5,0.1,0.4
YBR275C,1916,3.2823955047425257,0.32,0.24,0.12
YPL048W,415,2.618048096712093,0.54,0.18,0.36
YKL019W,316,2.499687082618404,0.4,0.12,0.28
YHR190W,444,2.6473829701146196,0.5,0.14,0.34
YER003C,429,2.6324572921847245,0.42,0.1,0.26
YDR497C,584,2.7664128471123997,0.3,0.14,0.22
YMR137C,661,2.82020145948564,0.2,0.3,0.16
YOR317W,700,2.845098040014257,0.4,0.16,0.24
YPR103W,287,2.4578818967339924,0.48,0.06,0.32
YFR050C,266,2.424881636631067,0.4,0.06,0.22
YPR019W,933,2.9698816437465,0.32,0.04,0.14
YMR080C,971,2.9872192299080047,0.34,0.02,0.24
YGR218W,1084,3.0350292822023683,0.4,0.06,0.28
YKL016C,174,2.2405492482826,0.38,0.18,0.32
YNL117W,554,2.74350976472843,0.48,0.16,0.34
YAL030W,117,2.0681858617461617,0.34,0.12,0.22
YDR285W,875,2.942008053022313,0.38,0.12,0.22
YFL001W,442,2.645422269349092,0.38,0.2,0.3
YBR114W,790,2.8976270912904414,0.2,0.2,0.16
YAL012W,394,2.595496221825574,0.38,0.12,0.26
YAL017W,1356,3.1322596895310446,0.34,0.14,0.22
YAL011W,625,2.7958800173440754,0.18,0.24,0.12
YAL014C,255,2.406540180433955,0.44,0.12,0.4
YAL015C,399,2.6009728956867484,0.4,0.2,0.26
YAL019W,1131,3.053462604925455,0.38,0.1,0.22
YAL023C,759,2.8802417758954806,0.22,0.14,0.18
YAL021C,837,2.92272545799326,0.36,0.06,0.22
YAL013W,405,2.6074550232146687,0.26,0.04,0.2
YAL020C,333,2.5224442335063197,0.34,0.12,0.22
YKL080W,392,2.593286067020457,0.5,0.06,0.32
YLL026W,908,2.958085848521085,0.46,0.1,0.32
YDR074W,896,2.9523080096621253,0.32,0.12,0.22
YGL038C,480,2.681241237375587,0.42,0.22,0.32
YNL073W,576,2.7604224834232123,0.4,0.24,0.26
YNL287W,935,2.9708116108725178,0.32,0.18,0.18
YPR060C,256,2.4082399653118496,0.44,0.14,0.26
YOL064C,357,2.552668216112193,0.36,0.16,0.32
YNL236W,974,2.9885589568786157,0.4,0.1,0.24
YOR211C,881,2.944975908412048,0.5,0.22,0.38
YPR035W,370,2.568201724066995,0.34,0.2,0.3
YBL015W,526,2.7209857441537393,0.44,0.18,0.3
YGR144W,326,2.513217600067939,0.36,0.14,0.24
YBL017C,1579,3.1983821300082944,0.54,0.08,0.38
YNR044W,725,2.8603380065709936,0.5,0.04,0.38
YDR385W,842,2.9253120914996495,0.46,0.16,0.36
YBR218C,1180,3.0718820073061255,0.44,0.2,0.34
YLR120C,569,2.7551122663950713,0.44,0.2,0.32
YKL120W,324,2.510545010206612,0.44,0.14,0.34
YPL082C,1867,3.2711443179490782,0.42,0.14,0.34
YGR014W,1306,3.115943176939055,0.42,0.02,0.24
YLR203C,436,2.639486489268586,0.48,0.2,0.3
YOR373W,851,2.929929560084588,0.26,0.14,0.16
YMR308C,1089,3.037027879755775,0.48,0.06,0.36
YGR044C,300,2.4771212547196626,0.34,0.1,0.18
YML120C,513,2.7101173651118162,0.34,0.16,0.22
YKL122C,167,2.2227164711475833,0.36,0.16,0.2
YKL124W,579,2.762678563727436,0.5,0.04,0.26
YLR204W,111,2.0453229787866576,0.44,0.12,0.2
YDR075W,308,2.4885507165004443,0.42,0.1,0.3
YDR047W,362,2.558708570533166,0.44,0.2,0.22
YPR190C,654,2.815577748324267,0.38,0.06,0.28
YMR202W,222,2.346352974450639,0.56,0.08,0.34
YLR056W,365,2.5622928644564746,0.54,0.08,0.44
YIL150C,571,2.756636108245848,0.38,0.18,0.26
YDR001C,751,2.8756399370041685,0.34,0.14,0.16
YBL074C,355,2.550228353055094,0.46,0.14,0.28
YHR079C,1115,3.0472748673841794,0.46,0.16,0.36
YPL175W,452,2.655138434811382,0.48,0.14,0.34
YKL079W,656,2.8169038393756605,0.38,0.12,0.26
YLR447C,345,2.537819095073274,0.32,0.06,0.26
YBR123C,649,2.812244696800369,0.54,0.06,0.34
YKL212W,623,2.7944880466591697,0.46,0.08,0.34
YGR253C,260,2.414973347970818,0.42,0.1,0.32
YDR356W,944,2.974971994298069,0.34,0.12,0.18
YDL029W,391,2.5921767573958667,0.48,0.12,0.28
YLL048C,1661,3.2203696324513946,0.44,0.14,0.26
YDR405W,263,2.419955748489758,0.42,0.14,0.3
YNL103W,672,2.8273692730538253,0.26,0.08,0.14
YDL078C,343,2.5352941200427703,0.5,0.1,0.44
YLR403W,683,2.8344207036815328,0.36,0.02,0.22
YCR028C-A,135,2.130333768495006,0.36,0.2,0.2
YJL115W,279,2.4456042032735974,0.42,0.12,0.28
YBR249C,370,2.568201724066995,0.52,0.04,0.32
YKL157W,952,2.9786369483844743,0.52,0.18,0.38
YLR314C,520,2.716003343634799,0.18,0.12,0.12
YJR076C,415,2.618048096712093,0.36,0.16,0.28
YKL191W,534,2.7275412570285567,0.38,0.06,0.28
YNL280C,438,2.6414741105040997,0.54,0.06,0.32
YKL192C,125,2.0969100130080562,0.42,0.16,0.3
YHR094C,570,2.7558748556724915,0.26,0.1,0.12
YDR345C,567,2.7535830588929064,0.36,0.04,0.2
YHR092C,576,2.7604224834232123,0.34,0.06,0.22
YHR107C,407,2.60959440922522,0.46,0.06,0.28
YDR519W,135,2.130333768495006,0.54,0.12,0.36
YBR221C,366,2.5634810853944106,0.54,0.16,0.36
YDR518W,517,2.7134905430939424,0.48,0.12,0.32
YGR175C,496,2.6954816764901977,0.52,0.1,0.46
YJL159W,413,2.615950051656401,0.48,0.04,0.36
YBL008W,840,2.9242792860618816,0.4,0.22,0.3
YOR038C,875,2.942008053022313,0.52,0.12,0.4
YER025W,527,2.7218106152125467,0.38,0.08,0.28
YLR113W,435,2.6384892569546374,0.42,0.04,0.26
YPR159W,720,2.8573324964312685,0.24,0.06,0.12
YAL029C,1471,3.16761267272753,0.32,0.12,0.16
YDR176W,702,2.846337112129805,0.34,0.24,0.18
YDL208W,156,2.1931245983544616,0.38,0.3,0.26
YMR309C,812,2.9095560292411755,0.24,0.02,0.14
YLR335W,720,2.8573324964312685,0.4,0.2,0.26
YML031W,655,2.816241299991783,0.48,0.14,0.34
YDR211W,712,2.8524799936368566,0.34,0.2,0.22
YLR291C,381,2.5809249756756194,0.46,0.12,0.36
YGR140W,956,2.9804578922761,0.38,0.16,0.24
YGL122C,525,2.720159303405957,0.46,0.06,0.4
YIR006C,1480,3.1702617153949575,0.22,0.0,0.02
YLL036C,503,2.7015679850559273,0.42,0.14,0.28
YJL203W,280,2.4471580313422194,0.3,0.18,0.18
YPL269W,644,2.808885867359812,0.26,0.1,0.16
YGR285C,433,2.6364878963533656,0.44,0.16,0.24
YJR063W,125,2.0969100130080562,0.42,0.06,0.32
YGL207W,1035,3.0149403497929366,0.38,0.1,0.24
YNL330C,433,2.6364878963533656,0.44,0.2,0.24
YMR001C,705,2.848189116991399,0.34,0.22,0.24
YOR270C,840,2.9242792860618816,0.46,0.12,0.34
YGR229C,505,2.7032913781186614,0.32,0.14,0.14
YMR165C,862,2.9355072658247128,0.44,0.14,0.3
YDR011W,1501,3.1763806922432702,0.28,0.14,0.2
YER022W,687,2.8369567370595505,0.38,0.06,0.24
YBR253W,121,2.0827853703164503,0.38,0.08,0.32
YDR069C,926,2.9666109866819346,0.38,0.16,0.34
YNL202W,292,2.4653828514484184,0.42,0.12,0.3
YDR422C,815,2.9111576087399764,0.2,0.3,0.08
YGL169W,426,2.629409599102719,0.5,0.12,0.32
YPL029W,737,2.8674674878590514,0.5,0.24,0.3
YDR410C,239,2.3783979009481375,0.44,0.14,0.24
YGR104C,307,2.4871383754771865,0.42,0.02,0.28
YNL016W,453,2.656098202012832,0.34,0.02,0.24
YPL106C,693,2.8407332346118066,0.42,0.1,0.3
YJL176C,825,2.916453948549925,0.28,0.02,0.26
YIL126W,1359,3.1332194567324945,0.46,0.06,0.32
YER133W,312,2.494154594018443,0.4,0.14,0.3
YKL203C,2474,3.393399695293102,0.2,0.28,0.12
YBL050W,292,2.4653828514484184,0.42,0.16,0.28
YBR119W,298,2.4742162640762553,0.44,0.16,0.28
YOL067C,177,2.247973266361807,0.32,0.18,0.18
YDR323C,515,2.711807229041191,0.34,0.12,0.26
YEL051W,256,2.4082399653118496,0.34,0.26,0.22
YEL047C,470,2.6720978579357175,0.5,0.06,0.44
YEL044W,166,2.220108088040055,0.22,0.12,0.12
YEL042W,518,2.714329759745233,0.6,0.1,0.38
YEL040W,467,2.6693168805661123,0.44,0.04,0.3
YEL037C,398,2.599883072073688,0.38,0.16,0.28
YEL036C,500,2.6989700043360187,0.52,0.1,0.32
YER172C,2163,3.3350565194390915,0.28,0.26,0.16
YER173W,659,2.81888541459401,0.3,0.16,0.18
YER175C,299,2.4756711883244296,0.3,0.12,0.14
YER176W,1121,3.049605612594973,0.22,0.16,0.12
YER164W,1468,3.166726055580052,0.28,0.18,0.22
YER166W,1571,3.1961761850399735,0.3,0.12,0.08
YGL016W,1081,3.0338256939533106,0.38,0.12,0.3
YAR050W,1537,3.1866738674997452,0.48,0.1,0.3
YKR084C,611,2.7860412102425545,0.32,0.04,0.16
YDL168W,386,2.586587304671755,0.5,0.18,0.42
YOR194C,286,2.456366033129043,0.36,0.12,0.3
YKL058W,122,2.0863598306747484,0.46,0.1,0.38
YDR311W,642,2.807535028068853,0.44,0.12,0.36
YBR236C,436,2.639486489268586,0.26,0.12,0.14
YBL011W,759,2.8802417758954806,0.34,0.16,0.24
YBL007C,1244,3.0948203803548,0.46,0.1,0.34
YLR214W,686,2.8363241157067516,0.4,0.1,0.28
YHR016C,468,2.670245853074124,0.5,0.2,0.34
YLR397C,780,2.8920946026904804,0.3,0.24,0.16
YPR024W,747,2.873320601815399,0.5,0.18,0.34
YML042W,670,2.8260748027008264,0.36,0.18,0.24
YDL220C,924,2.9656719712201065,0.44,0.14,0.26
YOR316C,439,2.6424645202421213,0.52,0.1,0.42
YGL191W,129,2.110589710299249,0.46,0.2,0.24
YJL210W,271,2.432969290874406,0.46,0.08,0.3
YLR083C,667,2.824125833916549,0.56,0.1,0.36
YGL200C,203,2.307496037913213,0.52,0.1,0.3
YMR284W,602,2.7795964912578244,0.32,0.1,0.2
YDL013W,619,2.791690649020118,0.3,0.14,0.2
YMR224C,692,2.840106094456758,0.38,0.1,0.2
YBR091C,109,2.037426497940624,0.4,0.08,0.24
YMR091C,435,2.6384892569546374,0.18,0.12,0.14
YBR060C,620,2.792391689498254,0.34,0.26,0.24
YLR293C,219,2.3404441148401185,0.42,0.16,0.3
YDR375C,456,2.6589648426644352,0.36,0.1,0.22
YPL234C,164,2.214843848047698,0.56,0.02,0.42
YIL068C,805,2.9057958803678687,0.3,0.16,0.26
YLR032W,1169,3.0678145111618402,0.28,0.14,0.16
YOR036W,288,2.459392487759231,0.38,0.04,0.2
YPR055W,1065,3.0273496077747564,0.34,0.16,0.26
YKL040C,256,2.4082399653118496,0.4,0.16,0.26
YKL038W,1170,3.0681858617461617,0.26,0.14,0.2
YGL163C,898,2.9532763366673045,0.46,0.24,0.24
YPL232W,290,2.462397997898956,0.32,0.08,0.18
YPL115C,1128,3.0523090996473234,0.18,0.2,0.14
YMR207C,2273,3.356599435724971,0.36,0.2,0.26
YDL174C,587,2.7686381012476144,0.34,0.2,0.24
YLL008W,752,2.876217840591642,0.28,0.22,0.2
YGR166W,560,2.7481880270062002,0.38,0.14,0.22
YKL181W,427,2.630427875025024,0.4,0.16,0.26
YNR017W,222,2.346352974450639,0.38,0.08,0.22
YDR430C,989,2.9951962915971793,0.5,0.18,0.36
YHR148W,183,2.2624510897304293,0.26,0.34,0.18
YHR149C,734,2.8656960599160706,0.24,0.16,0.2
YKR093W,601,2.7788744720027396,0.28,0.1,0.2
YHL004W,394,2.595496221825574,0.42,0.18,0.28
YGR214W,252,2.401400540781544,0.52,0.1,0.38
YJR131W,549,2.739572344450092,0.5,0.12,0.32
YFL008W,1225,3.0881360887005513,0.4,0.1,0.24
YBR172C,740,2.8692317197309762,0.34,0.08,0.22
YNR003C,317,2.5010592622177517,0.38,0.08,0.24
YGL212W,316,2.499687082618404,0.38,0.24,0.26
YOR132W,551,2.741151598851785,0.32,0.02,0.16
YGR063C,102,2.0086001717619175,0.34,0.04,0.18
YLR378C,480,2.681241237375587,0.58,0.1,0.36
YDR292C,621,2.7930916001765804,0.42,0.08,0.28
YDR103W,917,2.962369335670021,0.34,0.12,0.16
YML001W,208,2.3180633349627615,0.34,0.2,0.28
YJL187C,819,2.9132839017604186,0.32,0.08,0.14
YOR344C,291,2.4638929889859074,0.32,0.1,0.24
YKL009W,236,2.3729120029701067,0.34,0.26,0.26
YKL012W,583,2.765668554759014,0.34,0.2,0.24
YKL013C,171,2.232996110392154,0.42,0.1,0.32
YER100W,250,2.3979400086720375,0.44,0.18,0.26
YOR117W,434,2.637489729512511,0.38,0.1,0.32
YDR394W,428,2.6314437690131722,0.44,0.08,0.36
YKL145W,467,2.6693168805661123,0.42,0.18,0.26
YPL057C,382,2.582063362911709,0.52,0.08,0.4
YDR369C,854,2.931457870689005,0.34,0.16,0.24
YOR153W,1511,3.1792644643390253,0.32,0.12,0.26
YGL238W,960,2.9822712330395684,0.44,0.1,0.36
YNR010W,149,2.173186268412274,0.34,0.1,0.24
YNL001W,386,2.586587304671755,0.4,0.2,0.28
YLR188W,695,2.8419848045901137,0.5,0.22,0.32
YBR155W,385,2.5854607295085006,0.4,0.12,0.14
YLR175W,483,2.683947130751512,0.46,0.14,0.28
YOR327C,115,2.060697840353612,0.38,0.08,0.24
YDL052C,303,2.4814426285023052,0.54,0.1,0.46
YHR165C,2413,3.3825573219087857,0.58,0.0,0.18
YGR143W,771,2.887054378050957,0.2,0.1,0.14
YNL243W,968,2.9858753573083936,0.36,0.24,0.28
YGR047C,1025,3.010723865391773,0.22,0.16,0.2
YDL051W,275,2.439332693830263,0.36,0.14,0.14
YHL027W,625,2.7958800173440754,0.34,0.14,0.24
YKL127W,570,2.7558748556724915,0.4,0.14,0.22
YHL016C,735,2.8662873390841948,0.52,0.08,0.34
YDR258C,811,2.909020854211156,0.4,0.24,0.3
YKL032C,597,2.775974331129369,0.24,0.12,0.18
YKL205W,1100,3.041392685158225,0.46,0.1,0.4
YPL124W,253,2.403120521175818,0.22,0.24,0.14
YPL174C,868,2.938519725176492,0.4,0.14,0.28
YKL141W,198,2.296665190261531,0.52,0.16,0.36
YML062C,392,2.593286067020457,0.34,0.14,0.26
YLR441C,255,2.406540180433955,0.34,0.3,0.2
YOR045W,61,1.7853298350107671,0.6,0.06,0.34
YMR037C,704,2.8475726591421124,0.4,0.04,0.26
YKL062W,630,2.7993405494535817,0.38,0.08,0.22
YLL011W,489,2.6893088591236203,0.38,0.22,0.24
YDR538W,242,2.383815365980431,0.46,0.16,0.26
YBR171W,206,2.3138672203691533,0.48,0.04,0.28
YBR170C,580,2.7634279935629373,0.36,0.14,0.24
YBR251W,307,2.4871383754771865,0.34,0.2,0.24
YNL329C,1030,3.012837224705172,0.36,0.1,0.24
YEL002C,430,2.6334684555795866,0.42,0.08,0.28
YDL095W,817,2.9122220565324155,0.42,0.16,0.26
YGL145W,701,2.8457180179666586,0.38,0.1,0.36
YGL195W,2672,3.4268364538035083,0.42,0.14,0.3
YOL069W,451,2.6541765418779604,0.44,0.06,0.32
YFR002W,839,2.9237619608287004,0.32,0.14,0.28
YKL143W,463,2.6655809910179533,0.38,0.18,0.22
YDR404C,171,2.232996110392154,0.44,0.14,0.26
YJL154C,944,2.974971994298069,0.44,0.14,0.32
YAL001C,1160,3.0644579892269186,0.44,0.14,0.34
YMR125W,861,2.935003151453655,0.38,0.24,0.14
YML027W,385,2.5854607295085006,0.4,0.1,0.2
YHR041C,210,2.322219294733919,0.46,0.14,0.32
YKL140W,548,2.738780558484369,0.6,0.04,0.4
YGL208W,415,2.618048096712093,0.3,0.2,0.16
YBL047C,1381,3.1401936785786315,0.42,0.08,0.26
YBL051C,668,2.824776462475546,0.28,0.04,0.2
YBL052C,831,2.919601023784111,0.34,0.2,0.24
YBL054W,525,2.720159303405957,0.36,0.22,0.26
YBL055C,418,2.621176281775035,0.4,0.1,0.22
YBL056W,468,2.670245853074124,0.44,0.1,0.28
YBL058W,423,2.6263403673750423,0.38,0.04,0.28
YBL060W,687,2.8369567370595505,0.28,0.12,0.14
YBL061C,696,2.842609239610562,0.28,0.2,0.14
YBL064C,261,2.416640507338281,0.42,0.2,0.26
YKL188C,853,2.9309490311675233,0.32,0.14,0.28
YKL185W,588,2.7693773260761385,0.36,0.08,0.26
YKL014C,1764,3.246498580795801,0.22,0.14,0.16
YKL017C,683,2.8344207036815328,0.36,0.14,0.32
YKL101W,1518,3.1812717715594614,0.38,0.28,0.28
YKL099C,250,2.3979400086720375,0.26,0.36,0.2
YKL108W,453,2.656098202012832,0.3,0.26,0.18
YDR099W,273,2.436162647040756,0.38,0.1,0.32
YFR019W,2278,3.3575537197430814,0.34,0.14,0.2
YOR329C,872,2.940516484932567,0.44,0.06,0.2
YML028W,196,2.292256071356476,0.54,0.12,0.36
YER068W,587,2.7686381012476144,0.42,0.06,0.2
YDR244W,612,2.7867514221455614,0.28,0.14,0.18
YJR066W,2470,3.392696953259666,0.44,0.14,0.22
YDR304C,225,2.3521825181113627,0.46,0.14,0.28
YBR081C,1332,3.1245042248342823,0.44,0.14,0.34
YDR086C,80,1.9030899869919435,0.34,0.22,0.24
YGR082W,183,2.2624510897304293,0.42,0.16,0.32
YLR170C,156,2.1931245983544616,0.44,0.24,0.32
YDL006W,281,2.44870631990508,0.32,0.2,0.2
YMR190C,1447,3.1604685311190375,0.36,0.26,0.2
YPL129W,244,2.3873898263387296,0.52,0.14,0.36
YFL016C,511,2.708420900134713,0.44,0.24,0.3
YMR021C,417,2.6201360549737576,0.4,0.26,0.28
YOL082W,415,2.618048096712093,0.42,0.04,0.26
YBL004W,2493,3.3967222785037734,0.3,0.28,0.22
YBR002C,286,2.456366033129043,0.38,0.24,0.2
YDL226C,352,2.546542663478131,0.44,0.16,0.24
YLR168C,230,2.361727836017593,0.42,0.16,0.28
YKL089W,549,2.739572344450092,0.3,0.22,0.16
YMR094W,478,2.6794278966121188,0.48,0.14,0.26
YBR036C,410,2.6127838567197355,0.34,0.06,0.24
YLR398C,1287,3.1095785469043866,0.32,0.1,0.22
YDL240W,1017,3.0073209529227447,0.36,0.18,0.28
YKL056C,167,2.2227164711475833,0.46,0.04,0.38
YKL144C,212,2.3263358609287517,0.5,0.14,0.36
YKL059C,441,2.6444385894678386,0.34,0.16,0.22
YKL057C,1037,3.015778756389041,0.34,0.08,0.24
YKL054C,738,2.8680563618230415,0.32,0.16,0.2
YKL052C,292,2.4653828514484184,0.36,0.12,0.28
YLR399C,686,2.8363241157067516,0.34,0.04,0.24
YOR237W,434,2.637489729512511,0.42,0.06,0.2
YPL145C,434,2.637489729512511,0.46,0.04,0.24
YAR042W,1188,3.074816440645175,0.48,0.12,0.32
YKL156W,82,1.9138138523837167,0.46,0.18,0.34
YKL134C,772,2.8876173003357364,0.44,0.16,0.3
YKL135C,726,2.8609366207000937,0.38,0.26,0.26
YKL171W,928,2.967547976218862,0.26,0.14,0.12
YKL129C,1272,3.104487111312395,0.36,0.32,0.3
YKL081W,412,2.6148972160331345,0.46,0.1,0.32
YKL078W,735,2.8662873390841948,0.28,0.28,0.2
YKL067W,153,2.184691430817599,0.42,0.2,0.34
YKL049C,229,2.359835482339888,0.3,0.14,0.26
YKL026C,167,2.2227164711475833,0.44,0.08,0.24
YKL196C,200,2.3010299956639813,0.42,0.12,0.24
YKL073W,881,2.944975908412048,0.62,0.06,0.5
YOR089C,210,2.322219294733919,0.48,0.1,0.38
YKR014C,234,2.369215857410143,0.44,0.14,0.32
YNL093W,220,2.342422680822206,0.5,0.14,0.38
YKR054C,4092,3.6119356250401227,0.44,0.12,0.3
YKR072C,562,2.749736315569061,0.32,0.16,0.24
YLR332W,376,2.575187844927661,0.42,0.1,0.32
YKL220C,711,2.851869600729766,0.52,0.14,0.38
YKL217W,616,2.7895807121644256,0.32,0.06,0.18
YKL213C,715,2.8543060418010806,0.38,0.14,0.32
YKL204W,632,2.800717078282385,0.34,0.14,0.24
YKL201C,1178,3.0711452904510828,0.54,0.22,0.4
YKL195W,403,2.6053050461411096,0.36,0.22,0.24
YKL193C,338,2.5289167002776547,0.34,0.12,0.26
YKL173W,1008,3.0034605321095067,0.26,0.0,0.14
YKL172W,427,2.630427875025024,0.32,0.3,0.26
YKL165C,919,2.9633155113861114,0.54,0.12,0.28
YKL155C,628,2.797959643737196,0.42,0.16,0.24
YKL154W,244,2.3873898263387296,0.48,0.08,0.42
YKL150W,302,2.4800069429571505,0.48,0.16,0.32
YKL130C,246,2.3909351071033793,0.44,0.2,0.36
YKL088W,571,2.756636108245848,0.3,0.14,0.2
YKL086W,127,2.103803720955957,0.5,0.12,0.32
YKL082C,434,2.637489729512511,0.3,0.2,0.22
YKL077W,392,2.593286067020457,0.42,0.2,0.26
YKL069W,180,2.255272505103306,0.32,0.08,0.26
YKL046C,449,2.6522463410033232,0.46,0.04,0.38
YKL042W,363,2.5599066250361124,0.26,0.14,0.12
YKL041W,224,2.3502480183341627,0.34,0.26,0.26
YKL034W,758,2.8796692056320534,0.42,0.08,0.24
YKL028W,482,2.6830470382388496,0.54,0.12,0.42
YKL025C,679,2.8318697742805017,0.36,0.16,0.18
YKL018W,329,2.5171958979499744,0.34,0.12,0.18
YKL006W,138,2.1398790864012365,0.48,0.18,0.42
YKL004W,401,2.603144372620182,0.48,0.16,0.26
YKL002W,232,2.3654879848909,0.34,0.26,0.24
YKR016W,540,2.7323937598229686,0.44,0.2,0.34
YKR020W,164,2.214843848047698,0.32,0.24,0.26
YKR021W,915,2.9614210940664485,0.6,0.04,0.38
YKR022C,322,2.507855871695831,0.38,0.16,0.26
YKR023W,530,2.724275869600789,0.44,0.1,0.32
YKR024C,742,2.870403905279027,0.28,0.22,0.16
YKR025W,282,2.450249108319361,0.28,0.06,0.22
YKR027W,765,2.8836614351536176,0.38,0.24,0.22
YKR028W,1033,3.0141003215196207,0.34,0.08,0.2
YKR036C,643,2.808210972924222,0.44,0.14,0.34
YKR037C,295,2.469822015978163,0.4,0.16,0.28
YKR038C,386,2.586587304671755,0.42,0.14,0.32
YKR042W,365,2.5622928644564746,0.52,0.16,0.48
YKR043C,271,2.432969290874406,0.34,0.12,0.18
YKR051W,418,2.621176281775035,0.48,0.14,0.34
YKR058W,616,2.7895807121644256,0.46,0.12,0.4
YKR063C,502,2.7007037171450192,0.42,0.22,0.24
YKR067W,743,2.8709888137605755,0.5,0.14,0.32
YKR068C,193,2.285557309007774,0.32,0.12,0.22
YKR071C,348,2.5415792439465807,0.44,0.14,0.34
YKR076W,370,2.568201724066995,0.4,0.2,0.22
YKR081C,344,2.53655844257153,0.46,0.24,0.36
YKR082W,1157,3.0633333589517497,0.4,0.14,0.32
YKR083C,133,2.123851640967086,0.38,0.12,0.32
YKR087C,345,2.537819095073274,0.3,0.2,0.14
YKR089C,910,2.9590413923210934,0.4,0.12,0.28
YKR102W,1169,3.0678145111618402,0.5,0.08,0.36
YGR185C,394,2.595496221825574,0.46,0.12,0.34
YMR024W,390,2.591064607026499,0.42,0.2,0.2
YLR439W,319,2.503790683057181,0.38,0.3,0.16
YNL284C,322,2.507855871695831,0.48,0.14,0.28
YMR193W,258,2.41161970596323,0.42,0.24,0.2
YNL252C,281,2.44870631990508,0.48,0.18,0.38
YBR122C,177,2.247973266361807,0.42,0.24,0.24
YBL022C,1133,3.0542299098633974,0.36,0.22,0.32
YMR105C,569,2.7551122663950713,0.36,0.14,0.16
YJR040W,779,2.8915374576725643,0.4,0.06,0.22
YLR058C,469,2.6711728427150834,0.36,0.16,0.28
YBR263W,490,2.690196080028514,0.44,0.18,0.28
YMR054W,890,2.949390006644913,0.54,0.08,0.34
YDR178W,181,2.2576785748691846,0.5,0.2,0.24
YHR001W-A,77,1.8864907251724818,0.48,0.12,0.28
YLR337C,817,2.9122220565324155,0.56,0.16,0.28
YPL043W,685,2.8356905714924254,0.4,0.06,0.24
YMR120C,592,2.77232170672292,0.46,0.14,0.38
YMR116C,319,2.503790683057181,0.42,0.1,0.34
YLR109W,176,2.24551266781415,0.38,0.14,0.24
YBL085W,980,2.991226075692495,0.34,0.14,0.22
YBL084C,758,2.8796692056320534,0.5,0.02,0.36
YBL068W,326,2.513217600067939,0.36,0.14,0.28
YBR006W,497,2.696356388733332,0.42,0.12,0.26
YBR015C,597,2.775974331129369,0.42,0.16,0.3
YBR028C,525,2.720159303405957,0.3,0.14,0.26
YBR026C,380,2.57978359661681,0.34,0.2,0.2
YBR034C,348,2.5415792439465807,0.26,0.18,0.2
YBR035C,228,2.357934847000454,0.38,0.12,0.18
YBR039W,311,2.4927603890268375,0.4,0.18,0.32
YBR068C,609,2.784617292632875,0.2,0.14,0.1
YBR069C,619,2.791690649020118,0.28,0.18,0.18
YBR073W,958,2.9813655090785445,0.38,0.22,0.2
YBR121C,690,2.838849090737255,0.42,0.26,0.28
YBR139W,508,2.7058637122839193,0.46,0.1,0.32
YBL088C,2787,3.445136968713304,0.38,0.14,0.3
YBR136W,2368,3.374381698050882,0.38,0.16,0.32
YBR142W,773,2.888179493918325,0.38,0.16,0.22
YBR149W,344,2.53655844257153,0.42,0.1,0.3
YBR164C,183,2.2624510897304293,0.44,0.12,0.32
YBL035C,705,2.848189116991399,0.42,0.14,0.3
YBR175W,315,2.4983105537896004,0.44,0.08,0.32
YBR180W,572,2.7573960287930244,0.28,0.12,0.18
YBR192W,377,2.576341350205793,0.36,0.12,0.24
YBR182C,452,2.655138434811382,0.44,0.24,0.36
YBR198C,798,2.9020028913507296,0.16,0.1,0.08
YBR205W,404,2.606381365110605,0.5,0.22,0.3
YBR202W,845,2.926856708949692,0.4,0.04,0.28
YBR222C,543,2.734799829588847,0.42,0.06,0.26
YBR229C,954,2.979548374704095,0.46,0.2,0.32
YBR204C,375,2.574031267727719,0.44,0.12,0.32
YBR239C,529,2.7234556720351857,0.2,0.24,0.14
YBR244W,162,2.2095150145426308,0.34,0.16,0.22
YBR245C,1129,3.052693941924968,0.42,0.24,0.24
YBR264C,199,2.298853076409707,0.48,0.16,0.4
YBR274W,527,2.7218106152125467,0.56,0.12,0.4
YBR281C,878,2.9434945159061026,0.52,0.18,0.36
YBR288C,483,2.683947130751512,0.38,0.1,0.24
YBL103C,486,2.6866362692622934,0.34,0.12,0.22
YBL101C,1117,3.0480531731156093,0.32,0.18,0.14
YBL098W,460,2.6627578316815743,0.42,0.12,0.34
YBL097W,754,2.8773713458697743,0.3,0.12,0.14
YBL091C,421,2.6242820958356683,0.26,0.22,0.2
YBL079W,1502,3.17666993266815,0.36,0.1,0.2
YBL078C,117,2.0681858617461617,0.34,0.28,0.2
YBL046W,441,2.6444385894678386,0.44,0.08,0.32
YBL034C,1513,3.179838928023187,0.34,0.14,0.16
YBL032W,381,2.5809249756756194,0.46,0.04,0.32
YBL031W,338,2.5289167002776547,0.28,0.14,0.16
YBL026W,95,1.9777236052888478,0.42,0.12,0.3
YBL024W,684,2.835056101720116,0.3,0.28,0.16
YBL019W,520,2.716003343634799,0.38,0.1,0.16
YBL018C,133,2.123851640967086,0.38,0.16,0.2
YBR004C,433,2.6364878963533656,0.5,0.04,0.34
YBR005W,213,2.3283796034387376,0.44,0.1,0.3
YBR017C,918,2.9628426812012423,0.5,0.04,0.28
YBR029C,457,2.6599162000698504,0.32,0.16,0.22
YBR041W,669,2.8254261177678233,0.54,0.14,0.38
YBR043C,689,2.8382192219076257,0.2,0.12,0.1
YBR044C,572,2.7573960287930244,0.34,0.24,0.3
YBR046C,334,2.5237464668115646,0.38,0.1,0.3
YBR057C,366,2.5634810853944106,0.32,0.1,0.16
YBR058C,781,2.8926510338773004,0.48,0.06,0.34
YBR061C,310,2.4913616938342726,0.34,0.26,0.24
YBR065C,364,2.561101383649056,0.36,0.12,0.18
YBR070C,237,2.374748346010104,0.5,0.16,0.42
YBR074W,976,2.9894498176666917,0.42,0.22,0.34
YBR077C,162,2.2095150145426308,0.4,0.12,0.28
YBR078W,429,2.6324572921847245,0.44,0.04,0.38
YBR079C,964,2.984077033902831,0.52,0.16,0.32
YBR086C,946,2.975891136401793,0.36,0.12,0.26
YBR087W,354,2.5490032620257876,0.38,0.18,0.24
YBR095C,430,2.6334684555795866,0.32,0.18,0.26
YBR098W,691,2.8394780473741985,0.38,0.1,0.3
YBR101C,290,2.462397997898956,0.44,0.1,0.24
YBR102C,753,2.8767949762007006,0.36,0.3,0.16
YBR103W,535,2.7283537820212285,0.38,0.12,0.28
YBR105C,362,2.558708570533166,0.44,0.1,0.24
YBR106W,188,2.27415784926368,0.56,0.06,0.36
YBR107C,245,2.3891660843645326,0.46,0.08,0.34
YBR108W,947,2.9763499790032735,0.2,0.26,0.14
YBR128C,344,2.53655844257153,0.42,0.22,0.36
YBR129C,328,2.515873843711679,0.38,0.08,0.28
YBR130C,425,2.6283889300503116,0.28,0.14,0.18
YBR131W,704,2.8475726591421124,0.4,0.12,0.26
YBR133C,827,2.9175055095525466,0.38,0.2,0.2
YBR147W,296,2.4712917110589387,0.56,0.08,0.4
YBR152W,291,2.4638929889859074,0.28,0.16,0.2
YBR156C,698,2.843855422623161,0.32,0.18,0.24
YBR158W,549,2.739572344450092,0.36,0.22,0.14
YBR159W,347,2.5403294747908736,0.58,0.08,0.38
YBR161W,376,2.575187844927661,0.5,0.1,0.4
YBR163W,585,2.7671558660821804,0.42,0.2,0.24
YBR167C,140,2.146128035678238,0.32,0.32,0.24
YBR179C,855,2.931966114728173,0.26,0.16,0.14
YBR183W,316,2.499687082618404,0.42,0.02,0.22
YBR185C,278,2.444044795918076,0.34,0.24,0.2
YBR187W,280,2.4471580313422194,0.54,0.08,0.38
YBR188C,140,2.146128035678238,0.36,0.12,0.28
YBR193C,223,2.3483048630481607,0.42,0.1,0.3
YBR201W,211,2.3242824552976926,0.54,0.1,0.44
YBR207W,465,2.667452952889954,0.52,0.04,0.34
YBR211C,324,2.510545010206612,0.38,0.18,0.24
YBR217W,186,2.2695129442179165,0.26,0.12,0.18
YBR223C,544,2.73559889969818,0.3,0.18,0.18
YBR227C,520,2.716003343634799,0.42,0.18,0.3
YBR228W,304,2.482873583608754,0.34,0.18,0.2
YBR231C,303,2.4814426285023052,0.22,0.08,0.12
YBR234C,384,2.584331224367531,0.38,0.14,0.3
YBR235W,1120,3.0492180226701815,0.32,0.12,0.2
YBR246W,387,2.5877109650189114,0.38,0.14,0.3
YBR247C,483,2.683947130751512,0.36,0.26,0.32
YBR254C,175,2.2430380486862944,0.48,0.08,0.28
YBR257W,279,2.4456042032735974,0.34,0.14,0.18
YBR260C,666,2.823474229170301,0.42,0.14,0.34
YBR261C,232,2.3654879848909,0.42,0.04,0.3
YBR262C,106,2.0253058652647704,0.38,0.14,0.26
YBR265W,320,2.505149978319906,0.36,0.14,0.3
YBR267W,393,2.5943925503754266,0.34,0.16,0.18
YBR269C,138,2.1398790864012365,0.4,0.2,0.22
YBR272C,480,2.681241237375587,0.38,0.06,0.3
YBR279W,445,2.6483600109809315,0.44,0.1,0.28
YBR283C,490,2.690196080028514,0.66,0.08,0.4
YBR290W,321,2.5065050324048723,0.26,0.06,0.2
YBR295W,1216,3.0849335749367164,0.3,0.14,0.2
YBR296C,574,2.7589118923979736,0.6,0.06,0.4
YMR261C,1054,3.022840610876528,0.4,0.08,0.28
YML100W,1098,3.040602340114073,0.48,0.02,0.34
YMR264W,203,2.307496037913213,0.44,0.14,0.3
YMR263W,201,2.303196057420489,0.14,0.06,0.08
YOR123C,464,2.666517980554881,0.16,0.08,0.1
YOR232W,228,2.357934847000454,0.46,0.2,0.2
YER031C,223,2.3483048630481607,0.34,0.1,0.22
YHR072W,731,2.8639173769578603,0.38,0.1,0.16
YLR248W,610,2.785329835010767,0.28,0.26,0.16
YJL001W,215,2.3324384599156054,0.4,0.12,0.34
YIL043C,284,2.4533183400470375,0.64,0.14,0.44
YJR103W,578,2.761927838420529,0.46,0.1,0.36
YEL058W,557,2.745855195173729,0.38,0.12,0.28
YNL290W,340,2.5314789170422554,0.34,0.18,0.22
YOR217W,861,2.935003151453655,0.26,0.18,0.14
YLR342W,1876,3.273232834043046,0.22,0.0,0.1
YEL019C,267,2.4265112613645754,0.38,0.16,0.26
YGL127C,127,2.103803720955957,0.42,0.04,0.26
YLR079W,284,2.4533183400470375,0.34,0.12,0.14
YNL259C,73,1.863322860120456,0.4,0.12,0.32
YIR011C,319,2.503790683057181,0.32,0.12,0.16
YER122C,493,2.69284691927723,0.34,0.06,0.14
YPL243W,599,2.7774268223893115,0.36,0.22,0.28
YPL210C,640,2.806179973983887,0.38,0.1,0.32
YHL011C,320,2.505149978319906,0.44,0.16,0.34
YHR082C,1029,3.012415374762433,0.34,0.16,0.3
YHR096C,592,2.77232170672292,0.3,0.06,0.22
YHR129C,384,2.584331224367531,0.36,0.1,0.28
YHR216W,523,2.718501688867274,0.46,0.12,0.32
YHL019C,605,2.781755374652469,0.44,0.08,0.28
YHL015W,121,2.0827853703164503,0.3,0.16,0.26
YHL003C,411,2.6138418218760693,0.4,0.16,0.3
YHR006W,541,2.7331972651065692,0.44,0.12,0.32
YHR046C,295,2.469822015978163,0.38,0.14,0.32
YHR021C,82,1.9138138523837167,0.46,0.18,0.34
YHR065C,501,2.699837725867246,0.28,0.24,0.26
YHR073W,996,2.998259338423699,0.36,0.22,0.28
YHR104W,327,2.514547752660286,0.42,0.12,0.32
YNL257C,1229,3.0895518828864543,0.44,0.2,0.28
YHR169W,431,2.6344772701607315,0.42,0.16,0.3
YHR183W,489,2.6893088591236203,0.44,0.12,0.34
YHL040C,627,2.7972675408307164,0.3,0.18,0.16
YHL031C,223,2.3483048630481607,0.28,0.12,0.2
YHL030W,1868,3.271376871894075,0.5,0.14,0.36
YHL023C,1146,3.059184617631371,0.38,0.12,0.24
YHL002W,452,2.655138434811382,0.42,0.12,0.32
YHL001W,138,2.1398790864012365,0.48,0.18,0.42
YHR001W,437,2.640481436970422,0.32,0.08,0.26
YHR004C,446,2.649334858712142,0.28,0.2,0.22
YHR009C,523,2.718501688867274,0.36,0.12,0.16
YHR031C,723,2.859138297294531,0.28,0.2,0.14
YHR034C,344,2.53655844257153,0.46,0.18,0.34
YHR036W,471,2.673020907128896,0.38,0.1,0.2
YHR050W,549,2.739572344450092,0.22,0.08,0.12
YHR052W,376,2.575187844927661,0.34,0.3,0.24
YHR056C,883,2.9459607035775686,0.34,0.24,0.14
YHR058C,295,2.469822015978163,0.44,0.1,0.22
YHR061C,314,2.496929648073215,0.34,0.12,0.14
YHR062C,293,2.4668676203541096,0.46,0.1,0.34
YHR064C,538,2.7307822756663893,0.42,0.04,0.3
YHR066W,453,2.656098202012832,0.36,0.24,0.26
YHR069C,359,2.5550944485783194,0.24,0.08,0.18
YHR070W,499,2.6981005456233897,0.52,0.16,0.24
YHR076W,343,2.5352941200427703,0.3,0.14,0.18
YHR080C,1345,3.128722284338427,0.26,0.32,0.16
YHR081W,184,2.2648178230095364,0.42,0.18,0.34
YHR085W,334,2.5237464668115646,0.26,0.34,0.18
YHR088W,295,2.469822015978163,0.28,0.32,0.2
YHR090C,282,2.450249108319361,0.34,0.14,0.26
YHR098C,929,2.968015713993642,0.34,0.16,0.26
YHR099W,3744,3.5733358400660675,0.38,0.08,0.24
YHR105W,214,2.330413773349191,0.32,0.04,0.18
YHR108W,585,2.7671558660821804,0.5,0.18,0.36
YHR111W,440,2.6434526764861874,0.26,0.16,0.22
YHR113W,490,2.690196080028514,0.32,0.24,0.16
YHR114W,633,2.801403710017355,0.32,0.22,0.22
YHR115C,416,2.6190933306267428,0.42,0.08,0.22
YHR117W,639,2.8055008581584002,0.4,0.12,0.36
YHR118C,435,2.6384892569546374,0.4,0.14,0.28
YHR119W,1080,3.03342375548695,0.1,0.22,0.04
YHR121W,187,2.271841606536499,0.32,0.1,0.24
YHR124W,627,2.7972675408307164,0.28,0.06,0.18
YHR132C,430,2.6334684555795866,0.46,0.06,0.34
YHR134W,269,2.429752280002408,0.38,0.24,0.26
YHR137W,513,2.7101173651118162,0.42,0.12,0.26
YHR142W,316,2.499687082618404,0.52,0.12,0.36
YHR143W,325,2.5118833609788744,0.5,0.06,0.34
YHR154W,1070,3.0293837776852097,0.46,0.06,0.36
YHR155W,1228,3.089198366805149,0.4,0.16,0.26
YHR160C,283,2.45178643552429,0.3,0.16,0.16
YHR161C,637,2.8041394323353503,0.38,0.16,0.26
YHR162W,129,2.110589710299249,0.48,0.18,0.2
YHR164C,1522,3.182414652434554,0.34,0.26,0.22
YHR170W,518,2.714329759745233,0.4,0.06,0.26
YHR171W,630,2.7993405494535817,0.44,0.12,0.3
YHR172W,823,2.91539983521227,0.44,0.16,0.3
YHR181W,228,2.357934847000454,0.46,0.08,0.36
YHR182W,785,2.8948696567452528,0.3,0.14,0.24
YHR186C,1557,3.1922886125681202,0.38,0.14,0.18
YHR187W,309,2.4899584794248346,0.42,0.14,0.32
YHR188C,610,2.785329835010767,0.56,0.02,0.4
YHR192W,278,2.444044795918076,0.38,0.16,0.28
YHR193C,174,2.2405492482826,0.44,0.2,0.36
YHR195W,321,2.5065050324048723,0.48,0.18,0.34
YHR196W,575,2.7596678446896306,0.4,0.1,0.3
YHR197W,763,2.8825245379548807,0.48,0.1,0.38
YHR202W,602,2.7795964912578244,0.54,0.12,0.42
YHR204W,796,2.900913067737669,0.46,0.12,0.34
YHR206W,622,2.7937903846908188,0.3,0.04,0.16
YHR207C,526,2.7209857441537393,0.34,0.1,0.24
YHR208W,393,2.5943925503754266,0.42,0.2,0.26
YHR211W,1075,3.031408464251624,0.52,0.1,0.4
YOL005C,120,2.0791812460476247,0.46,0.14,0.32
YOR014W,757,2.8790958795000727,0.16,0.28,0.08
YDR254W,458,2.660865478003869,0.46,0.08,0.28
YOR020C,106,2.0253058652647704,0.5,0.16,0.42
YML074C,411,2.6138418218760693,0.56,0.04,0.36
YLR055C,602,2.7795964912578244,0.22,0.02,0.18
YMR167W,769,2.885926339801431,0.56,0.1,0.46
YNL004W,454,2.6570558528571038,0.1,0.32,0.04
YOL122C,575,2.7596678446896306,0.44,0.16,0.34
YIL139C,245,2.3891660843645326,0.46,0.12,0.24
YIL140W,823,2.91539983521227,0.52,0.06,0.38
YGL006W,1173,3.0692980121155293,0.26,0.14,0.18
YDR443C,1420,3.1522883443830567,0.34,0.18,0.22
YGL095C,577,2.7611758131557314,0.44,0.12,0.36
YDR076W,406,2.6085260335771943,0.48,0.06,0.32
YDR072C,527,2.7218106152125467,0.62,0.08,0.36
YDR073W,169,2.2278867046136734,0.32,0.02,0.3
YDR080W,992,2.9965116721541785,0.2,0.1,0.16
YDR082W,494,2.693726948923647,0.32,0.18,0.22
YDR083W,392,2.593286067020457,0.24,0.28,0.16
YOL020W,592,2.77232170672292,0.18,0.2,0.1
YDL195W,1273,3.1048284036536553,0.5,0.08,0.36
YDL092W,146,2.164352855784437,0.44,0.14,0.28
YFR031C,1170,3.0681858617461617,0.44,0.08,0.32
YER129W,1142,3.0576661039098294,0.34,0.12,0.26
YPL209C,367,2.5646660642520893,0.32,0.22,0.16
YDR297W,349,2.5428254269591797,0.52,0.1,0.3
YMR058W,636,2.803457115648414,0.46,0.08,0.32
YDR208W,779,2.8915374576725643,0.36,0.16,0.24
YDR270W,1004,3.0017337128090005,0.36,0.1,0.32
YPL190C,802,2.9041743682841634,0.3,0.04,0.18
YIR034C,373,2.571708831808688,0.48,0.16,0.36
YDR207C,836,2.9222062774390163,0.3,0.18,0.22
YIL009W,694,2.841359470454855,0.42,0.2,0.3
YDR343C,570,2.7558748556724915,0.36,0.12,0.28
YDR342C,570,2.7558748556724915,0.36,0.12,0.28
YNL169C,500,2.6989700043360187,0.52,0.2,0.3
YGL022W,718,2.8561244442423,0.6,0.1,0.4
YNR052C,433,2.6364878963533656,0.4,0.12,0.18
YDL101C,513,2.7101173651118162,0.26,0.2,0.18
YDR264C,764,2.88309335857569,0.34,0.06,0.28
YPL161C,633,2.801403710017355,0.48,0.06,0.34
YLR088W,614,2.788168371141168,0.64,0.14,0.46
YNL084C,349,2.5428254269591797,0.46,0.16,0.28
YIL046W,640,2.806179973983887,0.3,0.16,0.12
YLR150W,273,2.436162647040756,0.46,0.14,0.28
YGL178W,859,2.9339931638312424,0.44,0.02,0.24
YPL042C,555,2.7442929831226763,0.36,0.14,0.18
YDL143W,528,2.722633922533812,0.44,0.22,0.3
YDR228C,626,2.7965743332104296,0.42,0.08,0.32
YNL267W,1066,3.0277572046905536,0.32,0.2,0.26
YMR008C,664,2.8221680793680175,0.46,0.04,0.38
YPL050C,395,2.59659709562646,0.54,0.1,0.38
YDR142C,375,2.574031267727719,0.42,0.12,0.26
YDR135C,1515,3.180412632838324,0.52,0.04,0.3
YGR020C,118,2.0718820073061255,0.38,0.1,0.3
YMR287C,969,2.9863237770507656,0.34,0.32,0.26
YMR280C,1433,3.1562461903973444,0.34,0.14,0.22
YJL143W,158,2.1986570869544226,0.46,0.12,0.28
YJL191W,138,2.1398790864012365,0.42,0.14,0.32
YDL160C,506,2.7041505168397992,0.26,0.12,0.14
YER015W,744,2.8715729355458786,0.38,0.1,0.26
YLR223C,1085,3.0354297381845483,0.28,0.28,0.16
YPR104C,936,2.9712758487381055,0.3,0.06,0.18
YJR016C,585,2.7671558660821804,0.36,0.18,0.26
YAL026C,1355,3.1319392952104246,0.3,0.16,0.14
YJL207C,2014,3.3040594662175993,0.34,0.16,0.3
YJL204C,840,2.9242792860618816,0.42,0.12,0.34
YJL200C,789,2.89707700320942,0.44,0.2,0.28
YJL196C,310,2.4913616938342726,0.48,0.16,0.2
YAR027W,235,2.3710678622717363,0.4,0.08,0.26
YAR033W,234,2.369215857410143,0.44,0.12,0.28
YGR234W,399,2.6009728956867484,0.4,0.16,0.3
YDL056W,833,2.9206450014067875,0.38,0.22,0.28
YML046W,629,2.798650645445269,0.4,0.06,0.26
YOR209C,429,2.6324572921847245,0.42,0.12,0.26
YMR129W,1337,3.1261314072619846,0.28,0.16,0.08
YAL002W,1274,3.1051694279993316,0.28,0.1,0.18
YAL007C,215,2.3324384599156054,0.62,0.04,0.46
YAR002W,539,2.7315887651867388,0.4,0.26,0.24
YAR003W,426,2.629409599102719,0.46,0.1,0.32
YAR008W,275,2.439332693830263,0.6,0.1,0.4
YAL060W,382,2.582063362911709,0.4,0.12,0.26
YAL059W,212,2.3263358609287517,0.4,0.24,0.3
YAL056W,880,2.9444826721501687,0.34,0.1,0.18
YAL053W,783,2.8937617620579434,0.38,0.08,0.26
YAL051W,1047,3.0199466816788423,0.36,0.08,0.16
YAL048C,662,2.8208579894397,0.46,0.1,0.32
YAL047C,622,2.7937903846908188,0.26,0.16,0.1
YAL046C,118,2.0718820073061255,0.44,0.18,0.24
YAL044C,170,2.230448921378274,0.38,0.16,0.22
YAL042W,415,2.618048096712093,0.44,0.12,0.34
YAL036C,369,2.56702636615906,0.36,0.22,0.3
YAL035W,1002,3.000867721531227,0.3,0.1,0.18
YAL034W-A,289,2.4608978427565478,0.46,0.1,0.32
YAL027W,261,2.416640507338281,0.5,0.14,0.36
YLR292C,193,2.285557309007774,0.44,0.02,0.34
YDR388W,482,2.6830470382388496,0.32,0.2,0.14
YOR206W,710,2.8512583487190755,0.2,0.38,0.16
YOR033C,702,2.846337112129805,0.48,0.12,0.36
YDR484W,641,2.8068580295188172,0.28,0.18,0.16
YEL062W,615,2.788875115775417,0.42,0.14,0.18
YER017C,761,2.8813846567705728,0.46,0.2,0.28
YMR183C,295,2.469822015978163,0.34,0.04,0.18
YGR156W,425,2.6283889300503116,0.42,0.12,0.26
YIL147C,1220,3.0863598306747484,0.54,0.08,0.4
YLR025W,240,2.380211241711606,0.32,0.2,0.22
YGR162W,952,2.9786369483844743,0.16,0.12,0.1
YGL049C,914,2.9609461957338317,0.3,0.14,0.08
YER131W,119,2.0755469613925306,0.4,0.32,0.3
YER125W,809,2.9079485216122722,0.44,0.14,0.3
YER028C,394,2.595496221825574,0.24,0.34,0.08
YOR269W,494,2.693726948923647,0.32,0.18,0.24
YER154W,402,2.60422605308447,0.48,0.18,0.28
YER169W,796,2.900913067737669,0.48,0.14,0.28
YER136W,451,2.6541765418779604,0.34,0.1,0.32
YER123W,524,2.7193312869837265,0.32,0.14,0.24
YER089C,464,2.666517980554881,0.42,0.1,0.26
YEL013W,578,2.761927838420529,0.34,0.08,0.26
YER114C,1040,3.0170333392987803,0.32,0.1,0.18
YEL071W,496,2.6954816764901977,0.48,0.12,0.34
YEL066W,161,2.2068258760318495,0.42,0.14,0.22
YEL056W,401,2.603144372620182,0.46,0.06,0.24
YEL055C,1022,3.009450895798694,0.48,0.16,0.38
YEL031W,1215,3.084576277934331,0.52,0.12,0.3
YEL030W,644,2.808885867359812,0.52,0.16,0.36
YEL026W,126,2.100370545117563,0.48,0.12,0.38
YEL022W,1459,3.1640552918934515,0.42,0.1,0.3
YEL018W,279,2.4456042032735974,0.42,0.12,0.38
YEL016C,493,2.69284691927723,0.52,0.12,0.38
YEL015W,551,2.741151598851785,0.38,0.16,0.28
YEL005C,282,2.450249108319361,0.44,0.16,0.32
YEL003W,111,2.0453229787866576,0.32,0.2,0.26
YER005W,630,2.7993405494535817,0.38,0.1,0.28
YER006W,520,2.716003343634799,0.24,0.46,0.16
YER016W,344,2.53655844257153,0.38,0.06,0.28
YER018C,221,2.3443922736851106,0.38,0.18,0.26
YER019W,477,2.678518379040114,0.3,0.18,0.18
YER029C,196,2.292256071356476,0.44,0.16,0.36
YER033C,1076,3.0318122713303706,0.26,0.18,0.08
YER035W,145,2.161368002234975,0.38,0.22,0.18
YER036C,610,2.785329835010767,0.42,0.3,0.36
YER041W,759,2.8802417758954806,0.48,0.16,0.28
YER049W,644,2.808885867359812,0.28,0.26,0.16
YER050C,138,2.1398790864012365,0.36,0.22,0.24
YER051W,492,2.6919651027673606,0.38,0.16,0.24
YER072W,129,2.110589710299249,0.54,0.12,0.32
YER073W,520,2.716003343634799,0.48,0.12,0.3
YER075C,928,2.967547976218862,0.32,0.12,0.2
YER078C,511,2.708420900134713,0.4,0.2,0.22
YER082C,554,2.74350976472843,0.16,0.36,0.12
YER083C,285,2.45484486000851,0.32,0.22,0.24
YER088C,670,2.8260748027008264,0.34,0.12,0.2
YER092W,125,2.0969100130080562,0.36,0.2,0.3
YER093C,1430,3.155336037465062,0.28,0.18,0.18
YER104W,208,2.3180633349627615,0.26,0.14,0.16
YER105C,1391,3.1433271299920467,0.28,0.2,0.16
YER106W,302,2.4800069429571505,0.26,0.3,0.14
YER107C,365,2.5622928644564746,0.42,0.04,0.26
YER110C,1113,3.0464951643347082,0.4,0.08,0.3
YER112W,187,2.271841606536499,0.4,0.04,0.3
YER116C,274,2.437750562820388,0.24,0.2,0.18
YER118C,367,2.5646660642520893,0.52,0.18,0.3
YER120W,244,2.3873898263387296,0.4,0.1,0.28
YER126C,261,2.416640507338281,0.22,0.38,0.14
YER139C,226,2.3541084391474008,0.4,0.16,0.32
YER141W,486,2.6866362692622934,0.38,0.2,0.3
YER143W,428,2.6314437690131722,0.4,0.06,0.3
YER146W,93,1.9684829485539352,0.52,0.06,0.4
YER147C,624,2.795184589682424,0.34,0.12,0.26
YER157W,801,2.9036325160842376,0.4,0.16,0.32
YER159C,142,2.1522883443830567,0.42,0.08,0.24
YER183C,211,2.3242824552976926,0.46,0.18,0.42
YER062C,250,2.3979400086720375,0.54,0.12,0.36
YGL225W,337,2.5276299008713385,0.44,0.1,0.28
YNL209W,613,2.787460474518415,0.42,0.02,0.3
YNL218W,587,2.7686381012476144,0.34,0.18,0.22
YNL217W,326,2.513217600067939,0.52,0.14,0.36
YNL215W,320,2.505149978319906,0.26,0.1,0.24
YNL207W,425,2.6283889300503116,0.34,0.16,0.22
YNL206C,455,2.6580113966571126,0.38,0.16,0.28
YNL201C,858,2.9334872878487053,0.36,0.08,0.18
YNL196C,298,2.4742162640762553,0.28,0.3,0.18
YIL050W,285,2.45484486000851,0.34,0.14,0.18
YMR038C,249,2.3961993470957363,0.38,0.06,0.26
YFL017W-A,77,1.8864907251724818,0.44,0.14,0.34
YMR135C,455,2.6580113966571126,0.2,0.16,0.1
YMR146C,347,2.5403294747908736,0.32,0.16,0.24
YMR147W,412,2.6148972160331345,0.38,0.22,0.32
YMR148W,148,2.1702617153949575,0.68,0.0,0.38
YMR314W,234,2.369215857410143,0.42,0.12,0.32
YOL038W,254,2.404833716619938,0.38,0.16,0.3
YMR313C,642,2.807535028068853,0.58,0.12,0.4
YDR252W,149,2.173186268412274,0.3,0.28,0.26
YDR113C,373,2.571708831808688,0.4,0.16,0.24
YIL030C,1319,3.1202447955463652,0.3,0.12,0.24
YLR372W,345,2.537819095073274,0.5,0.06,0.3
YGR268C,198,2.296665190261531,0.34,0.2,0.16
YDL007W,437,2.640481436970422,0.26,0.28,0.12
YOL094C,323,2.509202522331103,0.44,0.14,0.28
YGR270W,1379,3.13956426617585,0.28,0.2,0.26
YMR089C,825,2.916453948549925,0.36,0.26,0.28
YNR006W,622,2.7937903846908188,0.44,0.1,0.32
YNR007C,310,2.4913616938342726,0.4,0.12,0.18
YNR008W,661,2.82020145948564,0.16,0.32,0.12
YJR068W,353,2.5477747053878224,0.42,0.2,0.28
YJR035W,1085,3.0354297381845483,0.3,0.08,0.26
YOR377W,525,2.720159303405957,0.34,0.14,0.24
YGL025C,397,2.598790506763115,0.44,0.14,0.34
YJL073W,645,2.809559714635268,0.5,0.1,0.42
YJL072C,213,2.3283796034387376,0.38,0.18,0.2
YJL071W,574,2.7589118923979736,0.32,0.2,0.24
YJL069C,594,2.7737864449811935,0.48,0.04,0.26
YJL062W,830,2.9190780923760737,0.5,0.14,0.32
YJL061W,713,2.8530895298518657,0.44,0.08,0.3
YLR039C,1056,3.0236639181977933,0.42,0.26,0.24
YIL138C,161,2.2068258760318495,0.24,0.2,0.2
YMR301C,690,2.838849090737255,0.52,0.18,0.36
YHR143W-A,70,1.845098040014257,0.36,0.14,0.3
YIL173W,1549,3.190051417759206,0.56,0.1,0.38
YIL156W,1071,3.029789470831856,0.38,0.2,0.24
YIL153W,393,2.5943925503754266,0.4,0.2,0.26
YIL149C,1679,3.225050696138049,0.42,0.16,0.3
YIL146C,529,2.7234556720351857,0.28,0.12,0.18
YIL144W,691,2.8394780473741985,0.28,0.18,0.16
YIL137C,946,2.975891136401793,0.44,0.12,0.28
YIL132C,213,2.3283796034387376,0.44,0.1,0.26
YIL131C,484,2.6848453616444123,0.3,0.08,0.24
YIL130W,964,2.984077033902831,0.2,0.24,0.14
YIL128W,1032,3.0136796972911926,0.48,0.1,0.4
YIL124W,297,2.4727564493172123,0.44,0.12,0.36
YIL123W,476,2.677606952720493,0.44,0.16,0.38
YIL122W,351,2.5453071164658243,0.24,0.18,0.12
YIL121W,542,2.733999286538387,0.38,0.1,0.26
YIL115C,1460,3.164352855784437,0.4,0.1,0.22
YIL109C,926,2.9666109866819346,0.46,0.1,0.18
YIL106W,314,2.496929648073215,0.36,0.12,0.2
YIL105C,686,2.8363241157067516,0.3,0.12,0.22
YIL103W,425,2.6283889300503116,0.24,0.26,0.18
YIL101C,647,2.8109042806687006,0.44,0.12,0.3
YIL097W,516,2.7126497016272113,0.4,0.22,0.28
YIL095W,810,2.90848501887865,0.42,0.08,0.28
YIL094C,371,2.569373909615046,0.46,0.14,0.38
YIL093C,264,2.4216039268698313,0.44,0.16,0.28
YIL091C,721,2.857935264719429,0.2,0.24,0.16
YIL088C,490,2.690196080028514,0.52,0.04,0.46
YIL084C,327,2.514547752660286,0.26,0.24,0.2
YIL083C,365,2.5622928644564746,0.44,0.14,0.24
YIL079C,360,2.5563025007672873,0.38,0.06,0.26
YIL076W,296,2.4712917110589387,0.34,0.1,0.24
YIL071C,444,2.6473829701146196,0.38,0.16,0.26
YIL070C,266,2.424881636631067,0.48,0.18,0.3
YIL065C,155,2.1903316981702914,0.46,0.08,0.28
YIL048W,1151,3.0610753236297916,0.38,0.1,0.2
YIL042C,394,2.595496221825574,0.38,0.22,0.22
YIL036W,587,2.7686381012476144,0.24,0.16,0.18
YIL027C,141,2.14921911265538,0.48,0.14,0.34
YIL026C,1150,3.060697840353612,0.2,0.18,0.18
YIL024C,189,2.2764618041732443,0.36,0.12,0.26
YIL017C,921,2.964259630196849,0.44,0.08,0.36
YIL016W,159,2.2013971243204513,0.4,0.24,0.3
YIL010W,215,2.3324384599156054,0.4,0.24,0.28
YIL008W,99,1.99563519459755,0.46,0.16,0.32
YIL006W,373,2.571708831808688,0.4,0.06,0.26
YIL005W,701,2.8457180179666586,0.54,0.12,0.28
YIL003W,293,2.4668676203541096,0.44,0.1,0.36
YIL002C,946,2.975891136401793,0.34,0.18,0.24
YIR002C,993,2.996949248495381,0.38,0.16,0.28
YIR003W,679,2.8318697742805017,0.4,0.14,0.16
YIR004W,432,2.635483746814912,0.34,0.16,0.24
YIR005W,148,2.1702617153949575,0.32,0.12,0.26
YIR007W,764,2.88309335857569,0.44,0.14,0.28
YIR010W,576,2.7604224834232123,0.38,0.12,0.2
YIR015W,144,2.1583624920952498,0.38,0.2,0.24
YIR017C,187,2.271841606536499,0.36,0.14,0.3
YIR033W,1113,3.0464951643347082,0.38,0.06,0.2
YIR037W,163,2.2121876044039577,0.46,0.16,0.28
YNL002C,322,2.507855871695831,0.24,0.32,0.2
YOR335C,983,2.992553517832136,0.3,0.18,0.18
YNL085W,830,2.9190780923760737,0.4,0.12,0.34
YPR122W,1208,3.082066934285113,0.38,0.1,0.28
YJL097W,217,2.3364597338485296,0.56,0.08,0.38
YJL222W,1549,3.190051417759206,0.56,0.1,0.38
YOR028C,295,2.469822015978163,0.48,0.16,0.18
YJL099W,746,2.8727388274726686,0.34,0.14,0.12
YGL181W,396,2.597695185925512,0.32,0.16,0.2
YGL086W,749,2.8744818176994666,0.38,0.1,0.22
YJL030W,196,2.292256071356476,0.36,0.12,0.26
YMR004W,511,2.708420900134713,0.3,0.04,0.14
YGR132C,287,2.4578818967339924,0.44,0.12,0.36
YMR127C,338,2.5289167002776547,0.28,0.26,0.22
YDR364C,455,2.6580113966571126,0.18,0.2,0.12
YMR168C,608,2.783903579272735,0.24,0.28,0.12
YDR062W,561,2.7489628612561616,0.34,0.14,0.18
YMR319C,552,2.741939077729199,0.34,0.18,0.22
YGR032W,1895,3.2776092143040914,0.18,0.0,0.1
YNL061W,618,2.790988475088816,0.24,0.34,0.14
YJL025W,514,2.710963118995276,0.3,0.12,0.16
YDR478W,198,2.296665190261531,0.32,0.22,0.24
YOR094W,183,2.2624510897304293,0.4,0.2,0.3
YOR234C,107,2.0293837776852097,0.38,0.22,0.3
YIL053W,250,2.3979400086720375,0.56,0.12,0.36
YNL006W,303,2.4814426285023052,0.4,0.14,0.34
YPL028W,398,2.599883072073688,0.46,0.1,0.38
YJL002C,476,2.677606952720493,0.48,0.06,0.28
YFL031W,238,2.376576957056512,0.32,0.24,0.18
YGR188C,1021,3.0090257420869104,0.24,0.14,0.18
YOR113W,914,2.9609461957338317,0.32,0.02,0.12
YLR353W,603,2.780317312140151,0.28,0.06,0.2
YOR125C,233,2.367355921026019,0.4,0.2,0.28
YLL006W,426,2.629409599102719,0.26,0.1,0.16
YLR075W,221,2.3443922736851106,0.36,0.28,0.22
YPR036W,478,2.6794278966121188,0.44,0.14,0.36
YDR420W,1802,3.255754786643044,0.38,0.06,0.34
YDR238C,973,2.988112840268352,0.36,0.08,0.2
YGL137W,889,2.9489017609702137,0.36,0.18,0.22
YNL221C,875,2.942008053022313,0.32,0.22,0.28
YNL068C,862,2.9355072658247128,0.32,0.06,0.2
YNL291C,548,2.738780558484369,0.54,0.1,0.3
YNL271C,1953,3.2907022432878543,0.2,0.14,0.14
YGL192W,600,2.778151250383644,0.36,0.14,0.28
YOR075W,346,2.5390760987927767,0.32,0.14,0.18
YGR186W,735,2.8662873390841948,0.32,0.2,0.08
YGR005C,400,2.6020599913279625,0.26,0.04,0.2
YGR059W,512,2.709269960975831,0.36,0.18,0.2
YJR019C,349,2.5428254269591797,0.5,0.08,0.32
YPL147W,870,2.9395192526186187,0.48,0.2,0.4
YDR005C,395,2.59659709562646,0.34,0.16,0.26
YOL059W,440,2.6434526764861874,0.4,0.28,0.28
YDR002W,201,2.303196057420489,0.32,0.22,0.14
YPL091W,483,2.683947130751512,0.34,0.16,0.28
YLR174W,412,2.6148972160331345,0.44,0.16,0.34
YDL055C,361,2.5575072019056577,0.54,0.12,0.4
YNL142W,499,2.6981005456233897,0.42,0.0,0.24
YDR195W,533,2.7267272090265724,0.46,0.12,0.36
YNL327W,1041,3.017450729510536,0.44,0.14,0.34
YNL326C,336,2.526339277389844,0.56,0.1,0.4
YNL325C,879,2.9439888750737717,0.26,0.2,0.16
YNL323W,414,2.617000341120899,0.34,0.14,0.22
YNL321W,908,2.958085848521085,0.3,0.16,0.2
YNL317W,465,2.667452952889954,0.24,0.16,0.16
YNL310C,174,2.2405492482826,0.5,0.2,0.36
YNL309W,420,2.6232492903979003,0.34,0.2,0.22
YNL308C,591,2.7715874808812555,0.4,0.22,0.32
YGR200C,788,2.8965262174895554,0.48,0.14,0.34
YGR206W,101,2.0043213737826426,0.46,0.14,0.22
YJL109C,1769,3.2477278329097232,0.38,0.14,0.32
YJL104W,149,2.173186268412274,0.38,0.16,0.3
YJL100W,607,2.7831886910752575,0.3,0.18,0.18
YDL104C,407,2.60959440922522,0.4,0.18,0.3
YDL103C,477,2.678518379040114,0.34,0.14,0.24
YDL105W,402,2.60422605308447,0.18,0.24,0.1
YLR015W,505,2.7032913781186614,0.32,0.12,0.22
YLR147C,101,2.0043213737826426,0.42,0.1,0.34
YKL096W-A,92,1.9637878273455553,0.54,0.0,0.44
YFL048C,445,2.6483600109809315,0.54,0.06,0.38
YFL044C,301,2.4785664955938436,0.42,0.14,0.32
YFL041W,622,2.7937903846908188,0.52,0.12,0.32
YFL034C-B,287,2.4578818967339924,0.36,0.22,0.16
YFL034W,1073,3.030599721965951,0.24,0.14,0.2
YFL033C,1770,3.247973266361807,0.3,0.1,0.2
YFL025C,1029,3.012415374762433,0.36,0.22,0.28
YFL024C,832,2.920123326290724,0.24,0.16,0.16
YFL023W,796,2.900913067737669,0.32,0.16,0.26
YFL013C,692,2.840106094456758,0.26,0.12,0.14
YFL007W,2143,3.3310221710418286,0.32,0.22,0.2
YFL004W,828,2.9180303367848803,0.34,0.18,0.2
YFR001W,204,2.3096301674258988,0.38,0.26,0.24
YFR003C,155,2.1903316981702914,0.38,0.1,0.22
YFR011C,170,2.230448921378274,0.28,0.1,0.22
YFR021W,500,2.6989700043360187,0.34,0.06,0.16
YFR024C-A,459,2.6618126855372615,0.52,0.18,0.36
YFR027W,281,2.44870631990508,0.24,0.24,0.18
YFR037C,557,2.745855195173729,0.34,0.1,0.18
YFR038W,853,2.9309490311675233,0.38,0.12,0.32
YFR040W,1002,3.000867721531227,0.46,0.14,0.28
YFR044C,481,2.682145076373832,0.44,0.18,0.28
YFR046C,361,2.5575072019056577,0.34,0.2,0.24
YFR051C,546,2.7371926427047373,0.44,0.14,0.34
YPR001W,486,2.6866362692622934,0.46,0.24,0.38
YGL065C,503,2.7015679850559273,0.4,0.18,0.34
YKL006C-A,97,1.9867717342662448,0.28,0.12,0.22
YGL171W,564,2.751279103983342,0.32,0.18,0.26
YJR093C,327,2.514547752660286,0.28,0.14,0.18
YPR129W,349,2.5428254269591797,0.3,0.14,0.24
YOR374W,519,2.715167357848458,0.44,0.12,0.26
YLR048W,252,2.401400540781544,0.52,0.1,0.38
YGL245W,708,2.850033257689769,0.6,0.12,0.5
YOR340C,326,2.513217600067939,0.38,0.22,0.3
YMR052W,204,2.3096301674258988,0.32,0.14,0.28
YGL105W,376,2.575187844927661,0.44,0.1,0.32
YJR042W,744,2.8715729355458786,0.38,0.08,0.26
YDR159W,1301,3.1142772965615864,0.3,0.08,0.12
YLR045C,888,2.948412965778601,0.34,0.14,0.26
YDR310C,1062,3.0261245167454502,0.34,0.08,0.26
YGR274C,1066,3.0277572046905536,0.26,0.08,0.2
YNL039W,594,2.7737864449811935,0.36,0.18,0.18
YMR092C,615,2.788875115775417,0.38,0.1,0.22
YDL178W,530,2.724275869600789,0.32,0.18,0.22
YGR261C,809,2.9079485216122722,0.42,0.1,0.38
YMR230W,105,2.0211892990699383,0.4,0.2,0.3
YLR289W,645,2.809559714635268,0.38,0.26,0.24
YDR108W,698,2.843855422623161,0.5,0.14,0.32
YGL175C,345,2.537819095073274,0.4,0.12,0.38
YGL174W,266,2.424881636631067,0.24,0.26,0.18
YGR195W,246,2.3909351071033793,0.32,0.18,0.2
YGR198W,817,2.9122220565324155,0.48,0.1,0.32
YJR006W,487,2.6875289612146345,0.3,0.18,0.2
YJL125C,383,2.583198773968623,0.34,0.18,0.18
YJL006C,323,2.509202522331103,0.38,0.18,0.2
YML112W,296,2.4712917110589387,0.34,0.14,0.22
YOR103C,130,2.113943352306837,0.42,0.18,0.26
YJR010C-A,94,1.9731278535996988,0.5,0.12,0.34
YJR143C,762,2.8819549713396007,0.42,0.2,0.22
YMR035W,177,2.247973266361807,0.5,0.12,0.34
YJL184W,123,2.089905111439398,0.38,0.14,0.22
YJL183W,422,2.625312450961674,0.4,0.18,0.22
YJL179W,109,2.037426497940624,0.36,0.14,0.28
YJL178C,271,2.432969290874406,0.38,0.14,0.26
YJL177W,184,2.2648178230095364,0.34,0.16,0.26
YJL168C,733,2.8651039746411278,0.3,0.12,0.2
YJL158C,227,2.3560258571931225,0.46,0.02,0.32
YJL156C,699,2.8444771757456815,0.26,0.14,0.16
YJL148W,233,2.367355921026019,0.28,0.22,0.16
YJL145W,294,2.4683473304121573,0.32,0.18,0.22
YJL137C,380,2.57978359661681,0.5,0.16,0.46
YJL134W,409,2.611723308007342,0.34,0.2,0.14
YJL126W,307,2.4871383754771865,0.48,0.16,0.42
YJL124C,172,2.2355284469075487,0.3,0.12,0.22
YJL113W,1803,3.255995726722402,0.32,0.2,0.26
YJL112W,714,2.8536982117761744,0.3,0.08,0.24
YJL091C,490,2.690196080028514,0.44,0.08,0.32
YJL090C,764,2.88309335857569,0.46,0.16,0.34
YJL084C,1046,3.0195316845312554,0.58,0.04,0.32
YJL079C,299,2.4756711883244296,0.52,0.1,0.48
YJL078C,881,2.944975908412048,0.52,0.1,0.34
YJL076W,1189,3.0751818546186915,0.5,0.04,0.32
YJL074C,1230,3.089905111439398,0.42,0.16,0.28
YJL060W,444,2.6473829701146196,0.4,0.18,0.26
YJL058C,543,2.734799829588847,0.36,0.1,0.28
YJL056C,880,2.9444826721501687,0.4,0.16,0.3
YJL050W,1073,3.030599721965951,0.26,0.12,0.14
YJL047C,842,2.9253120914996495,0.32,0.18,0.2
YJL039C,1683,3.226084115975824,0.4,0.12,0.24
YJL036W,423,2.6263403673750423,0.3,0.18,0.14
YJL035C,250,2.3979400086720375,0.42,0.18,0.28
YJL029C,822,2.9148718175400505,0.34,0.1,0.28
YJL024C,194,2.287801729930226,0.46,0.16,0.3
YJL020C,1157,3.0633333589517497,0.38,0.06,0.2
YJL019W,682,2.833784374656479,0.34,0.22,0.26
YJL013C,515,2.711807229041191,0.42,0.18,0.3
YJL012C,721,2.857935264719429,0.26,0.12,0.18
YJL011C,161,2.2068258760318495,0.36,0.26,0.26
YJL010C,666,2.823474229170301,0.16,0.24,0.08
YJR001W,602,2.7795964912578244,0.34,0.14,0.14
YJR002W,593,2.7730546933642626,0.38,0.16,0.32
YJR022W,109,2.037426497940624,0.44,0.14,0.34
YJR025C,177,2.247973266361807,0.4,0.14,0.22
YJR027W,1755,3.244277120801843,0.26,0.16,0.22
YJR029W,1755,3.244277120801843,0.26,0.16,0.22
YJR031C,1408,3.1486026548060932,0.44,0.1,0.32
YJR033C,1357,3.1325798476597373,0.42,0.08,0.26
YJR041C,1174,3.0696680969115957,0.38,0.16,0.26
YJR043C,350,2.5440680443502757,0.44,0.18,0.26
YJR046W,604,2.7810369386211318,0.46,0.16,0.38
YJR053W,574,2.7589118923979736,0.4,0.06,0.22
YJR054W,497,2.696356388733332,0.48,0.16,0.32
YJR059W,818,2.912753303671323,0.3,0.16,0.24
YJR065C,449,2.6522463410033232,0.46,0.06,0.28
YJR069C,197,2.294466226161593,0.36,0.08,0.32
YJR070C,325,2.5118833609788744,0.38,0.16,0.28
YJR072C,385,2.5854607295085006,0.48,0.12,0.32
YJR075W,396,2.597695185925512,0.52,0.18,0.38
YJR082C,113,2.05307844348342,0.22,0.16,0.16
YJR084W,423,2.6263403673750423,0.32,0.2,0.22
YJR088C,292,2.4653828514484184,0.38,0.12,0.26
YJR092W,1447,3.1604685311190375,0.3,0.1,0.18
YJR102C,202,2.305351369446624,0.42,0.12,0.22
YJR112W,201,2.303196057420489,0.38,0.16,0.28
YJR113C,247,2.392696953259666,0.46,0.16,0.3
YJR117W,453,2.656098202012832,0.48,0.12,0.28
YJR119C,728,2.862131379313037,0.5,0.12,0.26
YJR125C,408,2.61066016308988,0.36,0.12,0.22
YJR130C,639,2.8055008581584002,0.4,0.08,0.24
YJR135C,239,2.3783979009481375,0.34,0.16,0.28
YJR137C,1442,3.15896526038341,0.36,0.1,0.26
YJR138W,1584,3.1997551772534747,0.3,0.2,0.22
YJR140C,1648,3.216957207361097,0.34,0.1,0.24
YJR148W,376,2.575187844927661,0.42,0.16,0.24
YJR150C,298,2.4742162640762553,0.56,0.06,0.52
YOR321W,753,2.8767949762007006,0.34,0.14,0.24
YLR220W,322,2.507855871695831,0.32,0.12,0.28
YNL025C,323,2.509202522331103,0.36,0.16,0.2
YDR308C,140,2.146128035678238,0.36,0.12,0.24
YMR246W,694,2.841359470454855,0.42,0.12,0.3
YLR136C,285,2.45484486000851,0.28,0.08,0.18
YPR026W,1211,3.0831441431430524,0.28,0.18,0.16
YNL096C,190,2.278753600952829,0.44,0.12,0.34
YNL087W,1178,3.0711452904510828,0.34,0.14,0.24
YNL086W,102,2.0086001717619175,0.44,0.06,0.38
YGR145W,707,2.8494194137968996,0.36,0.18,0.3
YGR149W,432,2.635483746814912,0.34,0.14,0.28
YGR150C,864,2.936513742478893,0.4,0.18,0.18
YGR158C,250,2.3979400086720375,0.36,0.18,0.22
YDR376W,493,2.69284691927723,0.44,0.16,0.3
YGR097W,1146,3.059184617631371,0.32,0.08,0.14
YGR187C,394,2.595496221825574,0.46,0.12,0.3
YGR072W,387,2.5877109650189114,0.18,0.28,0.14
YPL085W,2195,3.34143452457814,0.3,0.26,0.2
YOR085W,350,2.5440680443502757,0.54,0.14,0.34
YDL141W,690,2.838849090737255,0.44,0.1,0.28
YMR276W,373,2.571708831808688,0.44,0.14,0.34
YMR275C,976,2.9894498176666917,0.3,0.2,0.14
YNL305C,297,2.4727564493172123,0.4,0.08,0.18
YNL304W,417,2.6201360549737576,0.46,0.1,0.26
YNL299W,642,2.807535028068853,0.22,0.36,0.08
YNL297C,1636,3.2137832993353044,0.32,0.22,0.22
YNL293W,633,2.801403710017355,0.32,0.2,0.16
YNL292W,403,2.6053050461411096,0.36,0.18,0.24
YDL182W,428,2.6314437690131722,0.44,0.1,0.28
YOR368W,401,2.603144372620182,0.46,0.12,0.34
YPL084W,844,2.926342446625655,0.3,0.22,0.18
YDR508C,663,2.821513528404773,0.24,0.18,0.12
YHR039C-A,114,2.0569048513364727,0.32,0.26,0.3
YGR119C,541,2.7331972651065692,0.26,0.02,0.04
YML110C,307,2.4871383754771865,0.4,0.16,0.3
YDR331W,411,2.6138418218760693,0.6,0.08,0.42
YMR189W,1034,3.0145205387579237,0.36,0.16,0.32
YLR185W,88,1.9444826721501687,0.2,0.28,0.08
YNL131W,152,2.1818435879447726,0.34,0.06,0.26
YDR234W,693,2.8407332346118066,0.36,0.18,0.26
YML022W,187,2.271841606536499,0.54,0.12,0.32
YPR124W,406,2.6085260335771943,0.44,0.04,0.18
YDR012W,362,2.558708570533166,0.5,0.14,0.34
YDR192C,430,2.6334684555795866,0.38,0.04,0.16
YGL092W,1317,3.119585774961784,0.34,0.04,0.14
YGR091W,494,2.693726948923647,0.3,0.08,0.18
YGR180C,345,2.537819095073274,0.42,0.24,0.22
YDR305C,206,2.3138672203691533,0.52,0.14,0.36
YMR288W,971,2.9872192299080047,0.32,0.14,0.24
YMR078C,741,2.8698182079793284,0.38,0.04,0.28
YML014W,279,2.4456042032735974,0.42,0.16,0.24
YMR268C,444,2.6473829701146196,0.38,0.22,0.28
YGR227W,525,2.720159303405957,0.5,0.06,0.42
YGR217W,2039,3.30941722577814,0.36,0.1,0.18
YGR221C,622,2.7937903846908188,0.4,0.18,0.3
YGR223C,448,2.651278013998144,0.4,0.18,0.22
YGR231C,310,2.4913616938342726,0.38,0.14,0.24
YGR235C,233,2.367355921026019,0.42,0.16,0.3
YGR239C,288,2.459392487759231,0.34,0.2,0.26
YML056C,524,2.7193312869837265,0.4,0.12,0.3
YLR432W,523,2.718501688867274,0.46,0.12,0.34
YMR304W,1230,3.089905111439398,0.42,0.02,0.22
YMR223W,471,2.673020907128896,0.34,0.2,0.22
YMR005W,388,2.5888317255942073,0.38,0.14,0.18
YDR156W,137,2.1367205671564067,0.38,0.12,0.26
YDR245W,393,2.5943925503754266,0.32,0.2,0.2
YML017W,593,2.7730546933642626,0.28,0.04,0.2
YMR060C,327,2.514547752660286,0.5,0.12,0.38
YMR273C,915,2.9614210940664485,0.32,0.22,0.28
YOR058C,885,2.9469432706978256,0.36,0.1,0.2
YDL064W,157,2.1958996524092336,0.36,0.24,0.18
YOL143C,169,2.2278867046136734,0.48,0.18,0.4
YNL261W,479,2.680335513414563,0.34,0.08,0.24
YOL148C,604,2.7810369386211318,0.56,0.04,0.24
YNL106C,1183,3.0729847446279304,0.4,0.2,0.32
YNL100W,234,2.369215857410143,0.42,0.1,0.28
YNL097C,330,2.5185139398778875,0.48,0.1,0.32
YDR500C,88,1.9444826721501687,0.2,0.3,0.08
YGL251C,1187,3.074450718954591,0.26,0.24,0.1
YGL210W,222,2.346352974450639,0.32,0.08,0.22
YDR328C,194,2.287801729930226,0.32,0.12,0.26
YDR390C,636,2.803457115648414,0.42,0.14,0.34
YDR092W,153,2.184691430817599,0.4,0.12,0.24
YLR200W,114,2.0569048513364727,0.34,0.1,0.26
YML103C,1655,3.2187979981117376,0.48,0.1,0.32
YER087C-B,82,1.9138138523837167,0.3,0.16,0.2
YER019C-A,88,1.9444826721501687,0.32,0.18,0.24
YDL116W,726,2.8609366207000937,0.38,0.12,0.2
YLR089C,592,2.77232170672292,0.36,0.18,0.24
YLR153C,683,2.8344207036815328,0.32,0.18,0.2
YPR173C,437,2.640481436970422,0.38,0.08,0.3
YGL091C,328,2.515873843711679,0.38,0.08,0.22
YNR074C,378,2.5774917998372255,0.5,0.08,0.42
YOR363C,996,2.998259338423699,0.26,0.26,0.14
YGL027C,833,2.9206450014067875,0.5,0.1,0.32
YGL094C,1115,3.0472748673841794,0.38,0.16,0.18
YGL100W,349,2.5428254269591797,0.32,0.16,0.2
YGL126W,380,2.57978359661681,0.54,0.1,0.42
YGL162W,299,2.4756711883244296,0.4,0.14,0.28
YGR170W,1138,3.0561422620590526,0.4,0.22,0.28
YGR099W,688,2.837588438235511,0.54,0.08,0.38
YGR172C,248,2.3944516808262164,0.32,0.0,0.16
YGL112C,516,2.7126497016272113,0.42,0.06,0.34
YGR123C,513,2.7101173651118162,0.38,0.18,0.28
YGR060W,309,2.4899584794248346,0.42,0.04,0.26
YGR289C,616,2.7895807121644256,0.3,0.18,0.22
YGR281W,1477,3.1693804953119495,0.32,0.08,0.26
YGR287C,589,2.7701152947871015,0.38,0.14,0.18
YGL249W,704,2.8475726591421124,0.34,0.22,0.3
YGL246C,387,2.5877109650189114,0.32,0.12,0.22
YGL244W,558,2.7466341989375787,0.32,0.14,0.3
YGL241W,1004,3.0017337128090005,0.44,0.1,0.38
YGL240W,250,2.3979400086720375,0.48,0.16,0.38
YGL227W,958,2.9813655090785445,0.46,0.14,0.3
YGL223C,417,2.6201360549737576,0.38,0.14,0.28
YGL220W,120,2.0791812460476247,0.3,0.26,0.18
YGL219C,459,2.6618126855372615,0.4,0.2,0.24
YGL216W,805,2.9057958803678687,0.48,0.1,0.32
YGL211W,359,2.5550944485783194,0.42,0.22,0.26
YGL202W,500,2.6989700043360187,0.44,0.12,0.22
YGL201C,1017,3.0073209529227447,0.36,0.06,0.12
YGL198W,235,2.3710678622717363,0.36,0.04,0.24
YGL194C,452,2.655138434811382,0.34,0.2,0.12
YGL183C,219,2.3404441148401185,0.36,0.2,0.2
YGL180W,897,2.952792443044092,0.26,0.2,0.2
YGL160W,570,2.7558748556724915,0.48,0.18,0.38
YGL153W,341,2.5327543789924976,0.44,0.2,0.34
YGL151W,1132,3.0538464268522527,0.34,0.1,0.2
YGL150C,1489,3.1728946977521764,0.38,0.22,0.32
YGL141W,910,2.9590413923210934,0.24,0.32,0.2
YGL133W,1264,3.1017470739463664,0.48,0.14,0.24
YGL131C,1403,3.1470576710283598,0.32,0.18,0.22
YGL124C,644,2.808885867359812,0.36,0.12,0.22
YGL120C,767,2.884795363948981,0.4,0.16,0.22
YGL113W,668,2.824776462475546,0.42,0.18,0.34
YGL110C,624,2.795184589682424,0.54,0.14,0.38
YGL107C,646,2.8102325179950842,0.46,0.16,0.34
YGL106W,149,2.173186268412274,0.4,0.12,0.32
YGL099W,640,2.806179973983887,0.38,0.3,0.2
YGL098W,245,2.3891660843645326,0.32,0.16,0.24
YGL093W,917,2.962369335670021,0.32,0.18,0.2
YGL090W,421,2.6242820958356683,0.36,0.06,0.28
YGL087C,137,2.1367205671564067,0.36,0.14,0.18
YGL084C,560,2.7481880270062002,0.44,0.14,0.26
YGL080W,130,2.113943352306837,0.48,0.16,0.3
YGL075C,387,2.5877109650189114,0.44,0.1,0.28
YGL068W,194,2.287801729930226,0.44,0.18,0.28
YGL067W,384,2.584331224367531,0.46,0.14,0.28
YGL066W,657,2.8175653695597807,0.32,0.14,0.18
YGL064C,561,2.7489628612561616,0.46,0.16,0.24
YGL061C,247,2.392696953259666,0.3,0.08,0.18
YGL059W,491,2.6910814921229687,0.4,0.14,0.22
YGL054C,138,2.1398790864012365,0.58,0.06,0.44
YGL051W,234,2.369215857410143,0.44,0.12,0.3
YGL047W,202,2.305351369446624,0.5,0.08,0.34
YGL037C,216,2.334453751150931,0.48,0.12,0.32
YGL023C,635,2.8027737252919755,0.24,0.2,0.16
YGL020C,235,2.3710678622717363,0.48,0.24,0.32
YGL018C,184,2.2648178230095364,0.4,0.24,0.2
YGL005C,279,2.4456042032735974,0.48,0.02,0.34
YGL004C,417,2.6201360549737576,0.36,0.14,0.3
YGL003C,566,2.7528164311882715,0.32,0.16,0.14
YGL001C,349,2.5428254269591797,0.48,0.14,0.3
YGR002C,476,2.677606952720493,0.4,0.12,0.24
YGR010W,395,2.59659709562646,0.52,0.08,0.2
YGR013W,620,2.792391689498254,0.42,0.16,0.28
YGR015C,328,2.515873843711679,0.48,0.2,0.36
YGR030C,158,2.1986570869544226,0.32,0.08,0.26
YGR031W,342,2.534026106056135,0.42,0.14,0.34
YGR036C,239,2.3783979009481375,0.58,0.02,0.36
YGR038W,222,2.346352974450639,0.28,0.18,0.18
YGR041W,547,2.737987326333431,0.34,0.16,0.22
YGR046W,385,2.5854607295085006,0.38,0.14,0.28
YGR056W,928,2.967547976218862,0.44,0.12,0.28
YGR058W,335,2.525044807036845,0.32,0.22,0.2
YGR080W,332,2.5211380837040362,0.44,0.08,0.38
YGR081C,210,2.322219294733919,0.36,0.18,0.24
YGR086C,339,2.530199698203082,0.4,0.18,0.18
YGR090W,1237,3.0923696996291206,0.2,0.2,0.18
YGR093W,507,2.705007959333336,0.42,0.14,0.32
YGR095C,223,2.3483048630481607,0.44,0.08,0.34
YGR101W,346,2.5390760987927767,0.44,0.12,0.28
YGR103W,605,2.781755374652469,0.36,0.32,0.24
YGR106C,265,2.423245873936808,0.38,0.06,0.24
YGR110W,445,2.6483600109809315,0.38,0.2,0.24
YGR113W,343,2.5352941200427703,0.28,0.14,0.18
YGR120C,262,2.4183012913197457,0.38,0.08,0.26
YGR128C,713,2.8530895298518657,0.44,0.04,0.3
YGR129W,215,2.3324384599156054,0.34,0.28,0.26
YGR136W,241,2.3820170425748683,0.38,0.14,0.26
YGR142W,410,2.6127838567197355,0.42,0.16,0.2
YGR163W,341,2.5327543789924976,0.42,0.12,0.28
YGR165W,345,2.537819095073274,0.32,0.28,0.14
YGR169C,404,2.606381365110605,0.44,0.22,0.32
YGR177C,535,2.7283537820212285,0.36,0.16,0.24
YGR178C,722,2.858537197569639,0.18,0.14,0.04
YGR179C,406,2.6085260335771943,0.36,0.08,0.26
YGR181W,105,2.0211892990699383,0.46,0.08,0.36
YGR189C,507,2.705007959333336,0.44,0.04,0.36
YGR211W,486,2.6866362692622934,0.4,0.1,0.3
YGR241C,568,2.754348335711019,0.42,0.18,0.32
YGR243W,146,2.164352855784437,0.52,0.16,0.26
YGR247W,239,2.3783979009481375,0.54,0.04,0.3
YGR251W,196,2.292256071356476,0.32,0.14,0.26
YGR255C,479,2.680335513414563,0.54,0.14,0.4
YGR260W,534,2.7275412570285567,0.32,0.14,0.16
YGR262C,261,2.416640507338281,0.42,0.12,0.28
YGR263C,424,2.6273658565927325,0.38,0.12,0.32
YGR271W,1967,3.2938043599193367,0.34,0.12,0.18
YGR275W,157,2.1958996524092336,0.3,0.1,0.14
YGR276C,553,2.7427251313046983,0.28,0.26,0.22
YGR278W,577,2.7611758131557314,0.4,0.12,0.26
YGR279C,386,2.586587304671755,0.48,0.14,0.44
YGR280C,271,2.432969290874406,0.4,0.16,0.16
YLR212C,473,2.6748611407378116,0.32,0.1,0.24
YDR144C,596,2.7752462597402365,0.48,0.08,0.32
YML060W,376,2.575187844927661,0.36,0.14,0.24
YNL070W,60,1.7781512503836436,0.48,0.14,0.28
YNL222W,206,2.3138672203691533,0.32,0.14,0.22
YNL126W,846,2.9273703630390235,0.5,0.06,0.38
YNL012W,631,2.8000293592441343,0.52,0.16,0.36
YNL118C,970,2.9867717342662448,0.48,0.12,0.34
YPL127C,258,2.41161970596323,0.22,0.32,0.16
YNL139C,1597,3.203304916138483,0.46,0.1,0.32
YOR142W,329,2.5171958979499744,0.36,0.24,0.24
YNL036W,221,2.3443922736851106,0.42,0.08,0.26
YNL066W,420,2.6232492903979003,0.42,0.12,0.38
YNL251C,575,2.7596678446896306,0.38,0.14,0.3
YDL145C,1201,3.079543007402906,0.48,0.2,0.26
YNR023W,566,2.7528164311882715,0.32,0.24,0.16
YOL115W,584,2.7664128471123997,0.3,0.32,0.24
YNL044W,176,2.24551266781415,0.4,0.14,0.22
YOL068C,503,2.7015679850559273,0.42,0.16,0.28
YPL015C,357,2.552668216112193,0.44,0.12,0.26
YOR025W,447,2.6503075231319366,0.4,0.12,0.28
YDR191W,370,2.568201724066995,0.38,0.28,0.2
YLR216C,371,2.569373909615046,0.42,0.16,0.24
YNR015W,384,2.584331224367531,0.56,0.16,0.42
YNR018W,224,2.3502480183341627,0.48,0.2,0.34
YNR020C,227,2.3560258571931225,0.24,0.2,0.12
YNR024W,186,2.2695129442179165,0.3,0.12,0.14
YNR035C,342,2.534026106056135,0.4,0.12,0.3
YNR036C,153,2.184691430817599,0.38,0.18,0.18
YNR038W,629,2.798650645445269,0.44,0.08,0.26
YNR046W,135,2.130333768495006,0.38,0.08,0.22
YNR047W,893,2.9508514588885464,0.2,0.3,0.12
YNR048W,393,2.5943925503754266,0.42,0.22,0.26
YNR053C,486,2.6866362692622934,0.2,0.3,0.12
YNR054C,316,2.499687082618404,0.24,0.16,0.16
YNR060W,719,2.8567288903828825,0.48,0.16,0.32
YNR067C,1117,3.0480531731156093,0.48,0.0,0.38
YLR323C,259,2.413299764081252,0.26,0.24,0.18
YNL288W,373,2.571708831808688,0.4,0.02,0.12
YNL283C,503,2.7015679850559273,0.46,0.16,0.38
YNL282W,195,2.290034611362518,0.44,0.2,0.26
YNL275W,576,2.7604224834232123,0.2,0.14,0.18
YNL274C,350,2.5440680443502757,0.42,0.16,0.28
YNL273W,1238,3.0927206446840994,0.46,0.06,0.34
YNL265C,298,2.4742162640762553,0.44,0.2,0.32
YNL264C,350,2.5440680443502757,0.44,0.18,0.24
YNL263C,314,2.496929648073215,0.34,0.08,0.16
YNL260C,162,2.2095150145426308,0.32,0.06,0.2
YNL258C,754,2.8773713458697743,0.4,0.14,0.32
YNL256W,824,2.9159272116971158,0.44,0.16,0.26
YNL246W,264,2.4216039268698313,0.36,0.18,0.26
YNL242W,1592,3.20194306340165,0.48,0.1,0.34
YNL232W,292,2.4653828514484184,0.38,0.08,0.2
YNL231C,351,2.5453071164658243,0.42,0.22,0.22
YNL227C,590,2.7708520116421442,0.36,0.2,0.28
YNL225C,581,2.7641761323903307,0.46,0.1,0.22
YNL224C,767,2.884795363948981,0.2,0.38,0.12
YNL223W,494,2.693726948923647,0.42,0.12,0.26
YNL219C,555,2.7442929831226763,0.5,0.08,0.34
YNL191W,357,2.552668216112193,0.42,0.24,0.24
YNL190W,204,2.3096301674258988,0.32,0.14,0.26
YNL186W,792,2.8987251815894934,0.4,0.08,0.28
YNL182C,555,2.7442929831226763,0.34,0.08,0.26
YNL180C,331,2.519827993775719,0.4,0.06,0.28
YNL172W,1748,3.2425414282983844,0.28,0.12,0.16
YNL166C,448,2.651278013998144,0.38,0.1,0.3
YNL163C,1110,3.0453229787866576,0.36,0.16,0.3
YNL159C,289,2.4608978427565478,0.24,0.18,0.1
YNL158W,198,2.296665190261531,0.5,0.18,0.28
YNL155W,274,2.437750562820388,0.32,0.2,0.18
YNL152W,409,2.611723308007342,0.42,0.16,0.32
YNL148C,254,2.404833716619938,0.4,0.2,0.3
YNL147W,115,2.060697840353612,0.32,0.3,0.22
YNL141W,347,2.5403294747908736,0.5,0.14,0.32
YNL136W,425,2.6283889300503116,0.52,0.2,0.3
YNL132W,1056,3.0236639181977933,0.46,0.2,0.34
YNL124W,492,2.6919651027673606,0.36,0.1,0.26
YNL123W,997,2.998695158311656,0.24,0.18,0.22
YNL119W,493,2.69284691927723,0.34,0.22,0.14
YNL116W,522,2.717670503002262,0.34,0.04,0.16
YNL110C,220,2.342422680822206,0.2,0.14,0.14
YNL107W,226,2.3541084391474008,0.48,0.2,0.28
YNL094W,587,2.7686381012476144,0.28,0.12,0.14
YNL091W,1240,3.093421685162235,0.24,0.24,0.08
YNL078W,407,2.60959440922522,0.3,0.02,0.14
YNL077W,528,2.722633922533812,0.28,0.2,0.22
YNL075W,290,2.462397997898956,0.34,0.24,0.28
YNL072W,307,2.4871383754771865,0.52,0.04,0.28
YNL065W,586,2.767897616018091,0.22,0.16,0.12
YNL059C,755,2.8779469516291885,0.46,0.1,0.26
YNL054W,1165,3.0663259253620376,0.42,0.08,0.3
YNL051W,403,2.6053050461411096,0.44,0.08,0.28
YNL049C,876,2.9425041061680806,0.4,0.12,0.28
YNL048W,548,2.738780558484369,0.46,0.12,0.3
YNL047C,656,2.8169038393756605,0.3,0.14,0.18
YNL041C,839,2.9237619608287004,0.46,0.06,0.26
YNL032W,281,2.44870631990508,0.32,0.14,0.28
YNL027W,678,2.8312296938670634,0.2,0.1,0.08
YNL026W,484,2.6848453616444123,0.42,0.06,0.28
YNL022C,490,2.690196080028514,0.38,0.22,0.28
YNL021W,706,2.8488047010518036,0.34,0.22,0.22
YNL020C,638,2.8048206787211623,0.38,0.06,0.26
YNL014W,1044,3.0187004986662433,0.36,0.08,0.26
YNL010W,241,2.3820170425748683,0.36,0.14,0.24
YNL008C,676,2.829946695941636,0.38,0.14,0.24
YMR039C,292,2.4653828514484184,0.22,0.16,0.14
YPL053C,446,2.649334858712142,0.56,0.16,0.36
YMR119W,624,2.795184589682424,0.42,0.02,0.28
YLR028C,591,2.7715874808812555,0.44,0.12,0.36
YPL061W,500,2.6989700043360187,0.4,0.12,0.2
YMR121C,204,2.3096301674258988,0.36,0.32,0.26
YMR015C,538,2.7307822756663893,0.44,0.12,0.34
YML086C,526,2.7209857441537393,0.46,0.16,0.3
YML065W,914,2.9609461957338317,0.28,0.24,0.24
YMR070W,490,2.690196080028514,0.14,0.18,0.12
YML097C,451,2.6541765418779604,0.32,0.18,0.18
YLL004W,616,2.7895807121644256,0.34,0.18,0.2
YPR162C,529,2.7234556720351857,0.36,0.18,0.26
YML012W,211,2.3242824552976926,0.56,0.04,0.46
YDL245C,567,2.7535830588929064,0.38,0.06,0.22
YDR058C,326,2.513217600067939,0.48,0.16,0.3
YDL190C,961,2.9827233876685453,0.38,0.04,0.3
YLL001W,757,2.8790958795000727,0.46,0.04,0.38
YOL156W,567,2.7535830588929064,0.34,0.06,0.24
YOR008C,378,2.5774917998372255,0.38,0.08,0.26
YPR182W,86,1.9344984512435677,0.38,0.14,0.22
YLR438C-A,89,1.9493900066449128,0.44,0.12,0.38
YFL039C,375,2.574031267727719,0.48,0.12,0.3
Q0130,76,1.8808135922807914,0.6,0.06,0.48
YNL031C,136,2.1335389083702174,0.34,0.32,0.24
YPL096C-A,68,1.8325089127062364,0.56,0.08,0.36
YKR035W-A,204,2.3096301674258988,0.28,0.2,0.22
YBR233W-A,94,1.9731278535996988,0.3,0.16,0.24
YDR320C-A,72,1.8573324964312685,0.44,0.12,0.38
YKL138C-A,69,1.8388490907372552,0.28,0.16,0.24
YNL220W,433,2.6364878963533656,0.4,0.12,0.36
YJL081C,489,2.6893088591236203,0.38,0.02,0.28
YLR191W,386,2.586587304671755,0.32,0.08,0.14
YPR133W-A,50,1.6989700043360187,0.46,0.18,0.28
YDR322C-A,96,1.9822712330395684,0.4,0.18,0.3
YML081C-A,59,1.7708520116421442,0.54,0.14,0.28
YHR005C-A,93,1.9684829485539352,0.36,0.08,0.24
YOL145C,1077,3.0322157032979815,0.48,0.06,0.3
YDL022W,391,2.5921767573958667,0.4,0.16,0.32
YIL118W,231,2.3636119798921444,0.42,0.1,0.26
YKR055W,291,2.4638929889859074,0.36,0.1,0.18
YJR058C,147,2.167317334748176,0.42,0.2,0.3
YDR150W,2748,3.439016728387513,0.22,0.16,0.18
YLR430W,2231,3.348499570283838,0.3,0.08,0.22
YIL143C,843,2.9258275746247424,0.26,0.08,0.1
YML121W,310,2.4913616938342726,0.32,0.22,0.22
YFR028C,551,2.741151598851785,0.4,0.1,0.26
YKL148C,640,2.806179973983887,0.34,0.18,0.3
YBR126C,495,2.694605198933569,0.34,0.06,0.28
YPL259C,475,2.676693609624867,0.48,0.12,0.32
YDR028C,1014,3.0060379549973173,0.24,0.14,0.16
YIL061C,300,2.4771212547196626,0.38,0.16,0.2
YDR463W,519,2.715167357848458,0.44,0.18,0.28
YNR016C,2233,3.348888723071438,0.34,0.12,0.18
YNL248C,415,2.618048096712093,0.34,0.18,0.2
YGL130W,459,2.6618126855372615,0.52,0.1,0.28
YGL129C,450,2.6532125137753435,0.34,0.22,0.2
YER069W,863,2.9360107957152097,0.5,0.18,0.32
YAL043C,785,2.8948696567452528,0.46,0.14,0.3
YJL095W,1478,3.1696744340588068,0.28,0.24,0.16
YBR215W,625,2.7958800173440754,0.2,0.14,0.16
YPR135W,927,2.967079734144497,0.42,0.1,0.3
YLR038C,83,1.919078092376074,0.34,0.16,0.16
YNL239W,483,2.683947130751512,0.42,0.18,0.28
YDR432W,414,2.617000341120899,0.44,0.04,0.24
YAL054C,713,2.8530895298518657,0.34,0.18,0.26
YDR077W,338,2.5289167002776547,0.32,0.02,0.28
YLR026C,340,2.5314789170422554,0.18,0.22,0.1
YMR198W,594,2.7737864449811935,0.36,0.24,0.18
YLR244C,387,2.5877109650189114,0.3,0.1,0.2
YNL199C,534,2.7275412570285567,0.38,0.08,0.28
YIL022W,431,2.6344772701607315,0.3,0.18,0.2
YOL040C,142,2.1522883443830567,0.42,0.26,0.28
YDR039C,1091,3.037824750588342,0.3,0.1,0.24
YOR334W,470,2.6720978579357175,0.4,0.18,0.26
YGL048C,405,2.6074550232146687,0.34,0.18,0.28
YKR080W,320,2.505149978319906,0.42,0.12,0.3
YNL167C,647,2.8109042806687006,0.38,0.12,0.18
YMR022W,165,2.2174839442139063,0.46,0.12,0.28
YGL172W,472,2.673941998634088,0.32,0.02,0.16
YKR003W,448,2.651278013998144,0.2,0.18,0.14
YKR007W,184,2.2648178230095364,0.24,0.14,0.2
YKR008W,625,2.7958800173440754,0.38,0.24,0.22
YKR009C,900,2.9542425094393248,0.42,0.12,0.36
YGR074W,146,2.164352855784437,0.46,0.12,0.32
YML073C,176,2.24551266781415,0.5,0.24,0.36
YDR448W,434,2.637489729512511,0.28,0.16,0.16
YDR449C,440,2.6434526764861874,0.32,0.2,0.2
YKR095W,1875,3.2730012720637376,0.34,0.12,0.22
YPL128C,562,2.749736315569061,0.44,0.08,0.34
YMR072W,183,2.2624510897304293,0.36,0.2,0.24
YOR148C,185,2.2671717284030137,0.3,0.28,0.2
YMR240C,436,2.639486489268586,0.28,0.28,0.24
YLR288C,474,2.6757783416740852,0.42,0.18,0.34
YPL014W,381,2.5809249756756194,0.34,0.22,0.22
YKL068W,959,2.9818186071706636,0.24,0.02,0.06
YMR047C,1113,3.0464951643347082,0.32,0.02,0.14
YPL037C,157,2.1958996524092336,0.32,0.24,0.28
YDR424C,92,1.9637878273455553,0.34,0.18,0.3
YPL024W,241,2.3820170425748683,0.46,0.04,0.32
YPL019C,835,2.921686475483602,0.36,0.18,0.24
YPL018W,369,2.56702636615906,0.26,0.1,0.22
YPL017C,499,2.6981005456233897,0.48,0.02,0.36
YPL065W,242,2.383815365980431,0.38,0.12,0.3
YML091C,1202,3.079904467666721,0.34,0.18,0.22
YDL212W,210,2.322219294733919,0.48,0.04,0.22
YDR088C,382,2.582063362911709,0.22,0.24,0.12
YPL063W,476,2.677606952720493,0.4,0.16,0.34
YPL059W,150,2.1760912590556813,0.54,0.16,0.34
YPL058C,1511,3.1792644643390253,0.24,0.12,0.22
YOR048C,1006,3.0025979807199086,0.5,0.08,0.3
YGL213C,397,2.598790506763115,0.4,0.1,0.3
YOR047C,444,2.6473829701146196,0.38,0.16,0.18
YMR149W,286,2.456366033129043,0.54,0.12,0.38
YPL055C,332,2.5211380837040362,0.14,0.2,0.08
YPL051W,198,2.296665190261531,0.4,0.18,0.3
YOR018W,837,2.92272545799326,0.48,0.1,0.34
YNL189W,542,2.733999286538387,0.22,0.28,0.12
YPL101W,456,2.6589648426644352,0.34,0.2,0.18
YPL100W,496,2.6954816764901977,0.32,0.14,0.2
YPL099C,182,2.2600713879850747,0.38,0.26,0.3
YPL096W,363,2.5599066250361124,0.44,0.18,0.3
YPL093W,647,2.8109042806687006,0.5,0.2,0.32
YPL087W,317,2.5010592622177517,0.5,0.02,0.24
YPL086C,557,2.745855195173729,0.32,0.2,0.24
YPL126W,896,2.9523080096621253,0.36,0.1,0.28
YPL123C,434,2.637489729512511,0.42,0.08,0.26
YPL122C,513,2.7101173651118162,0.5,0.1,0.32
YPL120W,557,2.745855195173729,0.4,0.08,0.34
YPL118W,344,2.53655844257153,0.38,0.2,0.26
YPL116W,697,2.8432327780980096,0.5,0.12,0.34
YPL110C,1223,3.0874264570362855,0.3,0.24,0.18
YPL141C,865,2.9370161074648142,0.22,0.16,0.1
YPL139C,460,2.6627578316815743,0.38,0.16,0.24
YPL138C,353,2.5477747053878224,0.34,0.12,0.12
YGR098C,1630,3.2121876044039577,0.36,0.12,0.22
YPL135W,165,2.2174839442139063,0.54,0.22,0.36
YDR539W,503,2.7015679850559273,0.48,0.14,0.34
YLL050C,143,2.155336037465062,0.4,0.14,0.3
YPL049C,452,2.655138434811382,0.32,0.1,0.26
YPL047W,99,1.99563519459755,0.36,0.08,0.3
YPL046C,99,1.99563519459755,0.4,0.16,0.24
YPL038W,177,2.247973266361807,0.5,0.14,0.38
YIL009C-A,181,2.2576785748691846,0.42,0.16,0.26
YML130C,563,2.7505083948513462,0.36,0.12,0.26
YML127W,581,2.7641761323903307,0.46,0.04,0.28
YDR043C,231,2.3636119798921444,0.44,0.04,0.24
YMR100W,620,2.792391689498254,0.34,0.12,0.28
YKL164C,341,2.5327543789924976,0.46,0.08,0.34
YKL163W,325,2.5118833609788744,0.48,0.08,0.34
YDR091C,608,2.783903579272735,0.36,0.24,0.26
YMR172W,719,2.8567288903828825,0.5,0.1,0.26
YMR178W,274,2.437750562820388,0.42,0.1,0.34
YMR278W,622,2.7937903846908188,0.4,0.18,0.24
YDR457W,3268,3.514282047860378,0.4,0.18,0.28
YDR460W,321,2.5065050324048723,0.36,0.14,0.2
YDR465C,412,2.6148972160331345,0.44,0.14,0.28
YPL045W,798,2.9020028913507296,0.46,0.14,0.28
YDR468C,224,2.3502480183341627,0.26,0.12,0.2
YDR469W,175,2.2430380486862944,0.28,0.1,0.12
YGR252W,439,2.6424645202421213,0.26,0.16,0.2
YDR472W,283,2.45178643552429,0.32,0.08,0.2
YDR473C,469,2.6711728427150834,0.26,0.22,0.1
YDR480W,323,2.509202522331103,0.34,0.1,0.22
YDR482C,135,2.130333768495006,0.22,0.22,0.18
YDR485C,795,2.9003671286564705,0.26,0.18,0.22
YDR486C,229,2.359835482339888,0.3,0.1,0.22
YDR489W,294,2.4683473304121573,0.3,0.1,0.28
YML041C,280,2.4471580313422194,0.32,0.22,0.22
YML039W,1755,3.244277120801843,0.26,0.16,0.22
YDL002C,203,2.307496037913213,0.38,0.24,0.36
YDR205W,724,2.859738566197147,0.52,0.08,0.44
YDL020C,531,2.725094521081469,0.32,0.14,0.22
YDR206W,884,2.946452265013073,0.42,0.1,0.28
YDR210W-B,1770,3.247973266361807,0.34,0.12,0.22
YMR259C,1420,3.1522883443830567,0.42,0.12,0.3
YHL007C,939,2.972665592266111,0.3,0.08,0.2
YPR051W,176,2.24551266781415,0.46,0.1,0.32
YMR272C,384,2.584331224367531,0.26,0.16,0.16
YMR290C,505,2.7032913781186614,0.26,0.14,0.16
YMR291W,586,2.767897616018091,0.32,0.1,0.18
YMR292W,138,2.1398790864012365,0.68,0.04,0.4
YMR293C,464,2.666517980554881,0.32,0.16,0.2
YHR179W,400,2.6020599913279625,0.52,0.18,0.28
YMR298W,150,2.1760912590556813,0.52,0.14,0.32
YER138C,1755,3.244277120801843,0.28,0.14,0.22
YER160C,1755,3.244277120801843,0.3,0.14,0.24
YML077W,159,2.2013971243204513,0.38,0.1,0.22
YML076C,944,2.974971994298069,0.36,0.12,0.3
YML072C,1545,3.1889284837608534,0.32,0.22,0.18
YMR213W,590,2.7708520116421442,0.44,0.16,0.32
YMR215W,524,2.7193312869837265,0.54,0.1,0.38
YMR218C,1102,3.042181594515766,0.46,0.1,0.24
YMR006C,706,2.8488047010518036,0.4,0.04,0.32
YMR009W,179,2.2528530309798933,0.36,0.14,0.32
YMR010W,405,2.6074550232146687,0.46,0.06,0.3
YMR012W,1277,3.1061908972634154,0.24,0.28,0.18
YMR200W,256,2.4082399653118496,0.34,0.12,0.18
YKL011C,353,2.5477747053878224,0.34,0.14,0.3
YML036W,181,2.2576785748691846,0.52,0.12,0.34
YML030W,159,2.2013971243204513,0.46,0.12,0.3
YML029W,838,2.9232440186302764,0.42,0.12,0.32
YML019W,332,2.5211380837040362,0.44,0.12,0.34
YML114C,510,2.7075701760979363,0.4,0.1,0.32
YML111W,920,2.963787827345555,0.26,0.2,0.14
YDR145W,539,2.7315887651867388,0.38,0.06,0.26
YDR153C,411,2.6138418218760693,0.42,0.14,0.3
YDR160W,852,2.9304395947667,0.28,0.1,0.18
YDR161W,387,2.5877109650189114,0.46,0.18,0.38
YDR165W,444,2.6473829701146196,0.44,0.14,0.26
YDR235W,544,2.73559889969818,0.42,0.14,0.3
YDR236C,218,2.338456493604605,0.58,0.06,0.32
YDR240C,492,2.6919651027673606,0.26,0.26,0.12
YDR246W,219,2.3404441148401185,0.44,0.08,0.38
YDR247W,461,2.663700925389648,0.4,0.12,0.32
YMR153W,475,2.676693609624867,0.28,0.12,0.2
YMR159C,150,2.1760912590556813,0.3,0.2,0.2
YMR164C,758,2.8796692056320534,0.32,0.1,0.2
YDR096W,894,2.951337518795918,0.56,0.1,0.28
YDR097C,1242,3.0941215958405612,0.34,0.2,0.14
YDR098C-B,1755,3.244277120801843,0.3,0.14,0.24
YDR101C,593,2.7730546933642626,0.4,0.12,0.38
YDR104C,1245,3.095169351431755,0.44,0.12,0.28
YDR128W,1148,3.059941888061955,0.4,0.08,0.28
YDR130C,291,2.4638929889859074,0.34,0.2,0.18
YDR140W,221,2.3443922736851106,0.42,0.14,0.28
YDR141C,1698,3.229937685907934,0.4,0.16,0.28
YDR190C,463,2.6655809910179533,0.38,0.14,0.32
YDR196C,241,2.3820170425748683,0.42,0.16,0.36
YDR200C,604,2.7810369386211318,0.32,0.24,0.1
YDR201W,165,2.2174839442139063,0.44,0.1,0.36
YKL139W,528,2.722633922533812,0.26,0.2,0.08
YDR174W,246,2.3909351071033793,0.38,0.1,0.3
YDR175C,319,2.503790683057181,0.42,0.16,0.28
YDR179C,162,2.2095150145426308,0.38,0.14,0.2
YDR180W,1493,3.1740598077250253,0.54,0.12,0.36
YDR181C,481,2.682145076373832,0.32,0.18,0.2
YMR241W,314,2.496929648073215,0.5,0.06,0.38
YDR412W,235,2.3710678622717363,0.26,0.28,0.18
YDR416W,859,2.9339931638312424,0.38,0.12,0.26
YDR419W,632,2.800717078282385,0.44,0.12,0.26
YDR425W,625,2.7958800173440754,0.32,0.08,0.2
YDR429C,274,2.437750562820388,0.38,0.2,0.34
YDR434W,534,2.7275412570285567,0.52,0.1,0.34
YDR437W,140,2.146128035678238,0.52,0.04,0.32
YDR439W,347,2.5403294747908736,0.32,0.14,0.26
YDR440W,582,2.7649229846498886,0.24,0.08,0.12
YDR446W,302,2.4800069429571505,0.28,0.22,0.14
YDR452W,674,2.82865989653532,0.54,0.16,0.38
YDR453C,196,2.292256071356476,0.56,0.12,0.36
YDR456W,633,2.801403710017355,0.52,0.08,0.36
YDR386W,632,2.800717078282385,0.38,0.12,0.28
YDR395W,944,2.974971994298069,0.46,0.06,0.32
YDR398W,643,2.808210972924222,0.38,0.06,0.26
YDR399W,221,2.3443922736851106,0.44,0.14,0.32
YDR400W,340,2.5314789170422554,0.5,0.06,0.3
YDR407C,1289,3.110252917353403,0.44,0.18,0.28
YDR409W,904,2.9561684304753633,0.36,0.1,0.24
YML102W,468,2.670245853074124,0.34,0.16,0.22
YMR044W,475,2.676693609624867,0.54,0.14,0.34
YMR045C,1755,3.244277120801843,0.28,0.1,0.22
YMR128W,1267,3.1027766148834415,0.28,0.28,0.16
YML015C,346,2.5390760987927767,0.44,0.06,0.26
YML013W,584,2.7664128471123997,0.42,0.14,0.24
YML005W,462,2.6646419755561257,0.4,0.14,0.28
YMR076C,1277,3.1061908972634154,0.4,0.12,0.34
YMR077C,221,2.3443922736851106,0.32,0.3,0.28
YMR093W,513,2.7101173651118162,0.38,0.16,0.22
YDR045C,110,2.041392685158225,0.38,0.12,0.22
YDR049W,632,2.800717078282385,0.34,0.14,0.24
YMR192W,720,2.8573324964312685,0.28,0.18,0.18
YMR197C,217,2.3364597338485296,0.36,0.1,0.26
YMR017W,397,2.598790506763115,0.28,0.34,0.2
YMR018W,514,2.710963118995276,0.34,0.12,0.24
YMR026C,399,2.6009728956867484,0.38,0.04,0.22
YDR496C,656,2.8169038393756605,0.28,0.26,0.22
YDR499W,747,2.873320601815399,0.4,0.08,0.24
YDR503C,274,2.437750562820388,0.46,0.1,0.3
YDR511W,133,2.123851640967086,0.44,0.22,0.3
YDR516C,500,2.6989700043360187,0.44,0.08,0.36
YDR517W,372,2.5705429398818973,0.48,0.06,0.32
YDR531W,367,2.5646660642520893,0.4,0.08,0.26
YDR532C,385,2.5854607295085006,0.36,0.08,0.34
YDR533C,237,2.374748346010104,0.48,0.12,0.3
YMR106C,629,2.798650645445269,0.34,0.14,0.2
YMR109W,1219,3.0860037056183818,0.36,0.28,0.3
YMR110C,532,2.7259116322950483,0.34,0.2,0.2
YMR111C,462,2.6646419755561257,0.22,0.16,0.14
YMR115W,501,2.699837725867246,0.42,0.24,0.26
YMR117C,213,2.3283796034387376,0.38,0.18,0.28
YLR208W,297,2.4727564493172123,0.4,0.16,0.36
YML093W,899,2.9537596917332287,0.26,0.28,0.22
YDR118W,652,2.81424759573192,0.58,0.12,0.42
YDR121W,196,2.292256071356476,0.38,0.12,0.22
YDR126W,336,2.526339277389844,0.6,0.1,0.32
YML071C,607,2.7831886910752575,0.36,0.08,0.28
YML069W,552,2.741939077729199,0.4,0.14,0.24
YML067C,352,2.546542663478131,0.4,0.12,0.22
YMR048W,317,2.5010592622177517,0.42,0.1,0.26
YMR049C,807,2.90687353472207,0.3,0.14,0.24
YMR050C,1755,3.244277120801843,0.3,0.14,0.24
YLR005W,461,2.663700925389648,0.24,0.22,0.18
YML049C,1361,3.133858125203335,0.36,0.22,0.22
YML047C,352,2.546542663478131,0.46,0.1,0.3
YML045W,1755,3.244277120801843,0.3,0.12,0.24
YML043C,507,2.705007959333336,0.32,0.22,0.18
YMR062C,441,2.6444385894678386,0.36,0.16,0.26
YER027C,417,2.6201360549737576,0.34,0.06,0.24
YMR065W,504,2.7024305364455254,0.46,0.1,0.32
YMR068W,426,2.629409599102719,0.42,0.18,0.34
YMR075W,684,2.835056101720116,0.16,0.24,0.08
YMR247C,1562,3.1936810295412816,0.38,0.06,0.26
YMR255W,188,2.27415784926368,0.24,0.24,0.1
YMR258C,553,2.7427251313046983,0.5,0.12,0.34
YMR312W,273,2.436162647040756,0.48,0.08,0.28
YMR318C,360,2.5563025007672873,0.34,0.18,0.18
YDR218C,423,2.6263403673750423,0.32,0.24,0.22
YDR221W,702,2.846337112129805,0.48,0.12,0.3
YDR223W,467,2.6693168805661123,0.34,0.16,0.2
YDR231C,205,2.311753861055754,0.32,0.14,0.14
YDR233C,295,2.469822015978163,0.38,0.12,0.3
YMR305C,389,2.5899496013257077,0.46,0.16,0.38
YML059C,1679,3.225050696138049,0.18,0.06,0.1
YML058W,104,2.0170333392987803,0.42,0.08,0.2
YML055W,178,2.250420002308894,0.5,0.08,0.4
YMR226C,267,2.4265112613645754,0.46,0.18,0.42
YMR227C,590,2.7708520116421442,0.4,0.32,0.26
YMR229C,1729,3.2377949932739227,0.34,0.16,0.2
YMR236W,157,2.1958996524092336,0.32,0.12,0.26
YMR237W,724,2.859738566197147,0.42,0.12,0.3
YMR238W,458,2.660865478003869,0.5,0.08,0.34
YMR029C,523,2.718501688867274,0.4,0.2,0.26
YMR031C,843,2.9258275746247424,0.24,0.24,0.2
YMR032W,669,2.8254261177678233,0.36,0.12,0.22
YMR033W,467,2.6693168805661123,0.4,0.08,0.24
YOL155C,967,2.9854264740830017,0.38,0.04,0.32
YDL088C,528,2.722633922533812,0.32,0.04,0.1
YAR002C-A,219,2.3404441148401185,0.44,0.12,0.32
YDR334W,1514,3.180125875164054,0.34,0.22,0.24
YDR339C,189,2.2764618041732443,0.28,0.3,0.2
YDR346C,481,2.682145076373832,0.38,0.18,0.22
YDR284C,289,2.4608978427565478,0.54,0.1,0.32
YDR289C,409,2.611723308007342,0.42,0.12,0.22
YDR291W,1077,3.0322157032979815,0.4,0.2,0.2
YDR294C,589,2.7701152947871015,0.44,0.12,0.3
YDR265W,337,2.5276299008713385,0.46,0.16,0.32
YDR266C,639,2.8055008581584002,0.24,0.26,0.1
YDR267C,330,2.5185139398778875,0.42,0.16,0.32
YDR272W,274,2.437750562820388,0.4,0.14,0.24
YDR280W,305,2.484299839346786,0.38,0.16,0.26
YLR192C,265,2.423245873936808,0.42,0.06,0.2
YLR193C,175,2.2430380486862944,0.44,0.14,0.26
YLR194C,254,2.404833716619938,0.28,0.08,0.22
YLR206W,613,2.787460474518415,0.34,0.14,0.24
YLR207W,833,2.9206450014067875,0.58,0.12,0.44
YLR211C,226,2.3541084391474008,0.34,0.1,0.28
YLR215C,360,2.5563025007672873,0.42,0.14,0.24
YLR284C,280,2.4471580313422194,0.42,0.1,0.3
YLR298C,231,2.3636119798921444,0.24,0.28,0.22
YLR299W,660,2.8195439355418688,0.5,0.12,0.34
YLR360W,439,2.6424645202421213,0.44,0.22,0.26
YLR368W,598,2.776701183988411,0.46,0.16,0.32
YLR369W,657,2.8175653695597807,0.38,0.14,0.32
YLR370C,178,2.250420002308894,0.46,0.08,0.24
YLR373C,901,2.954724790979063,0.32,0.08,0.22
YLR222C,817,2.9122220565324155,0.44,0.08,0.36
YLR226W,395,2.59659709562646,0.46,0.08,0.22
YLR228C,814,2.910624404889201,0.16,0.28,0.12
YLR231C,453,2.656098202012832,0.38,0.1,0.2
YLR389C,1027,3.0115704435972783,0.48,0.12,0.3
YLR394W,482,2.6830470382388496,0.42,0.2,0.24
YLR401C,668,2.824776462475546,0.34,0.18,0.26
YLR404W,285,2.45484486000851,0.62,0.08,0.46
YLR409C,939,2.972665592266111,0.38,0.18,0.24
YPR105C,861,2.935003151453655,0.36,0.1,0.32
YPR107C,208,2.3180633349627615,0.4,0.16,0.12
YPR108W,429,2.6324572921847245,0.4,0.12,0.3
YPR112C,887,2.9479236198317262,0.38,0.24,0.3
YLR336C,899,2.9537596917332287,0.24,0.3,0.18
YLR343W,555,2.7442929831226763,0.44,0.12,0.3
YLR347C,861,2.935003151453655,0.42,0.06,0.32
YLR348C,298,2.4742162640762553,0.52,0.14,0.3
YLR350W,216,2.334453751150931,0.36,0.18,0.18
YLR260W,687,2.8369567370595505,0.32,0.3,0.2
YLR265C,342,2.534026106056135,0.48,0.08,0.34
YLR270W,350,2.5440680443502757,0.46,0.12,0.3
YLR272C,1176,3.0704073217401198,0.38,0.08,0.24
YLR312C,398,2.599883072073688,0.24,0.18,0.16
YLR313C,661,2.82020145948564,0.3,0.2,0.24
YLR315W,153,2.184691430817599,0.32,0.08,0.24
YLR318W,884,2.946452265013073,0.38,0.14,0.26
YLR320W,1454,3.162564406523019,0.4,0.04,0.28
YLR321C,426,2.629409599102719,0.36,0.16,0.24
YLR328W,401,2.603144372620182,0.58,0.08,0.28
YLR455W,304,2.482873583608754,0.48,0.18,0.28
YLR449W,392,2.593286067020457,0.54,0.08,0.28
YPR164W,1407,3.1482940974347455,0.34,0.22,0.22
YPR168W,157,2.1958996524092336,0.38,0.02,0.26
YLR275W,110,2.041392685158225,0.44,0.16,0.28
YLR276C,594,2.7737864449811935,0.42,0.12,0.3
YLR277C,779,2.8915374576725643,0.36,0.14,0.24
YLR181C,330,2.5185139398778875,0.48,0.08,0.42
YLR183C,489,2.6893088591236203,0.28,0.1,0.08
YLR186W,252,2.401400540781544,0.54,0.16,0.4
YLR189C,1198,3.0784568180532927,0.4,0.22,0.2
YLR190W,491,2.6910814921229687,0.38,0.1,0.18
YDR352W,317,2.5010592622177517,0.46,0.04,0.28
YDR357C,122,2.0863598306747484,0.3,0.1,0.24
YDR359C,982,2.99211148778695,0.32,0.16,0.22
YDR362C,672,2.8273692730538253,0.44,0.24,0.3
YDR363W,456,2.6589648426644352,0.24,0.06,0.1
YDR365C,628,2.797959643737196,0.3,0.3,0.18
YDR367W,221,2.3443922736851106,0.56,0.08,0.4
YDR370C,442,2.645422269349092,0.3,0.16,0.24
YDR372C,345,2.537819095073274,0.26,0.18,0.24
YDR373W,190,2.278753600952829,0.3,0.22,0.18
YDR378C,86,1.9344984512435677,0.4,0.08,0.32
YDR379W,1009,3.0038911662369108,0.28,0.16,0.2
YDR380W,635,2.8027737252919755,0.46,0.14,0.28
YLR422W,1932,3.2860071220794747,0.42,0.08,0.3
YLR423C,417,2.6201360549737576,0.42,0.16,0.34
YLR424W,708,2.850033257689769,0.18,0.14,0.06
YPR154W,215,2.3324384599156054,0.42,0.12,0.3
YLR357W,889,2.9489017609702137,0.36,0.12,0.2
YPR125W,454,2.6570558528571038,0.54,0.22,0.3
YPR128C,328,2.515873843711679,0.48,0.04,0.38
YPR131C,195,2.290034611362518,0.52,0.04,0.22
YPR133C,410,2.6127838567197355,0.24,0.08,0.14
YPR137W,573,2.75815462196739,0.24,0.14,0.16
YPR139C,300,2.4771212547196626,0.54,0.12,0.34
YPR140W,381,2.5809249756756194,0.44,0.14,0.26
YPR144C,552,2.741939077729199,0.42,0.14,0.38
YPR147C,304,2.482873583608754,0.44,0.12,0.28
YLR242C,321,2.5065050324048723,0.42,0.06,0.32
YLR246W,359,2.5550944485783194,0.28,0.16,0.2
YLR247C,1556,3.1920095926536702,0.46,0.06,0.36
YPR188C,163,2.2121876044039577,0.32,0.12,0.24
YPR194C,877,2.9429995933660407,0.28,0.12,0.22
YPR199C,294,2.4683473304121573,0.34,0.34,0.22
YPR201W,404,2.606381365110605,0.52,0.08,0.38
YPR171W,576,2.7604224834232123,0.32,0.18,0.2
YPR174C,221,2.3443922736851106,0.28,0.36,0.24
YPR179C,655,2.816241299991783,0.42,0.06,0.3
YPR184W,1536,3.1863912156954934,0.48,0.12,0.32
YPR185W,738,2.8680563618230415,0.4,0.06,0.26
YDR295C,674,2.82865989653532,0.44,0.18,0.34
YDR296W,226,2.3541084391474008,0.44,0.14,0.22
YDR299W,534,2.7275412570285567,0.3,0.1,0.22
YDR301W,1357,3.1325798476597373,0.4,0.12,0.34
YDR303C,885,2.9469432706978256,0.34,0.28,0.14
YDR309C,383,2.583198773968623,0.34,0.04,0.2
YDR313C,286,2.456366033129043,0.32,0.2,0.2
YLR431C,453,2.656098202012832,0.38,0.12,0.36
YLR435W,205,2.311753861055754,0.44,0.08,0.3
YDR318W,368,2.5658478186735176,0.32,0.18,0.26
YDR319C,274,2.437750562820388,0.46,0.12,0.36
YDR320C,668,2.824776462475546,0.36,0.12,0.24
YDR322W,367,2.5646660642520893,0.36,0.22,0.24
YDR324C,776,2.8898617212581885,0.42,0.22,0.28
YDR325W,1035,3.0149403497929366,0.38,0.18,0.3
YDR326C,1438,3.1577588860468637,0.26,0.36,0.12
YLR410W,1146,3.059184617631371,0.44,0.1,0.24
YLR417W,566,2.7528164311882715,0.32,0.18,0.22
YLR418C,393,2.5943925503754266,0.28,0.14,0.22
YLR308W,312,2.494154594018443,0.48,0.12,0.36
YLR309C,911,2.9595183769729982,0.36,0.16,0.24
YLR380W,408,2.61066016308988,0.42,0.16,0.24
YLR384C,1349,3.1300119496719043,0.3,0.18,0.2
YLR385C,132,2.12057393120585,0.48,0.12,0.4
YLR386W,880,2.9444826721501687,0.36,0.22,0.34
YPR075C,360,2.5563025007672873,0.28,0.04,0.22
YPR081C,618,2.790988475088816,0.4,0.1,0.2
YPR091C,770,2.886490725172482,0.52,0.14,0.42
YPR093C,288,2.459392487759231,0.34,0.16,0.22
YPR095C,1226,3.0884904701823963,0.26,0.18,0.18
YPL188W,414,2.617000341120899,0.4,0.22,0.24
YLR006C,712,2.8524799936368566,0.44,0.12,0.3
YDL043C,266,2.424881636631067,0.26,0.14,0.18
YDL060W,788,2.8965262174895554,0.24,0.34,0.18
YDL065C,342,2.534026106056135,0.26,0.08,0.18
YDL070W,638,2.8048206787211623,0.28,0.12,0.22
YDL074C,700,2.845098040014257,0.44,0.2,0.3
YDL077C,1049,3.020775488193558,0.38,0.18,0.32
YDL080C,609,2.784617292632875,0.42,0.12,0.28
YDL084W,446,2.649334858712142,0.28,0.04,0.26
YDL087C,261,2.416640507338281,0.34,0.24,0.2
YDL113C,640,2.806179973983887,0.3,0.14,0.2
YDL115C,353,2.5477747053878224,0.36,0.24,0.26
YDL117W,885,2.9469432706978256,0.42,0.14,0.24
YDL120W,174,2.2405492482826,0.42,0.24,0.3
YDL124W,312,2.494154594018443,0.42,0.08,0.28
YDL142C,283,2.45178643552429,0.48,0.18,0.3
YDL213C,225,2.3521825181113627,0.22,0.28,0.14
YDL219W,150,2.1760912590556813,0.48,0.16,0.42
YDL222C,309,2.4899584794248346,0.54,0.08,0.34
YDL225W,551,2.741151598851785,0.42,0.18,0.24
YDL235C,167,2.2227164711475833,0.44,0.04,0.28
YDL239C,790,2.8976270912904414,0.28,0.2,0.12
YDR261W-B,1770,3.247973266361807,0.38,0.12,0.26
YDR261C-D,1604,3.2052043639481447,0.28,0.14,0.22
YLL002W,436,2.639486489268586,0.42,0.12,0.28
YLL010C,427,2.630427875025024,0.18,0.18,0.14
YLL012W,573,2.75815462196739,0.52,0.16,0.42
YLL013C,879,2.9439888750737717,0.44,0.02,0.32
YLL027W,250,2.3979400086720375,0.38,0.18,0.2
YLL028W,586,2.767897616018091,0.24,0.12,0.12
YLL029W,749,2.8744818176994666,0.32,0.2,0.14
YLL031C,1017,3.0073209529227447,0.44,0.22,0.34
YLL035W,632,2.800717078282385,0.3,0.06,0.2
YLL040C,3144,3.4974825373673704,0.44,0.12,0.36
YLL042C,167,2.2227164711475833,0.4,0.14,0.28
YLR002C,663,2.821513528404773,0.28,0.22,0.18
YLR007W,336,2.526339277389844,0.46,0.1,0.4
YLR008C,168,2.225309281725863,0.32,0.02,0.22
YLR009W,199,2.298853076409707,0.32,0.32,0.12
YLR010C,160,2.204119982655925,0.42,0.18,0.32
YLR011W,191,2.2810333672477277,0.48,0.16,0.42
YLR016C,204,2.3096301674258988,0.32,0.22,0.16
YLR017W,337,2.5276299008713385,0.4,0.12,0.3
YLR020C,538,2.7307822756663893,0.46,0.16,0.32
YLR022C,250,2.3979400086720375,0.36,0.22,0.28
YLR024C,1872,3.2723058444020863,0.34,0.14,0.26
YLR033W,502,2.7007037171450192,0.44,0.12,0.3
YLR072W,693,2.8407332346118066,0.38,0.16,0.2
YLR074C,166,2.220108088040055,0.26,0.24,0.2
YLR103C,650,2.8129133566428557,0.42,0.1,0.32
YOL010W,367,2.5646660642520893,0.38,0.16,0.26
YOL011W,686,2.8363241157067516,0.54,0.06,0.38
YOL013C,551,2.741151598851785,0.5,0.1,0.36
YOL018C,397,2.598790506763115,0.38,0.14,0.14
YOL021C,1001,3.000434077479319,0.42,0.24,0.32
YOL027C,573,2.75815462196739,0.46,0.14,0.28
YOL030W,484,2.6848453616444123,0.42,0.08,0.3
YOL031C,421,2.6242820958356683,0.48,0.1,0.42
YOL034W,1093,3.038620161949703,0.36,0.22,0.24
YOL041C,459,2.6618126855372615,0.34,0.18,0.24
YOL043C,380,2.57978359661681,0.26,0.3,0.2
YOL044W,383,2.583198773968623,0.38,0.08,0.26
YOL045W,1101,3.041787318971752,0.4,0.08,0.24
YOL047C,356,2.5514499979728753,0.4,0.18,0.18
YOL070C,501,2.699837725867246,0.3,0.14,0.18
YOL071W,162,2.2095150145426308,0.36,0.16,0.22
YOL072W,455,2.6580113966571126,0.4,0.1,0.3
YOL077C,291,2.4638929889859074,0.28,0.28,0.22
YOL078W,1176,3.0704073217401198,0.42,0.14,0.28
YOL109W,113,2.05307844348342,0.3,0.12,0.26
YOL133W,121,2.0827853703164503,0.38,0.14,0.22
YOL135C,222,2.346352974450639,0.4,0.14,0.18
YOL138C,1341,3.127428777851599,0.32,0.14,0.16
YOL141W,695,2.8419848045901137,0.32,0.22,0.28
YOL142W,240,2.380211241711606,0.44,0.1,0.22
YOL144W,484,2.6848453616444123,0.38,0.16,0.2
YOR005C,944,2.974971994298069,0.44,0.12,0.24
YOR042W,411,2.6138418218760693,0.22,0.14,0.18
YOR049C,382,2.582063362911709,0.52,0.04,0.38
YOR056C,459,2.6618126855372615,0.38,0.1,0.28
YOR059C,450,2.6532125137753435,0.4,0.16,0.24
YOR064C,219,2.3404441148401185,0.38,0.12,0.24
YOR070C,637,2.8041394323353503,0.3,0.2,0.18
YOR073W,590,2.7708520116421442,0.3,0.2,0.18
YOR076C,747,2.873320601815399,0.28,0.24,0.26
YOR078W,214,2.330413773349191,0.28,0.14,0.24
YOR080W,732,2.864511081058392,0.38,0.12,0.3
YOR175C,619,2.791690649020118,0.5,0.14,0.38
YOR177C,464,2.666517980554881,0.3,0.1,0.1
YOR180C,271,2.432969290874406,0.52,0.14,0.36
YOR189W,116,2.0644579892269186,0.36,0.1,0.22
YOR191W,1619,3.2092468487533736,0.42,0.12,0.32
YOR195W,821,2.9143431571194407,0.28,0.08,0.12
YOR197W,432,2.635483746814912,0.18,0.04,0.04
YOR239W,628,2.797959643737196,0.3,0.14,0.22
YOR241W,548,2.738780558484369,0.42,0.28,0.22
YOR243C,676,2.829946695941636,0.4,0.16,0.32
YOR245C,418,2.621176281775035,0.24,0.22,0.14
YOR246C,330,2.5185139398778875,0.46,0.12,0.34
YOR249C,685,2.8356905714924254,0.5,0.1,0.34
YOR250C,445,2.6483600109809315,0.4,0.14,0.3
YOR251C,304,2.482873583608754,0.58,0.18,0.36
YOR253W,176,2.24551266781415,0.48,0.1,0.36
YOR258W,217,2.3364597338485296,0.4,0.14,0.24
YOR294W,203,2.307496037913213,0.42,0.12,0.32
YOR295W,228,2.357934847000454,0.44,0.12,0.36
YOR297C,192,2.2833012287035497,0.54,0.12,0.38
YOR299W,746,2.8727388274726686,0.42,0.12,0.28
YOR301W,435,2.6384892569546374,0.44,0.1,0.22
YOR304W,1120,3.0492180226701815,0.16,0.1,0.12
YOR352W,343,2.5352941200427703,0.38,0.04,0.28
YOR357C,162,2.2095150145426308,0.34,0.16,0.16
YOR359W,523,2.718501688867274,0.32,0.12,0.14
YOR367W,200,2.3010299956639813,0.42,0.16,0.3
YOR371C,897,2.952792443044092,0.34,0.2,0.24
YOR372C,554,2.74350976472843,0.3,0.08,0.14
YOR381W,711,2.851869600729766,0.5,0.06,0.36
YPL178W,208,2.3180633349627615,0.3,0.22,0.2
YPL180W,799,2.9025467793139916,0.3,0.26,0.2
YPL181W,506,2.7041505168397992,0.4,0.04,0.32
YPL183C,1013,3.0056094453602804,0.4,0.18,0.28
YPL184C,612,2.7867514221455614,0.28,0.0,0.08
YPL191C,360,2.5563025007672873,0.44,0.12,0.34
YPL192C,133,2.123851640967086,0.38,0.18,0.3
YPL194W,612,2.7867514221455614,0.4,0.08,0.28
YPL195W,932,2.9694159123539814,0.4,0.2,0.2
YPL200W,156,2.1931245983544616,0.46,0.12,0.32
YPL202C,416,2.6190933306267428,0.46,0.18,0.28
YPL206C,321,2.5065050324048723,0.48,0.12,0.36
YPL207W,810,2.90848501887865,0.48,0.04,0.4
YPL211W,181,2.2576785748691846,0.4,0.2,0.28
YPL213W,238,2.376576957056512,0.4,0.14,0.26
YPL217C,1183,3.0729847446279304,0.32,0.3,0.22
YPL221W,793,2.8992731873176036,0.5,0.06,0.38
YPL222W,688,2.837588438235511,0.42,0.16,0.36
YPL226W,1196,3.077731179652392,0.4,0.14,0.18
YPL273W,325,2.5118833609788744,0.5,0.12,0.32
YPL274W,587,2.7686381012476144,0.3,0.2,0.18
YPL280W,237,2.374748346010104,0.42,0.16,0.24
YNL045W,671,2.826722520168992,0.52,0.2,0.32
YPL236C,364,2.561101383649056,0.42,0.12,0.32
YPR056W,338,2.5289167002776547,0.4,0.14,0.26
YOL003C,378,2.5774917998372255,0.62,0.08,0.34
YDL201W,286,2.456366033129043,0.3,0.28,0.22
YOL092W,308,2.4885507165004443,0.48,0.06,0.34
YOR223W,292,2.4653828514484184,0.44,0.1,0.28
YOR281C,286,2.456366033129043,0.46,0.1,0.3
YDL132W,815,2.9111576087399764,0.38,0.1,0.22
YLR106C,4910,3.6910814921229687,0.46,0.08,0.32
YOR272W,460,2.6627578316815743,0.38,0.18,0.26
YPR029C,832,2.920123326290724,0.36,0.3,0.3
YDR167W,206,2.3138672203691533,0.28,0.1,0.14
YOR275C,661,2.82020145948564,0.48,0.1,0.36
YPR032W,1033,3.0141003215196207,0.26,0.24,0.16
YOL095C,706,2.8488047010518036,0.44,0.16,0.34
YDR253C,191,2.2810333672477277,0.44,0.16,0.36
YOR081C,749,2.8744818176994666,0.38,0.12,0.26
YPL253C,647,2.8109042806687006,0.3,0.18,0.14
YDL209C,339,2.530199698203082,0.4,0.12,0.2
YPL250C,136,2.1335389083702174,0.38,0.06,0.16
YPR045C,470,2.6720978579357175,0.3,0.06,0.12
YOR144C,791,2.8981764834976764,0.26,0.22,0.22
YPL069C,335,2.525044807036845,0.46,0.14,0.32
YPL157W,315,2.4983105537896004,0.36,0.34,0.26
YDL166C,197,2.294466226161593,0.28,0.16,0.16
YOR226C,156,2.1931245983544616,0.44,0.24,0.28
YPL254W,488,2.6884198220027105,0.46,0.06,0.24
YDL193W,375,2.574031267727719,0.38,0.22,0.16
YOL151W,342,2.534026106056135,0.44,0.12,0.32
YDR027C,889,2.9489017609702137,0.3,0.12,0.18
YPL146C,455,2.6580113966571126,0.26,0.26,0.16
YDL157C,118,2.0718820073061255,0.46,0.08,0.2
YPL164C,715,2.8543060418010806,0.42,0.14,0.38
YLR035C-A,1755,3.244277120801843,0.3,0.14,0.24
YPL166W,213,2.3283796034387376,0.38,0.14,0.18
YDL033C,417,2.6201360549737576,0.54,0.12,0.38
YOR006C,313,2.4955443375464483,0.28,0.32,0.08
YLR135W,748,2.8739015978644615,0.34,0.06,0.22
YDR021W,399,2.6009728956867484,0.32,0.18,0.18
YLR115W,859,2.9339931638312424,0.32,0.1,0.2
YOR228C,302,2.4800069429571505,0.44,0.18,0.2
YNL284C-B,1755,3.244277120801843,0.3,0.14,0.24
YOR192C-B,1770,3.247973266361807,0.36,0.08,0.22
YLR330W,671,2.826722520168992,0.52,0.1,0.42
YOR007C,346,2.5390760987927767,0.44,0.08,0.34
YOR173W,353,2.5477747053878224,0.44,0.16,0.34
YDL005C,431,2.6344772701607315,0.38,0.12,0.22
YLR110C,133,2.123851640967086,0.46,0.02,0.42
YDL153C,610,2.785329835010767,0.26,0.16,0.18
YGR027W-B,1755,3.244277120801843,0.26,0.16,0.22
YDL149W,997,2.998695158311656,0.34,0.1,0.16
YPL233W,216,2.334453751150931,0.3,0.22,0.24
YOL146W,194,2.287801729930226,0.42,0.08,0.24
YOR001W,733,2.8651039746411278,0.42,0.16,0.34
YLR087C,2958,3.4709981696608736,0.58,0.08,0.38
YDR213W,913,2.960470777534299,0.26,0.32,0.2
YDL100C,354,2.5490032620257876,0.38,0.12,0.26
YDR063W,149,2.173186268412274,0.32,0.2,0.24
YDL003W,566,2.7528164311882715,0.48,0.12,0.36
YDR381W,226,2.3541084391474008,0.28,0.22,0.22
YOL054W,406,2.6085260335771943,0.38,0.14,0.24
YLL023C,279,2.4456042032735974,0.52,0.12,0.32
YOR108W,604,2.7810369386211318,0.52,0.28,0.32
YLR144C,779,2.8915374576725643,0.42,0.14,0.14
YGR109W-A,290,2.462397997898956,0.46,0.12,0.2
YDR060W,1025,3.010723865391773,0.22,0.28,0.18
YPR062W,158,2.1986570869544226,0.36,0.12,0.26
YPR048W,623,2.7944880466591697,0.36,0.18,0.24
YPL252C,172,2.2355284469075487,0.42,0.18,0.3
YLR116W,476,2.677606952720493,0.34,0.24,0.18
YPR007C,680,2.832508912706236,0.32,0.12,0.24
YDL099W,341,2.5327543789924976,0.18,0.32,0.14
YBR012W-B,1756,3.244524511570084,0.3,0.14,0.24
YOR119C,484,2.6848453616444123,0.28,0.2,0.22
YLL058W,575,2.7596678446896306,0.48,0.06,0.26
YPL006W,1170,3.0681858617461617,0.52,0.08,0.3
YPR149W,173,2.2380461031287955,0.54,0.1,0.42
YLR132C,290,2.462397997898956,0.26,0.06,0.18
YPL212C,544,2.73559889969818,0.24,0.26,0.18
YPL198W,244,2.3873898263387296,0.4,0.24,0.36
YOR156C,726,2.8609366207000937,0.36,0.04,0.24
YLR129W,943,2.9745116927373285,0.44,0.04,0.32
YDL059C,238,2.376576957056512,0.4,0.08,0.26
YPL089C,676,2.829946695941636,0.44,0.24,0.38
YDL091C,455,2.6580113966571126,0.3,0.12,0.12
YPL004C,341,2.5327543789924976,0.44,0.18,0.22
YOL100W,1081,3.0338256939533106,0.36,0.2,0.18
YOR106W,283,2.45178643552429,0.28,0.12,0.16
YOR138C,671,2.826722520168992,0.5,0.06,0.34
YPL144W,148,2.1702617153949575,0.48,0.12,0.36
YOR171C,624,2.795184589682424,0.36,0.18,0.3
YDR016C,94,1.9731278535996988,0.36,0.06,0.28
YLR093C,253,2.403120521175818,0.38,0.1,0.24
YOR273C,659,2.81888541459401,0.24,0.1,0.16
YLR108C,485,2.6857417386022635,0.4,0.12,0.28
YPR046W,181,2.2576785748691846,0.34,0.22,0.3
YDR507C,1142,3.0576661039098294,0.42,0.1,0.34
YOL061W,496,2.6954816764901977,0.4,0.12,0.28
YLR086W,1418,3.151676230847048,0.32,0.12,0.2
YGR038C-B,1755,3.244277120801843,0.28,0.16,0.24
YOR109W,1107,3.044147620878723,0.5,0.18,0.38
YOL103W-B,1755,3.244277120801843,0.28,0.12,0.22
YOR093C,1648,3.216957207361097,0.36,0.16,0.22
YDL111C,265,2.423245873936808,0.42,0.12,0.24
YPL242C,1495,3.1746411926604483,0.34,0.08,0.2
YPR037C,196,2.292256071356476,0.52,0.14,0.4
YOL111C,212,2.3263358609287517,0.44,0.14,0.26
YLL009C,69,1.8388490907372552,0.2,0.2,0.08
YOL083W,412,2.6148972160331345,0.42,0.12,0.24
YPL011C,353,2.5477747053878224,0.52,0.1,0.38
YDL138W,763,2.8825245379548807,0.2,0.16,0.1
YLR121C,508,2.7058637122839193,0.44,0.18,0.32
YOR285W,139,2.143014800254095,0.4,0.14,0.24
YPL007C,588,2.7693773260761385,0.4,0.16,0.26
YLR117C,687,2.8369567370595505,0.32,0.2,0.28
YPR031W,748,2.8739015978644615,0.36,0.12,0.2
YDL207W,538,2.7307822756663893,0.36,0.06,0.12
YGR161C-D,1755,3.244277120801843,0.3,0.14,0.24
YOL112W,492,2.6919651027673606,0.34,0.0,0.22
YLR376C,242,2.383815365980431,0.4,0.12,0.3
YOR040W,285,2.45484486000851,0.46,0.16,0.28
YPR070W,566,2.7528164311882715,0.34,0.06,0.24
YOR087W,675,2.829303772831025,0.46,0.1,0.32
YDL217C,207,2.315970345456918,0.38,0.08,0.18
YOR159C,94,1.9731278535996988,0.52,0.12,0.28
YOL152W,620,2.792391689498254,0.4,0.16,0.3
YDL139C,223,2.3483048630481607,0.28,0.36,0.2
YOR004W,254,2.404833716619938,0.36,0.2,0.24
YPL001W,374,2.5728716022004803,0.4,0.08,0.24
YOR174W,284,2.4533183400470375,0.32,0.12,0.26
YPL249C,894,2.951337518795918,0.28,0.1,0.2
YLR052W,250,2.3979400086720375,0.36,0.24,0.22
YOL117W,645,2.809559714635268,0.18,0.04,0.08
YLR295C,124,2.093421685162235,0.48,0.16,0.36
YDR055W,444,2.6473829701146196,0.4,0.08,0.36
YDL035C,961,2.9827233876685453,0.44,0.08,0.28
YOL066C,591,2.7715874808812555,0.26,0.18,0.2
YOR230W,437,2.640481436970422,0.38,0.24,0.22
YPL255W,385,2.5854607295085006,0.26,0.16,0.12
YOL104C,352,2.546542663478131,0.4,0.1,0.3
YLL022C,385,2.5854607295085006,0.4,0.22,0.34
YPL149W,294,2.4683473304121573,0.52,0.12,0.34
YOR311C,290,2.462397997898956,0.36,0.14,0.28
YOL125W,476,2.677606952720493,0.3,0.22,0.16
YOR141C,881,2.944975908412048,0.3,0.0,0.22
YDL031W,995,2.9978230807457256,0.3,0.08,0.26
YLR080W,444,2.6473829701146196,0.4,0.18,0.26
YOL093W,293,2.4668676203541096,0.32,0.24,0.12
YPR028W,180,2.255272505103306,0.38,0.12,0.28
YOR288C,318,2.5024271199844326,0.46,0.12,0.3
YPR034W,477,2.678518379040114,0.38,0.14,0.26
YOL091W,609,2.784617292632875,0.18,0.1,0.12
YPL257W-B,1755,3.244277120801843,0.28,0.14,0.22
YOR110W,435,2.6384892569546374,0.44,0.12,0.3
YOR083W,295,2.469822015978163,0.24,0.16,0.12
YPL151C,451,2.6541765418779604,0.36,0.16,0.18
YOR308C,587,2.7686381012476144,0.32,0.16,0.22
YDR022C,196,2.292256071356476,0.28,0.12,0.16
YPR067W,185,2.2671717284030137,0.48,0.2,0.26
YLR143W,685,2.8356905714924254,0.4,0.12,0.24
YPR023C,401,2.603144372620182,0.44,0.12,0.24
YOR023C,566,2.7528164311882715,0.3,0.14,0.1
YDL010W,231,2.3636119798921444,0.5,0.1,0.36
YLR127C,853,2.9309490311675233,0.4,0.1,0.26
YDL204W,393,2.5943925503754266,0.32,0.12,0.22
YLR018C,299,2.4756711883244296,0.4,0.08,0.2
YDR214W,350,2.5440680443502757,0.4,0.2,0.28
YDL019C,1283,3.1082266563749283,0.44,0.16,0.32
YLR100W,347,2.5403294747908736,0.44,0.12,0.38
YDR026C,570,2.7558748556724915,0.28,0.28,0.22
YDR368W,312,2.494154594018443,0.44,0.14,0.34
YLR197W,504,2.7024305364455254,0.46,0.1,0.32
YPL152W,358,2.5538830266438746,0.4,0.18,0.22
YOL147C,236,2.3729120029701067,0.48,0.16,0.38
YOL124C,433,2.6364878963533656,0.46,0.1,0.32
YPL235W,471,2.673020907128896,0.38,0.08,0.28
YLR084C,1220,3.0863598306747484,0.52,0.08,0.38
YOR086C,1186,3.074084689028244,0.34,0.18,0.24
YDL216C,440,2.6434526764861874,0.36,0.16,0.24
YDR034C-D,1770,3.247973266361807,0.36,0.08,0.24
YLL051C,712,2.8524799936368566,0.48,0.18,0.34
YDL175C,344,2.53655844257153,0.44,0.1,0.26
YOR287C,300,2.4771212547196626,0.28,0.12,0.2
YPL002C,233,2.367355921026019,0.4,0.2,0.28
YDR013W,208,2.3180633349627615,0.36,0.2,0.3
YBL005W-B,1755,3.244277120801843,0.3,0.1,0.22
YBL100W-B,1770,3.247973266361807,0.34,0.12,0.24
YDR017C,1050,3.0211892990699383,0.28,0.22,0.22
YPR018W,606,2.782472624166286,0.32,0.2,0.2
YOR310C,511,2.708420900134713,0.42,0.16,0.34
YOR343W-B,1770,3.247973266361807,0.36,0.12,0.22
YOR322C,818,2.912753303671323,0.32,0.1,0.2
YDR255C,421,2.6242820958356683,0.3,0.22,0.2
YLR085C,438,2.6414741105040997,0.4,0.18,0.24
YDL156W,522,2.717670503002262,0.38,0.28,0.3
YOR090C,572,2.7573960287930244,0.28,0.22,0.22
YDL110C,150,2.1760912590556813,0.38,0.14,0.28
YPR072W,560,2.7481880270062002,0.26,0.22,0.18
YOL149W,231,2.3636119798921444,0.44,0.16,0.3
YDL161W,454,2.6570558528571038,0.32,0.16,0.28
YPR016C,245,2.3891660843645326,0.42,0.06,0.3
YLR151C,340,2.5314789170422554,0.48,0.2,0.3
YPR049C,1178,3.0711452904510828,0.42,0.04,0.28
YLR145W,201,2.303196057420489,0.34,0.18,0.24
YPL009C,1038,3.016197353512439,0.42,0.18,0.34
YMR162C,1656,3.219060332448861,0.22,0.2,0.14
YDR093W,1612,3.2073650374690716,0.36,0.08,0.14
YDR038C,1091,3.037824750588342,0.3,0.1,0.24
YOL012C,134,2.1271047983648077,0.26,0.28,0.2
YOR291W,1472,3.16790781000148,0.32,0.12,0.2
YPR030W,1121,3.049605612594973,0.38,0.12,0.3
YLR440C,709,2.8506462351830666,0.44,0.14,0.34
YML125C,312,2.494154594018443,0.56,0.06,0.4
YLR381W,733,2.8651039746411278,0.44,0.1,0.36
YLR383W,1114,3.04688519083771,0.3,0.16,0.18
YPL012W,1228,3.089198366805149,0.44,0.14,0.4
YLL018C-A,98,1.9912260756924949,0.36,0.1,0.16
YJL136C,87,1.9395192526186185,0.38,0.16,0.32
YGR085C,174,2.2405492482826,0.38,0.16,0.3
YGR169C-A,92,1.9637878273455553,0.32,0.26,0.24
YGR027C,108,2.03342375548695,0.4,0.3,0.3
YAL044W-A,110,2.041392685158225,0.36,0.22,0.2
YBL059C-A,109,2.037426497940624,0.34,0.22,0.24
YJL062W-A,85,1.9294189257142929,0.44,0.14,0.24
YCL005W-A,73,1.863322860120456,0.7,0.04,0.42
YDR079C-A,72,1.8573324964312685,0.52,0.14,0.42
YOR167C,67,1.8260748027008264,0.38,0.2,0.3
YKR095W-A,88,1.9444826721501687,0.38,0.16,0.24
YBL071W-A,82,1.9138138523837167,0.38,0.04,0.14
YMR244C-A,104,2.0170333392987803,0.36,0.16,0.16
YHR072W-A,58,1.7634279935629373,0.32,0.26,0.2
YBR111W-A,96,1.9822712330395684,0.36,0.12,0.28
YIL082W-A,1498,3.175511813363448,0.46,0.12,0.2
YGL226C-A,86,1.9344984512435677,0.48,0.12,0.32
YDR397C,146,2.164352855784437,0.48,0.08,0.34
YOL009C,271,2.432969290874406,0.38,0.12,0.28
YOR069W,675,2.829303772831025,0.28,0.08,0.22
YOR142W-B,1755,3.244277120801843,0.3,0.14,0.24
YCL057C-A,97,1.9867717342662448,0.36,0.1,0.22
YLR119W,213,2.3283796034387376,0.4,0.28,0.3
YOL062C,491,2.6910814921229687,0.46,0.14,0.36
YDL015C,310,2.4913616938342726,0.32,0.28,0.26
YDL148C,810,2.90848501887865,0.28,0.3,0.26
YOR111W,232,2.3654879848909,0.44,0.1,0.28
YOR145C,274,2.437750562820388,0.34,0.06,0.28
YIL082W,290,2.462397997898956,0.46,0.12,0.2
YDR057W,542,2.733999286538387,0.54,0.06,0.44
YOR129C,893,2.9508514588885464,0.38,0.16,0.22
YDR210C-D,1755,3.244277120801843,0.3,0.14,0.24
YPL169C,599,2.7774268223893115,0.44,0.12,0.28
YDR487C,208,2.3180633349627615,0.46,0.12,0.3
YLR262C,215,2.3324384599156054,0.34,0.16,0.22
YLR138W,985,2.9934362304976116,0.52,0.08,0.42
YMR112C,115,2.060697840353612,0.38,0.1,0.22
YOR165W,776,2.8898617212581885,0.36,0.12,0.26
YPL158C,758,2.8796692056320534,0.4,0.2,0.22
YOR213C,248,2.3944516808262164,0.44,0.14,0.28
YGR109W-B,1547,3.1894903136993675,0.46,0.12,0.2
YOR163W,188,2.27415784926368,0.38,0.16,0.28
YOR152C,256,2.4082399653118496,0.58,0.04,0.42
YNL054W-B,1749,3.2427898094786767,0.3,0.14,0.24
YDL232W,36,1.5563025007672873,0.5277777777777778,0.05555555555555555,0.3611111111111111
YOL123W,534,2.7275412570285567,0.26,0.08,0.2
YDL128W,411,2.6138418218760693,0.58,0.12,0.4
YOR115C,268,2.428134794028789,0.32,0.08,0.18
YLR316C,322,2.507855871695831,0.42,0.2,0.3
YCR020W-B,78,1.8920946026904804,0.34,0.1,0.26
Q0115,517,2.7134905430939424,0.52,0.04,0.34
Q0070,630,2.7993405494535817,0.56,0.08,0.4
YNL083W,494,2.693726948923647,0.34,0.18,0.26
YLR437C,133,2.123851640967086,0.32,0.14,0.2
YPL183W-A,93,1.9684829485539352,0.64,0.12,0.38
YOR304C-A,76,1.8808135922807914,0.36,0.08,0.28
YEL039C,113,2.05307844348342,0.3,0.22,0.16
YIL111W,151,2.1789769472931693,0.4,0.16,0.28
YHR051W,148,2.1702617153949575,0.38,0.22,0.26
YHR008C,233,2.367355921026019,0.44,0.14,0.32
Q0080,48,1.6812412373755872,0.6666666666666666,0.0625,0.375
YDL130W-A,86,1.9344984512435677,0.38,0.18,0.24
Q0140,398,2.599883072073688,0.46,0.16,0.3
R0040C,296,2.4712917110589387,0.46,0.14,0.34
Q0160,235,2.3710678622717363,0.4,0.16,0.32
YCL018W,364,2.561101383649056,0.5,0.16,0.4
YJL189W,51,1.7075701760979363,0.36,0.34,0.2
YIL078W,734,2.8656960599160706,0.32,0.18,0.22
YDR268W,379,2.578639209968072,0.44,0.16,0.3
YML099C,880,2.9444826721501687,0.24,0.28,0.1
YBR021W,633,2.801403710017355,0.28,0.12,0.18
YPL078C,244,2.3873898263387296,0.42,0.16,0.24
YGL147C,191,2.2810333672477277,0.38,0.18,0.3
YLR344W,127,2.103803720955957,0.44,0.22,0.34
YFR032C-A,59,1.7708520116421442,0.26,0.4,0.16
YLR061W,121,2.0827853703164503,0.42,0.14,0.3
YAL039C,269,2.429752280002408,0.36,0.06,0.14
YGR191W,603,2.780317312140151,0.42,0.12,0.2
YKL178C,470,2.6720978579357175,0.64,0.08,0.5
YBR120C,162,2.2095150145426308,0.44,0.24,0.34
YIR021W,363,2.5599066250361124,0.42,0.22,0.26
YHR037W,575,2.7596678446896306,0.44,0.26,0.26
YGR094W,1104,3.0429690733931802,0.38,0.22,0.2
YNL277W,486,2.6866362692622934,0.44,0.12,0.36
YLR142W,476,2.677606952720493,0.48,0.14,0.34
YBL076C,1072,3.0301947853567515,0.44,0.12,0.18
YDR298C,212,2.3263358609287517,0.54,0.12,0.38
YNL138W-A,85,1.9294189257142929,0.26,0.2,0.22
YJL190C,130,2.113943352306837,0.44,0.18,0.34
YHR010W,136,2.1335389083702174,0.48,0.26,0.36
YDL075W,113,2.05307844348342,0.4,0.32,0.3
YLR406C,113,2.05307844348342,0.4,0.32,0.3
YLL052C,149,2.173186268412274,0.34,0.16,0.2
YDL247W,609,2.784617292632875,0.32,0.2,0.2
YJR160C,602,2.7795964912578244,0.32,0.2,0.2
YKR103W,1218,3.0856472882968564,0.48,0.14,0.26
YIL172C,589,2.7701152947871015,0.38,0.14,0.2
YJR094W-A,92,1.9637878273455553,0.24,0.32,0.2
YLR287C-A,63,1.7993405494535817,0.38,0.32,0.28
YOR182C,63,1.7993405494535817,0.38,0.32,0.28
YBL072C,200,2.3010299956639813,0.28,0.38,0.2
YER102W,200,2.3010299956639813,0.28,0.38,0.2
YDL083C,143,2.155336037465062,0.48,0.18,0.36
YDL184C,25,1.3979400086720377,0.24,0.68,0.16
YDL133C-A,25,1.3979400086720377,0.24,0.68,0.16
YER153C,254,2.404833716619938,0.44,0.14,0.38
YJL133W,314,2.496929648073215,0.52,0.08,0.32
YGR222W,293,2.4668676203541096,0.32,0.2,0.3
YDL044C,440,2.6434526764861874,0.3,0.24,0.26
YJL129C,1235,3.0916669575956846,0.46,0.26,0.22
YML021C,359,2.5550944485783194,0.34,0.22,0.14
YML116W,542,2.733999286538387,0.3,0.08,0.22
YLR081W,574,2.7589118923979736,0.32,0.08,0.24
YFL036W,1351,3.130655349022031,0.4,0.16,0.28
YGL205W,748,2.8739015978644615,0.36,0.2,0.24
YOL108C,151,2.1789769472931693,0.3,0.28,0.26
YKL138C,131,2.1172712956557644,0.44,0.22,0.26
YDL069C,229,2.359835482339888,0.42,0.2,0.34
YJL151C,133,2.123851640967086,0.48,0.2,0.3
YPL104W,658,2.8182258936139557,0.4,0.24,0.3
YJR152W,543,2.734799829588847,0.4,0.06,0.34
YOR348C,627,2.7972675408307164,0.3,0.12,0.22
YGR008C,84,1.9242792860618816,0.2,0.22,0.06
YDR389W,654,2.815577748324267,0.38,0.14,0.16
YCR075C,260,2.414973347970818,0.5,0.06,0.32
YBL040C,219,2.3404441148401185,0.46,0.14,0.36
YER040W,730,2.863322860120456,0.2,0.12,0.14
YLR393W,279,2.4456042032735974,0.48,0.18,0.22
YOL140W,423,2.6263403673750423,0.3,0.18,0.2
YBR003W,473,2.6748611407378116,0.5,0.2,0.36
YBR140C,3092,3.4902394852462875,0.44,0.12,0.26
YOL081W,3079,3.4884096889031984,0.34,0.2,0.22
YMR286W,86,1.9344984512435677,0.46,0.2,0.38
YPL271W,62,1.792391689498254,0.4,0.12,0.34
YIR023W,970,2.9867717342662448,0.26,0.1,0.16
YOR336W,1365,3.1351326513767748,0.58,0.08,0.48
YKR099W,811,2.909020854211156,0.24,0.22,0.14
YER142C,296,2.4712917110589387,0.42,0.24,0.32
YJL180C,325,2.5118833609788744,0.38,0.14,0.24
YMR282C,580,2.7634279935629373,0.4,0.22,0.26
YJL063C,238,2.376576957056512,0.4,0.26,0.36
YKR085C,195,2.290034611362518,0.3,0.22,0.18
YGR171C,575,2.7596678446896306,0.4,0.22,0.26
YHL021C,465,2.667452952889954,0.36,0.18,0.3
YML063W,255,2.406540180433955,0.36,0.3,0.22
YGR076C,157,2.1958996524092336,0.44,0.16,0.2
YKR052C,304,2.482873583608754,0.52,0.1,0.36
YKR053C,404,2.606381365110605,0.44,0.12,0.26
YHR014W,291,2.4638929889859074,0.4,0.3,0.24
YJR077C,311,2.4927603890268375,0.5,0.08,0.34
YGR148C,155,2.1903316981702914,0.38,0.24,0.22
YMR220W,451,2.6541765418779604,0.5,0.12,0.38
YOL023W,676,2.829946695941636,0.42,0.26,0.28
YLR069C,761,2.8813846567705728,0.42,0.2,0.16
YOR201C,412,2.6148972160331345,0.36,0.24,0.2
YCR036W,333,2.5224442335063197,0.4,0.12,0.3
YCR069W,318,2.5024271199844326,0.44,0.16,0.32
YCR063W,157,2.1958996524092336,0.38,0.24,0.22
YGL010W,174,2.2405492482826,0.44,0.18,0.28
YCR024C,492,2.6919651027673606,0.42,0.22,0.28
YCR032W,2167,3.335858911319818,0.5,0.12,0.44
YCR067C,1065,3.0273496077747564,0.4,0.06,0.26
YCL028W,405,2.6074550232146687,0.38,0.1,0.3
YCR011C,1049,3.020775488193558,0.34,0.16,0.24
YCL064C,360,2.5563025007672873,0.46,0.14,0.26
YCR045C,491,2.6910814921229687,0.44,0.12,0.28
YCL001W,188,2.27415784926368,0.38,0.14,0.24
YCL037C,434,2.637489729512511,0.5,0.06,0.3
YCL004W,521,2.7168377232995247,0.44,0.16,0.26
YCL052C,416,2.6190933306267428,0.36,0.18,0.28
YCL069W,458,2.660865478003869,0.56,0.06,0.44
YCL073C,615,2.788875115775417,0.26,0.16,0.16
YCR028C,512,2.709269960975831,0.44,0.2,0.32
YCR044C,357,2.552668216112193,0.42,0.08,0.3
YCR046C,169,2.2278867046136734,0.48,0.16,0.3
YCR048W,610,2.785329835010767,0.34,0.16,0.24
YCR082W,128,2.1072099696478683,0.36,0.18,0.28
YKR034W,269,2.429752280002408,0.38,0.12,0.24
YPL160W,1090,3.037426497940624,0.42,0.12,0.3
YJL139C,428,2.6314437690131722,0.48,0.14,0.32
YDR123C,304,2.482873583608754,0.38,0.04,0.24
YMR267W,310,2.4913616938342726,0.34,0.22,0.26
YKR050W,889,2.9489017609702137,0.46,0.26,0.28
YER044C-A,408,2.61066016308988,0.38,0.18,0.26
YML105C,273,2.436162647040756,0.48,0.1,0.28
YOL103W,609,2.784617292632875,0.24,0.2,0.12
YGL143C,413,2.615950051656401,0.4,0.14,0.22
YGR220C,269,2.429752280002408,0.48,0.12,0.32
YAL018C,325,2.5118833609788744,0.4,0.14,0.26
YAL022C,517,2.7134905430939424,0.28,0.12,0.2
YIL155C,649,2.812244696800369,0.52,0.1,0.3
YDR300C,428,2.6314437690131722,0.4,0.22,0.32
YPR058W,307,2.4871383754771865,0.44,0.1,0.3
YLR205C,317,2.5010592622177517,0.46,0.14,0.28
YKL119C,215,2.3324384599156054,0.44,0.2,0.28
YNR041C,372,2.5705429398818973,0.32,0.16,0.24
YGR286C,375,2.574031267727719,0.42,0.1,0.34
YNL315C,318,2.5024271199844326,0.4,0.22,0.24
YLR172C,300,2.4771212547196626,0.38,0.12,0.34
YNL268W,611,2.7860412102425545,0.3,0.1,0.14
YPL121C,222,2.346352974450639,0.2,0.22,0.14
YLR067C,965,2.9845273133437926,0.34,0.22,0.24
YJL201W,599,2.7774268223893115,0.44,0.06,0.32
YMR023C,526,2.7209857441537393,0.4,0.14,0.26
YOR190W,445,2.6483600109809315,0.4,0.12,0.3
YEL050C,393,2.5943925503754266,0.36,0.12,0.28
YEL048C,152,2.1818435879447726,0.46,0.06,0.32
YEL038W,227,2.3560258571931225,0.4,0.06,0.24
YER163C,232,2.3654879848909,0.38,0.18,0.2
YEL011W,704,2.8475726591421124,0.44,0.12,0.26
YBL013W,401,2.603144372620182,0.48,0.1,0.26
YBL014C,894,2.951337518795918,0.34,0.08,0.22
YJR144W,269,2.429752280002408,0.36,0.18,0.24
YBL010C,280,2.4471580313422194,0.28,0.02,0.2
YGL255W,376,2.575187844927661,0.38,0.08,0.2
YGL254W,299,2.4756711883244296,0.18,0.2,0.08
YOR185C,220,2.342422680822206,0.42,0.14,0.3
YDL210W,571,2.756636108245848,0.28,0.12,0.24
YMR133W,428,2.6314437690131722,0.42,0.12,0.22
YMR302C,850,2.929418925714293,0.48,0.16,0.36
YOR196C,414,2.617000341120899,0.38,0.16,0.28
YHR147C,214,2.330413773349191,0.48,0.14,0.32
YNR002C,282,2.450249108319361,0.22,0.12,0.14
YBL005W,976,2.9894498176666917,0.26,0.28,0.18
YPL270W,773,2.888179493918325,0.52,0.18,0.36
YGR006W,251,2.399673721481038,0.36,0.18,0.24
YGR007W,323,2.509202522331103,0.36,0.18,0.24
YKR061W,425,2.6283889300503116,0.52,0.14,0.36
YOR010C,251,2.399673721481038,0.5,0.04,0.48
YBL080C,541,2.7331972651065692,0.4,0.22,0.28
YOR219C,931,2.9689496809813427,0.26,0.2,0.08
YNL076W,584,2.7664128471123997,0.46,0.12,0.3
YDR461W,36,1.5563025007672873,0.4444444444444444,0.1388888888888889,0.2777777777777778
YNL145W,38,1.5797835966168101,0.39473684210526316,0.13157894736842105,0.2631578947368421
YBL057C,208,2.3180633349627615,0.4,0.1,0.28
YKL186C,184,2.2648178230095364,0.42,0.08,0.26
YKL179C,679,2.8318697742805017,0.38,0.14,0.34
YKL175W,503,2.7015679850559273,0.52,0.1,0.4
YKL100C,587,2.7686381012476144,0.34,0.12,0.24
YKL110C,313,2.4955443375464483,0.4,0.12,0.3
YDR087C,278,2.444044795918076,0.34,0.22,0.24
YBL069W,429,2.6324572921847245,0.6,0.22,0.38
YKL065C,206,2.3138672203691533,0.58,0.1,0.36
YKL061W,113,2.05307844348342,0.32,0.1,0.24
YKL055C,278,2.444044795918076,0.4,0.16,0.34
YKL170W,138,2.1398790864012365,0.52,0.18,0.4
YKL132C,430,2.6334684555795866,0.38,0.14,0.3
YKL168C,724,2.859738566197147,0.34,0.24,0.14
YKL029C,669,2.8254261177678233,0.36,0.22,0.28
YKR064W,863,2.9360107957152097,0.22,0.28,0.18
YKL174C,618,2.790988475088816,0.36,0.1,0.24
YKL214C,203,2.307496037913213,0.3,0.24,0.2
YKL207W,253,2.403120521175818,0.54,0.08,0.4
YKL206C,267,2.4265112613645754,0.52,0.04,0.38
YKL160W,145,2.161368002234975,0.24,0.3,0.16
YKL151C,337,2.5276299008713385,0.42,0.18,0.28
YKL146W,692,2.840106094456758,0.12,0.12,0.08
YKL137W,111,2.0453229787866576,0.38,0.2,0.22
YKL128C,295,2.469822015978163,0.38,0.18,0.24
YKL125W,627,2.7972675408307164,0.44,0.14,0.24
YKL043W,366,2.5634810853944106,0.42,0.1,0.24
YKL033W,1038,3.016197353512439,0.44,0.12,0.32
YKL027W,447,2.6503075231319366,0.4,0.12,0.3
YKL005C,594,2.7737864449811935,0.2,0.28,0.16
YKR013W,329,2.5171958979499744,0.54,0.1,0.48
YKR046C,283,2.45178643552429,0.46,0.12,0.28
YKR060W,274,2.437750562820388,0.4,0.18,0.34
YKR062W,328,2.515873843711679,0.4,0.22,0.3
YKR065C,197,2.294466226161593,0.46,0.08,0.34
YKR079C,838,2.9232440186302764,0.38,0.18,0.22
YKR088C,337,2.5276299008713385,0.28,0.02,0.12
YKR091W,246,2.3909351071033793,0.42,0.12,0.26
YKR096W,1195,3.0773679052841567,0.4,0.1,0.22
YKR100C,355,2.550228353055094,0.46,0.12,0.36
YKR106W,615,2.788875115775417,0.26,0.16,0.16
YMR294W,373,2.571708831808688,0.3,0.06,0.24
YDR237W,292,2.4653828514484184,0.4,0.28,0.24
YDL202W,249,2.3961993470957363,0.44,0.22,0.22
YLR312W-A,253,2.403120521175818,0.4,0.2,0.26
YBR282W,146,2.164352855784437,0.32,0.22,0.18
YDR462W,147,2.167317334748176,0.42,0.2,0.3
YBR268W,105,2.0211892990699383,0.44,0.14,0.36
YML009C,70,1.845098040014257,0.44,0.24,0.36
YPL173W,297,2.4727564493172123,0.34,0.24,0.16
YNR033W,787,2.8959747323590648,0.38,0.08,0.3
YCL026C-A,193,2.285557309007774,0.4,0.14,0.28
YCR073W-A,315,2.4983105537896004,0.5,0.16,0.34
YCR087C-A,153,2.184691430817599,0.22,0.16,0.12
YBR286W,537,2.7299742856995555,0.48,0.04,0.3
YBL038W,232,2.3654879848909,0.44,0.2,0.24
YBL037W,1025,3.010723865391773,0.34,0.18,0.3
YBR024W,301,2.4785664955938436,0.28,0.18,0.18
YBR066C,220,2.342422680822206,0.38,0.12,0.16
YBR132C,596,2.7752462597402365,0.26,0.16,0.14
YBR145W,351,2.5453071164658243,0.4,0.16,0.26
YBR150C,1094,3.039017321997412,0.38,0.14,0.18
YBR146W,278,2.444044795918076,0.52,0.18,0.28
YBR186W,564,2.751279103983342,0.32,0.16,0.24
YBR199W,464,2.666517980554881,0.54,0.12,0.46
YBR233W,413,2.615950051656401,0.32,0.16,0.24
YBR291C,299,2.4756711883244296,0.46,0.14,0.34
YBL107C,196,2.292256071356476,0.42,0.1,0.24
YBL104C,1038,3.016197353512439,0.34,0.18,0.26
YBL102W,215,2.3324384599156054,0.3,0.1,0.16
YBL090W,177,2.247973266361807,0.34,0.18,0.28
YBL082C,458,2.660865478003869,0.46,0.14,0.28
YBL042C,639,2.8055008581584002,0.3,0.1,0.18
YBL025W,145,2.161368002234975,0.44,0.12,0.34
YBL020W,574,2.7589118923979736,0.48,0.1,0.3
YBL006C,180,2.255272505103306,0.32,0.06,0.26
YBR025C,394,2.595496221825574,0.46,0.16,0.3
YBR030W,552,2.741939077729199,0.38,0.16,0.26
YBR040W,298,2.4742162640762553,0.64,0.08,0.38
YBR042C,397,2.598790506763115,0.5,0.2,0.4
YBR094W,753,2.8767949762007006,0.44,0.18,0.24
YBR137W,179,2.2528530309798933,0.42,0.16,0.3
YBR141C,337,2.5276299008713385,0.3,0.38,0.22
YBR162C,455,2.6580113966571126,0.42,0.02,0.36
YBR214W,527,2.7218106152125467,0.38,0.08,0.2
YBR216C,674,2.82865989653532,0.38,0.08,0.28
YBR258C,142,2.1522883443830567,0.24,0.24,0.14
YBR271W,419,2.622214022966295,0.4,0.06,0.24
YBR273C,436,2.639486489268586,0.44,0.1,0.34
YBR294W,859,2.9339931638312424,0.22,0.16,0.16
YNL160W,354,2.5490032620257876,0.5,0.12,0.38
YER099C,318,2.5024271199844326,0.38,0.1,0.32
YMR217W,525,2.720159303405957,0.44,0.1,0.3
YHR178W,743,2.8709888137605755,0.22,0.24,0.14
YHR011W,446,2.649334858712142,0.46,0.18,0.3
YHL047C,620,2.792391689498254,0.22,0.22,0.1
YHL044W,235,2.3710678622717363,0.42,0.14,0.28
YHL039W,585,2.7671558660821804,0.44,0.08,0.26
YHL035C,1592,3.20194306340165,0.48,0.08,0.34
YHL010C,585,2.7671558660821804,0.34,0.12,0.22
YHL009C,330,2.5185139398778875,0.3,0.08,0.12
YHL006C,150,2.1760912590556813,0.38,0.1,0.3
YHR003C,429,2.6324572921847245,0.4,0.16,0.3
YHR015W,659,2.81888541459401,0.34,0.18,0.24
YHR035W,630,2.7993405494535817,0.34,0.06,0.18
YHR040W,366,2.5634810853944106,0.26,0.22,0.18
YHR049W,243,2.385606273598312,0.46,0.18,0.34
YHR059W,130,2.113943352306837,0.52,0.18,0.3
YHR077C,1089,3.037027879755775,0.32,0.3,0.2
YHR100C,185,2.2671717284030137,0.5,0.1,0.36
YHR101C,335,2.525044807036845,0.42,0.08,0.28
YHR106W,342,2.534026106056135,0.52,0.2,0.38
YHR109W,585,2.7671558660821804,0.36,0.18,0.18
YHR116W,151,2.1789769472931693,0.16,0.08,0.04
YHR133C,291,2.4638929889859074,0.38,0.18,0.26
YHR163W,249,2.3961993470957363,0.4,0.14,0.32
YHR168W,518,2.714329759745233,0.48,0.18,0.28
YHR175W,189,2.2764618041732443,0.3,0.2,0.14
YHR184W,571,2.756636108245848,0.18,0.24,0.04
YHR189W,190,2.278753600952829,0.4,0.16,0.26
YHR191C,133,2.123851640967086,0.46,0.1,0.28
YHR194W,579,2.762678563727436,0.5,0.16,0.32
YHR209W,291,2.4638929889859074,0.34,0.18,0.2
YDR464W,1435,3.156851901070011,0.24,0.04,0.16
YOR037W,366,2.5634810853944106,0.36,0.2,0.24
YDL045C,306,2.48572142648158,0.4,0.14,0.32
YNL003C,284,2.4533183400470375,0.44,0.1,0.28
YDR078C,223,2.3483048630481607,0.46,0.12,0.32
YDR084C,199,2.298853076409707,0.56,0.1,0.34
YDR089W,869,2.9390197764486663,0.38,0.18,0.24
YGR061C,1358,3.132899769944483,0.38,0.1,0.3
YDR321W,381,2.5809249756756194,0.38,0.04,0.28
YDL198C,300,2.4771212547196626,0.4,0.18,0.28
YER096W,512,2.709269960975831,0.34,0.06,0.2
YIL142W,527,2.7218106152125467,0.46,0.1,0.36
YJL014W,534,2.7275412570285567,0.52,0.12,0.38
YDR188W,546,2.7371926427047373,0.46,0.12,0.38
YLR090W,459,2.6618126855372615,0.3,0.22,0.26
YML129C,70,1.845098040014257,0.34,0.12,0.26
YER001W,762,2.8819549713396007,0.56,0.14,0.48
YJL198W,881,2.944975908412048,0.34,0.12,0.2
YJL192C,234,2.369215857410143,0.48,0.12,0.38
YAR028W,234,2.369215857410143,0.4,0.1,0.26
YJL102W,819,2.9132839017604186,0.46,0.22,0.36
YFR023W,611,2.7860412102425545,0.42,0.2,0.26
YAL067C,593,2.7730546933642626,0.42,0.14,0.3
YAL063C,1322,3.1212314551496214,0.48,0.08,0.4
YAL061W,417,2.6201360549737576,0.42,0.14,0.28
YAL031C,760,2.8808135922807914,0.48,0.18,0.42
YAL028W,528,2.722633922533812,0.26,0.18,0.18
YEL069C,564,2.751279103983342,0.36,0.1,0.22
YDR536W,569,2.7551122663950713,0.4,0.18,0.22
YPR186C,429,2.6324572921847245,0.3,0.1,0.18
YGL189C,119,2.0755469613925306,0.4,0.32,0.3
YEL006W,335,2.525044807036845,0.38,0.14,0.32
YER184C,794,2.8998205024270964,0.24,0.32,0.16
YER045C,489,2.6893088591236203,0.36,0.1,0.2
YEL065W,628,2.797959643737196,0.5,0.08,0.32
YEL029C,312,2.494154594018443,0.38,0.12,0.26
YEL020C,560,2.7481880270062002,0.48,0.08,0.34
YEL004W,342,2.534026106056135,0.46,0.02,0.28
YER002W,231,2.3636119798921444,0.32,0.24,0.22
YER014W,539,2.7315887651867388,0.46,0.14,0.32
YER024W,923,2.965201701025912,0.34,0.16,0.22
YER030W,153,2.184691430817599,0.18,0.3,0.12
YER032W,876,2.9425041061680806,0.4,0.14,0.3
YER038C,464,2.666517980554881,0.36,0.06,0.16
YER044C,148,2.1702617153949575,0.5,0.08,0.34
YER046W,143,2.155336037465062,0.52,0.14,0.3
YER053C,300,2.4771212547196626,0.38,0.14,0.26
YER059W,420,2.6232492903979003,0.2,0.1,0.14
YER067W,161,2.2068258760318495,0.28,0.18,0.18
YER071C,126,2.100370545117563,0.32,0.1,0.24
YER113C,706,2.8488047010518036,0.42,0.18,0.3
YER119C,448,2.651278013998144,0.62,0.06,0.44
YER124C,573,2.75815462196739,0.3,0.22,0.14
YER127W,357,2.552668216112193,0.34,0.08,0.28
YER128W,203,2.307496037913213,0.42,0.1,0.28
YER140W,556,2.7450747915820575,0.42,0.28,0.32
YER145C,404,2.606381365110605,0.58,0.16,0.44
YER150W,148,2.1702617153949575,0.54,0.02,0.42
YNL200C,246,2.3909351071033793,0.52,0.1,0.36
YNL194C,301,2.4785664955938436,0.52,0.08,0.3
YIL051C,145,2.161368002234975,0.52,0.12,0.36
YMR134W,237,2.374748346010104,0.5,0.16,0.38
YMR142C,199,2.298853076409707,0.46,0.34,0.32
YMR145C,560,2.7481880270062002,0.4,0.24,0.3
YGR121C,492,2.6919651027673606,0.52,0.08,0.32
YJL093C,691,2.8394780473741985,0.36,0.12,0.24
YNL111C,120,2.0791812460476247,0.38,0.1,0.22
YPR073C,161,2.2068258760318495,0.44,0.16,0.26
YPL227C,334,2.5237464668115646,0.6,0.12,0.42
YOR067C,577,2.7611758131557314,0.32,0.28,0.2
YJL068C,299,2.4756711883244296,0.36,0.22,0.22
YJL065C,167,2.2227164711475833,0.42,0.1,0.26
YJR064W,562,2.749736315569061,0.44,0.2,0.24
YIL169C,995,2.9978230807457256,0.34,0.04,0.28
YIL157C,197,2.294466226161593,0.52,0.16,0.4
YIL145C,309,2.4899584794248346,0.38,0.18,0.24
YIL120W,563,2.7505083948513462,0.22,0.14,0.18
YIL114C,281,2.44870631990508,0.4,0.12,0.24
YIL110W,377,2.576341350205793,0.36,0.02,0.18
YIL104C,507,2.705007959333336,0.54,0.1,0.34
YIL098C,155,2.1903316981702914,0.36,0.28,0.26
YIL096C,336,2.526339277389844,0.3,0.38,0.28
YIL090W,491,2.6910814921229687,0.5,0.06,0.32
YIL085C,517,2.7134905430939424,0.52,0.2,0.3
YIL064W,229,2.359835482339888,0.3,0.12,0.16
YIL063C,327,2.514547752660286,0.24,0.16,0.16
YIL062C,154,2.187520720836463,0.46,0.1,0.3
YIL056W,640,2.806179973983887,0.34,0.22,0.16
YIL049W,253,2.403120521175818,0.4,0.12,0.24
YIL047C,902,2.9552065375419416,0.3,0.26,0.18
YIL044C,298,2.4742162640762553,0.48,0.16,0.34
YIL040W,138,2.1398790864012365,0.54,0.06,0.34
YIL039W,473,2.6748611407378116,0.46,0.12,0.28
YIL014W,630,2.7993405494535817,0.44,0.2,0.36
YIL013C,1411,3.149527013754348,0.4,0.06,0.28
YIL011W,269,2.429752280002408,0.58,0.04,0.5
YIR009W,111,2.0453229787866576,0.4,0.22,0.3
YIR018W,245,2.3891660843645326,0.46,0.34,0.32
YIR024C,216,2.334453751150931,0.54,0.22,0.38
YIR035C,254,2.404833716619938,0.42,0.18,0.36
YIR038C,234,2.369215857410143,0.54,0.22,0.36
YIR039C,537,2.7299742856995555,0.5,0.04,0.4
YJL096W,161,2.2068258760318495,0.44,0.18,0.24
YJL219W,567,2.7535830588929064,0.32,0.06,0.24
YJL214W,569,2.7551122663950713,0.3,0.08,0.16
YJL212C,799,2.9025467793139916,0.36,0.08,0.22
YDR488C,533,2.7267272090265724,0.34,0.28,0.22
YDR034C,790,2.8976270912904414,0.34,0.04,0.18
YEL017C-A,43,1.6334684555795866,0.5813953488372093,0.11627906976744186,0.4418604651162791
YJR036C,892,2.950364854376123,0.32,0.26,0.26
YDR182W,491,2.6910814921229687,0.22,0.4,0.18
YLR388W,56,1.7481880270062005,0.28,0.26,0.18
YDL061C,56,1.7481880270062005,0.3,0.26,0.18
YJL004C,203,2.307496037913213,0.5,0.12,0.36
YLR459W,394,2.595496221825574,0.48,0.06,0.36
YGR105W,77,1.8864907251724818,0.7,0.04,0.48
YNL062C,478,2.6794278966121188,0.46,0.12,0.32
YDR046C,604,2.7810369386211318,0.3,0.1,0.18
YPL177C,306,2.48572142648158,0.36,0.1,0.22
YPL266W,318,2.5024271199844326,0.38,0.2,0.3
YOL110W,237,2.374748346010104,0.24,0.16,0.12
YPL092W,458,2.660865478003869,0.64,0.06,0.32
YGR194C,600,2.778151250383644,0.36,0.1,0.3
YNL318C,540,2.7323937598229686,0.28,0.16,0.22
YNL313C,904,2.9561684304753633,0.4,0.14,0.32
YNL311C,763,2.8825245379548807,0.3,0.22,0.24
YNL306W,217,2.3364597338485296,0.4,0.14,0.18
YLR139C,643,2.808210972924222,0.4,0.22,0.24
YGR199W,759,2.8802417758954806,0.26,0.16,0.18
YGR203W,148,2.1702617153949575,0.32,0.16,0.18
YGR205W,290,2.462397997898956,0.38,0.1,0.16
YJL110C,551,2.741151598851785,0.32,0.14,0.2
YJL103C,618,2.790988475088816,0.26,0.26,0.16
YFL054C,646,2.8102325179950842,0.22,0.18,0.12
YFL052W,465,2.667452952889954,0.3,0.32,0.2
YFL050C,858,2.9334872878487053,0.28,0.16,0.16
YFL049W,623,2.7944880466591697,0.46,0.14,0.38
YFL042C,674,2.82865989653532,0.34,0.04,0.2
YFL028C,289,2.4608978427565478,0.44,0.1,0.32
YFL021W,510,2.7075701760979363,0.56,0.1,0.34
YFL011W,546,2.7371926427047373,0.44,0.12,0.32
YFL010C,211,2.3242824552976926,0.38,0.1,0.12
YFR005C,448,2.651278013998144,0.3,0.22,0.24
YFR013W,787,2.8959747323590648,0.32,0.06,0.22
YFR017C,195,2.290034611362518,0.44,0.04,0.18
YFR029W,678,2.8312296938670634,0.32,0.2,0.26
YFR042W,200,2.3010299956639813,0.58,0.12,0.42
YFR047C,295,2.469822015978163,0.42,0.08,0.26
YLR098C,648,2.8115750058705933,0.36,0.18,0.18
YJL042W,1398,3.1455071714096627,0.36,0.2,0.24
YPL241C,268,2.428134794028789,0.26,0.2,0.2
YGR197C,547,2.737987326333431,0.32,0.1,0.22
YJL089W,829,2.9185545305502734,0.28,0.2,0.22
YJL117W,311,2.4927603890268375,0.4,0.18,0.26
YPL076W,280,2.4471580313422194,0.36,0.22,0.22
YJL121C,238,2.376576957056512,0.54,0.1,0.38
YJR132W,1048,3.0203612826477078,0.48,0.1,0.4
YJR127C,1380,3.1398790864012365,0.64,0.08,0.36
YJL186W,586,2.767897616018091,0.52,0.2,0.42
YJL171C,396,2.597695185925512,0.44,0.08,0.28
YJL123C,478,2.6794278966121188,0.3,0.12,0.2
YJL122W,175,2.2430380486862944,0.32,0.3,0.24
YJL082W,731,2.8639173769578603,0.34,0.14,0.2
YJL059W,408,2.61066016308988,0.6,0.06,0.44
YJL054W,478,2.6794278966121188,0.54,0.14,0.32
YJL045W,634,2.802089257881733,0.34,0.2,0.26
YJL038C,219,2.3404441148401185,0.42,0.06,0.3
YJL037W,224,2.3502480183341627,0.52,0.1,0.44
YJL008C,568,2.754348335711019,0.4,0.1,0.26
YJR013W,403,2.6053050461411096,0.48,0.1,0.3
YJR014W,198,2.296665190261531,0.32,0.14,0.22
YJR024C,244,2.3873898263387296,0.32,0.1,0.18
YJR067C,141,2.14921911265538,0.28,0.16,0.2
YJR074W,218,2.338456493604605,0.38,0.1,0.26
YJR097W,172,2.2355284469075487,0.34,0.2,0.28
YJR101W,266,2.424881636631067,0.46,0.16,0.3
YJR110W,688,2.837588438235511,0.46,0.16,0.3
YJR122W,497,2.696356388733332,0.42,0.16,0.24
YJR126C,811,2.909020854211156,0.24,0.18,0.16
YJR136C,421,2.6242820958356683,0.36,0.1,0.34
YJR151C,1161,3.064832219738574,0.58,0.06,0.52
YJR158W,567,2.7535830588929064,0.38,0.06,0.22
YMR170C,506,2.7041505168397992,0.44,0.06,0.26
YOR337W,759,2.8802417758954806,0.32,0.14,0.22
YDR019C,400,2.6020599913279625,0.44,0.2,0.3
YGR154C,356,2.5514499979728753,0.4,0.22,0.28
YDL234C,746,2.8727388274726686,0.48,0.14,0.36
YOL033W,536,2.72916478969277,0.46,0.24,0.3
YPL097W,492,2.6919651027673606,0.4,0.1,0.3
YNL294C,533,2.7267272090265724,0.44,0.1,0.28
YOR369C,143,2.155336037465062,0.42,0.12,0.4
YOR265W,106,2.0253058652647704,0.34,0.24,0.28
YLR325C,78,1.8920946026904804,0.36,0.28,0.26
YGR055W,574,2.7589118923979736,0.28,0.08,0.16
YNR034W,321,2.5065050324048723,0.44,0.16,0.32
YDR505C,841,2.924795995797912,0.28,0.1,0.2
YNL101W,713,2.8530895298518657,0.3,0.2,0.16
YNL099C,238,2.376576957056512,0.22,0.06,0.16
YNL067W,191,2.2810333672477277,0.38,0.18,0.3
YOR328W,1564,3.1942367487238292,0.38,0.04,0.26
YOR035C,789,2.89707700320942,0.36,0.12,0.24
YML025C,286,2.456366033129043,0.5,0.14,0.36
YDL093W,743,2.8709888137605755,0.42,0.2,0.3
YGL128C,283,2.45178643552429,0.42,0.18,0.32
YDR111C,507,2.705007959333336,0.4,0.2,0.28
YDR261C,562,2.749736315569061,0.46,0.08,0.28
YGL209W,382,2.582063362911709,0.28,0.36,0.08
YGL257C,558,2.7466341989375787,0.42,0.08,0.34
YGL247W,197,2.294466226161593,0.44,0.14,0.3
YGL236C,669,2.8254261177678233,0.42,0.12,0.32
YGL232W,289,2.4608978427565478,0.24,0.24,0.16
YGL231C,190,2.278753600952829,0.28,0.14,0.14
YGL228W,577,2.7611758131557314,0.36,0.1,0.26
YGL222C,175,2.2430380486862944,0.28,0.18,0.2
YGL197W,1487,3.172310968521954,0.42,0.12,0.24
YGL184C,465,2.667452952889954,0.34,0.1,0.24
YGL164C,440,2.6434526764861874,0.48,0.12,0.4
YGL161C,310,2.4913616938342726,0.36,0.02,0.14
YGL157W,347,2.5403294747908736,0.38,0.12,0.28
YGL139W,802,2.9041743682841634,0.5,0.12,0.44
YGL136C,320,2.505149978319906,0.34,0.22,0.28
YGL134W,433,2.6364878963533656,0.36,0.1,0.18
YGL111W,463,2.6655809910179533,0.46,0.12,0.36
YGL085W,274,2.437750562820388,0.36,0.18,0.28
YGL079W,218,2.338456493604605,0.3,0.04,0.18
YGL063W,370,2.568201724066995,0.38,0.1,0.22
YGL060W,641,2.8068580295188172,0.4,0.18,0.28
YGL053W,237,2.374748346010104,0.4,0.08,0.26
YGL036W,909,2.9585638832219674,0.5,0.14,0.44
YGL033W,214,2.330413773349191,0.36,0.18,0.28
YGL029W,120,2.0791812460476247,0.34,0.28,0.24
YGL028C,542,2.733999286538387,0.46,0.08,0.34
YGL002W,216,2.334453751150931,0.46,0.14,0.3
YGR012W,393,2.5943925503754266,0.38,0.16,0.28
YGR023W,551,2.741151598851785,0.46,0.08,0.3
YGR033C,239,2.3783979009481375,0.36,0.18,0.24
YGR034W,127,2.103803720955957,0.44,0.22,0.34
YGR052W,369,2.56702636615906,0.32,0.18,0.2
YGR062C,316,2.499687082618404,0.36,0.16,0.22
YGR071C,860,2.934498451243568,0.24,0.08,0.22
YGR100W,950,2.9777236052888476,0.42,0.16,0.24
YGR102C,183,2.2624510897304293,0.3,0.24,0.18
YGR112W,389,2.5899496013257077,0.4,0.14,0.3
YGR125W,1036,3.0153597554092144,0.36,0.18,0.24
YGR134W,1122,3.0499928569201424,0.36,0.16,0.26
YGR138C,614,2.788168371141168,0.28,0.1,0.18
YGR173W,368,2.5658478186735176,0.36,0.22,0.32
YGR215W,110,2.041392685158225,0.42,0.16,0.3
YGR216C,609,2.784617292632875,0.52,0.04,0.32
YGR244C,427,2.630427875025024,0.36,0.2,0.32
YGR245C,767,2.884795363948981,0.42,0.14,0.28
YGR257C,366,2.5634810853944106,0.42,0.1,0.3
YGR277C,305,2.484299839346786,0.5,0.08,0.34
YGR284C,310,2.4913616938342726,0.3,0.12,0.08
YPL265W,608,2.783903579272735,0.32,0.14,0.14
YNR055C,586,2.767897616018091,0.32,0.12,0.2
YPR138C,489,2.6893088591236203,0.54,0.1,0.36
YMR270C,365,2.5622928644564746,0.32,0.08,0.28
YPL010W,189,2.2764618041732443,0.36,0.16,0.26
YNR019W,642,2.807535028068853,0.32,0.14,0.26
YNR072W,564,2.751279103983342,0.34,0.1,0.18
YNR009W,249,2.3961993470957363,0.42,0.14,0.3
YNR027W,317,2.5010592622177517,0.38,0.16,0.28
YNR030W,551,2.741151598851785,0.5,0.08,0.36
YNR037C,91,1.9590413923210936,0.56,0.16,0.36
YNR070W,1333,3.1248301494138593,0.4,0.16,0.28
YNL281W,153,2.184691430817599,0.38,0.12,0.26
YNL278W,1060,3.0253058652647704,0.36,0.14,0.2
YNL255C,153,2.184691430817599,0.26,0.16,0.16
YNL253W,422,2.625312450961674,0.34,0.14,0.28
YNL245C,179,2.2528530309798933,0.32,0.22,0.22
YNL185C,158,2.1986570869544226,0.52,0.12,0.38
YNL177C,309,2.4899584794248346,0.42,0.14,0.3
YNL175C,403,2.6053050461411096,0.32,0.22,0.26
YNL168C,259,2.413299764081252,0.44,0.16,0.28
YNL149C,129,2.110589710299249,0.5,0.16,0.4
YNL122C,115,2.060697840353612,0.38,0.18,0.24
YNL081C,143,2.155336037465062,0.46,0.22,0.3
YNL080C,366,2.5634810853944106,0.38,0.22,0.22
YNL063W,314,2.496929648073215,0.44,0.22,0.3
YNL023C,965,2.9845273133437926,0.18,0.08,0.12
YMR169C,506,2.7041505168397992,0.44,0.06,0.26
YMR067C,416,2.6190933306267428,0.42,0.14,0.26
YLR059C,269,2.429752280002408,0.46,0.2,0.28
YFL034C-A,122,2.0863598306747484,0.4,0.14,0.3
YJR135W-A,87,1.9395192526186185,0.32,0.14,0.22
YAR035W,687,2.8369567370595505,0.42,0.18,0.3
YOL077W-A,68,1.8325089127062364,0.52,0.16,0.34
YDR276C,55,1.7403626894942439,0.68,0.04,0.48
YHR079C-A,91,1.9590413923210936,0.26,0.18,0.16
YER007C-A,181,2.2576785748691846,0.36,0.28,0.26
YGR075C,242,2.383815365980431,0.38,0.14,0.28
YKL106W,451,2.6541765418779604,0.4,0.22,0.26
YML104C,1127,3.0519239160461065,0.68,0.06,0.36
YEL053C,733,2.8651039746411278,0.44,0.08,0.3
YKR006C,264,2.4216039268698313,0.38,0.24,0.22
YKR010C,771,2.887054378050957,0.52,0.08,0.34
YOR358W,242,2.383815365980431,0.28,0.06,0.06
YPL030W,567,2.7535830588929064,0.32,0.18,0.2
YLR329W,264,2.4216039268698313,0.42,0.06,0.3
YBR191W,160,2.204119982655925,0.3,0.28,0.22
YPL064C,301,2.4785664955938436,0.36,0.1,0.22
YPL060W,413,2.615950051656401,0.46,0.18,0.24
YPL083C,467,2.6693168805661123,0.34,0.1,0.22
YPL070W,612,2.7867514221455614,0.28,0.12,0.1
YPL103C,468,2.670245853074124,0.38,0.26,0.24
YPL125W,1032,3.0136796972911926,0.4,0.1,0.32
YPL112C,394,2.595496221825574,0.26,0.06,0.14
YLR141W,363,2.5599066250361124,0.34,0.22,0.24
YPL137C,1276,3.1058506743851435,0.24,0.16,0.1
YPL134C,310,2.4913616938342726,0.52,0.1,0.34
YPL032C,825,2.916453948549925,0.36,0.1,0.26
YMR101C,343,2.5352941200427703,0.6,0.12,0.34
YDR041W,203,2.307496037913213,0.48,0.14,0.36
YMR171C,550,2.7403626894942437,0.42,0.08,0.28
YMR176W,1411,3.149527013754348,0.38,0.16,0.26
YMR177W,510,2.7075701760979363,0.44,0.24,0.36
YMR180C,320,2.505149978319906,0.32,0.18,0.22
YMR188C,237,2.374748346010104,0.36,0.26,0.26
YMR277W,732,2.864511081058392,0.42,0.12,0.28
YDR458C,663,2.821513528404773,0.46,0.24,0.34
YDR459C,374,2.5728716022004803,0.46,0.22,0.32
YDR470C,502,2.7007037171450192,0.38,0.1,0.24
YDR479C,554,2.74350976472843,0.24,0.16,0.14
YDR493W,123,2.089905111439398,0.46,0.22,0.32
YDR494W,361,2.5575072019056577,0.38,0.18,0.28
YDR003W,210,2.322219294733919,0.46,0.12,0.24
YMR274C,315,2.4983105537896004,0.48,0.12,0.32
YMR219W,1658,3.2195845262142546,0.3,0.3,0.2
YMR204C,420,2.6232492903979003,0.24,0.26,0.18
YML034W,834,2.921166050637739,0.44,0.12,0.3
YML023C,556,2.7450747915820575,0.5,0.1,0.36
YML117W,1134,3.0546130545568877,0.36,0.08,0.16
YML107C,334,2.5237464668115646,0.28,0.32,0.22
YDR147W,534,2.7275412570285567,0.32,0.18,0.2
YDR163W,175,2.2430380486862944,0.36,0.24,0.26
YMR163C,705,2.848189116991399,0.36,0.06,0.22
YMR166C,368,2.5658478186735176,0.28,0.2,0.12
YDR100W,143,2.155336037465062,0.64,0.04,0.48
YDR259C,383,2.583198773968623,0.38,0.1,0.18
YDR014W-A,162,2.2095150145426308,0.36,0.18,0.28
YDR202C,351,2.5453071164658243,0.44,0.12,0.26
YDR183W,230,2.361727836017593,0.22,0.14,0.2
YDR185C,179,2.2528530309798933,0.4,0.2,0.24
YDR421W,950,2.9777236052888476,0.36,0.26,0.2
YDR451C,353,2.5477747053878224,0.46,0.06,0.26
YDR391C,232,2.3654879848909,0.44,0.14,0.26
YDR393W,456,2.6589648426644352,0.36,0.14,0.2
YOR149C,516,2.7126497016272113,0.56,0.1,0.3
YDR406W,1529,3.1844074854123203,0.26,0.16,0.2
YMR131C,511,2.708420900134713,0.34,0.12,0.24
YMR086W,960,2.9822712330395684,0.4,0.16,0.24
YMR014W,519,2.715167357848458,0.28,0.24,0.18
YMR025W,295,2.469822015978163,0.44,0.08,0.3
YDR501W,521,2.7168377232995247,0.4,0.14,0.2
YDR524C,482,2.6830470382388496,0.42,0.14,0.3
YDR534C,528,2.722633922533812,0.44,0.08,0.36
YMR114C,368,2.5658478186735176,0.36,0.12,0.2
YMR118C,196,2.292256071356476,0.46,0.18,0.26
YML081W,1251,3.09725730969342,0.46,0.14,0.28
YDR106W,284,2.4533183400470375,0.4,0.16,0.32
YDR107C,672,2.8273692730538253,0.44,0.12,0.28
YDR116C,285,2.45484486000851,0.48,0.18,0.32
YML066C,369,2.56702636615906,0.56,0.08,0.4
YMR059W,128,2.1072099696478683,0.44,0.14,0.3
YML048W,403,2.6053050461411096,0.46,0.14,0.32
YMR069W,285,2.45484486000851,0.36,0.2,0.2
YIR028W,635,2.8027737252919755,0.34,0.1,0.24
YMR322C,237,2.374748346010104,0.42,0.16,0.24
YDR229W,453,2.656098202012832,0.34,0.12,0.16
YMR299C,312,2.494154594018443,0.36,0.06,0.24
YMR306W,1785,3.251638220448212,0.46,0.08,0.18
YMR233W,226,2.3541084391474008,0.48,0.14,0.38
YMR030W,376,2.575187844927661,0.44,0.12,0.18
YMR034C,434,2.637489729512511,0.56,0.16,0.38
YDR333C,723,2.859138297294531,0.34,0.14,0.24
YDR336W,314,2.496929648073215,0.42,0.26,0.34
YDR341C,607,2.7831886910752575,0.46,0.12,0.36
YDR348C,499,2.6981005456233897,0.26,0.12,0.1
YDR288W,303,2.4814426285023052,0.38,0.16,0.32
YDR273W,365,2.5622928644564746,0.24,0.2,0.16
YDR279W,350,2.5440680443502757,0.4,0.08,0.24
YMR232W,677,2.8305886686851442,0.3,0.24,0.16
YLR199C,276,2.4409090820652177,0.5,0.1,0.28
YLR201C,260,2.414973347970818,0.4,0.22,0.26
YLR213C,422,2.625312450961674,0.46,0.06,0.26
YLR218C,96,1.9822712330395684,0.26,0.1,0.2
YLR285W,261,2.416640507338281,0.42,0.16,0.22
YLR290C,277,2.4424797690644486,0.4,0.14,0.26
YLR361C,578,2.761927838420529,0.62,0.12,0.46
YLR364W,109,2.037426497940624,0.48,0.1,0.28
YLR221C,220,2.342422680822206,0.22,0.22,0.18
YLR237W,598,2.776701183988411,0.48,0.14,0.26
YLR238W,478,2.6794278966121188,0.28,0.18,0.14
YLR239C,328,2.515873843711679,0.34,0.2,0.2
YLR408C,122,2.0863598306747484,0.42,0.14,0.26
YPR100W,140,2.146128035678238,0.42,0.18,0.26
YPR101W,175,2.2430380486862944,0.4,0.24,0.28
YPR109W,294,2.4683473304121573,0.36,0.14,0.28
YPR116W,277,2.4424797690644486,0.4,0.24,0.26
YLR345W,509,2.7067177823367587,0.38,0.18,0.26
YLR266C,701,2.8457180179666586,0.28,0.3,0.12
YLR324W,523,2.718501688867274,0.3,0.14,0.24
YLR454W,2628,3.419625360887743,0.64,0.1,0.44
YLR453C,395,2.59659709562646,0.42,0.24,0.32
YLR164W,168,2.225309281725863,0.46,0.16,0.22
YLR165C,254,2.404833716619938,0.46,0.16,0.2
YLR187W,1026,3.0111473607757975,0.42,0.18,0.2
YDR349C,596,2.7752462597402365,0.46,0.04,0.3
YDR358W,557,2.745855195173729,0.4,0.16,0.28
YDR361C,283,2.45178643552429,0.22,0.12,0.2
YDR371W,511,2.708420900134713,0.44,0.18,0.34
YDR377W,101,2.0043213737826426,0.56,0.18,0.38
YLR426W,326,2.513217600067939,0.64,0.06,0.52
YLR427W,670,2.8260748027008264,0.26,0.18,0.14
YPR156C,622,2.7937903846908188,0.26,0.08,0.14
YPR118W,411,2.6138418218760693,0.46,0.1,0.34
YPR143W,250,2.3979400086720375,0.18,0.26,0.1
YPR152C,465,2.667452952889954,0.2,0.26,0.08
YLR241W,782,2.893206753059848,0.44,0.14,0.34
YLR253W,569,2.7551122663950713,0.46,0.2,0.28
YLR254C,189,2.2764618041732443,0.38,0.06,0.34
YDR314C,692,2.840106094456758,0.22,0.14,0.14
YDR315C,281,2.44870631990508,0.4,0.1,0.28
YDR316W,471,2.673020907128896,0.34,0.24,0.22
YDR330W,500,2.6989700043360187,0.5,0.02,0.36
YDR332W,689,2.8382192219076257,0.4,0.14,0.36
YLR307W,301,2.4785664955938436,0.5,0.04,0.26
YLR387C,432,2.635483746814912,0.38,0.18,0.2
YPR079W,381,2.5809249756756194,0.44,0.2,0.36
YPR082C,143,2.155336037465062,0.48,0.16,0.36
YPR094W,107,2.0293837776852097,0.32,0.2,0.2
YPR097W,1073,3.030599721965951,0.38,0.14,0.22
YLR414C,263,2.419955748489758,0.56,0.08,0.4
YDL063C,620,2.792391689498254,0.32,0.22,0.24
YDL076C,294,2.4683473304121573,0.22,0.14,0.14
YDL085W,545,2.7363965022766426,0.42,0.24,0.2
YDL112W,1436,3.1571544399062814,0.42,0.06,0.36
YDL119C,307,2.4871383754771865,0.42,0.16,0.3
YDL121C,149,2.173186268412274,0.54,0.12,0.4
YDL238C,489,2.6893088591236203,0.42,0.2,0.26
YLL007C,665,2.8228216453031045,0.36,0.22,0.26
YLL034C,837,2.92272545799326,0.26,0.22,0.24
YLR019W,397,2.598790506763115,0.2,0.28,0.12
YLR035C,695,2.8419848045901137,0.44,0.1,0.32
YLR073C,200,2.3010299956639813,0.46,0.14,0.34
YOL008W,207,2.315970345456918,0.46,0.24,0.3
YOL017W,714,2.8536982117761744,0.38,0.22,0.24
YOL019W,551,2.741151598851785,0.48,0.08,0.3
YOL026C,113,2.05307844348342,0.38,0.02,0.26
YOL048C,342,2.534026106056135,0.32,0.22,0.22
YOL073C,322,2.507855871695831,0.6,0.08,0.38
YOL080C,289,2.4608978427565478,0.32,0.16,0.24
YOL130W,859,2.9339931638312424,0.26,0.16,0.14
YOL132W,471,2.673020907128896,0.52,0.12,0.34
YOL158C,606,2.782472624166286,0.22,0.16,0.2
YOR011W,1394,3.144262773761991,0.38,0.06,0.22
YOR051C,412,2.6148972160331345,0.3,0.24,0.2
YOR060C,257,2.4099331233312946,0.36,0.14,0.26
YOR071C,598,2.776701183988411,0.48,0.12,0.28
YOR179C,188,2.27415784926368,0.28,0.16,0.22
YOR192C,599,2.7774268223893115,0.48,0.14,0.26
YOR193W,376,2.575187844927661,0.3,0.1,0.16
YOR205C,556,2.7450747915820575,0.38,0.18,0.26
YOR247W,210,2.322219294733919,0.46,0.0,0.34
YOR262W,347,2.5403294747908736,0.46,0.06,0.24
YOR267C,759,2.8802417758954806,0.28,0.24,0.12
YOR286W,149,2.173186268412274,0.4,0.22,0.26
YOR293W,105,2.0211892990699383,0.4,0.2,0.3
YOR353C,791,2.8981764834976764,0.3,0.14,0.24
YOR356W,631,2.8000293592441343,0.38,0.2,0.26
YOR378W,515,2.711807229041191,0.38,0.12,0.28
YOR382W,153,2.184691430817599,0.46,0.06,0.34
YOR384W,694,2.841359470454855,0.5,0.16,0.38
YOR388C,376,2.575187844927661,0.34,0.14,0.3
YOR390W,375,2.574031267727719,0.48,0.1,0.3
YOR391C,237,2.374748346010104,0.42,0.16,0.24
YPL189W,609,2.784617292632875,0.4,0.18,0.24
YPL196W,273,2.436162647040756,0.3,0.16,0.18
YPL199C,240,2.380211241711606,0.24,0.2,0.2
YPL208W,583,2.765668554759014,0.5,0.1,0.36
YPL219W,492,2.6919651027673606,0.32,0.08,0.18
YPL224C,484,2.6848453616444123,0.38,0.16,0.26
YPL260W,551,2.741151598851785,0.36,0.14,0.28
YPL279C,375,2.574031267727719,0.48,0.1,0.3
YOR091W,345,2.537819095073274,0.26,0.3,0.14
YOR002W,544,2.73559889969818,0.58,0.1,0.34
YDL021W,311,2.4927603890268375,0.38,0.16,0.26
YOR034C,749,2.8744818176994666,0.34,0.08,0.3
YOL129W,184,2.2648178230095364,0.52,0.14,0.32
YDR056C,205,2.311753861055754,0.52,0.06,0.42
YOR271C,327,2.514547752660286,0.42,0.14,0.28
YPR006C,575,2.7596678446896306,0.32,0.2,0.2
YLR051C,217,2.3364597338485296,0.36,0.06,0.32
YDL089W,484,2.6848453616444123,0.38,0.1,0.28
YOR079C,313,2.4955443375464483,0.52,0.06,0.4
YDL036C,462,2.6646419755561257,0.44,0.14,0.32
YLR095C,812,2.9095560292411755,0.36,0.16,0.26
YLR034C,473,2.6748611407378116,0.48,0.08,0.3
YDR020C,232,2.3654879848909,0.42,0.14,0.38
YDR263C,430,2.6334684555795866,0.48,0.16,0.34
YLR107W,404,2.606381365110605,0.42,0.18,0.32
YOR320C,491,2.6910814921229687,0.48,0.24,0.32
YOR166C,458,2.660865478003869,0.3,0.22,0.2
YLR102C,265,2.423245873936808,0.36,0.18,0.14
YDL131W,440,2.6434526764861874,0.32,0.04,0.16
YOR164C,312,2.494154594018443,0.36,0.2,0.3
YPL230W,391,2.5921767573958667,0.24,0.16,0.16
YLR066W,184,2.2648178230095364,0.52,0.04,0.3
YDR312W,453,2.656098202012832,0.36,0.26,0.26
YDR162C,236,2.3729120029701067,0.34,0.1,0.28
YDL004W,160,2.204119982655925,0.44,0.14,0.36
YOR147W,622,2.7937903846908188,0.48,0.22,0.32
YOR162C,810,2.90848501887865,0.26,0.14,0.16
YOL089C,1030,3.012837224705172,0.3,0.06,0.16
YDR018C,396,2.597695185925512,0.44,0.16,0.34
YOR279C,310,2.4913616938342726,0.34,0.16,0.24
YPR040W,356,2.5514499979728753,0.42,0.16,0.22
YOR022C,715,2.8543060418010806,0.46,0.18,0.24
YLR057W,849,2.928907690243953,0.52,0.08,0.4
YLR047C,686,2.8363241157067516,0.52,0.18,0.36
YOL105C,556,2.7450747915820575,0.46,0.08,0.36
YOR009W,487,2.6875289612146345,0.5,0.04,0.46
YOR114W,294,2.4683473304121573,0.4,0.18,0.26
YOR154W,587,2.7686381012476144,0.44,0.1,0.38
YPR020W,115,2.060697840353612,0.4,0.12,0.34
YOR216C,484,2.6848453616444123,0.34,0.22,0.2
YLL055W,531,2.725094521081469,0.46,0.1,0.34
YPL246C,262,2.4183012913197457,0.6,0.08,0.38
YOR227W,1246,3.095518042323151,0.3,0.22,0.22
YOR221C,360,2.5563025007672873,0.38,0.12,0.28
YPR009W,268,2.428134794028789,0.36,0.1,0.24
YOR100C,327,2.514547752660286,0.36,0.12,0.26
YOL060C,706,2.8488047010518036,0.5,0.16,0.34
YLR092W,893,2.9508514588885464,0.26,0.06,0.12
YDR032C,198,2.296665190261531,0.5,0.1,0.44
YLR154C,110,2.041392685158225,0.32,0.16,0.14
YDL146W,491,2.6910814921229687,0.42,0.1,0.3
YLR118C,227,2.3560258571931225,0.46,0.12,0.3
YDR384C,275,2.439332693830263,0.36,0.04,0.24
YDL098C,194,2.287801729930226,0.3,0.18,0.22
YLL003W,946,2.975891136401793,0.32,0.12,0.2
YLL061W,583,2.765668554759014,0.34,0.14,0.2
YOR130C,292,2.4653828514484184,0.46,0.12,0.34
YDR066C,196,2.292256071356476,0.44,0.08,0.34
YOL076W,796,2.900913067737669,0.38,0.16,0.26
YOR032C,434,2.637489729512511,0.32,0.08,0.18
YDL018C,225,2.3521825181113627,0.48,0.06,0.26
YOR084W,387,2.5877109650189114,0.28,0.2,0.18
YDL046W,173,2.2380461031287955,0.58,0.06,0.4
YDR169C,513,2.7101173651118162,0.42,0.1,0.28
YLL014W,108,2.03342375548695,0.48,0.08,0.38
YDL135C,202,2.305351369446624,0.28,0.14,0.2
YOL002C,317,2.5010592622177517,0.4,0.24,0.3
YDR071C,191,2.2810333672477277,0.48,0.1,0.32
YOR016C,207,2.315970345456918,0.5,0.08,0.36
YOR112W,761,2.8813846567705728,0.44,0.1,0.24
YPL168W,430,2.6334684555795866,0.4,0.18,0.24
YPR021C,902,2.9552065375419416,0.36,0.16,0.22
YOR150W,163,2.2121876044039577,0.46,0.26,0.36
YDR383C,238,2.376576957056512,0.4,0.08,0.32
YOR315W,346,2.5390760987927767,0.34,0.22,0.18
YPL244C,339,2.530199698203082,0.56,0.04,0.36
YLL062C,324,2.510545010206612,0.46,0.12,0.3
YMR113W,427,2.630427875025024,0.38,0.14,0.34
YDR411C,341,2.5327543789924976,0.5,0.14,0.3
YMR185W,981,2.9916690073799486,0.38,0.14,0.28
YPR008W,694,2.841359470454855,0.32,0.22,0.2
YIL156W-B,73,1.863322860120456,0.42,0.16,0.34
YDR119W-A,66,1.8195439355418688,0.48,0.14,0.32
YGR271C-A,233,2.367355921026019,0.36,0.3,0.28
YDR379C-A,79,1.8976270912904414,0.36,0.26,0.24
YBR058C-A,80,1.9030899869919435,0.36,0.18,0.24
YLR099W-A,87,1.9395192526186185,0.3,0.02,0.26
YLR367W,130,2.113943352306837,0.44,0.18,0.34
YHR199C-A,73,1.863322860120456,0.42,0.18,0.32
YJR005C-A,93,1.9684829485539352,0.26,0.28,0.22
YER074W-A,85,1.9294189257142929,0.5,0.1,0.38
YER048W-A,94,1.9731278535996988,0.34,0.18,0.14
YBL091C-A,175,2.2430380486862944,0.42,0.22,0.28
YPR057W,341,2.5327543789924976,0.42,0.14,0.32
YOR319W,213,2.3283796034387376,0.4,0.12,0.3
YOR107W,309,2.4899584794248346,0.36,0.18,0.26
YOR160W,972,2.9876662649262746,0.38,0.06,0.3
YOR030W,619,2.791690649020118,0.5,0.2,0.34
YOL087C,1116,3.04766419460156,0.4,0.08,0.28
YDR051C,334,2.5237464668115646,0.32,0.18,0.24
YOR222W,307,2.4871383754771865,0.52,0.06,0.34
YOL088C,277,2.4424797690644486,0.48,0.1,0.34
YOR324C,602,2.7795964912578244,0.4,0.16,0.2
YDR014W,647,2.8109042806687006,0.38,0.12,0.24
YLR065C,181,2.2576785748691846,0.5,0.18,0.4
YOL101C,312,2.494154594018443,0.24,0.16,0.14
YHR132W-A,131,2.1172712956557644,0.34,0.18,0.2
YDR261C-C,440,2.6434526764861874,0.28,0.14,0.22
YER055C,297,2.4727564493172123,0.44,0.18,0.36
YML024W,136,2.1335389083702174,0.34,0.28,0.28
YHL038C,630,2.7993405494535817,0.34,0.2,0.16
Q0050,834,2.921166050637739,0.56,0.08,0.4
Q0055,854,2.931457870689005,0.56,0.08,0.4
YKL194C,462,2.6646419755561257,0.42,0.18,0.24
YJL209W,654,2.815577748324267,0.46,0.24,0.32
YNR045W,489,2.6893088591236203,0.34,0.3,0.18
YDR522C,502,2.7007037171450192,0.46,0.14,0.28
YMR257C,800,2.9030899869919438,0.34,0.3,0.22
YCR018C,221,2.3443922736851106,0.24,0.26,0.16
YDL227C,586,2.767897616018091,0.42,0.06,0.36
YNL097C-B,40,1.6020599913279625,0.325,0.15,0.15
YDR471W,136,2.1335389083702174,0.48,0.26,0.36
YHR214C-C,478,2.6794278966121188,0.3,0.14,0.24
YLR256W-A,440,2.6434526764861874,0.28,0.16,0.22
YLR410W-A,438,2.6414741105040997,0.36,0.12,0.24
YER039C,249,2.3961993470957363,0.52,0.06,0.36
YML132W,379,2.578639209968072,0.4,0.16,0.24
YMR242C,172,2.2355284469075487,0.46,0.24,0.26
YOR312C,172,2.2355284469075487,0.46,0.24,0.26
YAR010C,440,2.6434526764861874,0.28,0.14,0.22
YPR137C-A,440,2.6434526764861874,0.28,0.14,0.22
YOR142W-A,440,2.6434526764861874,0.3,0.14,0.24
YPR158W-A,440,2.6434526764861874,0.3,0.14,0.24
YFL002W-B,438,2.6414741105040997,0.36,0.12,0.24
YGR161W-A,438,2.6414741105040997,0.36,0.12,0.24
YDR316W-A,440,2.6434526764861874,0.3,0.14,0.24
YER159C-A,440,2.6434526764861874,0.3,0.14,0.24
YGR161C-C,440,2.6434526764861874,0.3,0.14,0.24
YLR035C-B,440,2.6434526764861874,0.3,0.14,0.24
YMR051C,440,2.6434526764861874,0.3,0.14,0.24
YDR365W-A,440,2.6434526764861874,0.28,0.14,0.22
YER137C-A,440,2.6434526764861874,0.28,0.14,0.22
YLR157C-A,440,2.6434526764861874,0.28,0.14,0.22
YPL257W-A,440,2.6434526764861874,0.28,0.14,0.22
YJR026W,440,2.6434526764861874,0.26,0.16,0.22
YLR227W-A,440,2.6434526764861874,0.26,0.16,0.22
YML040W,440,2.6434526764861874,0.26,0.16,0.22
YCL066W,175,2.2430380486862944,0.38,0.32,0.24
YCL067C,210,2.322219294733919,0.42,0.12,0.28
YCR097W,126,2.100370545117563,0.38,0.06,0.28
YPR166C,115,2.060697840353612,0.48,0.22,0.26
YNL188W,433,2.6364878963533656,0.28,0.2,0.14
YDR447C,136,2.1335389083702174,0.34,0.28,0.28
YDR197W,389,2.5899496013257077,0.52,0.12,0.38
YDR414C,362,2.558708570533166,0.58,0.08,0.38
YIL136W,393,2.5943925503754266,0.4,0.12,0.34
YGL017W,503,2.7015679850559273,0.42,0.16,0.2
YAL008W,198,2.296665190261531,0.5,0.18,0.3
YLR392C,518,2.714329759745233,0.44,0.1,0.3
YHR028C,818,2.912753303671323,0.5,0.18,0.4
YMR225C,98,1.9912260756924949,0.48,0.14,0.32
YMR013C,519,2.715167357848458,0.36,0.16,0.2
YOR307C,453,2.656098202012832,0.3,0.2,0.14
YIL119C,407,2.60959440922522,0.34,0.04,0.18
YMR281W,304,2.482873583608754,0.5,0.22,0.36
YCR023C,611,2.7860412102425545,0.58,0.1,0.3
YCR007C,239,2.3783979009481375,0.36,0.06,0.24
YCL048W,463,2.6655809910179533,0.5,0.22,0.32
YCL020W,438,2.6414741105040997,0.36,0.12,0.24
YCL038C,528,2.722633922533812,0.4,0.08,0.26
YCL056C,144,2.1583624920952498,0.48,0.1,0.38
YCL058C,152,2.1818435879447726,0.46,0.1,0.28
YCR106W,832,2.920123326290724,0.28,0.26,0.22
YCR021C,332,2.5211380837040362,0.52,0.1,0.32
YMR152W,365,2.5622928644564746,0.4,0.06,0.34
YKL003C,131,2.1172712956557644,0.48,0.14,0.4
YGL142C,616,2.7895807121644256,0.58,0.18,0.34
YKL167C,137,2.1367205671564067,0.4,0.22,0.28
YNL316C,334,2.5237464668115646,0.42,0.08,0.28
YMR064W,518,2.714329759745233,0.46,0.26,0.28
YOR017W,800,2.9030899869919438,0.36,0.16,0.22
YEL045C,141,2.14921911265538,0.52,0.18,0.32
YER132C,1753,3.243781916093795,0.5,0.1,0.34
YDL167C,719,2.8567288903828825,0.48,0.1,0.38
YJL044C,458,2.660865478003869,0.4,0.18,0.28
YKL039W,523,2.718501688867274,0.4,0.16,0.22
YKL037W,118,2.0718820073061255,0.48,0.14,0.32
YCR024C-A,40,1.6020599913279625,0.6,0.125,0.475
YJR095W,322,2.507855871695831,0.46,0.2,0.34
YER009W,125,2.0969100130080562,0.32,0.06,0.18
YPR198W,543,2.734799829588847,0.58,0.06,0.48
YBL066C,1148,3.059941888061955,0.22,0.24,0.1
YKL187C,750,2.8750612633917,0.54,0.12,0.4
YKL183W,306,2.48572142648158,0.4,0.18,0.2
YKL105C,1132,3.0538464268522527,0.4,0.08,0.32
YBL001C,104,2.0170333392987803,0.48,0.12,0.34
YKL142W,219,2.3404441148401185,0.34,0.16,0.3
YKL064W,969,2.9863237770507656,0.24,0.3,0.12
YKL051W,353,2.5477747053878224,0.66,0.06,0.28
YKL221W,473,2.6748611407378116,0.36,0.14,0.26
YKL208W,271,2.432969290874406,0.3,0.26,0.22
YKL084W,116,2.0644579892269186,0.34,0.2,0.24
YKL047W,516,2.7126497016272113,0.42,0.12,0.24
YKR030W,273,2.436162647040756,0.32,0.16,0.16
YKR044W,443,2.6464037262230695,0.44,0.14,0.34
YKR049C,133,2.123851640967086,0.4,0.18,0.26
YKR105C,582,2.7649229846498886,0.38,0.04,0.3
YDR441C,181,2.2576785748691846,0.44,0.12,0.22
YGR174C,147,2.167317334748176,0.48,0.1,0.32
YBL092W,130,2.113943352306837,0.32,0.42,0.2
YBR033W,919,2.9633155113861114,0.22,0.26,0.12
YBR054W,344,2.53655844257153,0.48,0.1,0.32
YBR056W,501,2.699837725867246,0.32,0.2,0.2
YBR104W,329,2.5171958979499744,0.4,0.1,0.28
YBR008C,548,2.738780558484369,0.3,0.16,0.24
YBR240C,450,2.6532125137753435,0.28,0.28,0.14
YBR241C,488,2.6884198220027105,0.42,0.1,0.32
YBR298C,614,2.788168371141168,0.28,0.18,0.2
YBR297W,468,2.670245853074124,0.26,0.26,0.16
YBL095W,270,2.4313637641589874,0.6,0.08,0.38
YBL089W,459,2.6618126855372615,0.56,0.06,0.34
YBL036C,257,2.4099331233312946,0.4,0.14,0.38
YBR016W,128,2.1072099696478683,0.2,0.1,0.06
YBR052C,210,2.322219294733919,0.46,0.08,0.38
YBR151W,316,2.499687082618404,0.28,0.18,0.22
YBR194W,123,2.089905111439398,0.26,0.26,0.2
YBR210W,142,2.1522883443830567,0.42,0.06,0.36
YBR230C,134,2.1271047983648077,0.3,0.18,0.26
YBR238C,731,2.8639173769578603,0.44,0.2,0.22
YBR255W,694,2.841359470454855,0.28,0.18,0.18
YBR266C,150,2.1760912590556813,0.28,0.1,0.22
YBR293W,474,2.6757783416740852,0.44,0.04,0.28
YBR162W-A,65,1.8129133566428557,0.36,0.26,0.24
YHR039C,644,2.808885867359812,0.42,0.1,0.3
YHR002W,357,2.552668216112193,0.24,0.16,0.16
YHR019C,554,2.74350976472843,0.42,0.12,0.26
YHR091C,643,2.808210972924222,0.38,0.18,0.16
YHL036W,546,2.7371926427047373,0.38,0.06,0.24
YHL029C,679,2.8318697742805017,0.34,0.24,0.24
YHL028W,605,2.781755374652469,0.36,0.06,0.28
YHL017W,532,2.7259116322950483,0.38,0.1,0.26
YHL014C,405,2.6074550232146687,0.44,0.08,0.28
YHL008C,627,2.7972675408307164,0.52,0.08,0.42
YHR032W,581,2.7641761323903307,0.28,0.1,0.18
YHR038W,230,2.361727836017593,0.4,0.16,0.26
YHR048W,514,2.710963118995276,0.3,0.14,0.26
YHR067W,280,2.4471580313422194,0.46,0.24,0.24
YHR087W,111,2.0453229787866576,0.44,0.08,0.3
YHR097C,366,2.5634810853944106,0.3,0.1,0.14
YHR103W,852,2.9304395947667,0.3,0.18,0.2
YHR110W,212,2.3263358609287517,0.44,0.14,0.36
YHR136C,148,2.1702617153949575,0.34,0.12,0.2
YHR140W,239,2.3783979009481375,0.52,0.1,0.34
YHR150W,579,2.762678563727436,0.36,0.14,0.3
YHR151C,526,2.7209857441537393,0.54,0.02,0.34
YHR156C,340,2.5314789170422554,0.16,0.2,0.12
YHR159W,504,2.7024305364455254,0.28,0.2,0.18
YHR185C,237,2.374748346010104,0.34,0.14,0.2
YHR198C,321,2.5065050324048723,0.28,0.24,0.14
YHR199C,310,2.4913616938342726,0.4,0.2,0.3
YDR079W,111,2.0453229787866576,0.52,0.12,0.26
YOR266W,423,2.6263403673750423,0.48,0.18,0.4
YNL270C,573,2.75815462196739,0.26,0.1,0.2
YJL174W,276,2.4409090820652177,0.52,0.06,0.34
YER061C,442,2.645422269349092,0.36,0.12,0.26
YAR031W,298,2.4742162640762553,0.36,0.24,0.16
YAL055W,180,2.255272505103306,0.4,0.14,0.28
YER007W,518,2.714329759745233,0.36,0.18,0.22
YER130C,443,2.6464037262230695,0.36,0.1,0.22
YER087W,576,2.7604224834232123,0.36,0.18,0.24
YEL064C,480,2.681241237375587,0.28,0.06,0.14
YEL059W,102,2.0086001717619175,0.58,0.04,0.3
YEL017W,337,2.5276299008713385,0.4,0.2,0.24
YEL007W,666,2.823474229170301,0.44,0.14,0.32
YEL001C,225,2.3521825181113627,0.52,0.06,0.38
YER057C,129,2.110589710299249,0.54,0.06,0.4
YER060W,528,2.722633922533812,0.28,0.14,0.18
YER064C,505,2.7032913781186614,0.22,0.28,0.14
YER077C,688,2.837588438235511,0.32,0.16,0.24
YER134C,178,2.250420002308894,0.4,0.1,0.24
YER185W,303,2.4814426285023052,0.56,0.12,0.42
YNL214W,199,2.298853076409707,0.46,0.08,0.3
YNL213C,214,2.330413773349191,0.36,0.24,0.26
YIL057C,164,2.214843848047698,0.26,0.24,0.14
YMR140W,489,2.6893088591236203,0.22,0.14,0.14
YJL094C,873,2.94101424370557,0.56,0.06,0.34
YDR006C,901,2.954724790979063,0.3,0.1,0.14
YNR004W,146,2.164352855784437,0.42,0.14,0.34
YJR061W,935,2.9708116108725178,0.54,0.16,0.4
YIL166C,542,2.733999286538387,0.32,0.16,0.22
YIL158W,204,2.3096301674258988,0.54,0.14,0.42
YIL135C,436,2.639486489268586,0.3,0.12,0.12
YIL134W,311,2.4927603890268375,0.46,0.14,0.38
YIL108W,696,2.842609239610562,0.4,0.14,0.28
YIL052C,121,2.0827853703164503,0.34,0.28,0.24
YIL041W,326,2.513217600067939,0.36,0.1,0.26
YIL023C,346,2.5390760987927767,0.38,0.22,0.3
YIL020C,261,2.416640507338281,0.32,0.18,0.22
YIL019W,346,2.5390760987927767,0.26,0.14,0.14
YIR001C,250,2.3979400086720375,0.3,0.16,0.26
YIR014W,242,2.383815365980431,0.46,0.12,0.36
YDL107W,351,2.5453071164658243,0.48,0.2,0.22
YDR351W,864,2.936513742478893,0.32,0.22,0.2
YNL328C,146,2.164352855784437,0.56,0.08,0.44
YGR207C,261,2.416640507338281,0.48,0.16,0.34
YJL111W,550,2.7403626894942437,0.42,0.06,0.32
YFL055W,558,2.7466341989375787,0.4,0.14,0.3
YFL046W,207,2.315970345456918,0.4,0.2,0.24
YFL040W,540,2.7323937598229686,0.6,0.14,0.4
YFR041C,295,2.469822015978163,0.46,0.08,0.28
YFR048W,662,2.8208579894397,0.4,0.18,0.2
YGL170C,413,2.615950051656401,0.3,0.14,0.16
YGL168W,110,2.041392685158225,0.48,0.14,0.34
YJL116C,337,2.5276299008713385,0.48,0.14,0.36
YJL185C,293,2.4668676203541096,0.36,0.12,0.26
YJL170C,209,2.3201462861110542,0.42,0.18,0.18
YJL162C,583,2.765668554759014,0.32,0.18,0.26
YJL160C,287,2.4578818967339924,0.48,0.1,0.3
YJL147C,382,2.582063362911709,0.36,0.18,0.26
YJL131C,356,2.5514499979728753,0.38,0.24,0.2
YJL051W,822,2.9148718175400505,0.54,0.14,0.46
YJL023C,347,2.5403294747908736,0.4,0.2,0.24
YJL003W,118,2.0718820073061255,0.46,0.2,0.26
YJR003C,519,2.715167357848458,0.4,0.28,0.28
YJR008W,338,2.5289167002776547,0.4,0.18,0.3
YJR028W,440,2.6434526764861874,0.26,0.16,0.22
YJR044C,140,2.146128035678238,0.68,0.06,0.46
YJR080C,394,2.595496221825574,0.38,0.18,0.28
YJR100C,327,2.514547752660286,0.36,0.24,0.24
YJR111C,283,2.45178643552429,0.52,0.12,0.36
YJR116W,279,2.4456042032735974,0.54,0.08,0.34
YJR118C,203,2.307496037913213,0.6,0.04,0.4
YJR129C,339,2.530199698203082,0.34,0.16,0.24
YJR133W,209,2.3201462861110542,0.46,0.18,0.36
YJR134C,707,2.8494194137968996,0.28,0.22,0.22
YJR147W,358,2.5538830266438746,0.42,0.1,0.26
YJR149W,404,2.606381365110605,0.48,0.1,0.28
YJR161C,383,2.583198773968623,0.42,0.14,0.24
YPL040C,1002,3.000867721531227,0.42,0.26,0.3
YNL300W,102,2.0086001717619175,0.4,0.04,0.28
YNL295W,524,2.7193312869837265,0.28,0.24,0.18
YGR224W,613,2.787460474518415,0.22,0.16,0.16
YMR019W,949,2.977266212427293,0.52,0.2,0.42
YDL049C,268,2.428134794028789,0.56,0.08,0.4
YDR350C,684,2.835056101720116,0.44,0.16,0.28
YNR075W,374,2.5728716022004803,0.42,0.12,0.24
YGR213C,317,2.5010592622177517,0.52,0.14,0.38
YGL258W,206,2.3138672203691533,0.44,0.08,0.28
YGL250W,241,2.3820170425748683,0.32,0.08,0.28
YGL186C,579,2.762678563727436,0.28,0.18,0.2
YGL121C,126,2.100370545117563,0.44,0.06,0.32
YGL108C,140,2.146128035678238,0.24,0.32,0.14
YGL104C,486,2.6866362692622934,0.44,0.14,0.36
YGL096W,276,2.4409090820652177,0.42,0.14,0.22
YGL082W,381,2.5809249756756194,0.5,0.08,0.42
YGL056C,527,2.7218106152125467,0.28,0.12,0.16
YGR001C,248,2.3944516808262164,0.28,0.12,0.2
YGR004W,462,2.6646419755561257,0.26,0.18,0.22
YGR065C,593,2.7730546933642626,0.28,0.18,0.18
YGR067C,804,2.905256048748451,0.34,0.3,0.2
YGR077C,589,2.7701152947871015,0.44,0.12,0.36
YGR089W,936,2.9712758487381055,0.38,0.22,0.2
YGR096W,314,2.496929648073215,0.5,0.14,0.38
YGR131W,174,2.2405492482826,0.56,0.08,0.46
YGR141W,467,2.6693168805661123,0.5,0.16,0.32
YGR161C,263,2.419955748489758,0.38,0.28,0.26
YGR212W,468,2.670245853074124,0.44,0.2,0.34
YGR248W,255,2.406540180433955,0.44,0.14,0.32
YGR283C,341,2.5327543789924976,0.4,0.24,0.34
YGR288W,473,2.6748611407378116,0.24,0.22,0.16
YPR003C,754,2.8773713458697743,0.22,0.18,0.08
YMR016C,785,2.8948696567452528,0.24,0.06,0.14
YNR021W,404,2.606381365110605,0.44,0.08,0.24
YNR022C,139,2.143014800254095,0.42,0.24,0.3
YNR039C,605,2.781755374652469,0.42,0.02,0.24
YNR056C,561,2.7489628612561616,0.44,0.2,0.22
YNR065C,1116,3.04766419460156,0.36,0.08,0.22
YNR066C,436,2.639486489268586,0.5,0.04,0.34
YNL279W,661,2.82020145948564,0.48,0.12,0.36
YNL254C,401,2.603144372620182,0.26,0.26,0.2
YNL187W,357,2.552668216112193,0.4,0.12,0.24
YNL181W,407,2.60959440922522,0.44,0.14,0.3
YNL176C,636,2.803457115648414,0.3,0.04,0.2
YNL173C,366,2.5634810853944106,0.52,0.08,0.22
YNL164C,351,2.5453071164658243,0.4,0.06,0.26
YNL156C,299,2.4756711883244296,0.3,0.14,0.22
YNL133C,173,2.2380461031287955,0.26,0.22,0.2
YNL125C,673,2.828015064223977,0.36,0.06,0.22
YNL056W,197,2.294466226161593,0.44,0.16,0.26
YNL042W,396,2.597695185925512,0.36,0.1,0.2
YNL038W,229,2.359835482339888,0.34,0.24,0.22
YNL029C,522,2.717670503002262,0.56,0.06,0.42
YNL024C,246,2.3909351071033793,0.38,0.12,0.24
YML052W,302,2.4800069429571505,0.58,0.08,0.44
YMR316W,336,2.526339277389844,0.38,0.22,0.24
YDR525W-A,79,1.8976270912904414,0.74,0.12,0.44
YER056C-A,121,2.0827853703164503,0.34,0.28,0.24
YER093C-A,137,2.1367205671564067,0.48,0.24,0.34
YMR182C,211,2.3242824552976926,0.26,0.32,0.12
YKL087C,224,2.3502480183341627,0.3,0.14,0.16
YPR005C,294,2.4683473304121573,0.34,0.12,0.22
YPL013C,121,2.0827853703164503,0.5,0.18,0.36
YER058W,107,2.0293837776852097,0.42,0.2,0.34
YJR034W,108,2.03342375548695,0.44,0.14,0.3
YPL105C,849,2.928907690243953,0.48,0.06,0.34
YPL098C,113,2.05307844348342,0.48,0.04,0.2
YPL109C,657,2.8175653695597807,0.4,0.2,0.18
YPL130W,223,2.3483048630481607,0.44,0.06,0.36
YPL041C,207,2.315970345456918,0.44,0.1,0.18
YMR097C,367,2.5646660642520893,0.42,0.22,0.22
YMR098C,612,2.7867514221455614,0.42,0.22,0.24
YMR285C,515,2.711807229041191,0.3,0.28,0.24
YMR289W,374,2.5728716022004803,0.4,0.1,0.2
YDR492W,316,2.499687082618404,0.34,0.18,0.24
YDL001W,430,2.6334684555795866,0.28,0.18,0.18
YDR210W,75,1.8750612633917,0.24,0.0,0.04
YDR210W-A,438,2.6414741105040997,0.34,0.12,0.22
YMR266W,953,2.979092900638326,0.38,0.08,0.3
YMR269W,211,2.3242824552976926,0.32,0.22,0.2
YMR211W,475,2.676693609624867,0.38,0.12,0.3
YMR002W,156,2.1931245983544616,0.38,0.16,0.2
YMR003W,198,2.296665190261531,0.46,0.16,0.34
YML038C,442,2.645422269349092,0.54,0.08,0.3
YDR248C,193,2.285557309007774,0.4,0.18,0.28
YMR156C,238,2.376576957056512,0.48,0.18,0.26
YMR157C,255,2.406540180433955,0.4,0.22,0.26
YMR158W,155,2.1903316981702914,0.42,0.12,0.34
YDR098C-A,440,2.6434526764861874,0.3,0.14,0.24
YMR123W,122,2.0863598306747484,0.6,0.06,0.4
YDR131C,556,2.7450747915820575,0.44,0.12,0.26
YDR170W-A,440,2.6434526764861874,0.3,0.1,0.22
YDR184C,294,2.4683473304121573,0.3,0.12,0.24
YDR186C,877,2.9429995933660407,0.4,0.08,0.3
YDR438W,370,2.568201724066995,0.56,0.06,0.42
YML101C,117,2.0681858617461617,0.48,0.12,0.3
YMR040W,160,2.204119982655925,0.6,0.14,0.42
YMR046C,440,2.6434526764861874,0.28,0.1,0.22
YMR126C,342,2.534026106056135,0.56,0.08,0.4
YML011C,177,2.247973266361807,0.4,0.12,0.24
YML006C,774,2.8887409606828927,0.36,0.12,0.24
YMR088C,562,2.749736315569061,0.54,0.06,0.28
YMR195W,127,2.103803720955957,0.36,0.06,0.2
YDR031W,121,2.0827853703164503,0.36,0.14,0.26
YDR520C,772,2.8876173003357364,0.36,0.16,0.24
YDR527W,439,2.6424645202421213,0.28,0.14,0.18
YDR528W,423,2.6263403673750423,0.48,0.18,0.18
YML087C,312,2.494154594018443,0.52,0.04,0.32
YDR115W,105,2.0211892990699383,0.5,0.1,0.24
YDR119W,768,2.885361220031512,0.3,0.34,0.24
YDR125C,453,2.656098202012832,0.38,0.3,0.24
YML045W-A,440,2.6434526764861874,0.3,0.12,0.24
YMR063W,239,2.3783979009481375,0.58,0.1,0.38
YMR071C,167,2.2227164711475833,0.54,0.08,0.38
YMR251W,366,2.5634810853944106,0.44,0.18,0.24
YMR310C,317,2.5010592622177517,0.34,0.22,0.24
YDR219C,465,2.667452952889954,0.48,0.1,0.32
YMR222C,223,2.3483048630481607,0.44,0.14,0.24
YDR282C,414,2.617000341120899,0.34,0.2,0.22
YDL189W,457,2.6599162000698504,0.44,0.08,0.26
YEL059C-A,74,1.8692317197309762,0.42,0.14,0.26
YLR281C,155,2.1903316981702914,0.42,0.22,0.22
YLR283W,314,2.496929648073215,0.4,0.22,0.26
YLR297W,129,2.110589710299249,0.36,0.14,0.28
YLR301W,244,2.3873898263387296,0.48,0.14,0.24
YLR227C,493,2.69284691927723,0.44,0.2,0.32
YLR390W,112,2.0492180226701815,0.38,0.2,0.28
YPR114W,315,2.4983105537896004,0.6,0.1,0.4
YPR115W,1083,3.0346284566253203,0.28,0.12,0.12
YPR117W,2489,3.3960248966085933,0.6,0.14,0.38
YLR341W,477,2.678518379040114,0.38,0.12,0.16
YLR327C,86,1.9344984512435677,0.24,0.22,0.08
YLR443W,448,2.651278013998144,0.56,0.1,0.4
YPR169W,492,2.6919651027673606,0.52,0.14,0.38
YPR157W,467,2.6693168805661123,0.62,0.16,0.4
YPR158W,252,2.401400540781544,0.46,0.18,0.28
YLR356W,197,2.294466226161593,0.48,0.04,0.42
YPR121W,572,2.7573960287930244,0.54,0.04,0.32
YPR127W,345,2.537819095073274,0.42,0.18,0.28
YPR153W,140,2.146128035678238,0.46,0.08,0.22
YLR251W,197,2.294466226161593,0.42,0.18,0.3
YDR302W,219,2.3404441148401185,0.3,0.3,0.16
YDR307W,662,2.8208579894397,0.46,0.16,0.3
YLR436C,1274,3.1051694279993316,0.4,0.08,0.28
YLR411W,241,2.3820170425748683,0.36,0.14,0.2
YLR412W,274,2.437750562820388,0.42,0.22,0.28
YLR413W,675,2.829303772831025,0.52,0.06,0.42
YLR419W,1435,3.156851901070011,0.24,0.28,0.14
YPR085C,443,2.6464037262230695,0.44,0.16,0.34
YDL027C,420,2.6232492903979003,0.52,0.12,0.3
YDL048C,490,2.690196080028514,0.46,0.12,0.22
YDL053C,185,2.2671717284030137,0.4,0.08,0.26
YDL054C,486,2.6866362692622934,0.5,0.14,0.4
YDL072C,203,2.307496037913213,0.64,0.1,0.44
YDL123W,140,2.146128035678238,0.6,0.02,0.4
YDL223C,1046,3.0195316845312554,0.18,0.12,0.04
YDL224C,649,2.812244696800369,0.4,0.1,0.24
YDL231C,1125,3.0511525224473814,0.32,0.16,0.18
YDL233W,458,2.660865478003869,0.54,0.0,0.18
YDL248W,383,2.583198773968623,0.4,0.16,0.24
YLL005C,868,2.938519725176492,0.46,0.14,0.28
YLR003C,291,2.4638929889859074,0.34,0.12,0.22
YLR004C,523,2.718501688867274,0.34,0.12,0.26
YLR023C,543,2.734799829588847,0.3,0.18,0.16
YLR037C,124,2.093421685162235,0.58,0.08,0.52
YLR040C,224,2.3502480183341627,0.56,0.08,0.4
YLR042C,161,2.2068258760318495,0.52,0.04,0.4
YOL028C,245,2.3891660843645326,0.38,0.18,0.2
YOL032W,246,2.3909351071033793,0.52,0.1,0.36
YOL053W,395,2.59659709562646,0.32,0.32,0.16
YOL057W,711,2.851869600729766,0.42,0.2,0.22
YOL065C,384,2.584331224367531,0.42,0.1,0.28
YOL075C,1294,3.111934276332682,0.4,0.12,0.3
YOL119C,501,2.699837725867246,0.38,0.14,0.24
YOL137W,497,2.696356388733332,0.3,0.12,0.18
YOR044W,157,2.1958996524092336,0.66,0.04,0.52
YOR052C,150,2.1760912590556813,0.34,0.2,0.24
YOR242C,371,2.569373909615046,0.22,0.22,0.1
YOR256C,809,2.9079485216122722,0.32,0.08,0.16
YOR264W,430,2.6334684555795866,0.42,0.16,0.26
YOR298W,479,2.680335513414563,0.52,0.08,0.28
YOR306C,521,2.7168377232995247,0.32,0.06,0.22
YOR354C,692,2.840106094456758,0.26,0.2,0.22
YOR380W,546,2.7371926427047373,0.32,0.26,0.2
YOR383C,204,2.3096301674258988,0.44,0.08,0.36
YPL176C,783,2.8937617620579434,0.38,0.02,0.18
YPL186C,304,2.482873583608754,0.42,0.12,0.2
YPL193W,381,2.5809249756756194,0.24,0.16,0.12
YPL201C,461,2.663700925389648,0.3,0.12,0.16
YPL225W,146,2.164352855784437,0.42,0.1,0.3
YLR082C,392,2.593286067020457,0.26,0.2,0.12
YDR030C,506,2.7041505168397992,0.34,0.14,0.16
YPL148C,173,2.2380461031287955,0.44,0.2,0.28
YOR283W,230,2.361727836017593,0.28,0.18,0.2
YOR104W,282,2.450249108319361,0.46,0.14,0.3
YGR027W-A,440,2.6434526764861874,0.26,0.16,0.22
YPL005W,606,2.782472624166286,0.44,0.18,0.32
YOR118W,567,2.7535830588929064,0.28,0.12,0.18
YOL097C,432,2.635483746814912,0.3,0.1,0.24
YDR033W,320,2.505149978319906,0.44,0.1,0.24
YER060W-A,530,2.724275869600789,0.4,0.12,0.3
YLR363C,218,2.338456493604605,0.42,0.06,0.26
YPR022C,1133,3.0542299098633974,0.26,0.26,0.12
YLR064W,273,2.436162647040756,0.5,0.16,0.22
YPR013C,317,2.5010592622177517,0.28,0.12,0.18
YLR050C,161,2.2068258760318495,0.54,0.16,0.38
YDR065W,365,2.5622928644564746,0.38,0.22,0.26
YLR054C,724,2.859738566197147,0.46,0.06,0.34
YPR068C,470,2.6720978579357175,0.44,0.08,0.32
YBR012W-A,440,2.6434526764861874,0.3,0.14,0.24
YPR042C,1075,3.031408464251624,0.34,0.16,0.24
YOL107W,342,2.534026106056135,0.44,0.12,0.3
YLR068W,151,2.1789769472931693,0.26,0.32,0.2
YPR011C,326,2.513217600067939,0.54,0.1,0.42
YOL084W,991,2.9960736544852753,0.52,0.12,0.38
YBL100W-A,438,2.6414741105040997,0.34,0.12,0.24
YBL005W-A,440,2.6434526764861874,0.3,0.1,0.22
YOR214C,236,2.3729120029701067,0.46,0.04,0.24
YLR126C,251,2.399673721481038,0.44,0.12,0.3
YLR063W,365,2.5622928644564746,0.46,0.16,0.24
YOR343W-A,438,2.6414741105040997,0.36,0.12,0.22
YOR021C,213,2.3283796034387376,0.42,0.1,0.3
YOR172W,786,2.895422546039408,0.26,0.32,0.14
YPR061C,301,2.4785664955938436,0.42,0.22,0.24
YPR155C,616,2.7895807121644256,0.34,0.14,0.28
YNL284C-A,440,2.6434526764861874,0.3,0.14,0.24
YDR034C-C,438,2.6414741105040997,0.36,0.08,0.24
YLR091W,293,2.4668676203541096,0.48,0.12,0.38
YDL199C,687,2.8369567370595505,0.36,0.18,0.22
YOR161C,539,2.7315887651867388,0.36,0.12,0.12
YDL206W,762,2.8819549713396007,0.52,0.08,0.4
YLR130C,422,2.625312450961674,0.48,0.08,0.4
YOR192C-A,438,2.6414741105040997,0.36,0.08,0.22
YDR210C-C,440,2.6434526764861874,0.3,0.14,0.24
YDR067C,224,2.3502480183341627,0.48,0.1,0.28
YNL054W-A,440,2.6434526764861874,0.3,0.14,0.24
YPR004C,344,2.53655844257153,0.48,0.16,0.38
YGR038C-A,440,2.6434526764861874,0.28,0.16,0.24
YDL012C,107,2.0293837776852097,0.26,0.06,0.1
YLR114C,764,2.88309335857569,0.48,0.1,0.26
YDR257C,494,2.693726948923647,0.36,0.16,0.26
YDL173W,295,2.469822015978163,0.36,0.16,0.2
YDL133W,437,2.640481436970422,0.26,0.08,0.24
YPL079W,160,2.204119982655925,0.3,0.28,0.2
YDL082W,199,2.298853076409707,0.44,0.34,0.3
YDR374W-A,89,1.9493900066449128,0.34,0.1,0.3
YCL058W-A,113,2.05307844348342,0.26,0.32,0.2
YDR381C-A,114,2.0569048513364727,0.46,0.16,0.36
YPR036W-A,67,1.8260748027008264,0.54,0.04,0.4
YLR262C-A,64,1.806179973983887,0.36,0.26,0.22
YOR020W-A,90,1.954242509439325,0.44,0.14,0.32
YJL127C-B,52,1.7160033436347992,0.5,0.1,0.32
YPR158C-C,440,2.6434526764861874,0.28,0.12,0.22
YML058W-A,68,1.8325089127062364,0.42,0.12,0.24
YDR034W-B,51,1.7075701760979363,0.34,0.16,0.18
YNL024C-A,72,1.8573324964312685,0.52,0.14,0.36
YLR154W-C,124,2.093421685162235,0.38,0.14,0.08
YGR031C-A,163,2.2121876044039577,0.38,0.16,0.3
YOL103W-A,440,2.6434526764861874,0.28,0.12,0.22
YOR092W,613,2.787460474518415,0.54,0.1,0.44
YDR261W-A,438,2.6414741105040997,0.38,0.12,0.26
YPL159C,253,2.403120521175818,0.44,0.16,0.26
YPR010C-A,72,1.8573324964312685,0.44,0.14,0.32
YAR023C,179,2.2528530309798933,0.66,0.04,0.44
YAL065C,128,2.1072099696478683,0.28,0.06,0.24
YAL064W-B,126,2.100370545117563,0.5,0.06,0.44
YHR021W-A,151,2.1789769472931693,0.6,0.14,0.32
YPR099C,118,2.0718820073061255,0.46,0.06,0.2
YPR089W,888,2.948412965778601,0.38,0.16,0.26
YBR085C-A,85,1.9294189257142929,0.3,0.12,0.2
Q0255,472,2.673941998634088,0.42,0.1,0.26
YPR134W,268,2.428134794028789,0.46,0.12,0.3
YDR034C-A,58,1.7634279935629373,0.44,0.04,0.32
YER039C-A,72,1.8573324964312685,0.46,0.1,0.28
YLL053C,152,2.1818435879447726,0.58,0.06,0.36
YOL162W,215,2.3324384599156054,0.64,0.04,0.48
YOL163W,169,2.2278867046136734,0.48,0.06,0.28
YBR302C,379,2.578639209968072,0.4,0.16,0.24
YAR066W,203,2.307496037913213,0.44,0.06,0.36
YHR214W,203,2.307496037913213,0.44,0.06,0.36
YFL068W,160,2.204119982655925,0.5,0.18,0.28
YCR096C,119,2.0755469613925306,0.28,0.2,0.18
YKL093W,339,2.530199698203082,0.32,0.1,0.16
YCR054C,563,2.7505083948513462,0.42,0.08,0.18
YCL002C,263,2.419955748489758,0.52,0.1,0.44
YCR104W,124,2.093421685162235,0.58,0.08,0.52
YCR061W,631,2.8000293592441343,0.46,0.04,0.26
YNL074C,452,2.655138434811382,0.32,0.08,0.16
YGR049W,187,2.271841606536499,0.5,0.06,0.44
YEL049W,120,2.0791812460476247,0.52,0.08,0.5
YEL033W,139,2.143014800254095,0.6,0.16,0.26
YHR017W,385,2.5854607295085006,0.38,0.14,0.3
YBL059W,193,2.285557309007774,0.44,0.22,0.26
YKL107W,309,2.4899584794248346,0.42,0.18,0.28
YKL222C,705,2.848189116991399,0.22,0.38,0.12
YKL219W,407,2.60959440922522,0.4,0.2,0.28
YKL162C,402,2.60422605308447,0.4,0.2,0.26
YKL133C,463,2.6655809910179533,0.34,0.28,0.16
YKL071W,256,2.4082399653118496,0.38,0.12,0.28
YKL023W,277,2.4424797690644486,0.24,0.12,0.18
YKR018C,725,2.8603380065709936,0.42,0.14,0.28
YKR045C,183,2.2624510897304293,0.26,0.26,0.18
YKR070W,352,2.546542663478131,0.5,0.2,0.34
YKR074W,155,2.1903316981702914,0.38,0.2,0.24
YCR041W,110,2.041392685158225,0.6,0.16,0.4
YGR147C,288,2.459392487759231,0.54,0.2,0.3
YBR063C,404,2.606381365110605,0.4,0.1,0.24
YBR284W,797,2.9014583213961123,0.36,0.04,0.24
YBR301W,120,2.0791812460476247,0.52,0.08,0.5
YBL048W,103,2.012837224705172,0.7,0.04,0.46
YBR047W,175,2.2430380486862944,0.46,0.24,0.32
YBR090C,122,2.0863598306747484,0.56,0.12,0.24
YBR138C,524,2.7193312869837265,0.32,0.06,0.26
YBR168W,413,2.615950051656401,0.42,0.2,0.26
YBR220C,560,2.7481880270062002,0.54,0.14,0.36
YBR287W,427,2.630427875025024,0.6,0.06,0.46
YHR033W,423,2.6263403673750423,0.44,0.16,0.36
YHL050C,697,2.8432327780980096,0.58,0.06,0.4
YHL048W,381,2.5809249756756194,0.4,0.16,0.24
YHL043W,170,2.230448921378274,0.36,0.16,0.22
YHL026C,315,2.4983105537896004,0.58,0.06,0.36
YHR045W,560,2.7481880270062002,0.56,0.06,0.44
YHR126C,159,2.2013971243204513,0.38,0.06,0.3
YHR131C,850,2.929418925714293,0.36,0.1,0.24
YHR180W,163,2.2121876044039577,0.58,0.04,0.34
YJL206C,758,2.8796692056320534,0.36,0.28,0.26
YJL193W,402,2.60422605308447,0.54,0.08,0.36
YAR029W,74,1.8692317197309762,0.32,0.14,0.14
YAL049C,246,2.3909351071033793,0.34,0.14,0.22
YEL072W,231,2.3636119798921444,0.42,0.14,0.32
YEL025C,1188,3.074816440645175,0.32,0.16,0.22
YER004W,231,2.3636119798921444,0.52,0.12,0.38
YER080W,627,2.7972675408307164,0.4,0.22,0.32
YER084W,128,2.1072099696478683,0.48,0.2,0.22
YER181C,107,2.0293837776852097,0.62,0.08,0.54
YER182W,244,2.3873898263387296,0.46,0.18,0.24
YNL212W,782,2.893206753059848,0.42,0.16,0.28
YNL208W,199,2.298853076409707,0.22,0.04,0.12
YNL195C,261,2.416640507338281,0.3,0.16,0.22
YMR132C,208,2.3180633349627615,0.36,0.14,0.18
YGR269W,108,2.03342375548695,0.4,0.12,0.24
YJL066C,252,2.401400540781544,0.42,0.12,0.2
YIL127C,206,2.3138672203691533,0.36,0.1,0.3
YIL117C,318,2.5024271199844326,0.32,0.06,0.26
YIL092W,633,2.801403710017355,0.28,0.2,0.16
YIL089W,205,2.311753861055754,0.52,0.16,0.34
YIL087C,157,2.1958996524092336,0.56,0.12,0.38
YIL077C,320,2.505149978319906,0.34,0.18,0.16
YIL067C,678,2.8312296938670634,0.3,0.06,0.16
YIL054W,105,2.0211892990699383,0.58,0.16,0.32
YIL037C,656,2.8169038393756605,0.62,0.1,0.36
YJL217W,198,2.296665190261531,0.3,0.14,0.14
YOR077W,232,2.3654879848909,0.22,0.24,0.14
YNL320W,284,2.4533183400470375,0.46,0.14,0.32
YJL108C,383,2.583198773968623,0.38,0.16,0.32
YFL067W,175,2.2430380486862944,0.42,0.02,0.34
YFL062W,379,2.578639209968072,0.4,0.16,0.24
YFL051C,160,2.204119982655925,0.46,0.06,0.32
YFL020C,122,2.0863598306747484,0.54,0.08,0.52
YFR006W,535,2.7283537820212285,0.38,0.2,0.22
YFR012W,202,2.305351369446624,0.52,0.04,0.34
YFR020W,232,2.3654879848909,0.46,0.06,0.28
YFR045W,309,2.4899584794248346,0.46,0.06,0.3
YJL163C,555,2.7442929831226763,0.3,0.02,0.24
YJL161W,180,2.255272505103306,0.36,0.12,0.24
YJL142C,130,2.113943352306837,0.56,0.12,0.44
YJL132W,750,2.8750612633917,0.5,0.08,0.38
YJL077C,131,2.1172712956557644,0.42,0.18,0.3
YJL016W,561,2.7489628612561616,0.46,0.14,0.28
YJR015W,510,2.7075701760979363,0.32,0.06,0.22
YJR085C,105,2.0211892990699383,0.44,0.1,0.32
YJR098C,656,2.8169038393756605,0.3,0.06,0.18
YJR106W,725,2.8603380065709936,0.64,0.1,0.44
YJR124C,448,2.651278013998144,0.54,0.12,0.38
YJR146W,117,2.0681858617461617,0.44,0.18,0.26
YJR154W,346,2.5390760987927767,0.3,0.16,0.18
YGR236C,95,1.9777236052888478,0.48,0.16,0.34
YGR249W,456,2.6589648426644352,0.48,0.16,0.24
YGL263W,380,2.57978359661681,0.42,0.1,0.18
YGL230C,147,2.167317334748176,0.34,0.14,0.22
YGL226W,123,2.089905111439398,0.44,0.2,0.26
YGL221C,288,2.459392487759231,0.38,0.14,0.3
YGL204C,101,2.0043213737826426,0.52,0.12,0.36
YGL146C,311,2.4927603890268375,0.5,0.18,0.34
YGL140C,1219,3.0860037056183818,0.48,0.2,0.34
YGL114W,725,2.8603380065709936,0.48,0.08,0.32
YGL057C,287,2.4578818967339924,0.58,0.22,0.4
YGR016W,190,2.278753600952829,0.3,0.14,0.22
YGR021W,290,2.462397997898956,0.3,0.26,0.24
YGR026W,278,2.444044795918076,0.48,0.26,0.34
YGR151C,111,2.0453229787866576,0.36,0.22,0.3
YGR168C,376,2.575187844927661,0.42,0.28,0.36
YGR294W,120,2.0791812460476247,0.52,0.08,0.5
YGR295C,381,2.5809249756756194,0.38,0.16,0.24
YLR461W,120,2.0791812460476247,0.52,0.08,0.5
YNL237W,459,2.6618126855372615,0.44,0.1,0.24
YNR059W,580,2.7634279935629373,0.46,0.22,0.32
YNR061C,219,2.3404441148401185,0.52,0.12,0.44
YNR062C,327,2.514547752660286,0.56,0.12,0.42
YNR063W,607,2.7831886910752575,0.26,0.3,0.2
YNL336W,381,2.5809249756756194,0.4,0.16,0.24
YNL211C,86,1.9344984512435677,0.4,0.18,0.18
YNL146W,100,2.0,0.5,0.2,0.3
YNL143C,130,2.113943352306837,0.36,0.18,0.24
YNL115C,644,2.808885867359812,0.36,0.12,0.24
YNL095C,642,2.807535028068853,0.62,0.1,0.5
YNL058C,316,2.499687082618404,0.4,0.12,0.28
YNL046W,172,2.2355284469075487,0.28,0.3,0.2
YNL033W,284,2.4533183400470375,0.46,0.06,0.36
YNL019C,284,2.4533183400470375,0.46,0.06,0.36
YLR152C,576,2.7604224834232123,0.6,0.08,0.46
YGR016C-A,35,1.5440680443502757,0.6857142857142857,0.02857142857142857,0.5428571428571428
YKR005C,525,2.720159303405957,0.5,0.04,0.38
YPL067C,198,2.296665190261531,0.26,0.26,0.18
YPL056C,101,2.0043213737826426,0.58,0.12,0.38
YJL205C,53,1.7242758696007892,0.46,0.2,0.28
YPL071C,156,2.1931245983544616,0.32,0.26,0.2
YPL108W,168,2.225309281725863,0.3,0.24,0.2
YPL107W,248,2.3944516808262164,0.34,0.14,0.18
YDR540C,179,2.2528530309798933,0.2,0.2,0.14
YML131W,365,2.5622928644564746,0.48,0.12,0.28
YDR090C,310,2.4913616938342726,0.58,0.08,0.38
YMR184W,198,2.296665190261531,0.34,0.18,0.18
YMR279C,540,2.7323937598229686,0.3,0.16,0.24
YDR476C,224,2.3502480183341627,0.44,0.14,0.34
YMR209C,457,2.6599162000698504,0.54,0.14,0.44
YML018C,393,2.5943925503754266,0.54,0.1,0.34
YDR239C,787,2.8959747323590648,0.26,0.24,0.1
YMR155W,547,2.737987326333431,0.4,0.18,0.24
YDR132C,495,2.694605198933569,0.42,0.1,0.24
YMR244W,355,2.550228353055094,0.44,0.12,0.3
YDR444W,687,2.8369567370595505,0.32,0.22,0.24
YDR387C,555,2.7442929831226763,0.38,0.02,0.3
YMR090W,227,2.3560258571931225,0.46,0.12,0.34
YDR504C,127,2.103803720955957,0.68,0.06,0.4
YDR514C,483,2.683947130751512,0.34,0.26,0.26
YML096W,525,2.720159303405957,0.38,0.06,0.24
YMR066W,898,2.9532763366673045,0.44,0.18,0.3
YMR253C,414,2.617000341120899,0.34,0.14,0.18
YDR222W,415,2.618048096712093,0.32,0.16,0.2
YMR221C,504,2.7024305364455254,0.5,0.1,0.36
YDR338C,695,2.8419848045901137,0.42,0.24,0.26
YDR275W,235,2.3710678622717363,0.46,0.18,0.32
YDR281C,104,2.0170333392987803,0.32,0.12,0.26
YLR219W,728,2.862131379313037,0.36,0.16,0.24
YLR278C,1341,3.127428777851599,0.26,0.32,0.22
YLR287C,355,2.550228353055094,0.32,0.16,0.22
YLR375W,343,2.5352941200427703,0.42,0.08,0.26
YLR225C,407,2.60959440922522,0.34,0.28,0.2
YLR407W,228,2.357934847000454,0.24,0.22,0.18
YPR098C,161,2.2068258760318495,0.5,0.1,0.3
YLR346C,101,2.0043213737826426,0.42,0.1,0.3
YLR257W,321,2.5065050324048723,0.3,0.06,0.2
YLR271W,274,2.437750562820388,0.24,0.28,0.1
YLR326W,240,2.380211241711606,0.28,0.2,0.14
YLR456W,204,2.3096301674258988,0.42,0.18,0.3
YLR162W,118,2.0718820073061255,0.54,0.12,0.34
YLR173W,608,2.783903579272735,0.36,0.14,0.26
YLR177W,628,2.797959643737196,0.34,0.1,0.22
YPR148C,435,2.6384892569546374,0.38,0.1,0.3
YPR151C,206,2.3138672203691533,0.36,0.28,0.3
YPR196W,470,2.6720978579357175,0.24,0.3,0.16
YPR172W,200,2.3010299956639813,0.48,0.12,0.34
YHR007C-A,71,1.8512583487190752,0.4,0.3,0.22
YDL129W,291,2.4638929889859074,0.32,0.18,0.22
YDL144C,356,2.5514499979728753,0.42,0.14,0.38
YDL218W,317,2.5010592622177517,0.48,0.14,0.36
YLL030C,113,2.05307844348342,0.52,0.14,0.26
YLL032C,825,2.916453948549925,0.48,0.16,0.3
YLR001C,862,2.9355072658247128,0.56,0.02,0.34
YLR036C,203,2.307496037913213,0.46,0.08,0.34
YLR077W,583,2.765668554759014,0.4,0.22,0.24
YOL042W,363,2.5599066250361124,0.44,0.14,0.24
YOL159C,171,2.232996110392154,0.5,0.0,0.28
YOL161C,120,2.0791812460476247,0.52,0.08,0.5
YOR068C,114,2.0569048513364727,0.58,0.06,0.42
YOR183W,129,2.110589710299249,0.3,0.32,0.18
YOR235W,104,2.0170333392987803,0.58,0.16,0.2
YOR238W,303,2.4814426285023052,0.42,0.12,0.26
YOR252W,178,2.250420002308894,0.34,0.36,0.26
YOR255W,278,2.444044795918076,0.36,0.34,0.16
YOR292C,309,2.4899584794248346,0.4,0.16,0.28
YOR296W,1289,3.110252917353403,0.42,0.04,0.36
YOR305W,242,2.383815365980431,0.42,0.16,0.32
YOR365C,703,2.846955325019824,0.58,0.08,0.4
YOR376W,122,2.0863598306747484,0.56,0.18,0.32
YOR385W,290,2.462397997898956,0.34,0.18,0.16
YOR387C,206,2.3138672203691533,0.46,0.06,0.3
YOR389W,624,2.795184589682424,0.48,0.14,0.34
YPL216W,1102,3.042181594515766,0.34,0.2,0.22
YPL223C,168,2.225309281725863,0.16,0.26,0.1
YPL257W,193,2.285557309007774,0.38,0.18,0.26
YPL264C,353,2.5477747053878224,0.42,0.1,0.3
YOR215C,185,2.2671717284030137,0.46,0.2,0.32
YPL162C,273,2.436162647040756,0.48,0.14,0.32
YOR220W,265,2.423245873936808,0.38,0.14,0.18
YPR027C,277,2.4424797690644486,0.56,0.06,0.4
YDR105C,473,2.6748611407378116,0.48,0.04,0.36
YDL211C,372,2.5705429398818973,0.36,0.04,0.3
YOR284W,243,2.385606273598312,0.34,0.18,0.24
YPR063C,140,2.146128035678238,0.52,0.12,0.32
YPL245W,454,2.6570558528571038,0.38,0.26,0.26
YOR342C,319,2.503790683057181,0.42,0.1,0.28
YLL054C,843,2.9258275746247424,0.32,0.24,0.2
YLR046C,270,2.4313637641589874,0.44,0.16,0.24
YDR061W,539,2.7315887651867388,0.48,0.18,0.26
YDL180W,547,2.737987326333431,0.54,0.1,0.36
YDR262W,272,2.4345689040341987,0.54,0.14,0.34
YPR071W,211,2.3242824552976926,0.56,0.12,0.28
YLR094C,502,2.7007037171450192,0.38,0.2,0.26
YOR131C,218,2.338456493604605,0.52,0.14,0.32
YDR070C,93,1.9684829485539352,0.4,0.22,0.22
YPL156C,284,2.4533183400470375,0.5,0.12,0.38
YPL247C,523,2.718501688867274,0.26,0.12,0.08
YKL065W-A,73,1.863322860120456,0.44,0.18,0.3
YKL023C-A,75,1.8750612633917,0.36,0.28,0.2
YIL102C-A,75,1.8750612633917,0.68,0.02,0.44
YCL048W-A,79,1.8976270912904414,0.5,0.02,0.38
YDR524C-B,66,1.8195439355418688,0.42,0.06,0.36
YLR363W-A,85,1.9294189257142929,0.34,0.42,0.24
YBL029C-A,94,1.9731278535996988,0.42,0.12,0.18
YOL159C-A,90,1.954242509439325,0.36,0.1,0.2
YJL133C-A,74,1.8692317197309762,0.46,0.12,0.34
YKL018C-A,99,1.99563519459755,0.5,0.1,0.3
YNL162W-A,72,1.8573324964312685,0.4,0.08,0.26
YMR194C-B,73,1.863322860120456,0.28,0.14,0.22
YER053C-A,37,1.568201724066995,0.5405405405405406,0.10810810810810811,0.2972972972972973
YDL085C-A,68,1.8325089127062364,0.3,0.3,0.22
YOR008C-A,74,1.8692317197309762,0.62,0.1,0.36
YCR024C-B,88,1.9444826721501687,0.62,0.08,0.34
YNL130C-A,48,1.6812412373755872,0.4166666666666667,0.16666666666666666,0.22916666666666666
YPL189C-A,68,1.8325089127062364,0.52,0.12,0.38
YNR034W-A,98,1.9912260756924949,0.46,0.12,0.36
YMR122W-A,84,1.9242792860618816,0.34,0.04,0.32
YIL134C-A,67,1.8260748027008264,0.54,0.1,0.42
YPR038W,119,2.0755469613925306,0.54,0.1,0.3
YPR159C-A,33,1.5185139398778875,0.696969696969697,0.030303030303030304,0.48484848484848486
YBR126W-A,68,1.8325089127062364,0.5,0.12,0.28
YCL026C-B,193,2.285557309007774,0.46,0.1,0.36
YPL229W,206,2.3138672203691533,0.4,0.04,0.14
Q0075,354,2.5490032620257876,0.6,0.06,0.28
YER038W-A,126,2.100370545117563,0.38,0.22,0.18
YLR302C,120,2.0791812460476247,0.34,0.16,0.24
YLR415C,112,2.0492180226701815,0.46,0.18,0.32
YFR010W-A,62,1.792391689498254,0.5,0.1,0.32
YGL041W-A,154,2.187520720836463,0.34,0.24,0.22
YKL145W-A,30,1.4771212547196624,0.6333333333333333,0.1,0.5666666666666667
YMR013C-A,49,1.6901960800285136,0.6530612244897959,0.10204081632653061,0.4489795918367347
YHR214C-D,97,1.9867717342662448,0.56,0.1,0.42
YER190C-B,160,2.204119982655925,0.5,0.18,0.28
YEL077W-A,160,2.204119982655925,0.5,0.18,0.28
YGR296C-B,160,2.204119982655925,0.5,0.18,0.28
YPL283W-B,160,2.204119982655925,0.5,0.18,0.28
YPR204C-A,160,2.204119982655925,0.5,0.18,0.28
YLL066W-A,160,2.204119982655925,0.5,0.18,0.28
YLL067W-A,160,2.204119982655925,0.5,0.18,0.28
YKL044W,106,2.0253058652647704,0.54,0.16,0.26
YBL071C,102,2.0086001717619175,0.42,0.2,0.28
YBR027C,110,2.041392685158225,0.44,0.06,0.3
YBR209W,105,2.0211892990699383,0.52,0.18,0.36
YBR219C,127,2.103803720955957,0.42,0.06,0.24
YBR292C,123,2.089905111439398,0.52,0.14,0.32
YHL037C,133,2.123851640967086,0.52,0.08,0.34
YHL005C,130,2.113943352306837,0.44,0.1,0.32
YHR078W,552,2.741939077729199,0.52,0.12,0.38
YHR130C,111,2.0453229787866576,0.58,0.08,0.28
YAR064W,99,1.99563519459755,0.32,0.14,0.18
YEL014C,101,2.0043213737826426,0.52,0.12,0.26
YNL198C,100,2.0,0.48,0.12,0.28
YIL060W,144,2.1583624920952498,0.5,0.1,0.34
YIL029C,142,2.1522883443830567,0.64,0.04,0.36
YFL015C,164,2.214843848047698,0.64,0.06,0.32
YFR035C,114,2.0569048513364727,0.32,0.16,0.18
YJL118W,219,2.3404441148401185,0.52,0.12,0.32
YJL028W,111,2.0453229787866576,0.5,0.2,0.34
YJL007C,104,2.0170333392987803,0.3,0.16,0.2
YGL149W,101,2.0043213737826426,0.66,0.08,0.46
YGL088W,121,2.0827853703164503,0.64,0.08,0.34
YGR045C,120,2.0791812460476247,0.42,0.2,0.28
YGR219W,113,2.05307844348342,0.52,0.06,0.28
YDR366C,132,2.12057393120585,0.52,0.1,0.34
YFR035W-A,96,1.9822712330395684,0.5,0.22,0.34
YPL068C,293,2.4668676203541096,0.42,0.22,0.26
YMR187C,431,2.6344772701607315,0.38,0.18,0.22
YDR209C,137,2.1367205671564067,0.44,0.14,0.26
YMR254C,102,2.0086001717619175,0.56,0.1,0.38
YDR278C,105,2.0211892990699383,0.34,0.22,0.2
YLR296W,108,2.03342375548695,0.38,0.14,0.28
YOR186W,144,2.1583624920952498,0.4,0.14,0.24
YOR268C,132,2.12057393120585,0.46,0.12,0.22
YDR029W,104,2.0170333392987803,0.38,0.12,0.2
YOR015W,119,2.0755469613925306,0.34,0.22,0.22
YDL009C,107,2.0293837776852097,0.48,0.2,0.26
YDR215C,137,2.1367205671564067,0.36,0.16,0.26
YOR097C,175,2.2430380486862944,0.54,0.12,0.32
YLR122C,125,2.0969100130080562,0.52,0.1,0.32
YPR064W,139,2.143014800254095,0.54,0.1,0.34
YLR111W,110,2.041392685158225,0.58,0.06,0.26
YGL194C-A,80,1.9030899869919435,0.56,0.14,0.46
Q0092,46,1.662757831681574,0.5652173913043478,0.08695652173913043,0.1956521739130435
YOR034C-A,80,1.9030899869919435,0.5,0.14,0.3
YIR021W-A,70,1.845098040014257,0.46,0.16,0.36
YJR112W-A,109,2.037426497940624,0.52,0.16,0.3
YGL041C-B,60,1.7781512503836436,0.54,0.08,0.38
YPL119C-A,87,1.9395192526186185,0.52,0.1,0.26
YBR200W-A,54,1.7323937598229686,0.54,0.18,0.3
YMR030W-A,96,1.9822712330395684,0.38,0.24,0.28
YKL183C-A,70,1.845098040014257,0.54,0.1,0.34
YBR255C-A,120,2.0791812460476247,0.5,0.12,0.4
YDR182W-A,67,1.8260748027008264,0.4,0.12,0.3
YML007C-A,36,1.5563025007672873,0.6388888888888888,0.16666666666666666,0.4166666666666667
YIL046W-A,54,1.7323937598229686,0.48,0.08,0.34
YLR342W-A,57,1.7558748556724915,0.52,0.1,0.32
YLL006W-A,58,1.7634279935629373,0.5,0.1,0.34
YHR175W-A,49,1.6901960800285136,0.5102040816326531,0.04081632653061224,0.30612244897959184
YBR196C-A,49,1.6901960800285136,0.6122448979591837,0.08163265306122448,0.2857142857142857
YBL008W-A,79,1.8976270912904414,0.4,0.18,0.2
YOR161C-C,48,1.6812412373755872,0.4791666666666667,0.16666666666666666,0.3333333333333333
YOR032W-A,66,1.8195439355418688,0.54,0.1,0.34
YMR182W-A,28,1.4471580313422192,0.6071428571428571,0.14285714285714285,0.39285714285714285
YKL096C-B,49,1.6901960800285136,0.46938775510204084,0.22448979591836735,0.24489795918367346
YHR213W-A,77,1.8864907251724818,0.62,0.14,0.34
YGR146C-A,53,1.7242758696007892,0.62,0.08,0.26
YFR032C-B,87,1.9395192526186185,0.44,0.14,0.28
YCL021W-A,125,2.0969100130080562,0.36,0.12,0.24
Q0297,51,1.7075701760979363,0.42,0.22,0.12
Q0182,134,2.1271047983648077,0.52,0.2,0.18
Q0144,109,2.037426497940624,0.46,0.06,0.24
Q0143,50,1.6989700043360187,0.46,0.1,0.3
Q0142,58,1.7634279935629373,0.38,0.06,0.1
Q0032,96,1.9822712330395684,0.54,0.12,0.2
Q0017,53,1.7242758696007892,0.4,0.14,0.24
Q0010,128,2.1072099696478683,0.66,0.02,0.4
