,kmer_A,kmer_C,kmer_D,kmer_E,kmer_F,kmer_G,kmer_H,kmer_I,kmer_K,kmer_L,kmer_M,kmer_N,kmer_P,kmer_Q,kmer_R,kmer_S,kmer_T,kmer_V,kmer_W,kmer_Y
YPL060C-A,0.04,0.0,0.08,0.09,0.01,0.02,0.0,0.08,0.11,0.09,0.02,0.07,0.02,0.06,0.08,0.06,0.08,0.08,0.0,0.01
YFL026W,0.07,0.01,0.03,0.01,0.06,0.06,0.01,0.1,0.02,0.1,0.04,0.06,0.04,0.04,0.03,0.11,0.1,0.05,0.01,0.05
YPL228W,0.07,0.0,0.11,0.1,0.01,0.06,0.03,0.02,0.08,0.06,0.02,0.08,0.05,0.05,0.03,0.12,0.07,0.02,0.0,0.02
YDR110W,0.01,0.0,0.07,0.11,0.02,0.03,0.0,0.04,0.07,0.13,0.02,0.02,0.05,0.03,0.09,0.13,0.09,0.04,0.0,0.05
YPL081W,0.07,0.0,0.06,0.07,0.03,0.04,0.0,0.04,0.13,0.14,0.01,0.02,0.05,0.01,0.13,0.07,0.04,0.04,0.0,0.05
YDR204W,0.12,0.01,0.02,0.09,0.02,0.05,0.03,0.03,0.05,0.17,0.04,0.04,0.05,0.01,0.12,0.03,0.05,0.03,0.0,0.04
YAR009C,0.02,0.04,0.04,0.03,0.04,0.03,0.05,0.11,0.07,0.07,0.04,0.04,0.05,0.05,0.05,0.11,0.06,0.03,0.01,0.06
YHR214C-B,0.1,0.02,0.03,0.04,0.0,0.03,0.05,0.02,0.04,0.03,0.03,0.07,0.12,0.12,0.0,0.15,0.07,0.05,0.0,0.03
YHR167W,0.04,0.01,0.08,0.11,0.01,0.03,0.02,0.05,0.06,0.16,0.01,0.03,0.03,0.06,0.07,0.1,0.07,0.03,0.0,0.03
YLR390W-A,0.13,0.08,0.05,0.04,0.01,0.02,0.01,0.01,0.05,0.11,0.01,0.05,0.03,0.03,0.01,0.22,0.05,0.07,0.0,0.02
YLR421C,0.02,0.02,0.03,0.13,0.07,0.06,0.0,0.09,0.05,0.06,0.03,0.03,0.08,0.01,0.06,0.1,0.04,0.06,0.04,0.02
YPL249C-A,0.12,0.0,0.01,0.05,0.02,0.07,0.01,0.08,0.14,0.06,0.03,0.05,0.03,0.01,0.12,0.07,0.05,0.06,0.0,0.02
YOR298C-A,0.09,0.0,0.09,0.02,0.0,0.1,0.0,0.05,0.09,0.04,0.02,0.06,0.03,0.05,0.12,0.08,0.07,0.07,0.01,0.01
YKL053C-A,0.09302325581395349,0.046511627906976744,0.046511627906976744,0.11627906976744186,0.046511627906976744,0.05813953488372093,0.0,0.023255813953488372,0.12790697674418605,0.05813953488372093,0.023255813953488372,0.05813953488372093,0.03488372093023256,0.023255813953488372,0.011627906976744186,0.06976744186046512,0.046511627906976744,0.046511627906976744,0.023255813953488372,0.046511627906976744
YEL020W-A,0.034482758620689655,0.04597701149425287,0.04597701149425287,0.09195402298850575,0.06896551724137931,0.04597701149425287,0.011494252873563218,0.011494252873563218,0.10344827586206896,0.08045977011494253,0.04597701149425287,0.05747126436781609,0.0,0.11494252873563218,0.05747126436781609,0.05747126436781609,0.05747126436781609,0.05747126436781609,0.0,0.011494252873563218
YDL045W-A,0.05263157894736842,0.042105263157894736,0.021052631578947368,0.031578947368421054,0.0,0.05263157894736842,0.031578947368421054,0.042105263157894736,0.10526315789473684,0.11578947368421053,0.031578947368421054,0.07368421052631578,0.08421052631578947,0.031578947368421054,0.06315789473684211,0.09473684210526316,0.021052631578947368,0.05263157894736842,0.010526315789473684,0.042105263157894736
YJR048W,0.06,0.02,0.04,0.06,0.04,0.12,0.04,0.03,0.14,0.07,0.03,0.07,0.04,0.02,0.03,0.04,0.07,0.03,0.01,0.04
YFR033C,0.06,0.0,0.18,0.31,0.01,0.05,0.04,0.01,0.05,0.06,0.02,0.03,0.01,0.03,0.01,0.0,0.03,0.07,0.01,0.02
YDR529C,0.09,0.01,0.05,0.07,0.03,0.03,0.03,0.09,0.06,0.12,0.02,0.04,0.06,0.05,0.07,0.05,0.04,0.04,0.01,0.04
Q0105,0.06,0.01,0.02,0.02,0.07,0.06,0.05,0.09,0.02,0.09,0.09,0.07,0.02,0.02,0.03,0.12,0.01,0.07,0.02,0.06
YML054C,0.11,0.01,0.03,0.04,0.01,0.03,0.02,0.06,0.12,0.09,0.02,0.07,0.04,0.04,0.06,0.1,0.06,0.04,0.02,0.03
YOL086C,0.05,0.02,0.04,0.06,0.01,0.14,0.05,0.06,0.1,0.08,0.03,0.04,0.07,0.01,0.0,0.04,0.02,0.1,0.04,0.04
YMR303C,0.05,0.02,0.04,0.06,0.01,0.13,0.05,0.07,0.1,0.08,0.03,0.05,0.08,0.01,0.0,0.04,0.03,0.08,0.04,0.03
YJR009C,0.09,0.0,0.09,0.03,0.05,0.07,0.04,0.1,0.04,0.05,0.03,0.06,0.03,0.02,0.07,0.06,0.03,0.09,0.01,0.04
YGR192C,0.09,0.0,0.09,0.03,0.04,0.08,0.03,0.09,0.04,0.04,0.03,0.06,0.04,0.01,0.07,0.06,0.04,0.1,0.01,0.05
YJL052W,0.08,0.0,0.1,0.02,0.03,0.08,0.03,0.11,0.06,0.06,0.02,0.04,0.03,0.02,0.07,0.05,0.04,0.1,0.01,0.05
Q0045,0.11,0.0,0.02,0.01,0.07,0.09,0.02,0.08,0.01,0.15,0.07,0.06,0.04,0.03,0.03,0.05,0.04,0.07,0.01,0.04
Q0250,0.05,0.01,0.04,0.03,0.05,0.03,0.02,0.13,0.03,0.14,0.05,0.04,0.06,0.04,0.01,0.04,0.08,0.06,0.02,0.07
Q0275,0.07,0.0,0.02,0.03,0.06,0.05,0.06,0.05,0.01,0.16,0.08,0.03,0.04,0.02,0.04,0.08,0.06,0.09,0.02,0.03
YNL052W,0.09,0.0,0.03,0.06,0.03,0.06,0.01,0.04,0.05,0.08,0.03,0.04,0.05,0.07,0.08,0.1,0.06,0.06,0.04,0.02
YKR066C,0.19,0.0,0.02,0.03,0.03,0.07,0.03,0.01,0.06,0.09,0.01,0.04,0.03,0.03,0.06,0.13,0.06,0.05,0.02,0.04
YJR104C,0.1,0.01,0.05,0.08,0.06,0.13,0.05,0.02,0.06,0.01,0.02,0.06,0.05,0.02,0.02,0.07,0.06,0.12,0.0,0.01
YCR012W,0.05,0.01,0.07,0.04,0.03,0.05,0.03,0.04,0.09,0.14,0.01,0.05,0.05,0.03,0.06,0.08,0.03,0.11,0.0,0.03
YBR093C,0.07,0.01,0.05,0.03,0.04,0.11,0.01,0.06,0.08,0.09,0.03,0.02,0.06,0.03,0.04,0.08,0.06,0.05,0.01,0.07
YIL162W,0.09,0.0,0.09,0.03,0.06,0.06,0.03,0.03,0.05,0.1,0.03,0.08,0.07,0.03,0.02,0.05,0.07,0.02,0.06,0.03
YMR297W,0.08,0.01,0.09,0.05,0.04,0.04,0.02,0.03,0.11,0.19,0.02,0.03,0.04,0.04,0.01,0.06,0.06,0.05,0.02,0.01
YBR011C,0.05,0.01,0.04,0.07,0.05,0.05,0.04,0.09,0.1,0.05,0.02,0.08,0.06,0.03,0.04,0.01,0.09,0.05,0.01,0.06
YJR121W,0.15,0.01,0.02,0.05,0.02,0.05,0.02,0.06,0.06,0.1,0.03,0.02,0.05,0.05,0.04,0.07,0.1,0.08,0.01,0.01
Q0085,0.01,0.01,0.03,0.02,0.07,0.06,0.0,0.13,0.03,0.15,0.04,0.09,0.02,0.04,0.02,0.08,0.11,0.02,0.02,0.05
YNR001C,0.09,0.01,0.01,0.1,0.04,0.08,0.02,0.06,0.1,0.1,0.03,0.02,0.02,0.05,0.05,0.1,0.05,0.04,0.01,0.02
YGR254W,0.09,0.0,0.09,0.05,0.03,0.08,0.02,0.04,0.09,0.05,0.03,0.04,0.03,0.01,0.04,0.08,0.05,0.15,0.01,0.02
YHR174W,0.1,0.0,0.08,0.06,0.03,0.07,0.01,0.02,0.08,0.06,0.04,0.07,0.02,0.01,0.04,0.08,0.05,0.15,0.01,0.02
YER086W,0.02,0.01,0.04,0.04,0.0,0.04,0.04,0.04,0.07,0.19,0.01,0.05,0.04,0.06,0.07,0.12,0.05,0.09,0.0,0.02
YKL152C,0.09,0.0,0.05,0.08,0.01,0.06,0.02,0.03,0.11,0.12,0.01,0.05,0.03,0.05,0.07,0.05,0.03,0.07,0.04,0.03
YGR264C,0.11,0.0,0.07,0.06,0.06,0.01,0.04,0.03,0.09,0.16,0.03,0.08,0.04,0.06,0.02,0.06,0.02,0.02,0.0,0.04
YDL181W,0.058823529411764705,0.0,0.047058823529411764,0.10588235294117647,0.047058823529411764,0.058823529411764705,0.011764705882352941,0.023529411764705882,0.09411764705882353,0.09411764705882353,0.023529411764705882,0.011764705882352941,0.023529411764705882,0.07058823529411765,0.12941176470588237,0.10588235294117647,0.047058823529411764,0.03529411764705882,0.0,0.011764705882352941
YOR101W,0.03,0.0,0.08,0.08,0.04,0.09,0.0,0.08,0.05,0.06,0.03,0.02,0.01,0.06,0.05,0.09,0.06,0.1,0.0,0.07
YNL098C,0.03,0.0,0.08,0.09,0.02,0.08,0.01,0.07,0.05,0.1,0.03,0.03,0.02,0.05,0.04,0.1,0.05,0.09,0.0,0.06
YFL038C,0.01,0.01,0.09,0.04,0.05,0.09,0.01,0.09,0.07,0.09,0.01,0.04,0.0,0.03,0.04,0.09,0.09,0.07,0.01,0.07
YDR224C,0.13,0.0,0.03,0.06,0.02,0.02,0.01,0.07,0.18,0.03,0.02,0.03,0.04,0.03,0.04,0.14,0.09,0.02,0.0,0.04
YBL002W,0.12,0.0,0.03,0.06,0.02,0.02,0.01,0.07,0.17,0.03,0.02,0.03,0.04,0.03,0.04,0.15,0.08,0.04,0.0,0.04
YNL030W,0.06,0.0,0.03,0.04,0.01,0.14,0.02,0.07,0.11,0.09,0.01,0.01,0.01,0.02,0.14,0.06,0.06,0.08,0.0,0.04
YDR382W,0.23,0.0,0.03,0.16,0.01,0.12,0.0,0.04,0.07,0.08,0.01,0.02,0.02,0.02,0.01,0.08,0.02,0.06,0.0,0.02
YGL103W,0.05,0.0,0.04,0.02,0.04,0.12,0.1,0.03,0.13,0.05,0.04,0.02,0.06,0.04,0.09,0.04,0.04,0.03,0.02,0.04
YFL037W,0.06,0.02,0.06,0.06,0.05,0.12,0.04,0.1,0.02,0.04,0.01,0.09,0.03,0.04,0.05,0.07,0.04,0.05,0.02,0.03
YPL240C,0.06,0.0,0.05,0.1,0.04,0.04,0.0,0.12,0.08,0.11,0.03,0.05,0.04,0.04,0.04,0.09,0.07,0.02,0.0,0.02
YOR187W,0.15,0.0,0.04,0.02,0.04,0.07,0.03,0.07,0.07,0.1,0.01,0.02,0.03,0.01,0.07,0.09,0.13,0.03,0.0,0.02
YBR118W,0.06,0.01,0.06,0.08,0.04,0.1,0.04,0.1,0.14,0.05,0.01,0.01,0.02,0.01,0.04,0.04,0.07,0.07,0.02,0.03
YEL009C,0.08,0.0,0.09,0.06,0.08,0.03,0.0,0.05,0.06,0.08,0.03,0.04,0.1,0.04,0.0,0.12,0.08,0.05,0.0,0.01
R0020C,0.05,0.03,0.07,0.06,0.06,0.03,0.03,0.08,0.05,0.07,0.03,0.05,0.07,0.04,0.04,0.03,0.07,0.09,0.01,0.04
Q0110,0.06,0.01,0.02,0.02,0.07,0.06,0.05,0.09,0.02,0.09,0.09,0.07,0.02,0.02,0.03,0.12,0.01,0.07,0.02,0.06
Q0060,0.09,0.0,0.01,0.04,0.06,0.08,0.02,0.06,0.03,0.12,0.07,0.1,0.02,0.05,0.03,0.06,0.02,0.08,0.01,0.05
Q0065,0.11,0.0,0.02,0.01,0.07,0.09,0.02,0.08,0.01,0.15,0.07,0.06,0.04,0.03,0.03,0.05,0.04,0.07,0.01,0.04
Q0120,0.06,0.01,0.02,0.02,0.07,0.06,0.05,0.09,0.02,0.09,0.09,0.07,0.02,0.02,0.03,0.12,0.01,0.07,0.02,0.06
YJR109C,0.06,0.0,0.04,0.07,0.03,0.07,0.01,0.1,0.05,0.07,0.01,0.06,0.05,0.04,0.0,0.1,0.11,0.06,0.0,0.07
YGL187C,0.05,0.01,0.06,0.06,0.03,0.08,0.0,0.06,0.08,0.14,0.02,0.02,0.07,0.05,0.06,0.06,0.09,0.05,0.0,0.01
YLR395C,0.07692307692307693,0.02564102564102564,0.01282051282051282,0.01282051282051282,0.10256410256410256,0.0641025641025641,0.02564102564102564,0.07692307692307693,0.10256410256410256,0.038461538461538464,0.05128205128205128,0.02564102564102564,0.05128205128205128,0.038461538461538464,0.0641025641025641,0.0641025641025641,0.05128205128205128,0.07692307692307693,0.0,0.038461538461538464
YDL140C,0.06,0.03,0.04,0.07,0.06,0.09,0.03,0.07,0.07,0.06,0.03,0.03,0.06,0.06,0.06,0.05,0.05,0.07,0.0,0.01
YOR116C,0.11,0.03,0.05,0.07,0.05,0.07,0.05,0.04,0.08,0.1,0.02,0.02,0.04,0.01,0.03,0.1,0.04,0.08,0.0,0.01
YER165W,0.1,0.01,0.08,0.08,0.02,0.05,0.02,0.07,0.04,0.07,0.01,0.06,0.02,0.06,0.03,0.13,0.05,0.06,0.0,0.04
YPL248C,0.04,0.06,0.06,0.08,0.03,0.01,0.01,0.05,0.13,0.18,0.03,0.02,0.04,0.04,0.07,0.07,0.04,0.02,0.01,0.01
YGL031C,0.06,0.0,0.03,0.05,0.06,0.06,0.02,0.07,0.15,0.06,0.01,0.02,0.04,0.03,0.12,0.09,0.05,0.06,0.01,0.01
YOL127W,0.15,0.0,0.02,0.03,0.02,0.03,0.01,0.04,0.19,0.06,0.03,0.04,0.05,0.03,0.04,0.06,0.07,0.09,0.0,0.04
YMR056C,0.09,0.01,0.04,0.05,0.07,0.08,0.03,0.04,0.07,0.08,0.04,0.04,0.02,0.07,0.05,0.05,0.09,0.05,0.01,0.02
YOL006C,0.08,0.0,0.11,0.06,0.0,0.01,0.01,0.05,0.2,0.05,0.02,0.02,0.07,0.03,0.01,0.16,0.05,0.06,0.0,0.01
YLL018C,0.11,0.0,0.08,0.14,0.01,0.04,0.0,0.03,0.16,0.09,0.01,0.02,0.03,0.08,0.07,0.05,0.02,0.05,0.0,0.01
YEL063C,0.04,0.0,0.08,0.14,0.03,0.08,0.05,0.05,0.07,0.06,0.04,0.04,0.04,0.03,0.06,0.06,0.06,0.05,0.0,0.02
YDL164C,0.08,0.01,0.02,0.05,0.02,0.04,0.02,0.0,0.12,0.12,0.06,0.02,0.08,0.02,0.06,0.15,0.09,0.03,0.0,0.01
YLR310C,0.06,0.0,0.03,0.04,0.01,0.04,0.0,0.08,0.03,0.05,0.01,0.08,0.05,0.04,0.02,0.27,0.12,0.03,0.01,0.03
YNL055C,0.07,0.0,0.06,0.03,0.04,0.06,0.01,0.04,0.09,0.12,0.01,0.11,0.06,0.05,0.01,0.06,0.11,0.04,0.01,0.02
YDR225W,0.15,0.0,0.03,0.04,0.01,0.12,0.02,0.05,0.07,0.13,0.01,0.05,0.03,0.03,0.1,0.06,0.03,0.04,0.0,0.03
YBL003C,0.15,0.0,0.03,0.04,0.01,0.12,0.02,0.05,0.07,0.13,0.01,0.05,0.03,0.03,0.1,0.06,0.03,0.04,0.0,0.03
YGL008C,0.09,0.0,0.15,0.09,0.0,0.04,0.02,0.02,0.05,0.05,0.01,0.02,0.06,0.04,0.03,0.18,0.06,0.05,0.0,0.04
YOR386W,0.05,0.0,0.04,0.05,0.05,0.02,0.03,0.04,0.11,0.07,0.03,0.08,0.03,0.04,0.08,0.1,0.05,0.06,0.01,0.06
YJL088W,0.07,0.0,0.04,0.05,0.08,0.05,0.03,0.07,0.07,0.1,0.02,0.05,0.02,0.05,0.07,0.1,0.1,0.03,0.0,0.0
YLR340W,0.04,0.0,0.03,0.1,0.07,0.08,0.01,0.04,0.09,0.1,0.04,0.05,0.03,0.02,0.08,0.04,0.03,0.12,0.0,0.03
YDL081C,0.2,0.0,0.07,0.15,0.02,0.08,0.0,0.05,0.05,0.1,0.02,0.05,0.02,0.01,0.0,0.08,0.03,0.05,0.01,0.01
YOL039W,0.22,0.0,0.07,0.16,0.0,0.08,0.0,0.05,0.07,0.09,0.02,0.03,0.03,0.0,0.0,0.08,0.03,0.05,0.0,0.02
YGR157W,0.04,0.03,0.03,0.03,0.1,0.03,0.01,0.06,0.07,0.09,0.03,0.04,0.03,0.03,0.06,0.09,0.09,0.08,0.02,0.04
YJR073C,0.06,0.04,0.02,0.06,0.04,0.05,0.03,0.09,0.06,0.09,0.06,0.03,0.02,0.06,0.04,0.08,0.06,0.06,0.02,0.03
YDR172W,0.05,0.0,0.02,0.0,0.01,0.18,0.0,0.0,0.0,0.0,0.01,0.15,0.05,0.3,0.02,0.04,0.0,0.0,0.0,0.17
YGL076C,0.19,0.0,0.01,0.1,0.01,0.02,0.01,0.08,0.15,0.04,0.01,0.04,0.04,0.07,0.08,0.03,0.03,0.05,0.0,0.04
YLR448W,0.09,0.0,0.02,0.04,0.02,0.06,0.01,0.02,0.1,0.1,0.01,0.04,0.07,0.03,0.09,0.04,0.07,0.15,0.01,0.03
YKL180W,0.15,0.0,0.01,0.04,0.05,0.07,0.01,0.03,0.08,0.06,0.01,0.05,0.03,0.07,0.09,0.08,0.07,0.05,0.02,0.03
YPL143W,0.08,0.0,0.01,0.03,0.03,0.08,0.03,0.05,0.09,0.05,0.02,0.06,0.03,0.03,0.11,0.08,0.05,0.11,0.01,0.05
YMR194W,0.11,0.0,0.01,0.05,0.02,0.07,0.01,0.08,0.14,0.06,0.03,0.05,0.03,0.0,0.12,0.08,0.06,0.06,0.0,0.02
YLR029C,0.07,0.0,0.02,0.04,0.02,0.07,0.01,0.02,0.11,0.07,0.01,0.04,0.05,0.07,0.18,0.02,0.03,0.09,0.01,0.07
YNL178W,0.09,0.0,0.03,0.1,0.04,0.07,0.0,0.05,0.06,0.1,0.01,0.03,0.02,0.03,0.1,0.03,0.08,0.12,0.0,0.04
YBR189W,0.07,0.0,0.06,0.07,0.03,0.04,0.0,0.04,0.12,0.14,0.01,0.02,0.05,0.01,0.14,0.07,0.04,0.04,0.0,0.05
YDR064W,0.09,0.0,0.02,0.04,0.01,0.08,0.02,0.1,0.09,0.08,0.03,0.03,0.05,0.03,0.07,0.11,0.03,0.07,0.01,0.04
YLR167W,0.01,0.0,0.06,0.05,0.02,0.07,0.03,0.08,0.19,0.1,0.01,0.02,0.03,0.06,0.05,0.05,0.09,0.06,0.0,0.02
YDL165W,0.03,0.01,0.07,0.07,0.06,0.04,0.02,0.03,0.04,0.12,0.03,0.03,0.08,0.04,0.04,0.13,0.08,0.05,0.01,0.02
YDR168W,0.03,0.0,0.11,0.06,0.04,0.01,0.03,0.06,0.13,0.08,0.03,0.07,0.03,0.05,0.04,0.1,0.03,0.06,0.02,0.02
YIL038C,0.04,0.01,0.07,0.12,0.02,0.01,0.02,0.05,0.15,0.08,0.02,0.04,0.02,0.06,0.08,0.1,0.01,0.05,0.01,0.04
YOR361C,0.03,0.0,0.07,0.08,0.06,0.01,0.01,0.1,0.09,0.08,0.02,0.07,0.05,0.04,0.03,0.06,0.07,0.09,0.0,0.04
YGL058W,0.06,0.01,0.07,0.07,0.05,0.04,0.02,0.04,0.04,0.08,0.06,0.06,0.12,0.01,0.07,0.04,0.05,0.05,0.02,0.04
YJL080C,0.1,0.0,0.03,0.07,0.01,0.05,0.01,0.03,0.05,0.07,0.02,0.04,0.14,0.02,0.0,0.17,0.12,0.06,0.01,0.0
YLR303W,0.14,0.0,0.02,0.06,0.04,0.09,0.05,0.03,0.01,0.08,0.01,0.05,0.05,0.07,0.04,0.09,0.06,0.07,0.0,0.04
YGR088W,0.05,0.02,0.05,0.08,0.05,0.08,0.04,0.03,0.06,0.09,0.01,0.04,0.07,0.05,0.05,0.07,0.02,0.07,0.0,0.07
YLR355C,0.12,0.01,0.04,0.03,0.05,0.09,0.0,0.05,0.05,0.09,0.02,0.05,0.03,0.04,0.11,0.03,0.09,0.04,0.01,0.05
YLR044C,0.1,0.01,0.03,0.07,0.04,0.13,0.02,0.06,0.04,0.11,0.03,0.07,0.01,0.01,0.03,0.05,0.04,0.09,0.01,0.05
YPR113W,0.08,0.04,0.04,0.02,0.04,0.04,0.02,0.03,0.04,0.1,0.05,0.04,0.04,0.03,0.03,0.1,0.09,0.09,0.03,0.05
YNL104C,0.08,0.0,0.05,0.06,0.03,0.02,0.02,0.06,0.12,0.08,0.03,0.06,0.09,0.02,0.07,0.09,0.02,0.05,0.02,0.03
YDL108W,0.04,0.01,0.06,0.1,0.03,0.05,0.02,0.09,0.11,0.1,0.05,0.04,0.02,0.03,0.02,0.04,0.05,0.09,0.0,0.05
YJL164C,0.03,0.0,0.03,0.15,0.03,0.12,0.01,0.02,0.08,0.04,0.01,0.03,0.02,0.11,0.05,0.1,0.1,0.03,0.0,0.04
YCR031C,0.14,0.01,0.06,0.03,0.03,0.1,0.02,0.04,0.07,0.02,0.03,0.03,0.03,0.04,0.06,0.06,0.09,0.12,0.0,0.02
YOR204W,0.03,0.0,0.02,0.04,0.04,0.22,0.02,0.02,0.02,0.03,0.01,0.2,0.05,0.02,0.1,0.1,0.0,0.03,0.01,0.04
YDL042C,0.09,0.0,0.09,0.05,0.0,0.02,0.03,0.05,0.1,0.05,0.05,0.06,0.08,0.03,0.02,0.1,0.09,0.08,0.0,0.01
YLR442C,0.01,0.0,0.08,0.06,0.05,0.07,0.01,0.08,0.07,0.1,0.01,0.08,0.01,0.02,0.09,0.06,0.05,0.09,0.03,0.03
YOR257W,0.03,0.0,0.1,0.12,0.05,0.05,0.02,0.06,0.09,0.14,0.05,0.04,0.03,0.03,0.05,0.07,0.0,0.02,0.0,0.05
YPR160W,0.08,0.01,0.07,0.06,0.04,0.01,0.03,0.07,0.06,0.07,0.05,0.04,0.07,0.04,0.07,0.08,0.1,0.02,0.01,0.02
YGL237C,0.1,0.0,0.08,0.09,0.03,0.02,0.01,0.01,0.03,0.08,0.05,0.03,0.07,0.08,0.06,0.14,0.08,0.03,0.0,0.01
YPL022W,0.02,0.0,0.14,0.11,0.02,0.01,0.01,0.06,0.05,0.1,0.01,0.07,0.08,0.09,0.02,0.08,0.05,0.06,0.0,0.02
YML032C,0.03,0.01,0.06,0.07,0.05,0.1,0.01,0.1,0.08,0.05,0.03,0.05,0.02,0.03,0.05,0.07,0.06,0.08,0.02,0.03
YPR165W,0.04,0.03,0.09,0.06,0.04,0.07,0.0,0.05,0.03,0.1,0.01,0.04,0.05,0.04,0.06,0.07,0.03,0.14,0.01,0.04
YNL090W,0.06,0.02,0.06,0.07,0.06,0.07,0.01,0.07,0.07,0.09,0.01,0.03,0.03,0.02,0.06,0.06,0.07,0.08,0.01,0.05
YDR477W,0.08,0.0,0.02,0.01,0.01,0.1,0.16,0.05,0.09,0.06,0.02,0.11,0.02,0.03,0.01,0.1,0.07,0.04,0.0,0.02
YOR074C,0.03,0.01,0.09,0.08,0.06,0.09,0.0,0.05,0.06,0.15,0.02,0.03,0.04,0.03,0.07,0.04,0.09,0.02,0.02,0.02
YNL088W,0.04,0.01,0.09,0.11,0.02,0.02,0.03,0.11,0.08,0.05,0.03,0.05,0.04,0.05,0.03,0.06,0.06,0.08,0.01,0.03
YBR109C,0.07,0.0,0.08,0.13,0.07,0.05,0.01,0.04,0.05,0.12,0.04,0.08,0.01,0.04,0.02,0.13,0.02,0.04,0.0,0.0
YML095C,0.06,0.0,0.06,0.06,0.03,0.04,0.0,0.04,0.09,0.05,0.01,0.08,0.05,0.09,0.07,0.1,0.11,0.04,0.01,0.01
YER171W,0.02,0.02,0.05,0.08,0.02,0.05,0.02,0.08,0.08,0.11,0.06,0.03,0.06,0.03,0.03,0.06,0.06,0.04,0.0,0.1
YER161C,0.05,0.0,0.07,0.08,0.02,0.07,0.0,0.04,0.16,0.11,0.01,0.04,0.04,0.04,0.09,0.1,0.03,0.03,0.0,0.02
YDR392W,0.05,0.0,0.08,0.06,0.02,0.04,0.03,0.09,0.08,0.09,0.04,0.04,0.03,0.05,0.08,0.07,0.04,0.08,0.01,0.02
YOR065W,0.18,0.0,0.02,0.04,0.04,0.07,0.04,0.02,0.05,0.08,0.02,0.02,0.02,0.03,0.05,0.11,0.1,0.04,0.02,0.05
YDR226W,0.09,0.01,0.06,0.04,0.03,0.11,0.02,0.08,0.06,0.09,0.06,0.05,0.06,0.06,0.04,0.06,0.05,0.03,0.0,0.0
YNL121C,0.11,0.0,0.05,0.06,0.03,0.05,0.0,0.05,0.14,0.03,0.01,0.08,0.05,0.07,0.02,0.07,0.1,0.02,0.0,0.06
YGL234W,0.07,0.0,0.03,0.03,0.03,0.1,0.03,0.07,0.03,0.09,0.03,0.07,0.09,0.02,0.03,0.06,0.06,0.14,0.01,0.01
YGR204W,0.12,0.01,0.05,0.07,0.04,0.07,0.04,0.09,0.04,0.06,0.02,0.06,0.04,0.07,0.05,0.04,0.03,0.08,0.0,0.02
YMR083W,0.04,0.01,0.03,0.04,0.03,0.08,0.05,0.06,0.08,0.11,0.01,0.04,0.09,0.03,0.05,0.05,0.06,0.09,0.02,0.03
YDR216W,0.02,0.02,0.06,0.07,0.04,0.05,0.0,0.06,0.07,0.07,0.04,0.15,0.06,0.03,0.04,0.12,0.06,0.04,0.0,0.0
YMR042W,0.0,0.0,0.11,0.08,0.03,0.03,0.01,0.05,0.08,0.01,0.01,0.03,0.09,0.03,0.07,0.14,0.17,0.05,0.0,0.01
YDR173C,0.09,0.01,0.11,0.06,0.03,0.08,0.02,0.04,0.06,0.11,0.02,0.04,0.04,0.03,0.05,0.07,0.05,0.05,0.01,0.03
YBL099W,0.17,0.0,0.02,0.08,0.02,0.07,0.0,0.06,0.04,0.1,0.02,0.05,0.02,0.02,0.09,0.1,0.07,0.07,0.0,0.0
YDL067C,0.06779661016949153,0.0,0.03389830508474576,0.06779661016949153,0.05084745762711865,0.0847457627118644,0.01694915254237288,0.1016949152542373,0.1016949152542373,0.05084745762711865,0.06779661016949153,0.03389830508474576,0.01694915254237288,0.01694915254237288,0.06779661016949153,0.03389830508474576,0.05084745762711865,0.05084745762711865,0.05084745762711865,0.03389830508474576
YBL045C,0.13,0.0,0.01,0.05,0.03,0.06,0.02,0.03,0.06,0.07,0.01,0.11,0.03,0.02,0.03,0.13,0.08,0.11,0.01,0.01
YPR191W,0.1,0.0,0.05,0.03,0.05,0.06,0.02,0.02,0.07,0.14,0.01,0.04,0.02,0.03,0.09,0.08,0.1,0.06,0.0,0.03
YOR303W,0.08,0.01,0.02,0.07,0.06,0.1,0.02,0.06,0.03,0.05,0.02,0.04,0.06,0.03,0.02,0.1,0.07,0.09,0.0,0.07
YJL130C,0.05,0.0,0.05,0.1,0.03,0.1,0.01,0.04,0.02,0.1,0.04,0.01,0.09,0.03,0.03,0.05,0.09,0.1,0.0,0.06
YOL139C,0.04,0.0,0.08,0.09,0.05,0.0,0.04,0.03,0.08,0.07,0.01,0.04,0.07,0.02,0.02,0.1,0.09,0.11,0.04,0.02
YPL075W,0.04,0.02,0.07,0.02,0.06,0.02,0.01,0.09,0.04,0.09,0.01,0.07,0.06,0.04,0.03,0.12,0.07,0.07,0.01,0.06
YPR033C,0.13,0.0,0.04,0.03,0.03,0.05,0.01,0.06,0.12,0.08,0.03,0.03,0.04,0.01,0.04,0.14,0.09,0.06,0.01,0.0
YPL154C,0.09,0.0,0.03,0.08,0.06,0.04,0.06,0.02,0.08,0.14,0.02,0.04,0.05,0.05,0.01,0.04,0.07,0.07,0.0,0.05
YDL106C,0.05,0.0,0.11,0.05,0.04,0.02,0.08,0.02,0.04,0.05,0.03,0.06,0.06,0.21,0.04,0.06,0.05,0.01,0.0,0.02
YFR034C,0.03,0.0,0.13,0.12,0.04,0.07,0.06,0.03,0.03,0.07,0.05,0.1,0.02,0.03,0.04,0.09,0.04,0.04,0.01,0.0
YML061C,0.02,0.02,0.08,0.07,0.06,0.01,0.04,0.1,0.09,0.11,0.02,0.05,0.05,0.04,0.05,0.13,0.03,0.01,0.02,0.0
YLR014C,0.04,0.06,0.07,0.04,0.04,0.04,0.0,0.03,0.16,0.07,0.03,0.03,0.06,0.02,0.09,0.09,0.04,0.07,0.0,0.02
YGL043W,0.06,0.0,0.06,0.09,0.02,0.02,0.05,0.04,0.17,0.08,0.02,0.08,0.02,0.04,0.03,0.07,0.03,0.11,0.01,0.0
YOR122C,0.09,0.01,0.07,0.03,0.02,0.12,0.03,0.08,0.04,0.07,0.02,0.04,0.02,0.07,0.05,0.06,0.05,0.08,0.02,0.03
YGR258C,0.06,0.01,0.05,0.06,0.07,0.08,0.02,0.07,0.07,0.06,0.02,0.02,0.04,0.04,0.13,0.04,0.03,0.09,0.02,0.02
YMR208W,0.11,0.0,0.07,0.05,0.05,0.03,0.02,0.07,0.05,0.11,0.01,0.05,0.05,0.05,0.01,0.13,0.05,0.06,0.01,0.02
YIL033C,0.08,0.0,0.02,0.1,0.1,0.0,0.01,0.02,0.06,0.07,0.02,0.08,0.08,0.09,0.06,0.15,0.0,0.05,0.0,0.01
YOL121C,0.1,0.0,0.05,0.03,0.03,0.11,0.02,0.05,0.08,0.04,0.03,0.03,0.05,0.05,0.07,0.08,0.01,0.1,0.01,0.06
YNL302C,0.11,0.0,0.05,0.03,0.03,0.11,0.02,0.05,0.08,0.04,0.03,0.03,0.04,0.05,0.07,0.08,0.01,0.1,0.01,0.06
YFL045C,0.06,0.02,0.05,0.1,0.06,0.08,0.0,0.03,0.07,0.14,0.01,0.04,0.03,0.03,0.04,0.08,0.06,0.06,0.01,0.03
YDR023W,0.04,0.0,0.1,0.13,0.04,0.04,0.0,0.07,0.17,0.1,0.01,0.06,0.01,0.08,0.03,0.04,0.03,0.03,0.01,0.01
YBR243C,0.09,0.01,0.02,0.01,0.08,0.09,0.0,0.12,0.06,0.12,0.04,0.01,0.07,0.01,0.03,0.05,0.05,0.07,0.0,0.07
YMR108W,0.11,0.01,0.03,0.05,0.06,0.03,0.01,0.04,0.06,0.07,0.03,0.04,0.1,0.05,0.08,0.12,0.04,0.03,0.0,0.04
YHR013C,0.05,0.02,0.09,0.07,0.01,0.04,0.02,0.07,0.05,0.11,0.06,0.08,0.05,0.02,0.03,0.03,0.09,0.04,0.01,0.06
YFL005W,0.04,0.01,0.06,0.02,0.05,0.11,0.0,0.11,0.09,0.08,0.03,0.03,0.01,0.02,0.05,0.09,0.08,0.07,0.01,0.04
YPR110C,0.08,0.0,0.07,0.09,0.08,0.02,0.01,0.09,0.04,0.03,0.02,0.11,0.02,0.01,0.05,0.09,0.06,0.09,0.01,0.03
YFL009W,0.08,0.0,0.06,0.08,0.03,0.08,0.04,0.03,0.05,0.05,0.01,0.04,0.06,0.02,0.07,0.11,0.09,0.07,0.0,0.03
YAL024C,0.08,0.02,0.07,0.05,0.05,0.02,0.02,0.09,0.04,0.08,0.01,0.05,0.06,0.02,0.07,0.1,0.04,0.06,0.01,0.06
YOR274W,0.03,0.02,0.04,0.08,0.02,0.07,0.06,0.1,0.08,0.06,0.05,0.06,0.04,0.05,0.02,0.07,0.04,0.07,0.01,0.03
YLR438W,0.11,0.01,0.03,0.06,0.07,0.04,0.08,0.03,0.07,0.08,0.01,0.04,0.04,0.05,0.01,0.08,0.06,0.06,0.02,0.05
YNL192W,0.02,0.0,0.05,0.07,0.04,0.06,0.05,0.02,0.01,0.05,0.03,0.19,0.03,0.09,0.06,0.11,0.05,0.02,0.0,0.05
YJL128C,0.07,0.0,0.04,0.05,0.02,0.05,0.04,0.04,0.09,0.07,0.01,0.08,0.05,0.09,0.04,0.16,0.04,0.05,0.0,0.01
YEL024W,0.12,0.01,0.05,0.03,0.04,0.05,0.0,0.03,0.08,0.1,0.06,0.04,0.02,0.01,0.04,0.14,0.08,0.07,0.0,0.03
YDR146C,0.04,0.0,0.09,0.07,0.03,0.06,0.0,0.05,0.04,0.11,0.02,0.12,0.03,0.03,0.01,0.13,0.06,0.04,0.02,0.05
YPL262W,0.08,0.02,0.03,0.04,0.07,0.07,0.02,0.06,0.09,0.07,0.03,0.05,0.04,0.04,0.07,0.09,0.05,0.05,0.01,0.02
YPR047W,0.0,0.0,0.06,0.04,0.06,0.04,0.03,0.07,0.1,0.11,0.04,0.08,0.04,0.01,0.05,0.06,0.11,0.07,0.0,0.03
YKL184W,0.04,0.02,0.05,0.08,0.04,0.05,0.03,0.04,0.07,0.14,0.01,0.09,0.03,0.06,0.03,0.08,0.08,0.04,0.0,0.02
YER026C,0.06,0.0,0.1,0.07,0.07,0.05,0.05,0.06,0.01,0.04,0.05,0.06,0.05,0.02,0.04,0.11,0.08,0.05,0.0,0.03
YDR523C,0.05,0.02,0.05,0.1,0.03,0.06,0.01,0.11,0.05,0.08,0.04,0.03,0.03,0.03,0.04,0.1,0.04,0.08,0.01,0.04
YJL208C,0.01,0.02,0.02,0.05,0.05,0.08,0.04,0.07,0.03,0.11,0.01,0.07,0.1,0.06,0.03,0.09,0.07,0.03,0.01,0.05
YOR151C,0.06,0.01,0.1,0.1,0.06,0.03,0.01,0.08,0.05,0.07,0.01,0.03,0.03,0.06,0.02,0.11,0.06,0.04,0.01,0.06
YJL166W,0.05319148936170213,0.0,0.0,0.05319148936170213,0.06382978723404255,0.11702127659574468,0.02127659574468085,0.0425531914893617,0.07446808510638298,0.05319148936170213,0.031914893617021274,0.06382978723404255,0.06382978723404255,0.0425531914893617,0.0425531914893617,0.06382978723404255,0.02127659574468085,0.05319148936170213,0.05319148936170213,0.0851063829787234
YJR010W,0.07,0.01,0.1,0.05,0.03,0.06,0.01,0.08,0.03,0.15,0.01,0.06,0.06,0.04,0.03,0.07,0.07,0.04,0.02,0.01
YHR005C,0.06,0.01,0.05,0.06,0.02,0.08,0.02,0.08,0.09,0.14,0.02,0.03,0.01,0.12,0.04,0.07,0.04,0.04,0.01,0.01
YDR127W,0.03,0.03,0.04,0.07,0.01,0.05,0.04,0.07,0.07,0.12,0.01,0.04,0.05,0.04,0.03,0.07,0.07,0.1,0.0,0.06
YLR451W,0.08,0.06,0.03,0.09,0.04,0.03,0.02,0.02,0.11,0.04,0.03,0.05,0.03,0.03,0.14,0.07,0.09,0.03,0.0,0.01
YIR019C,0.03,0.02,0.05,0.02,0.04,0.06,0.02,0.07,0.04,0.13,0.03,0.08,0.04,0.06,0.02,0.09,0.06,0.07,0.03,0.04
YCR005C,0.03,0.0,0.06,0.07,0.03,0.08,0.02,0.07,0.07,0.07,0.02,0.04,0.05,0.06,0.07,0.09,0.04,0.08,0.01,0.04
YOR260W,0.08,0.02,0.08,0.05,0.07,0.04,0.01,0.05,0.05,0.08,0.03,0.06,0.07,0.06,0.02,0.08,0.06,0.07,0.01,0.01
YPL237W,0.12,0.0,0.12,0.09,0.04,0.06,0.0,0.02,0.24,0.09,0.01,0.02,0.03,0.0,0.0,0.09,0.03,0.04,0.0,0.0
YJL194W,0.09,0.0,0.04,0.06,0.05,0.02,0.01,0.05,0.08,0.11,0.02,0.04,0.09,0.05,0.08,0.1,0.07,0.03,0.0,0.01
YEL060C,0.07,0.0,0.08,0.13,0.04,0.1,0.08,0.03,0.12,0.07,0.01,0.05,0.04,0.01,0.04,0.08,0.03,0.02,0.0,0.0
YBL075C,0.1,0.01,0.1,0.03,0.06,0.06,0.03,0.07,0.06,0.03,0.01,0.06,0.05,0.02,0.07,0.05,0.09,0.08,0.0,0.02
YBR084W,0.08,0.01,0.04,0.02,0.02,0.02,0.03,0.09,0.1,0.1,0.02,0.04,0.04,0.06,0.09,0.12,0.03,0.05,0.01,0.03
YPL016W,0.02,0.0,0.07,0.0,0.06,0.03,0.01,0.0,0.01,0.02,0.01,0.48,0.03,0.02,0.0,0.07,0.16,0.01,0.0,0.0
YGL203C,0.05,0.0,0.07,0.07,0.04,0.07,0.02,0.06,0.02,0.11,0.03,0.07,0.08,0.02,0.04,0.11,0.02,0.04,0.04,0.04
YFL018C,0.09,0.03,0.03,0.02,0.03,0.11,0.04,0.07,0.07,0.1,0.02,0.08,0.02,0.03,0.06,0.06,0.06,0.07,0.0,0.01
YML085C,0.04,0.02,0.06,0.11,0.05,0.13,0.04,0.07,0.06,0.07,0.01,0.04,0.06,0.03,0.03,0.05,0.02,0.06,0.01,0.04
YML124C,0.04,0.02,0.05,0.13,0.06,0.13,0.04,0.07,0.06,0.07,0.01,0.04,0.04,0.03,0.04,0.04,0.03,0.06,0.01,0.03
YKL022C,0.08,0.05,0.02,0.01,0.02,0.01,0.04,0.02,0.05,0.07,0.03,0.08,0.06,0.08,0.05,0.15,0.08,0.04,0.01,0.05
YJL026W,0.07,0.0,0.06,0.15,0.01,0.0,0.05,0.03,0.16,0.12,0.03,0.05,0.04,0.02,0.04,0.07,0.03,0.03,0.01,0.03
YDR232W,0.25,0.0,0.03,0.03,0.04,0.06,0.03,0.03,0.04,0.06,0.01,0.07,0.01,0.03,0.06,0.11,0.09,0.01,0.0,0.04
YLR182W,0.03,0.01,0.06,0.1,0.05,0.06,0.05,0.05,0.03,0.18,0.02,0.08,0.05,0.03,0.04,0.02,0.07,0.03,0.01,0.03
YLR333C,0.12,0.0,0.04,0.04,0.0,0.05,0.03,0.08,0.18,0.09,0.02,0.0,0.04,0.05,0.06,0.09,0.01,0.06,0.01,0.03
YKR057W,0.08045977011494253,0.011494252873563218,0.08045977011494253,0.06896551724137931,0.0,0.06896551724137931,0.011494252873563218,0.04597701149425287,0.05747126436781609,0.08045977011494253,0.011494252873563218,0.06896551724137931,0.022988505747126436,0.034482758620689655,0.08045977011494253,0.09195402298850575,0.022988505747126436,0.09195402298850575,0.011494252873563218,0.05747126436781609
YPR102C,0.07,0.0,0.03,0.08,0.02,0.07,0.01,0.05,0.09,0.09,0.02,0.04,0.03,0.05,0.11,0.07,0.06,0.09,0.0,0.02
YLR264W,0.029850746268656716,0.0,0.04477611940298507,0.08955223880597014,0.014925373134328358,0.07462686567164178,0.0,0.04477611940298507,0.05970149253731343,0.08955223880597014,0.029850746268656716,0.029850746268656716,0.029850746268656716,0.014925373134328358,0.14925373134328357,0.05970149253731343,0.08955223880597014,0.14925373134328357,0.0,0.0
YDR316W-B,0.1,0.02,0.03,0.04,0.0,0.03,0.05,0.02,0.04,0.02,0.03,0.07,0.13,0.12,0.0,0.15,0.07,0.05,0.0,0.03
YDR365W-B,0.1,0.03,0.02,0.06,0.0,0.03,0.05,0.01,0.04,0.02,0.03,0.06,0.13,0.12,0.0,0.16,0.08,0.05,0.0,0.01
YLR157C-B,0.1,0.03,0.02,0.06,0.0,0.03,0.05,0.01,0.04,0.02,0.03,0.06,0.13,0.12,0.0,0.16,0.08,0.05,0.0,0.01
YLR227W-B,0.1,0.03,0.02,0.06,0.0,0.03,0.06,0.01,0.04,0.02,0.03,0.06,0.12,0.12,0.0,0.16,0.08,0.05,0.0,0.01
YPR137C-B,0.1,0.03,0.02,0.06,0.0,0.03,0.06,0.01,0.04,0.02,0.03,0.06,0.1,0.13,0.0,0.17,0.09,0.04,0.0,0.01
YPR158W-B,0.1,0.02,0.03,0.04,0.0,0.03,0.05,0.02,0.04,0.02,0.03,0.07,0.13,0.12,0.0,0.15,0.07,0.05,0.0,0.03
YPR158C-D,0.1,0.03,0.02,0.06,0.0,0.03,0.04,0.01,0.04,0.02,0.03,0.07,0.13,0.11,0.0,0.16,0.08,0.05,0.0,0.02
YLR410W-B,0.08,0.0,0.03,0.05,0.01,0.04,0.07,0.0,0.03,0.04,0.04,0.08,0.12,0.11,0.01,0.14,0.06,0.07,0.0,0.02
YHL009W-B,0.04,0.0,0.08,0.09,0.01,0.02,0.0,0.08,0.11,0.09,0.02,0.07,0.02,0.06,0.08,0.06,0.08,0.08,0.0,0.01
YPR170W-B,0.09411764705882353,0.03529411764705882,0.023529411764705882,0.03529411764705882,0.08235294117647059,0.058823529411764705,0.03529411764705882,0.047058823529411764,0.023529411764705882,0.09411764705882353,0.011764705882352941,0.03529411764705882,0.047058823529411764,0.011764705882352941,0.047058823529411764,0.07058823529411765,0.047058823529411764,0.15294117647058825,0.011764705882352941,0.03529411764705882
YPR192W,0.09,0.03,0.1,0.03,0.07,0.07,0.06,0.07,0.03,0.05,0.03,0.04,0.06,0.03,0.04,0.05,0.06,0.06,0.01,0.02
YLR256W,0.04,0.06,0.02,0.01,0.0,0.02,0.05,0.04,0.08,0.04,0.05,0.06,0.08,0.04,0.07,0.17,0.1,0.04,0.01,0.02
YLL039C,0.01,0.0,0.08,0.07,0.03,0.07,0.01,0.1,0.09,0.11,0.02,0.02,0.02,0.07,0.04,0.07,0.12,0.06,0.0,0.01
YIL148W,0.03,0.03,0.07,0.06,0.02,0.06,0.01,0.09,0.11,0.11,0.01,0.03,0.03,0.06,0.05,0.08,0.07,0.05,0.0,0.03
YKR094C,0.03,0.03,0.07,0.06,0.02,0.06,0.01,0.09,0.11,0.11,0.01,0.03,0.03,0.06,0.05,0.08,0.07,0.05,0.0,0.03
YJR045C,0.1,0.0,0.01,0.06,0.03,0.07,0.0,0.08,0.07,0.08,0.02,0.06,0.04,0.03,0.07,0.1,0.09,0.09,0.0,0.0
YNL015W,0.02666666666666667,0.0,0.08,0.09333333333333334,0.04,0.04,0.08,0.08,0.14666666666666667,0.06666666666666667,0.013333333333333334,0.08,0.02666666666666667,0.0,0.0,0.02666666666666667,0.06666666666666667,0.12,0.0,0.013333333333333334
YPR043W,0.11956521739130435,0.05434782608695652,0.010869565217391304,0.03260869565217391,0.010869565217391304,0.09782608695652174,0.010869565217391304,0.043478260869565216,0.11956521739130435,0.03260869565217391,0.021739130434782608,0.0,0.0,0.03260869565217391,0.10869565217391304,0.06521739130434782,0.09782608695652174,0.08695652173913043,0.010869565217391304,0.043478260869565216
YNL162W,0.05,0.05,0.01,0.03,0.04,0.08,0.04,0.0,0.23,0.06,0.01,0.01,0.02,0.07,0.08,0.02,0.1,0.07,0.0,0.03
YHR141C,0.05,0.05,0.01,0.03,0.04,0.08,0.04,0.0,0.23,0.06,0.01,0.01,0.02,0.07,0.08,0.02,0.1,0.07,0.0,0.03
YGR118W,0.06,0.02,0.03,0.04,0.04,0.1,0.02,0.04,0.13,0.08,0.01,0.1,0.04,0.02,0.09,0.07,0.02,0.07,0.01,0.01
YPR132W,0.06,0.02,0.03,0.04,0.04,0.1,0.02,0.04,0.13,0.08,0.01,0.1,0.04,0.02,0.09,0.07,0.02,0.07,0.01,0.01
YER074W,0.09,0.0,0.04,0.07,0.06,0.07,0.01,0.02,0.1,0.08,0.01,0.04,0.03,0.02,0.08,0.06,0.04,0.14,0.0,0.04
YIL069C,0.09,0.0,0.04,0.07,0.06,0.07,0.01,0.02,0.1,0.08,0.01,0.04,0.03,0.02,0.08,0.06,0.04,0.14,0.0,0.04
YJR145C,0.09,0.01,0.05,0.03,0.03,0.06,0.05,0.03,0.09,0.13,0.03,0.04,0.07,0.01,0.1,0.03,0.05,0.06,0.01,0.03
YHR203C,0.09,0.01,0.05,0.03,0.03,0.06,0.05,0.03,0.09,0.13,0.03,0.04,0.07,0.01,0.1,0.03,0.05,0.06,0.01,0.03
YPL090C,0.02,0.01,0.07,0.06,0.06,0.11,0.01,0.06,0.11,0.06,0.02,0.04,0.04,0.04,0.1,0.05,0.03,0.08,0.0,0.03
YBR181C,0.02,0.01,0.07,0.06,0.06,0.11,0.01,0.06,0.11,0.06,0.02,0.04,0.04,0.04,0.1,0.05,0.03,0.08,0.0,0.03
YBL087C,0.11,0.01,0.04,0.02,0.03,0.12,0.0,0.05,0.08,0.08,0.05,0.06,0.04,0.02,0.09,0.07,0.02,0.08,0.01,0.02
YER117W,0.11,0.01,0.04,0.02,0.03,0.12,0.0,0.05,0.08,0.08,0.05,0.06,0.04,0.02,0.09,0.07,0.02,0.08,0.01,0.02
YPL220W,0.03,0.03,0.08,0.05,0.04,0.04,0.01,0.04,0.14,0.1,0.03,0.07,0.04,0.03,0.06,0.09,0.03,0.07,0.0,0.02
YGL135W,0.03,0.03,0.08,0.05,0.04,0.04,0.01,0.04,0.14,0.1,0.03,0.07,0.04,0.03,0.06,0.09,0.03,0.07,0.0,0.02
YFR031C-A,0.09,0.0,0.03,0.04,0.04,0.12,0.04,0.08,0.07,0.06,0.01,0.04,0.02,0.04,0.12,0.04,0.04,0.07,0.0,0.05
YIL018W,0.09,0.0,0.03,0.04,0.04,0.12,0.04,0.08,0.07,0.06,0.01,0.04,0.02,0.04,0.12,0.04,0.04,0.07,0.0,0.05
YDR025W,0.04,0.01,0.01,0.03,0.04,0.06,0.03,0.08,0.13,0.05,0.02,0.04,0.05,0.03,0.08,0.06,0.11,0.06,0.01,0.06
YBR048W,0.04,0.01,0.01,0.03,0.04,0.06,0.03,0.08,0.13,0.05,0.02,0.04,0.05,0.03,0.08,0.06,0.11,0.06,0.01,0.06
YOL120C,0.09,0.0,0.05,0.02,0.05,0.04,0.03,0.04,0.11,0.09,0.01,0.04,0.05,0.02,0.08,0.06,0.09,0.11,0.0,0.02
YNL301C,0.09,0.0,0.05,0.02,0.05,0.04,0.03,0.04,0.11,0.09,0.01,0.04,0.05,0.02,0.08,0.06,0.09,0.11,0.0,0.02
YMR143W,0.09,0.0,0.03,0.04,0.03,0.09,0.03,0.07,0.1,0.08,0.01,0.02,0.04,0.05,0.04,0.06,0.04,0.14,0.0,0.04
YEL054C,0.12,0.0,0.04,0.05,0.02,0.07,0.01,0.05,0.15,0.08,0.01,0.03,0.09,0.03,0.04,0.06,0.03,0.1,0.0,0.02
YDR418W,0.12,0.0,0.04,0.05,0.02,0.07,0.01,0.05,0.15,0.08,0.01,0.03,0.09,0.03,0.04,0.06,0.03,0.1,0.0,0.02
YDR450W,0.04,0.01,0.06,0.05,0.02,0.06,0.04,0.08,0.07,0.1,0.02,0.07,0.02,0.07,0.06,0.03,0.07,0.08,0.01,0.04
YML026C,0.04,0.01,0.06,0.05,0.02,0.06,0.04,0.08,0.07,0.1,0.02,0.07,0.02,0.07,0.06,0.03,0.07,0.08,0.01,0.04
YFL002W-A,0.08,0.0,0.03,0.05,0.01,0.04,0.07,0.0,0.03,0.04,0.04,0.08,0.12,0.11,0.01,0.14,0.06,0.07,0.0,0.02
YGR161W-B,0.08,0.0,0.03,0.05,0.01,0.04,0.07,0.0,0.03,0.04,0.04,0.08,0.12,0.11,0.01,0.14,0.06,0.07,0.0,0.02
YLR157C,0.08,0.0,0.02,0.04,0.02,0.08,0.01,0.06,0.05,0.16,0.02,0.07,0.04,0.01,0.02,0.15,0.08,0.06,0.0,0.03
YLR158C,0.08,0.0,0.02,0.04,0.02,0.08,0.01,0.06,0.05,0.16,0.02,0.07,0.04,0.01,0.02,0.15,0.08,0.06,0.0,0.03
YLR160C,0.08,0.0,0.02,0.04,0.02,0.08,0.01,0.06,0.05,0.16,0.02,0.07,0.04,0.01,0.02,0.15,0.08,0.06,0.0,0.03
YBR084C-A,0.1,0.0,0.01,0.04,0.0,0.07,0.03,0.04,0.11,0.06,0.01,0.05,0.02,0.04,0.15,0.08,0.06,0.1,0.02,0.01
YBL027W,0.1,0.0,0.01,0.04,0.0,0.07,0.03,0.04,0.11,0.06,0.01,0.05,0.02,0.04,0.15,0.08,0.06,0.1,0.02,0.01
YDL191W,0.1,0.01,0.02,0.07,0.01,0.02,0.0,0.03,0.17,0.13,0.01,0.01,0.03,0.08,0.09,0.06,0.05,0.08,0.0,0.03
YDL136W,0.1,0.01,0.02,0.07,0.01,0.02,0.0,0.03,0.17,0.13,0.01,0.01,0.03,0.08,0.09,0.06,0.05,0.08,0.0,0.03
YCR040W,0.06,0.01,0.01,0.02,0.08,0.01,0.02,0.09,0.16,0.05,0.02,0.07,0.05,0.05,0.08,0.13,0.04,0.03,0.0,0.02
YCR039C,0.01,0.02,0.06,0.1,0.03,0.01,0.0,0.1,0.11,0.14,0.02,0.07,0.04,0.03,0.05,0.09,0.09,0.03,0.0,0.0
YLR155C,0.08,0.0,0.02,0.04,0.02,0.08,0.01,0.06,0.05,0.16,0.02,0.07,0.04,0.01,0.02,0.15,0.08,0.06,0.0,0.03
YHL034C,0.07,0.01,0.09,0.13,0.05,0.03,0.05,0.1,0.07,0.04,0.01,0.06,0.06,0.03,0.01,0.05,0.07,0.07,0.0,0.0
YJL138C,0.09,0.0,0.07,0.08,0.04,0.08,0.01,0.09,0.04,0.07,0.04,0.02,0.04,0.08,0.04,0.06,0.07,0.05,0.0,0.03
YGL256W,0.08,0.0,0.05,0.07,0.03,0.1,0.0,0.1,0.08,0.07,0.02,0.06,0.05,0.03,0.02,0.07,0.05,0.08,0.0,0.04
YMR256C,0.13333333333333333,0.0,0.0,0.0,0.05,0.016666666666666666,0.016666666666666666,0.1,0.1,0.1,0.016666666666666666,0.03333333333333333,0.08333333333333333,0.05,0.05,0.05,0.03333333333333333,0.06666666666666667,0.03333333333333333,0.06666666666666667
YLR163C,0.07,0.0,0.01,0.06,0.05,0.08,0.03,0.08,0.04,0.08,0.01,0.09,0.03,0.04,0.07,0.11,0.11,0.03,0.0,0.01
YAL005C,0.11,0.01,0.11,0.02,0.07,0.06,0.02,0.06,0.06,0.04,0.03,0.08,0.05,0.04,0.05,0.04,0.07,0.07,0.0,0.01
YLL024C,0.09,0.01,0.11,0.02,0.07,0.08,0.02,0.06,0.06,0.04,0.03,0.08,0.05,0.04,0.05,0.04,0.07,0.07,0.0,0.01
YHR007C,0.05,0.01,0.02,0.05,0.07,0.06,0.01,0.11,0.05,0.12,0.03,0.02,0.06,0.03,0.04,0.07,0.01,0.09,0.03,0.07
YDL130W,0.24,0.0,0.1,0.11,0.03,0.1,0.01,0.06,0.05,0.07,0.02,0.04,0.01,0.0,0.0,0.07,0.03,0.04,0.01,0.01
YDR347W,0.09,0.02,0.03,0.06,0.04,0.05,0.03,0.04,0.11,0.13,0.02,0.05,0.02,0.04,0.05,0.1,0.04,0.02,0.01,0.05
YBR031W,0.12,0.01,0.01,0.03,0.04,0.14,0.03,0.03,0.03,0.03,0.03,0.04,0.06,0.04,0.09,0.08,0.08,0.09,0.01,0.01
YER020W,0.09,0.01,0.04,0.04,0.0,0.06,0.01,0.04,0.08,0.02,0.01,0.1,0.07,0.14,0.04,0.11,0.09,0.05,0.0,0.0
YCR066W,0.02,0.07,0.05,0.04,0.06,0.01,0.04,0.07,0.02,0.17,0.01,0.03,0.05,0.04,0.06,0.11,0.1,0.03,0.0,0.02
YER011W,0.14,0.0,0.07,0.03,0.03,0.04,0.01,0.06,0.03,0.11,0.05,0.03,0.02,0.04,0.0,0.16,0.06,0.06,0.01,0.05
YDL194W,0.02,0.01,0.1,0.03,0.03,0.03,0.01,0.06,0.05,0.06,0.05,0.08,0.04,0.08,0.07,0.15,0.1,0.03,0.0,0.0
YGL073W,0.07,0.0,0.1,0.04,0.03,0.03,0.02,0.07,0.02,0.06,0.01,0.08,0.1,0.02,0.05,0.15,0.12,0.03,0.0,0.0
YAL025C,0.06,0.05,0.03,0.05,0.02,0.03,0.04,0.05,0.09,0.09,0.02,0.08,0.04,0.06,0.05,0.06,0.06,0.04,0.03,0.05
YOR341W,0.05,0.04,0.05,0.04,0.05,0.09,0.03,0.07,0.04,0.14,0.01,0.06,0.07,0.03,0.03,0.06,0.05,0.05,0.0,0.04
YDR170C,0.07,0.01,0.11,0.18,0.0,0.08,0.01,0.02,0.09,0.0,0.02,0.1,0.04,0.03,0.01,0.09,0.09,0.05,0.0,0.0
YDL192W,0.02,0.0,0.05,0.04,0.06,0.1,0.01,0.08,0.06,0.09,0.03,0.06,0.01,0.02,0.07,0.06,0.08,0.1,0.02,0.04
YGL062W,0.09,0.0,0.05,0.07,0.04,0.06,0.05,0.11,0.06,0.07,0.02,0.04,0.03,0.06,0.06,0.05,0.04,0.06,0.0,0.04
YLR382C,0.05,0.01,0.03,0.01,0.04,0.1,0.03,0.06,0.1,0.1,0.02,0.03,0.08,0.04,0.06,0.09,0.04,0.04,0.02,0.05
YDR044W,0.08,0.0,0.07,0.05,0.02,0.1,0.02,0.05,0.06,0.06,0.04,0.04,0.07,0.07,0.06,0.05,0.07,0.07,0.01,0.01
YDL229W,0.1,0.01,0.08,0.07,0.06,0.07,0.0,0.07,0.05,0.04,0.02,0.05,0.04,0.04,0.06,0.05,0.07,0.09,0.01,0.02
YDR481C,0.05,0.01,0.05,0.01,0.05,0.04,0.03,0.07,0.07,0.1,0.04,0.03,0.06,0.03,0.07,0.15,0.05,0.09,0.0,0.0
YPR052C,0.10752688172043011,0.0,0.043010752688172046,0.10752688172043011,0.03225806451612903,0.03225806451612903,0.0,0.021505376344086023,0.16129032258064516,0.053763440860215055,0.021505376344086023,0.053763440860215055,0.07526881720430108,0.03225806451612903,0.07526881720430108,0.03225806451612903,0.06451612903225806,0.03225806451612903,0.010752688172043012,0.043010752688172046
YBR089C-A,0.12121212121212122,0.0,0.04040404040404041,0.1111111111111111,0.030303030303030304,0.04040404040404041,0.0,0.020202020202020204,0.1414141414141414,0.04040404040404041,0.020202020202020204,0.050505050505050504,0.06060606060606061,0.04040404040404041,0.10101010101010101,0.04040404040404041,0.06060606060606061,0.030303030303030304,0.010101010101010102,0.04040404040404041
YNR026C,0.07,0.01,0.07,0.06,0.04,0.12,0.01,0.06,0.08,0.08,0.01,0.1,0.04,0.02,0.01,0.05,0.08,0.06,0.0,0.03
YCL029C,0.05,0.01,0.04,0.03,0.05,0.1,0.0,0.08,0.09,0.08,0.04,0.04,0.05,0.08,0.06,0.07,0.05,0.04,0.0,0.04
YCL027W,0.09,0.02,0.0,0.0,0.04,0.04,0.0,0.09,0.02,0.11,0.03,0.04,0.03,0.03,0.02,0.18,0.17,0.06,0.0,0.03
YMR235C,0.09,0.02,0.06,0.11,0.03,0.03,0.02,0.04,0.07,0.14,0.01,0.03,0.02,0.03,0.02,0.08,0.09,0.08,0.0,0.03
YMR043W,0.03,0.01,0.03,0.1,0.05,0.06,0.02,0.07,0.09,0.08,0.02,0.05,0.04,0.06,0.06,0.05,0.1,0.07,0.0,0.01
YML098W,0.08,0.02,0.06,0.05,0.05,0.03,0.01,0.03,0.11,0.14,0.01,0.07,0.03,0.06,0.05,0.05,0.06,0.06,0.0,0.03
YHR024C,0.08,0.02,0.03,0.06,0.04,0.1,0.03,0.03,0.04,0.14,0.02,0.08,0.01,0.02,0.08,0.09,0.07,0.03,0.0,0.03
YNL216W,0.17,0.0,0.12,0.1,0.01,0.03,0.0,0.02,0.04,0.01,0.02,0.04,0.05,0.02,0.0,0.11,0.15,0.1,0.0,0.01
YDR227W,0.02,0.0,0.03,0.05,0.04,0.0,0.04,0.03,0.15,0.04,0.01,0.1,0.15,0.04,0.03,0.13,0.09,0.03,0.0,0.02
YJL153C,0.05,0.01,0.06,0.06,0.03,0.07,0.01,0.04,0.11,0.09,0.02,0.07,0.03,0.02,0.01,0.05,0.11,0.12,0.0,0.04
YGL013C,0.04,0.07,0.03,0.06,0.04,0.09,0.02,0.05,0.12,0.03,0.01,0.05,0.04,0.02,0.07,0.12,0.09,0.04,0.0,0.01
YBR143C,0.03,0.01,0.03,0.06,0.0,0.06,0.0,0.09,0.11,0.12,0.03,0.07,0.04,0.05,0.03,0.08,0.07,0.07,0.01,0.04
YDR212W,0.06,0.0,0.11,0.03,0.03,0.1,0.01,0.06,0.04,0.12,0.03,0.06,0.02,0.06,0.03,0.08,0.07,0.09,0.0,0.0
YIL015W,0.07,0.02,0.05,0.06,0.05,0.05,0.03,0.06,0.02,0.12,0.03,0.08,0.04,0.02,0.0,0.11,0.11,0.03,0.01,0.04
YML075C,0.09,0.01,0.04,0.04,0.07,0.03,0.03,0.08,0.05,0.09,0.02,0.04,0.06,0.04,0.03,0.13,0.03,0.04,0.02,0.06
YLR450W,0.09,0.02,0.04,0.04,0.03,0.0,0.03,0.05,0.07,0.12,0.01,0.02,0.06,0.02,0.03,0.12,0.07,0.08,0.02,0.08
YGR084C,0.07,0.0,0.04,0.04,0.04,0.03,0.02,0.09,0.12,0.1,0.02,0.03,0.09,0.03,0.09,0.03,0.09,0.04,0.01,0.02
YNL005C,0.05,0.0,0.05,0.04,0.06,0.11,0.02,0.05,0.07,0.06,0.03,0.03,0.05,0.04,0.08,0.09,0.05,0.07,0.01,0.04
YKL126W,0.05,0.0,0.05,0.08,0.04,0.06,0.03,0.02,0.1,0.02,0.01,0.09,0.02,0.04,0.04,0.21,0.06,0.05,0.01,0.02
YOR346W,0.04,0.02,0.09,0.05,0.02,0.07,0.03,0.03,0.04,0.14,0.01,0.11,0.02,0.04,0.03,0.12,0.09,0.03,0.0,0.02
YNL071W,0.08,0.01,0.05,0.08,0.03,0.06,0.01,0.07,0.05,0.09,0.04,0.01,0.06,0.05,0.06,0.08,0.07,0.06,0.01,0.03
YBR196C,0.08,0.0,0.05,0.08,0.07,0.04,0.01,0.06,0.13,0.1,0.02,0.09,0.01,0.04,0.02,0.07,0.06,0.03,0.01,0.03
YNL250W,0.05,0.01,0.05,0.04,0.04,0.1,0.01,0.12,0.08,0.08,0.03,0.06,0.04,0.03,0.04,0.07,0.09,0.04,0.0,0.02
YGR083C,0.14,0.0,0.0,0.11,0.0,0.02,0.0,0.02,0.22,0.04,0.03,0.06,0.03,0.17,0.04,0.06,0.06,0.0,0.0,0.0
YKL209C,0.07,0.0,0.02,0.0,0.05,0.07,0.04,0.08,0.02,0.12,0.07,0.04,0.02,0.03,0.05,0.09,0.07,0.1,0.02,0.04
YMR231W,0.05,0.01,0.05,0.04,0.08,0.04,0.02,0.11,0.04,0.11,0.01,0.06,0.06,0.07,0.02,0.1,0.04,0.07,0.01,0.01
YGL115W,0.03,0.0,0.06,0.04,0.05,0.01,0.0,0.06,0.08,0.14,0.01,0.05,0.04,0.06,0.03,0.13,0.07,0.09,0.01,0.04
YDL040C,0.12,0.02,0.07,0.05,0.01,0.06,0.02,0.06,0.16,0.13,0.01,0.02,0.03,0.02,0.03,0.09,0.01,0.04,0.0,0.05
YJL092W,0.08,0.0,0.03,0.04,0.03,0.07,0.06,0.07,0.04,0.13,0.03,0.06,0.02,0.05,0.06,0.05,0.09,0.06,0.01,0.02
YOR276W,0.03,0.01,0.06,0.13,0.06,0.06,0.08,0.05,0.12,0.06,0.01,0.03,0.03,0.03,0.05,0.06,0.06,0.05,0.01,0.01
YNL238W,0.03,0.01,0.05,0.08,0.04,0.03,0.06,0.03,0.07,0.13,0.02,0.05,0.03,0.04,0.05,0.11,0.04,0.06,0.03,0.04
YDR122W,0.07,0.0,0.05,0.06,0.01,0.06,0.03,0.01,0.05,0.03,0.07,0.1,0.08,0.13,0.04,0.1,0.07,0.02,0.0,0.02
YLR096W,0.11,0.0,0.06,0.04,0.03,0.07,0.01,0.01,0.04,0.06,0.04,0.08,0.11,0.09,0.09,0.06,0.05,0.03,0.01,0.01
YGR202C,0.03,0.0,0.05,0.13,0.04,0.02,0.0,0.01,0.15,0.08,0.01,0.1,0.06,0.04,0.11,0.07,0.08,0.0,0.0,0.02
YNL102W,0.04,0.0,0.18,0.12,0.01,0.07,0.01,0.03,0.1,0.06,0.01,0.03,0.0,0.02,0.09,0.1,0.02,0.06,0.01,0.04
YER148W,0.11,0.01,0.06,0.1,0.04,0.03,0.01,0.04,0.08,0.06,0.01,0.07,0.05,0.04,0.07,0.04,0.1,0.06,0.01,0.01
YBL021C,0.07,0.03,0.06,0.1,0.01,0.04,0.01,0.04,0.06,0.06,0.03,0.08,0.04,0.05,0.05,0.14,0.07,0.05,0.01,0.0
YIL034C,0.06,0.02,0.12,0.04,0.03,0.0,0.0,0.02,0.02,0.16,0.01,0.08,0.09,0.06,0.06,0.12,0.04,0.02,0.01,0.04
YHR084W,0.04,0.03,0.03,0.08,0.05,0.06,0.0,0.07,0.06,0.08,0.02,0.09,0.02,0.06,0.05,0.05,0.06,0.08,0.02,0.05
YGL167C,0.06,0.01,0.1,0.12,0.04,0.03,0.0,0.04,0.05,0.14,0.02,0.09,0.04,0.0,0.06,0.12,0.04,0.02,0.0,0.02
YDR040C,0.08,0.01,0.05,0.09,0.05,0.08,0.04,0.08,0.04,0.08,0.06,0.06,0.0,0.02,0.01,0.04,0.11,0.07,0.01,0.02
YDR158W,0.12,0.02,0.06,0.08,0.06,0.09,0.02,0.06,0.09,0.09,0.02,0.02,0.02,0.02,0.02,0.08,0.03,0.07,0.01,0.02
YBR195C,0.02,0.02,0.08,0.05,0.04,0.01,0.04,0.08,0.08,0.1,0.01,0.06,0.04,0.04,0.02,0.14,0.1,0.0,0.03,0.04
YGR152C,0.04,0.01,0.08,0.08,0.04,0.08,0.0,0.06,0.05,0.12,0.04,0.01,0.01,0.05,0.05,0.05,0.07,0.1,0.0,0.06
YPR183W,0.08,0.01,0.06,0.08,0.03,0.06,0.03,0.06,0.06,0.09,0.04,0.04,0.03,0.04,0.04,0.07,0.04,0.09,0.0,0.05
YKL109W,0.06,0.0,0.01,0.03,0.03,0.03,0.06,0.03,0.08,0.08,0.01,0.15,0.11,0.01,0.07,0.12,0.06,0.05,0.01,0.0
YOR120W,0.09,0.01,0.07,0.06,0.01,0.06,0.04,0.07,0.07,0.09,0.01,0.03,0.04,0.07,0.04,0.05,0.09,0.05,0.02,0.03
YGL030W,0.07,0.0,0.02,0.05,0.02,0.09,0.0,0.07,0.12,0.11,0.02,0.04,0.02,0.04,0.03,0.1,0.05,0.09,0.0,0.06
YOR063W,0.08,0.0,0.05,0.04,0.04,0.08,0.04,0.02,0.08,0.06,0.02,0.0,0.08,0.0,0.12,0.05,0.06,0.15,0.0,0.03
YKL112W,0.08,0.03,0.03,0.04,0.05,0.05,0.05,0.06,0.09,0.07,0.01,0.11,0.07,0.01,0.02,0.07,0.05,0.04,0.01,0.06
YBR038W,0.11,0.0,0.04,0.05,0.04,0.03,0.02,0.0,0.01,0.05,0.02,0.12,0.09,0.04,0.11,0.16,0.02,0.03,0.01,0.05
YNL082W,0.07,0.01,0.1,0.06,0.04,0.06,0.03,0.12,0.06,0.07,0.01,0.06,0.01,0.06,0.02,0.06,0.07,0.06,0.0,0.03
YPL167C,0.01,0.01,0.07,0.02,0.05,0.05,0.05,0.06,0.03,0.08,0.03,0.05,0.06,0.08,0.06,0.12,0.07,0.05,0.0,0.05
YLR263W,0.02,0.01,0.06,0.08,0.06,0.04,0.04,0.11,0.1,0.14,0.02,0.06,0.01,0.04,0.03,0.06,0.05,0.05,0.01,0.01
YLR178C,0.1,0.0,0.09,0.03,0.06,0.03,0.02,0.05,0.06,0.05,0.04,0.04,0.08,0.09,0.01,0.1,0.06,0.06,0.0,0.03
YJL141C,0.02,0.01,0.03,0.02,0.02,0.05,0.05,0.01,0.01,0.02,0.04,0.16,0.05,0.19,0.03,0.19,0.03,0.04,0.02,0.01
YGR040W,0.05,0.01,0.05,0.07,0.04,0.04,0.03,0.13,0.1,0.09,0.02,0.02,0.04,0.02,0.05,0.06,0.06,0.08,0.0,0.04
YDR054C,0.04,0.01,0.06,0.05,0.09,0.04,0.04,0.08,0.04,0.08,0.03,0.04,0.08,0.03,0.07,0.1,0.04,0.03,0.01,0.04
YHR083W,0.09,0.02,0.04,0.06,0.06,0.07,0.0,0.02,0.04,0.11,0.02,0.03,0.05,0.05,0.04,0.06,0.1,0.09,0.01,0.04
YFR036W,0.04,0.0,0.15,0.04,0.02,0.03,0.04,0.05,0.06,0.1,0.02,0.12,0.01,0.07,0.03,0.1,0.07,0.03,0.0,0.02
YER162C,0.04,0.0,0.11,0.15,0.03,0.02,0.0,0.02,0.09,0.08,0.01,0.05,0.06,0.02,0.08,0.08,0.05,0.09,0.0,0.02
YDR217C,0.04,0.0,0.09,0.08,0.02,0.05,0.02,0.05,0.06,0.08,0.04,0.1,0.09,0.04,0.03,0.1,0.03,0.07,0.01,0.0
YKR026C,0.06,0.02,0.03,0.12,0.04,0.03,0.02,0.1,0.04,0.12,0.05,0.06,0.03,0.02,0.05,0.06,0.09,0.03,0.01,0.02
YLR195C,0.02,0.01,0.12,0.1,0.05,0.01,0.01,0.03,0.16,0.12,0.02,0.05,0.06,0.05,0.01,0.06,0.04,0.06,0.02,0.0
YLL015W,0.04,0.04,0.02,0.02,0.06,0.04,0.02,0.06,0.05,0.12,0.01,0.07,0.08,0.04,0.03,0.11,0.05,0.07,0.02,0.05
YDR155C,0.06,0.01,0.07,0.04,0.09,0.15,0.03,0.04,0.07,0.05,0.03,0.05,0.06,0.03,0.04,0.04,0.04,0.06,0.0,0.04
YDR035W,0.07,0.02,0.13,0.05,0.02,0.05,0.03,0.11,0.1,0.11,0.02,0.03,0.06,0.01,0.06,0.05,0.01,0.03,0.01,0.03
YKL103C,0.03,0.01,0.05,0.16,0.05,0.03,0.03,0.07,0.1,0.08,0.02,0.09,0.02,0.06,0.01,0.06,0.04,0.03,0.02,0.04
YOR254C,0.03,0.0,0.04,0.1,0.07,0.06,0.0,0.09,0.09,0.06,0.03,0.09,0.03,0.03,0.04,0.08,0.05,0.04,0.03,0.04
YJL041W,0.08,0.0,0.0,0.0,0.1,0.12,0.0,0.01,0.01,0.0,0.01,0.26,0.05,0.04,0.0,0.15,0.16,0.01,0.0,0.0
YMR228W,0.02,0.01,0.04,0.04,0.07,0.05,0.01,0.07,0.14,0.13,0.01,0.04,0.07,0.03,0.03,0.07,0.03,0.04,0.01,0.09
YBR112C,0.15,0.0,0.05,0.04,0.02,0.04,0.01,0.02,0.01,0.09,0.04,0.02,0.06,0.23,0.04,0.07,0.07,0.01,0.01,0.02
YMR186W,0.07,0.0,0.05,0.11,0.04,0.05,0.0,0.12,0.07,0.11,0.03,0.05,0.04,0.04,0.04,0.07,0.07,0.02,0.0,0.02
YDR037W,0.13,0.0,0.05,0.08,0.03,0.02,0.04,0.02,0.15,0.06,0.02,0.03,0.06,0.08,0.05,0.07,0.04,0.05,0.0,0.02
YDR256C,0.04,0.01,0.07,0.07,0.05,0.09,0.04,0.07,0.04,0.06,0.02,0.09,0.05,0.04,0.05,0.07,0.05,0.06,0.0,0.03
YPR181C,0.02,0.06,0.05,0.05,0.03,0.03,0.02,0.04,0.02,0.06,0.01,0.13,0.11,0.02,0.04,0.1,0.05,0.09,0.02,0.05
YGL166W,0.06,0.11,0.03,0.06,0.01,0.09,0.04,0.03,0.09,0.02,0.03,0.03,0.05,0.02,0.13,0.07,0.08,0.04,0.0,0.01
YIR022W,0.07,0.01,0.03,0.04,0.08,0.05,0.03,0.05,0.03,0.12,0.03,0.08,0.03,0.07,0.05,0.05,0.03,0.11,0.02,0.02
YDR194C,0.04,0.01,0.07,0.03,0.04,0.03,0.03,0.04,0.05,0.08,0.01,0.14,0.03,0.02,0.15,0.1,0.06,0.04,0.01,0.02
YDL102W,0.02,0.0,0.11,0.12,0.04,0.04,0.03,0.06,0.09,0.06,0.05,0.01,0.04,0.07,0.04,0.12,0.05,0.04,0.0,0.01
YDR283C,0.03,0.01,0.07,0.09,0.04,0.0,0.02,0.08,0.06,0.09,0.06,0.03,0.05,0.07,0.03,0.1,0.07,0.04,0.01,0.05
YPL117C,0.05,0.03,0.07,0.12,0.02,0.05,0.03,0.07,0.05,0.06,0.04,0.09,0.05,0.05,0.02,0.08,0.06,0.04,0.01,0.01
YDR120C,0.08,0.02,0.03,0.07,0.07,0.06,0.01,0.09,0.15,0.06,0.02,0.09,0.04,0.03,0.05,0.03,0.03,0.03,0.01,0.03
YLR060W,0.02,0.02,0.08,0.14,0.04,0.04,0.0,0.05,0.09,0.13,0.03,0.04,0.04,0.04,0.03,0.07,0.08,0.02,0.0,0.04
YFL022C,0.04,0.0,0.07,0.08,0.03,0.06,0.02,0.06,0.12,0.16,0.02,0.03,0.02,0.08,0.0,0.08,0.05,0.06,0.0,0.02
YDL014W,0.09,0.0,0.0,0.01,0.04,0.44,0.02,0.02,0.01,0.0,0.01,0.0,0.02,0.0,0.2,0.1,0.0,0.03,0.0,0.01
YKL024C,0.1,0.02,0.04,0.05,0.04,0.1,0.02,0.06,0.08,0.09,0.01,0.04,0.04,0.07,0.03,0.07,0.05,0.07,0.0,0.02
YGR282C,0.15,0.02,0.05,0.06,0.06,0.06,0.01,0.02,0.04,0.08,0.01,0.05,0.02,0.03,0.01,0.09,0.13,0.06,0.01,0.04
YOR027W,0.13,0.02,0.07,0.07,0.03,0.05,0.02,0.03,0.1,0.09,0.01,0.08,0.02,0.02,0.02,0.09,0.05,0.03,0.01,0.06
YOR330C,0.03,0.03,0.04,0.06,0.04,0.07,0.01,0.04,0.1,0.1,0.05,0.02,0.05,0.05,0.09,0.08,0.05,0.06,0.02,0.01
YBR088C,0.06,0.04,0.1,0.07,0.05,0.05,0.01,0.09,0.05,0.12,0.02,0.04,0.02,0.04,0.04,0.06,0.06,0.07,0.0,0.01
YCR088W,0.07,0.01,0.08,0.08,0.04,0.05,0.02,0.09,0.06,0.07,0.01,0.01,0.08,0.02,0.04,0.1,0.07,0.04,0.02,0.04
YKR086W,0.04,0.01,0.04,0.09,0.04,0.04,0.01,0.08,0.15,0.16,0.01,0.07,0.05,0.04,0.03,0.08,0.06,0.0,0.0,0.0
YBR127C,0.03,0.0,0.04,0.08,0.05,0.09,0.0,0.06,0.08,0.09,0.01,0.07,0.04,0.04,0.05,0.04,0.07,0.14,0.0,0.02
YIL021W,0.07,0.04,0.09,0.1,0.03,0.02,0.02,0.08,0.03,0.1,0.04,0.04,0.03,0.03,0.05,0.08,0.05,0.09,0.0,0.01
YER178W,0.08,0.01,0.06,0.08,0.02,0.04,0.01,0.05,0.06,0.1,0.07,0.0,0.06,0.04,0.07,0.08,0.09,0.05,0.0,0.03
YGR193C,0.08,0.02,0.08,0.06,0.02,0.06,0.01,0.05,0.13,0.09,0.04,0.01,0.03,0.01,0.01,0.11,0.06,0.09,0.01,0.03
YLR134W,0.1,0.02,0.03,0.06,0.04,0.13,0.02,0.05,0.04,0.12,0.03,0.07,0.01,0.01,0.03,0.06,0.04,0.08,0.01,0.05
YJL034W,0.07,0.01,0.06,0.04,0.05,0.08,0.01,0.06,0.03,0.12,0.02,0.07,0.03,0.02,0.04,0.07,0.06,0.12,0.0,0.04
YLR249W,0.13,0.01,0.04,0.08,0.04,0.04,0.04,0.08,0.06,0.07,0.02,0.07,0.04,0.06,0.01,0.09,0.03,0.08,0.0,0.01
YHR166C,0.1,0.0,0.09,0.08,0.03,0.06,0.02,0.06,0.07,0.12,0.02,0.03,0.03,0.06,0.04,0.08,0.04,0.02,0.02,0.03
YCL050C,0.05,0.0,0.06,0.1,0.04,0.06,0.01,0.08,0.11,0.09,0.03,0.04,0.11,0.02,0.01,0.07,0.07,0.02,0.0,0.03
YHR042W,0.09,0.01,0.09,0.05,0.04,0.05,0.0,0.04,0.07,0.11,0.03,0.09,0.01,0.02,0.02,0.06,0.06,0.11,0.0,0.05
YOR176W,0.05,0.0,0.03,0.04,0.06,0.06,0.0,0.09,0.08,0.07,0.04,0.04,0.04,0.07,0.08,0.08,0.09,0.03,0.0,0.05
YCR084C,0.06,0.0,0.05,0.1,0.02,0.01,0.03,0.04,0.07,0.12,0.04,0.07,0.0,0.15,0.06,0.04,0.06,0.04,0.0,0.04
YLR105C,0.04,0.0,0.07,0.03,0.04,0.05,0.04,0.04,0.07,0.1,0.02,0.06,0.06,0.04,0.06,0.05,0.07,0.05,0.04,0.07
YBR110W,0.02,0.02,0.03,0.03,0.04,0.05,0.04,0.13,0.07,0.13,0.02,0.03,0.06,0.01,0.04,0.08,0.03,0.08,0.02,0.07
YDR137W,0.05,0.0,0.04,0.13,0.06,0.07,0.05,0.07,0.09,0.1,0.02,0.04,0.01,0.05,0.05,0.06,0.05,0.03,0.01,0.02
YGR240C,0.07,0.01,0.05,0.06,0.08,0.06,0.03,0.05,0.08,0.09,0.01,0.04,0.01,0.07,0.04,0.12,0.06,0.04,0.01,0.02
YMR205C,0.05,0.01,0.05,0.05,0.04,0.01,0.02,0.05,0.07,0.1,0.01,0.08,0.03,0.03,0.03,0.14,0.12,0.06,0.01,0.04
YBL016W,0.04,0.01,0.04,0.08,0.07,0.04,0.03,0.13,0.09,0.09,0.02,0.05,0.05,0.04,0.04,0.05,0.05,0.05,0.0,0.03
YER056C,0.09,0.0,0.06,0.14,0.05,0.03,0.01,0.04,0.07,0.06,0.03,0.06,0.02,0.03,0.01,0.12,0.07,0.07,0.02,0.02
YNL272C,0.08,0.0,0.08,0.16,0.0,0.0,0.01,0.05,0.12,0.11,0.01,0.06,0.0,0.06,0.06,0.09,0.05,0.04,0.0,0.02
YHL033C,0.08,0.0,0.01,0.03,0.05,0.04,0.01,0.04,0.13,0.06,0.01,0.06,0.1,0.06,0.08,0.05,0.08,0.06,0.01,0.04
YJR060W,0.11,0.0,0.08,0.12,0.0,0.07,0.01,0.02,0.07,0.08,0.01,0.09,0.0,0.06,0.04,0.13,0.05,0.03,0.0,0.03
YPR141C,0.03,0.0,0.02,0.03,0.01,0.05,0.05,0.04,0.09,0.09,0.03,0.08,0.09,0.04,0.08,0.12,0.11,0.01,0.0,0.03
YPL031C,0.03,0.0,0.05,0.09,0.03,0.06,0.02,0.04,0.11,0.11,0.04,0.06,0.01,0.02,0.03,0.08,0.09,0.08,0.0,0.05
YLR233C,0.03,0.03,0.05,0.11,0.06,0.01,0.06,0.05,0.05,0.15,0.03,0.09,0.02,0.03,0.07,0.03,0.05,0.03,0.02,0.03
YDL185W,0.09,0.01,0.05,0.11,0.0,0.12,0.02,0.09,0.05,0.07,0.03,0.03,0.04,0.01,0.04,0.05,0.04,0.11,0.0,0.04
YNL322C,0.15,0.0,0.02,0.01,0.04,0.03,0.01,0.01,0.0,0.1,0.04,0.03,0.02,0.03,0.03,0.05,0.3,0.11,0.02,0.0
YGR233C,0.08,0.0,0.07,0.09,0.06,0.02,0.04,0.08,0.12,0.17,0.01,0.04,0.01,0.04,0.05,0.04,0.02,0.01,0.0,0.05
YKL085W,0.08,0.0,0.06,0.02,0.02,0.1,0.02,0.03,0.09,0.14,0.02,0.05,0.07,0.01,0.04,0.06,0.07,0.1,0.0,0.02
YNL079C,0.03,0.0,0.05,0.23,0.0,0.01,0.01,0.05,0.16,0.12,0.01,0.08,0.0,0.09,0.01,0.06,0.03,0.04,0.01,0.01
YNL138W,0.08,0.01,0.07,0.11,0.01,0.05,0.0,0.06,0.08,0.08,0.02,0.08,0.06,0.05,0.02,0.07,0.06,0.04,0.0,0.05
YOR158W,0.07,0.0,0.03,0.01,0.03,0.1,0.02,0.07,0.17,0.05,0.01,0.04,0.07,0.04,0.03,0.1,0.06,0.08,0.0,0.02
YDR138W,0.04,0.01,0.06,0.11,0.05,0.03,0.03,0.12,0.05,0.13,0.03,0.08,0.04,0.02,0.03,0.11,0.03,0.02,0.01,0.0
YGR019W,0.08,0.01,0.06,0.09,0.02,0.05,0.0,0.07,0.06,0.09,0.02,0.04,0.08,0.05,0.03,0.07,0.06,0.04,0.0,0.08
YDR513W,0.08,0.02,0.04,0.07,0.06,0.02,0.01,0.09,0.08,0.11,0.03,0.04,0.03,0.04,0.02,0.08,0.08,0.08,0.0,0.02
YPR189W,0.08,0.0,0.06,0.08,0.04,0.02,0.02,0.05,0.08,0.15,0.01,0.08,0.04,0.02,0.04,0.08,0.05,0.06,0.01,0.03
YNL151C,0.01,0.0,0.06,0.04,0.04,0.14,0.01,0.09,0.08,0.06,0.03,0.08,0.07,0.02,0.04,0.11,0.04,0.03,0.0,0.05
YGR167W,0.07,0.0,0.2,0.12,0.07,0.05,0.0,0.05,0.06,0.04,0.01,0.07,0.05,0.04,0.02,0.08,0.05,0.02,0.0,0.0
YNL130C,0.04,0.02,0.06,0.01,0.13,0.05,0.01,0.05,0.03,0.13,0.02,0.04,0.06,0.04,0.04,0.07,0.06,0.03,0.03,0.08
YCL043C,0.14,0.04,0.05,0.09,0.05,0.02,0.03,0.03,0.05,0.1,0.03,0.04,0.03,0.05,0.0,0.09,0.04,0.08,0.02,0.02
YBR085W,0.11,0.01,0.05,0.04,0.07,0.06,0.0,0.1,0.1,0.05,0.03,0.06,0.02,0.07,0.04,0.06,0.06,0.04,0.01,0.02
YBL030C,0.11,0.01,0.04,0.04,0.05,0.06,0.0,0.06,0.08,0.08,0.03,0.05,0.07,0.05,0.05,0.06,0.07,0.06,0.01,0.02
YAL010C,0.05,0.0,0.07,0.03,0.05,0.01,0.02,0.06,0.02,0.1,0.03,0.06,0.04,0.07,0.06,0.14,0.11,0.01,0.01,0.06
YAL009W,0.08,0.0,0.06,0.05,0.06,0.05,0.02,0.07,0.04,0.08,0.03,0.05,0.03,0.04,0.07,0.14,0.05,0.04,0.01,0.03
YBR083W,0.08,0.01,0.12,0.06,0.05,0.04,0.01,0.05,0.09,0.06,0.02,0.07,0.03,0.04,0.03,0.1,0.06,0.05,0.0,0.03
YBR289W,0.03,0.0,0.0,0.0,0.02,0.03,0.02,0.06,0.0,0.06,0.03,0.08,0.16,0.28,0.03,0.11,0.07,0.01,0.0,0.01
YBR080C,0.08,0.01,0.06,0.0,0.06,0.07,0.03,0.07,0.04,0.04,0.03,0.14,0.08,0.03,0.04,0.05,0.08,0.05,0.02,0.02
YJR086W,0.04,0.01,0.01,0.06,0.01,0.03,0.01,0.06,0.09,0.12,0.02,0.1,0.04,0.14,0.05,0.09,0.06,0.02,0.01,0.03
YHL025W,0.05,0.0,0.03,0.05,0.02,0.11,0.03,0.05,0.05,0.05,0.03,0.08,0.02,0.1,0.07,0.12,0.03,0.05,0.0,0.06
YGL155W,0.04,0.01,0.05,0.02,0.05,0.07,0.07,0.07,0.06,0.07,0.04,0.05,0.03,0.03,0.05,0.09,0.07,0.09,0.01,0.03
YMR104C,0.03,0.0,0.06,0.09,0.04,0.08,0.11,0.04,0.11,0.05,0.01,0.1,0.04,0.0,0.05,0.15,0.02,0.0,0.02,0.0
YLR229C,0.04,0.03,0.08,0.05,0.07,0.06,0.0,0.03,0.04,0.08,0.02,0.03,0.08,0.03,0.02,0.06,0.09,0.12,0.01,0.06
YKR039W,0.05,0.0,0.06,0.07,0.03,0.04,0.04,0.1,0.09,0.06,0.02,0.08,0.06,0.04,0.02,0.11,0.07,0.04,0.01,0.01
YDL137W,0.02,0.0,0.05,0.04,0.05,0.1,0.01,0.09,0.06,0.09,0.03,0.06,0.01,0.02,0.07,0.06,0.08,0.09,0.02,0.05
YJR047C,0.06,0.02,0.08,0.06,0.04,0.07,0.05,0.04,0.09,0.09,0.03,0.03,0.04,0.02,0.03,0.08,0.07,0.07,0.0,0.03
YDR148C,0.12,0.0,0.01,0.05,0.05,0.04,0.01,0.04,0.11,0.07,0.03,0.05,0.03,0.01,0.05,0.16,0.07,0.08,0.0,0.02
YLR071C,0.09,0.0,0.02,0.09,0.0,0.04,0.03,0.03,0.04,0.09,0.05,0.07,0.09,0.08,0.03,0.08,0.12,0.05,0.0,0.0
YLR304C,0.07,0.01,0.08,0.03,0.02,0.04,0.03,0.06,0.06,0.11,0.01,0.06,0.04,0.06,0.1,0.06,0.05,0.07,0.0,0.04
YPL132W,0.09,0.02,0.03,0.04,0.06,0.02,0.02,0.06,0.07,0.13,0.01,0.03,0.04,0.03,0.12,0.09,0.04,0.07,0.01,0.02
YOR326W,0.04,0.01,0.08,0.1,0.02,0.04,0.03,0.06,0.06,0.14,0.01,0.07,0.05,0.04,0.03,0.06,0.04,0.05,0.02,0.05
YPL133C,0.07,0.06,0.06,0.06,0.02,0.05,0.04,0.04,0.09,0.02,0.02,0.08,0.06,0.04,0.06,0.11,0.03,0.06,0.0,0.03
YPL036W,0.16,0.0,0.12,0.1,0.0,0.06,0.02,0.02,0.05,0.03,0.01,0.03,0.03,0.03,0.02,0.22,0.04,0.03,0.0,0.03
YJL085W,0.08,0.0,0.04,0.07,0.02,0.02,0.0,0.09,0.09,0.13,0.01,0.08,0.02,0.08,0.02,0.1,0.07,0.06,0.0,0.02
YOL051W,0.15,0.0,0.06,0.04,0.02,0.03,0.01,0.04,0.1,0.06,0.05,0.13,0.02,0.02,0.04,0.08,0.06,0.07,0.0,0.02
YBR055C,0.06,0.0,0.11,0.08,0.03,0.06,0.01,0.02,0.12,0.06,0.01,0.08,0.06,0.05,0.07,0.07,0.03,0.06,0.0,0.02
YDL030W,0.03,0.0,0.02,0.12,0.04,0.0,0.02,0.12,0.11,0.09,0.02,0.07,0.04,0.08,0.09,0.05,0.03,0.02,0.0,0.05
YGL077C,0.06,0.0,0.07,0.04,0.03,0.12,0.02,0.09,0.04,0.06,0.07,0.04,0.03,0.02,0.04,0.14,0.02,0.07,0.02,0.02
YML007W,0.06,0.0,0.06,0.13,0.02,0.05,0.02,0.01,0.15,0.05,0.02,0.02,0.03,0.06,0.11,0.11,0.06,0.04,0.0,0.0
YLR259C,0.1,0.0,0.02,0.07,0.03,0.08,0.01,0.03,0.1,0.13,0.02,0.02,0.05,0.02,0.08,0.08,0.05,0.1,0.0,0.01
YFR049W,0.08,0.02,0.01,0.06,0.05,0.04,0.04,0.06,0.09,0.07,0.04,0.04,0.09,0.01,0.04,0.09,0.05,0.1,0.0,0.02
YIL072W,0.03,0.01,0.05,0.06,0.06,0.04,0.0,0.05,0.13,0.12,0.03,0.06,0.03,0.08,0.03,0.06,0.09,0.05,0.01,0.01
YOL001W,0.03,0.02,0.05,0.06,0.04,0.02,0.03,0.11,0.06,0.1,0.03,0.06,0.04,0.02,0.05,0.13,0.07,0.05,0.0,0.03
YPR178W,0.05,0.0,0.06,0.16,0.0,0.02,0.02,0.09,0.06,0.14,0.03,0.08,0.04,0.06,0.06,0.03,0.02,0.07,0.0,0.01
YNL135C,0.03,0.01,0.06,0.04,0.04,0.16,0.01,0.09,0.06,0.05,0.01,0.03,0.1,0.03,0.04,0.06,0.06,0.08,0.01,0.03
YNR011C,0.03,0.0,0.05,0.11,0.01,0.05,0.0,0.03,0.13,0.06,0.01,0.1,0.03,0.05,0.07,0.12,0.08,0.04,0.0,0.03
YMR243C,0.11,0.01,0.05,0.04,0.05,0.05,0.02,0.13,0.04,0.17,0.04,0.03,0.01,0.01,0.03,0.06,0.05,0.05,0.02,0.03
YOR140W,0.13,0.0,0.05,0.08,0.03,0.12,0.03,0.06,0.05,0.06,0.03,0.02,0.09,0.02,0.02,0.09,0.04,0.05,0.02,0.01
YPR088C,0.06,0.02,0.06,0.07,0.02,0.03,0.0,0.06,0.09,0.12,0.02,0.09,0.0,0.04,0.04,0.1,0.09,0.09,0.0,0.0
YJL140W,0.08,0.0,0.05,0.16,0.03,0.02,0.04,0.03,0.11,0.1,0.01,0.06,0.0,0.07,0.09,0.04,0.06,0.05,0.0,0.0
YBR154C,0.03,0.02,0.06,0.11,0.07,0.04,0.01,0.05,0.08,0.04,0.07,0.03,0.05,0.04,0.07,0.07,0.05,0.07,0.02,0.02
YPR187W,0.06,0.0,0.09,0.14,0.06,0.07,0.02,0.04,0.08,0.03,0.02,0.05,0.04,0.06,0.06,0.02,0.1,0.02,0.0,0.04
YOR224C,0.09,0.02,0.12,0.04,0.03,0.03,0.0,0.04,0.02,0.08,0.02,0.05,0.05,0.05,0.05,0.1,0.09,0.07,0.01,0.04
YGL078C,0.04,0.0,0.07,0.19,0.02,0.01,0.03,0.04,0.3,0.02,0.01,0.01,0.04,0.02,0.01,0.07,0.03,0.07,0.0,0.02
YJL033W,0.07,0.0,0.07,0.06,0.04,0.04,0.01,0.08,0.14,0.11,0.01,0.03,0.05,0.04,0.04,0.06,0.09,0.04,0.0,0.02
YOR046C,0.08,0.0,0.1,0.12,0.01,0.01,0.0,0.04,0.15,0.09,0.01,0.03,0.06,0.03,0.01,0.12,0.06,0.06,0.0,0.02
YJR007W,0.03,0.02,0.07,0.1,0.01,0.04,0.01,0.11,0.08,0.08,0.04,0.04,0.01,0.03,0.09,0.08,0.01,0.1,0.0,0.05
YKL021C,0.06,0.02,0.05,0.04,0.05,0.05,0.06,0.1,0.06,0.11,0.02,0.05,0.03,0.06,0.05,0.1,0.03,0.03,0.0,0.03
YLR133W,0.06,0.0,0.08,0.05,0.0,0.06,0.01,0.04,0.01,0.05,0.01,0.03,0.02,0.06,0.13,0.2,0.07,0.09,0.0,0.03
YDL047W,0.02,0.04,0.07,0.1,0.05,0.07,0.02,0.05,0.04,0.13,0.05,0.03,0.04,0.05,0.03,0.03,0.07,0.06,0.01,0.04
YPL218W,0.07,0.0,0.07,0.03,0.07,0.1,0.04,0.05,0.06,0.16,0.02,0.05,0.03,0.02,0.04,0.02,0.07,0.04,0.05,0.01
YOR098C,0.02,0.0,0.03,0.06,0.04,0.02,0.03,0.03,0.08,0.06,0.02,0.11,0.06,0.02,0.06,0.2,0.08,0.06,0.0,0.02
YLR396C,0.03,0.01,0.09,0.02,0.04,0.02,0.0,0.04,0.03,0.2,0.02,0.06,0.07,0.07,0.04,0.09,0.08,0.08,0.01,0.0
YJR004C,0.1,0.01,0.06,0.04,0.08,0.03,0.01,0.1,0.04,0.11,0.02,0.05,0.03,0.03,0.02,0.11,0.1,0.02,0.02,0.02
YIL125W,0.08,0.01,0.04,0.01,0.05,0.04,0.01,0.04,0.07,0.07,0.03,0.06,0.06,0.05,0.04,0.14,0.09,0.05,0.02,0.04
YGL055W,0.05,0.0,0.09,0.11,0.03,0.07,0.01,0.07,0.12,0.08,0.03,0.06,0.03,0.03,0.02,0.09,0.06,0.05,0.0,0.0
YJR094C,0.04,0.01,0.07,0.07,0.09,0.03,0.05,0.07,0.03,0.09,0.02,0.06,0.07,0.11,0.02,0.08,0.05,0.01,0.01,0.02
YLR131C,0.01,0.0,0.17,0.04,0.01,0.06,0.02,0.06,0.04,0.1,0.02,0.12,0.09,0.03,0.02,0.04,0.05,0.05,0.02,0.05
YOR362C,0.05,0.02,0.05,0.05,0.04,0.1,0.02,0.07,0.07,0.06,0.01,0.06,0.03,0.03,0.05,0.08,0.05,0.13,0.0,0.03
YGL011C,0.14,0.02,0.05,0.03,0.03,0.06,0.01,0.08,0.06,0.05,0.02,0.05,0.05,0.03,0.06,0.07,0.07,0.08,0.0,0.04
YER168C,0.05,0.01,0.05,0.04,0.02,0.06,0.02,0.06,0.06,0.14,0.04,0.11,0.03,0.05,0.03,0.06,0.09,0.04,0.01,0.03
YBR237W,0.03,0.0,0.04,0.13,0.03,0.01,0.01,0.03,0.21,0.05,0.01,0.05,0.02,0.07,0.1,0.09,0.06,0.05,0.01,0.0
YJR050W,0.05,0.0,0.05,0.09,0.02,0.02,0.02,0.05,0.11,0.06,0.02,0.08,0.02,0.08,0.08,0.09,0.02,0.06,0.04,0.04
YJR051W,0.05,0.0,0.04,0.01,0.02,0.08,0.01,0.11,0.06,0.1,0.03,0.04,0.03,0.04,0.06,0.11,0.08,0.11,0.0,0.02
YER070W,0.09,0.02,0.07,0.05,0.02,0.04,0.03,0.08,0.08,0.06,0.02,0.02,0.03,0.04,0.06,0.04,0.1,0.09,0.0,0.06
YBR049C,0.05,0.0,0.12,0.09,0.0,0.03,0.07,0.02,0.06,0.05,0.01,0.19,0.02,0.05,0.01,0.13,0.01,0.08,0.0,0.01
YPL215W,0.07,0.01,0.02,0.06,0.04,0.02,0.03,0.02,0.12,0.11,0.02,0.05,0.07,0.04,0.04,0.12,0.04,0.06,0.01,0.05
YKR001C,0.04,0.0,0.08,0.04,0.01,0.08,0.02,0.09,0.05,0.12,0.01,0.07,0.06,0.06,0.06,0.09,0.05,0.07,0.0,0.0
YPL172C,0.04,0.02,0.04,0.02,0.04,0.08,0.05,0.08,0.06,0.05,0.03,0.09,0.03,0.05,0.07,0.07,0.1,0.03,0.0,0.05
YJR021C,0.06,0.01,0.04,0.13,0.03,0.04,0.02,0.05,0.08,0.12,0.03,0.07,0.01,0.03,0.04,0.14,0.05,0.04,0.01,0.0
YIL066C,0.08,0.01,0.07,0.04,0.02,0.04,0.02,0.09,0.07,0.06,0.02,0.03,0.03,0.04,0.07,0.06,0.11,0.09,0.0,0.05
YKR101W,0.01,0.0,0.08,0.04,0.04,0.03,0.01,0.07,0.11,0.17,0.02,0.05,0.03,0.03,0.1,0.07,0.02,0.09,0.02,0.01
YDR337W,0.09,0.01,0.04,0.05,0.04,0.04,0.0,0.06,0.12,0.1,0.03,0.05,0.05,0.03,0.07,0.09,0.04,0.08,0.0,0.01
YLL041C,0.09,0.05,0.06,0.03,0.03,0.05,0.02,0.03,0.08,0.11,0.04,0.04,0.05,0.03,0.07,0.05,0.09,0.05,0.01,0.02
YPL094C,0.11,0.0,0.02,0.06,0.05,0.06,0.02,0.08,0.08,0.07,0.02,0.05,0.04,0.08,0.07,0.08,0.04,0.04,0.0,0.03
YIR031C,0.07,0.0,0.08,0.05,0.05,0.03,0.01,0.07,0.05,0.12,0.01,0.06,0.06,0.05,0.06,0.07,0.1,0.03,0.01,0.02
YGL097W,0.1,0.02,0.05,0.04,0.03,0.08,0.05,0.05,0.09,0.09,0.05,0.04,0.05,0.02,0.05,0.06,0.05,0.05,0.01,0.02
YNL262W,0.07,0.0,0.06,0.02,0.03,0.12,0.01,0.04,0.06,0.07,0.05,0.1,0.03,0.05,0.04,0.11,0.05,0.03,0.01,0.05
YDL066W,0.08,0.01,0.1,0.05,0.02,0.03,0.0,0.09,0.13,0.09,0.03,0.0,0.03,0.02,0.06,0.08,0.06,0.07,0.01,0.04
YHL020C,0.04,0.01,0.12,0.1,0.01,0.03,0.01,0.05,0.06,0.09,0.02,0.06,0.04,0.05,0.05,0.12,0.04,0.07,0.0,0.03
YDL090C,0.08,0.0,0.06,0.09,0.03,0.02,0.02,0.07,0.08,0.09,0.05,0.02,0.05,0.04,0.08,0.05,0.06,0.08,0.0,0.03
YOR290C,0.08,0.01,0.01,0.06,0.03,0.03,0.04,0.05,0.02,0.07,0.04,0.1,0.07,0.14,0.06,0.11,0.01,0.04,0.01,0.02
YDR530C,0.08,0.0,0.08,0.09,0.04,0.03,0.04,0.02,0.14,0.1,0.01,0.07,0.07,0.03,0.0,0.04,0.06,0.07,0.01,0.02
YOL126C,0.09,0.01,0.04,0.04,0.0,0.07,0.06,0.11,0.03,0.12,0.01,0.05,0.04,0.06,0.01,0.13,0.04,0.07,0.0,0.02
YGL206C,0.04,0.0,0.07,0.06,0.06,0.06,0.02,0.07,0.06,0.08,0.05,0.05,0.03,0.03,0.04,0.1,0.09,0.09,0.0,0.0
YPR010C,0.05,0.0,0.06,0.08,0.05,0.1,0.01,0.06,0.08,0.1,0.01,0.06,0.08,0.03,0.04,0.09,0.03,0.06,0.0,0.01
YOR210W,0.014285714285714285,0.05714285714285714,0.07142857142857142,0.08571428571428572,0.02857142857142857,0.05714285714285714,0.014285714285714285,0.04285714285714286,0.07142857142857142,0.15714285714285714,0.02857142857142857,0.02857142857142857,0.02857142857142857,0.014285714285714285,0.1,0.04285714285714286,0.02857142857142857,0.07142857142857142,0.014285714285714285,0.04285714285714286
YHR123W,0.03,0.02,0.06,0.02,0.11,0.05,0.02,0.06,0.04,0.08,0.02,0.05,0.06,0.03,0.03,0.07,0.07,0.06,0.03,0.09
YER012W,0.08,0.0,0.07,0.05,0.03,0.04,0.01,0.09,0.04,0.08,0.02,0.01,0.03,0.08,0.08,0.13,0.04,0.08,0.0,0.04
YMR307W,0.13,0.01,0.06,0.03,0.06,0.05,0.01,0.05,0.05,0.07,0.01,0.09,0.03,0.02,0.03,0.08,0.08,0.08,0.0,0.06
YGL173C,0.05,0.02,0.07,0.06,0.06,0.04,0.03,0.11,0.07,0.07,0.05,0.05,0.05,0.05,0.06,0.02,0.06,0.03,0.01,0.04
YOL116W,0.08,0.0,0.03,0.08,0.04,0.04,0.05,0.06,0.03,0.13,0.03,0.09,0.0,0.07,0.05,0.11,0.05,0.05,0.0,0.01
YGL071W,0.08,0.0,0.03,0.06,0.02,0.04,0.09,0.07,0.03,0.06,0.02,0.1,0.07,0.02,0.01,0.16,0.06,0.06,0.0,0.02
YER103W,0.11,0.01,0.1,0.03,0.05,0.07,0.03,0.06,0.08,0.03,0.02,0.07,0.05,0.02,0.05,0.03,0.08,0.08,0.0,0.03
YOR332W,0.09,0.0,0.04,0.1,0.03,0.02,0.0,0.09,0.13,0.08,0.04,0.09,0.01,0.07,0.04,0.07,0.06,0.03,0.0,0.01
YGR092W,0.03,0.0,0.08,0.04,0.05,0.07,0.01,0.03,0.08,0.06,0.04,0.09,0.11,0.02,0.04,0.12,0.07,0.04,0.0,0.02
YNL183C,0.03,0.0,0.06,0.05,0.01,0.03,0.02,0.02,0.03,0.07,0.01,0.07,0.04,0.04,0.07,0.28,0.11,0.05,0.0,0.01
YDR189W,0.06,0.0,0.1,0.03,0.02,0.01,0.01,0.15,0.07,0.12,0.03,0.07,0.03,0.04,0.04,0.08,0.06,0.06,0.01,0.01
YLR268W,0.05,0.02,0.04,0.1,0.06,0.03,0.02,0.06,0.06,0.09,0.02,0.05,0.04,0.04,0.03,0.11,0.05,0.06,0.0,0.07
YPL153C,0.03,0.03,0.04,0.06,0.04,0.06,0.02,0.11,0.06,0.09,0.01,0.06,0.03,0.1,0.06,0.07,0.07,0.04,0.01,0.01
YLR043C,0.14,0.02,0.07,0.06,0.06,0.04,0.0,0.05,0.1,0.06,0.04,0.03,0.05,0.06,0.0,0.04,0.04,0.1,0.01,0.03
YBR097W,0.06,0.01,0.03,0.04,0.05,0.04,0.02,0.08,0.07,0.12,0.02,0.04,0.05,0.07,0.05,0.1,0.02,0.08,0.0,0.05
YGL233W,0.06,0.0,0.11,0.08,0.05,0.04,0.01,0.02,0.04,0.16,0.01,0.08,0.05,0.08,0.03,0.07,0.03,0.06,0.02,0.0
YOR207C,0.06,0.0,0.11,0.03,0.05,0.02,0.05,0.06,0.16,0.12,0.01,0.03,0.03,0.03,0.03,0.02,0.05,0.09,0.01,0.04
YGR183C,0.10606060606060606,0.0,0.10606060606060606,0.030303030303030304,0.12121212121212122,0.07575757575757576,0.015151515151515152,0.045454545454545456,0.09090909090909091,0.030303030303030304,0.015151515151515152,0.045454545454545456,0.0,0.015151515151515152,0.030303030303030304,0.06060606060606061,0.07575757575757576,0.07575757575757576,0.030303030303030304,0.030303030303030304
YAR007C,0.06,0.0,0.05,0.03,0.03,0.06,0.02,0.09,0.07,0.07,0.04,0.07,0.02,0.06,0.09,0.09,0.03,0.07,0.0,0.05
YKL210W,0.08,0.0,0.05,0.06,0.03,0.09,0.0,0.04,0.08,0.14,0.04,0.04,0.02,0.05,0.03,0.09,0.05,0.09,0.0,0.02
YPL008W,0.03,0.01,0.09,0.09,0.02,0.03,0.01,0.07,0.09,0.07,0.05,0.04,0.04,0.02,0.04,0.07,0.11,0.04,0.02,0.06
YLR240W,0.0,0.01,0.05,0.03,0.04,0.02,0.01,0.09,0.08,0.15,0.02,0.07,0.09,0.04,0.05,0.09,0.05,0.06,0.02,0.03
YOL004W,0.09,0.0,0.05,0.05,0.01,0.05,0.04,0.03,0.04,0.07,0.02,0.09,0.07,0.09,0.04,0.15,0.06,0.03,0.01,0.01
YJR017C,0.03,0.01,0.06,0.07,0.02,0.02,0.07,0.05,0.1,0.07,0.01,0.03,0.07,0.03,0.1,0.09,0.09,0.04,0.02,0.02
YOL058W,0.13,0.04,0.08,0.06,0.05,0.07,0.0,0.04,0.08,0.1,0.02,0.02,0.02,0.03,0.02,0.04,0.02,0.13,0.01,0.04
YGR209C,0.14,0.02,0.07,0.06,0.05,0.05,0.0,0.05,0.09,0.05,0.04,0.01,0.04,0.04,0.01,0.08,0.04,0.11,0.01,0.04
YIL004C,0.07,0.0,0.09,0.04,0.03,0.11,0.01,0.03,0.04,0.1,0.04,0.05,0.01,0.08,0.05,0.15,0.07,0.01,0.0,0.02
YGL156W,0.01,0.0,0.1,0.07,0.05,0.05,0.03,0.08,0.09,0.05,0.01,0.04,0.07,0.05,0.07,0.09,0.01,0.05,0.03,0.05
YKL114C,0.08,0.02,0.03,0.04,0.07,0.06,0.02,0.03,0.09,0.04,0.03,0.09,0.07,0.03,0.03,0.1,0.06,0.05,0.01,0.05
YHL022C,0.06,0.02,0.04,0.03,0.03,0.05,0.07,0.05,0.1,0.12,0.01,0.07,0.06,0.05,0.04,0.09,0.07,0.03,0.0,0.01
YLL021W,0.08,0.0,0.06,0.06,0.05,0.03,0.04,0.02,0.07,0.1,0.02,0.06,0.02,0.06,0.09,0.11,0.05,0.04,0.0,0.04
YNL229C,0.02,0.0,0.03,0.04,0.03,0.05,0.02,0.03,0.01,0.03,0.03,0.33,0.0,0.1,0.04,0.13,0.05,0.05,0.0,0.01
YCR042C,0.05,0.03,0.07,0.06,0.05,0.02,0.04,0.11,0.05,0.09,0.04,0.06,0.03,0.03,0.05,0.07,0.09,0.05,0.0,0.01
YHR057C,0.02,0.02,0.06,0.05,0.09,0.1,0.02,0.08,0.09,0.08,0.02,0.04,0.02,0.03,0.02,0.06,0.06,0.1,0.02,0.02
YHR135C,0.1,0.0,0.03,0.03,0.04,0.08,0.03,0.07,0.05,0.05,0.04,0.13,0.03,0.03,0.02,0.11,0.08,0.07,0.0,0.01
YNL154C,0.03,0.0,0.02,0.02,0.02,0.11,0.03,0.04,0.03,0.09,0.04,0.14,0.04,0.04,0.03,0.16,0.07,0.07,0.0,0.02
YPR161C,0.04,0.01,0.04,0.07,0.04,0.07,0.02,0.06,0.14,0.06,0.02,0.04,0.03,0.05,0.05,0.06,0.07,0.08,0.0,0.05
YEL034W,0.06,0.02,0.08,0.06,0.04,0.06,0.05,0.05,0.09,0.07,0.04,0.03,0.04,0.02,0.03,0.09,0.07,0.08,0.0,0.02
YDR243C,0.03,0.0,0.06,0.09,0.05,0.04,0.01,0.05,0.15,0.05,0.01,0.1,0.04,0.05,0.06,0.13,0.04,0.03,0.01,0.0
YNL240C,0.04,0.04,0.06,0.07,0.03,0.05,0.01,0.04,0.07,0.12,0.02,0.05,0.03,0.06,0.0,0.17,0.04,0.08,0.01,0.01
YLR027C,0.09,0.0,0.08,0.04,0.04,0.08,0.02,0.07,0.06,0.1,0.01,0.06,0.05,0.05,0.04,0.07,0.05,0.04,0.01,0.04
YMR011W,0.06,0.02,0.04,0.06,0.07,0.08,0.01,0.07,0.05,0.04,0.03,0.02,0.04,0.06,0.03,0.1,0.11,0.05,0.02,0.04
YGR116W,0.02,0.0,0.2,0.24,0.02,0.04,0.01,0.04,0.07,0.04,0.01,0.04,0.03,0.01,0.08,0.07,0.03,0.05,0.0,0.0
YGR135W,0.13,0.0,0.05,0.07,0.01,0.06,0.02,0.09,0.05,0.1,0.02,0.03,0.01,0.03,0.06,0.08,0.09,0.05,0.0,0.05
YML092C,0.07,0.0,0.05,0.02,0.02,0.08,0.01,0.05,0.09,0.09,0.03,0.01,0.04,0.02,0.04,0.14,0.1,0.09,0.0,0.05
YML115C,0.02,0.0,0.02,0.01,0.05,0.08,0.01,0.09,0.08,0.12,0.04,0.09,0.03,0.03,0.06,0.17,0.04,0.03,0.0,0.03
YDR495C,0.05,0.01,0.1,0.16,0.01,0.02,0.03,0.02,0.12,0.02,0.01,0.1,0.05,0.03,0.04,0.11,0.08,0.04,0.0,0.0
YMR203W,0.08,0.0,0.03,0.04,0.08,0.03,0.02,0.03,0.05,0.1,0.02,0.07,0.08,0.06,0.03,0.13,0.07,0.06,0.0,0.02
YBL041W,0.1,0.01,0.1,0.05,0.06,0.09,0.03,0.07,0.04,0.03,0.02,0.09,0.03,0.01,0.03,0.08,0.05,0.05,0.01,0.05
YLR300W,0.03,0.02,0.08,0.07,0.04,0.07,0.03,0.05,0.04,0.13,0.01,0.04,0.07,0.02,0.04,0.07,0.06,0.06,0.01,0.06
YBR037C,0.08,0.0,0.01,0.04,0.06,0.11,0.0,0.03,0.08,0.14,0.01,0.05,0.04,0.03,0.1,0.08,0.06,0.06,0.01,0.01
YLL043W,0.02,0.0,0.09,0.03,0.01,0.06,0.05,0.0,0.03,0.02,0.02,0.22,0.07,0.07,0.04,0.17,0.04,0.02,0.0,0.04
YHR026W,0.06,0.01,0.04,0.01,0.07,0.12,0.02,0.08,0.06,0.11,0.04,0.04,0.02,0.0,0.03,0.09,0.05,0.08,0.02,0.05
YKL197C,0.04,0.0,0.05,0.04,0.04,0.05,0.05,0.1,0.03,0.11,0.01,0.09,0.04,0.04,0.04,0.09,0.05,0.09,0.01,0.03
YEL032W,0.08,0.0,0.17,0.05,0.07,0.06,0.01,0.05,0.03,0.07,0.01,0.06,0.02,0.03,0.07,0.09,0.06,0.04,0.0,0.03
YMR079W,0.07,0.02,0.1,0.11,0.06,0.04,0.01,0.02,0.08,0.13,0.02,0.03,0.05,0.06,0.06,0.03,0.05,0.02,0.01,0.03
YKL149C,0.04,0.02,0.05,0.04,0.04,0.09,0.05,0.13,0.05,0.09,0.03,0.04,0.06,0.06,0.05,0.05,0.03,0.03,0.0,0.05
YER013W,0.03,0.0,0.09,0.07,0.04,0.05,0.0,0.12,0.1,0.08,0.02,0.08,0.03,0.05,0.02,0.09,0.01,0.1,0.0,0.02
YPR175W,0.07,0.0,0.02,0.08,0.05,0.09,0.0,0.06,0.08,0.1,0.02,0.03,0.05,0.07,0.06,0.07,0.02,0.08,0.03,0.02
YNL112W,0.01,0.0,0.07,0.09,0.05,0.12,0.01,0.02,0.06,0.03,0.01,0.11,0.05,0.06,0.11,0.07,0.03,0.02,0.01,0.07
YPL119C,0.03,0.0,0.03,0.04,0.06,0.18,0.01,0.01,0.08,0.03,0.01,0.11,0.05,0.03,0.09,0.13,0.04,0.03,0.01,0.03
YDR423C,0.08,0.01,0.06,0.05,0.02,0.06,0.0,0.03,0.14,0.12,0.04,0.04,0.02,0.08,0.12,0.05,0.05,0.02,0.0,0.01
YJR090C,0.03,0.0,0.09,0.04,0.03,0.03,0.03,0.03,0.0,0.08,0.02,0.24,0.08,0.05,0.08,0.08,0.07,0.01,0.01,0.0
YNL289W,0.04,0.02,0.04,0.02,0.02,0.03,0.03,0.06,0.06,0.15,0.02,0.03,0.1,0.0,0.07,0.07,0.14,0.05,0.0,0.05
YOL022C,0.07,0.02,0.12,0.08,0.04,0.05,0.02,0.05,0.07,0.11,0.03,0.02,0.09,0.04,0.01,0.1,0.02,0.04,0.01,0.01
YPR065W,0.04,0.0,0.02,0.1,0.02,0.03,0.05,0.09,0.17,0.08,0.01,0.05,0.08,0.04,0.05,0.05,0.03,0.02,0.03,0.04
YOR157C,0.12,0.02,0.04,0.03,0.03,0.08,0.03,0.07,0.05,0.06,0.01,0.08,0.03,0.04,0.03,0.08,0.11,0.06,0.01,0.02
YDL230W,0.06,0.0,0.05,0.05,0.02,0.07,0.01,0.07,0.04,0.06,0.02,0.1,0.05,0.04,0.1,0.06,0.04,0.07,0.02,0.07
YMR296C,0.04,0.0,0.04,0.04,0.03,0.04,0.03,0.13,0.07,0.1,0.01,0.02,0.09,0.07,0.01,0.08,0.05,0.05,0.02,0.08
YBL093C,0.05,0.0,0.08,0.03,0.02,0.06,0.01,0.06,0.06,0.07,0.02,0.06,0.06,0.07,0.05,0.07,0.09,0.06,0.0,0.08
YML008C,0.06,0.0,0.07,0.1,0.06,0.07,0.03,0.01,0.08,0.06,0.02,0.05,0.0,0.04,0.08,0.09,0.06,0.03,0.02,0.07
YKR048C,0.05,0.0,0.07,0.04,0.0,0.07,0.01,0.06,0.08,0.12,0.02,0.08,0.09,0.08,0.03,0.09,0.04,0.05,0.0,0.02
YNL007C,0.09,0.0,0.05,0.09,0.05,0.19,0.01,0.03,0.1,0.07,0.01,0.02,0.08,0.03,0.03,0.05,0.03,0.02,0.0,0.05
YML123C,0.06,0.0,0.07,0.07,0.05,0.08,0.07,0.08,0.03,0.08,0.05,0.05,0.02,0.02,0.04,0.08,0.05,0.05,0.02,0.03
YMR061W,0.06,0.0,0.06,0.11,0.05,0.02,0.02,0.05,0.05,0.11,0.01,0.04,0.06,0.05,0.05,0.08,0.07,0.04,0.01,0.06
YGL044C,0.04,0.02,0.05,0.04,0.04,0.09,0.0,0.05,0.03,0.08,0.03,0.09,0.05,0.06,0.06,0.13,0.02,0.07,0.0,0.05
YCR038C,0.04,0.01,0.06,0.02,0.05,0.01,0.03,0.12,0.08,0.09,0.02,0.06,0.03,0.06,0.03,0.07,0.06,0.09,0.0,0.07
YDR004W,0.03,0.03,0.07,0.11,0.06,0.02,0.01,0.05,0.05,0.14,0.02,0.06,0.05,0.04,0.05,0.06,0.03,0.06,0.0,0.06
YMR214W,0.09,0.0,0.08,0.08,0.02,0.09,0.03,0.09,0.12,0.12,0.01,0.02,0.04,0.04,0.01,0.05,0.01,0.03,0.0,0.07
YCR092C,0.06,0.01,0.07,0.07,0.05,0.06,0.01,0.04,0.11,0.05,0.02,0.06,0.02,0.03,0.03,0.15,0.1,0.06,0.0,0.0
YGL012W,0.04,0.01,0.01,0.1,0.05,0.1,0.03,0.06,0.11,0.1,0.05,0.04,0.06,0.05,0.0,0.03,0.02,0.05,0.03,0.06
YCR002C,0.04,0.0,0.07,0.03,0.04,0.07,0.03,0.09,0.05,0.1,0.03,0.05,0.04,0.04,0.03,0.09,0.11,0.08,0.0,0.01
YCR009C,0.09,0.01,0.07,0.07,0.03,0.08,0.01,0.06,0.09,0.06,0.02,0.05,0.0,0.05,0.05,0.06,0.04,0.08,0.01,0.07
YCR098C,0.06,0.0,0.05,0.07,0.03,0.06,0.0,0.09,0.11,0.03,0.04,0.09,0.01,0.0,0.05,0.1,0.07,0.09,0.01,0.04
YCR003W,0.03,0.0,0.04,0.02,0.04,0.08,0.06,0.07,0.15,0.12,0.02,0.04,0.06,0.09,0.03,0.05,0.03,0.04,0.02,0.01
YCR004C,0.12,0.0,0.06,0.07,0.04,0.08,0.01,0.06,0.08,0.08,0.02,0.02,0.06,0.03,0.02,0.02,0.08,0.08,0.03,0.04
YCR026C,0.04,0.0,0.14,0.09,0.05,0.05,0.0,0.05,0.04,0.09,0.02,0.09,0.04,0.02,0.08,0.06,0.04,0.03,0.04,0.03
YCR033W,0.06,0.0,0.03,0.01,0.03,0.05,0.02,0.01,0.04,0.02,0.01,0.08,0.16,0.0,0.08,0.22,0.07,0.05,0.0,0.06
YCR034W,0.05,0.0,0.03,0.05,0.1,0.05,0.02,0.05,0.03,0.14,0.01,0.04,0.09,0.03,0.05,0.06,0.06,0.07,0.01,0.06
YCR035C,0.05,0.01,0.03,0.1,0.02,0.06,0.02,0.13,0.04,0.1,0.01,0.06,0.05,0.01,0.06,0.09,0.1,0.04,0.0,0.02
YCR037C,0.05,0.0,0.09,0.06,0.04,0.06,0.03,0.04,0.09,0.09,0.01,0.06,0.06,0.04,0.05,0.1,0.07,0.01,0.01,0.04
YCR065W,0.04,0.01,0.05,0.09,0.01,0.02,0.03,0.06,0.08,0.09,0.04,0.05,0.07,0.03,0.08,0.13,0.09,0.03,0.0,0.0
YCL031C,0.04,0.02,0.06,0.08,0.07,0.05,0.06,0.04,0.08,0.13,0.04,0.06,0.04,0.03,0.01,0.09,0.01,0.07,0.0,0.02
YCL034W,0.06,0.0,0.08,0.05,0.04,0.03,0.03,0.07,0.06,0.14,0.02,0.05,0.02,0.06,0.07,0.05,0.07,0.05,0.0,0.05
YCR083W,0.05,0.04,0.06,0.04,0.06,0.01,0.01,0.06,0.09,0.08,0.06,0.03,0.07,0.04,0.05,0.05,0.08,0.07,0.01,0.04
YCL035C,0.07,0.02,0.05,0.09,0.02,0.06,0.03,0.08,0.08,0.11,0.02,0.07,0.03,0.05,0.03,0.03,0.05,0.07,0.0,0.04
YCL017C,0.18,0.01,0.04,0.02,0.03,0.05,0.02,0.03,0.03,0.05,0.02,0.03,0.05,0.04,0.07,0.12,0.11,0.06,0.0,0.04
YCL057W,0.04,0.01,0.02,0.05,0.08,0.02,0.0,0.07,0.04,0.09,0.04,0.11,0.1,0.02,0.02,0.14,0.06,0.04,0.02,0.03
YCL025C,0.06,0.0,0.07,0.11,0.04,0.04,0.03,0.03,0.05,0.06,0.02,0.06,0.04,0.08,0.05,0.15,0.06,0.02,0.0,0.03
YCR027C,0.04,0.02,0.03,0.07,0.04,0.05,0.02,0.11,0.04,0.08,0.02,0.06,0.02,0.02,0.07,0.1,0.1,0.06,0.0,0.05
YCR072C,0.06,0.01,0.08,0.05,0.02,0.06,0.0,0.08,0.1,0.09,0.01,0.05,0.1,0.06,0.02,0.07,0.07,0.06,0.0,0.01
YCL019W,0.08,0.0,0.03,0.05,0.01,0.04,0.06,0.0,0.03,0.04,0.04,0.08,0.12,0.11,0.02,0.14,0.06,0.07,0.0,0.02
YLR078C,0.1,0.0,0.05,0.08,0.04,0.01,0.03,0.03,0.1,0.11,0.01,0.1,0.02,0.08,0.03,0.06,0.07,0.04,0.0,0.04
YDL058W,0.04,0.01,0.1,0.05,0.02,0.06,0.01,0.11,0.05,0.13,0.02,0.02,0.03,0.05,0.08,0.08,0.06,0.05,0.01,0.02
YCL024W,0.05,0.0,0.03,0.06,0.02,0.07,0.05,0.06,0.06,0.08,0.02,0.1,0.04,0.02,0.03,0.1,0.09,0.08,0.02,0.02
YDL150W,0.1,0.0,0.02,0.06,0.02,0.11,0.02,0.01,0.16,0.06,0.02,0.09,0.04,0.02,0.07,0.13,0.02,0.04,0.0,0.01
YGL123W,0.05,0.0,0.02,0.07,0.04,0.11,0.01,0.06,0.09,0.07,0.02,0.04,0.07,0.08,0.11,0.02,0.07,0.06,0.01,0.0
YER094C,0.05,0.02,0.04,0.07,0.06,0.08,0.02,0.06,0.06,0.1,0.03,0.04,0.02,0.02,0.05,0.09,0.08,0.07,0.0,0.04
YER179W,0.05,0.01,0.05,0.05,0.01,0.08,0.01,0.1,0.09,0.09,0.01,0.04,0.01,0.05,0.04,0.1,0.09,0.09,0.0,0.03
YER095W,0.08,0.0,0.07,0.11,0.01,0.13,0.01,0.04,0.03,0.07,0.04,0.05,0.02,0.1,0.01,0.11,0.03,0.07,0.0,0.02
YNL064C,0.1,0.01,0.09,0.09,0.09,0.14,0.01,0.05,0.1,0.04,0.01,0.01,0.05,0.02,0.02,0.05,0.03,0.04,0.0,0.05
YKL015W,0.04,0.06,0.03,0.05,0.0,0.03,0.02,0.04,0.12,0.09,0.01,0.06,0.05,0.11,0.07,0.09,0.04,0.06,0.0,0.03
YEL027W,0.12,0.05,0.01,0.01,0.05,0.13,0.0,0.1,0.03,0.12,0.02,0.01,0.04,0.03,0.01,0.07,0.05,0.1,0.0,0.05
YCL010C,0.03,0.0,0.08,0.12,0.03,0.03,0.03,0.03,0.04,0.12,0.05,0.11,0.01,0.06,0.05,0.07,0.04,0.07,0.01,0.02
YCL011C,0.0,0.0,0.12,0.02,0.02,0.18,0.01,0.0,0.0,0.02,0.02,0.07,0.03,0.02,0.27,0.13,0.01,0.01,0.01,0.06
YCL039W,0.05,0.02,0.03,0.06,0.04,0.05,0.05,0.06,0.07,0.14,0.01,0.07,0.03,0.06,0.01,0.11,0.07,0.03,0.01,0.03
YCL044C,0.05,0.0,0.09,0.01,0.05,0.07,0.04,0.05,0.05,0.13,0.01,0.04,0.1,0.02,0.06,0.07,0.08,0.03,0.02,0.03
YCL045C,0.03,0.03,0.09,0.03,0.07,0.02,0.01,0.08,0.02,0.12,0.01,0.08,0.04,0.04,0.04,0.1,0.07,0.09,0.02,0.01
YCL047C,0.05,0.02,0.04,0.04,0.09,0.01,0.04,0.01,0.11,0.19,0.03,0.05,0.07,0.07,0.03,0.06,0.04,0.04,0.0,0.01
YCL054W,0.05,0.04,0.05,0.04,0.03,0.06,0.01,0.09,0.12,0.06,0.03,0.04,0.05,0.04,0.04,0.08,0.04,0.07,0.01,0.05
YCL055W,0.04,0.01,0.05,0.03,0.06,0.04,0.06,0.06,0.1,0.04,0.02,0.1,0.06,0.1,0.03,0.07,0.06,0.03,0.0,0.04
YCL059C,0.06,0.01,0.11,0.08,0.04,0.02,0.02,0.06,0.1,0.07,0.03,0.04,0.04,0.01,0.05,0.06,0.09,0.05,0.03,0.03
YCL005W,0.05,0.02,0.02,0.0,0.12,0.07,0.01,0.09,0.0,0.18,0.02,0.02,0.04,0.05,0.03,0.08,0.04,0.12,0.02,0.02
YCL061C,0.07,0.0,0.08,0.05,0.02,0.08,0.02,0.03,0.08,0.11,0.01,0.15,0.06,0.02,0.04,0.05,0.08,0.03,0.0,0.02
YCL063W,0.03,0.01,0.08,0.1,0.01,0.0,0.01,0.07,0.03,0.13,0.02,0.03,0.0,0.16,0.1,0.1,0.05,0.03,0.01,0.03
YCL008C,0.03,0.0,0.05,0.02,0.05,0.06,0.04,0.09,0.03,0.08,0.03,0.04,0.1,0.02,0.04,0.12,0.07,0.08,0.02,0.03
YCL009C,0.1,0.03,0.01,0.02,0.0,0.03,0.04,0.02,0.02,0.1,0.03,0.04,0.08,0.05,0.09,0.16,0.07,0.08,0.01,0.02
YCR010C,0.1,0.0,0.08,0.05,0.04,0.11,0.03,0.03,0.05,0.09,0.01,0.08,0.07,0.03,0.02,0.08,0.04,0.03,0.0,0.06
YCR014C,0.03,0.03,0.06,0.06,0.08,0.05,0.01,0.09,0.11,0.08,0.02,0.05,0.02,0.06,0.02,0.12,0.05,0.06,0.0,0.0
YCR017C,0.09,0.02,0.02,0.02,0.09,0.05,0.05,0.11,0.03,0.12,0.01,0.03,0.05,0.02,0.04,0.06,0.06,0.06,0.01,0.06
YCR030C,0.07,0.0,0.03,0.09,0.04,0.01,0.0,0.08,0.08,0.13,0.03,0.08,0.02,0.06,0.07,0.06,0.08,0.03,0.0,0.04
YCR047C,0.05,0.03,0.06,0.09,0.02,0.09,0.03,0.06,0.02,0.15,0.05,0.02,0.05,0.05,0.04,0.09,0.05,0.02,0.01,0.02
YCR052W,0.03,0.0,0.1,0.03,0.0,0.02,0.01,0.04,0.07,0.1,0.03,0.06,0.1,0.01,0.06,0.08,0.15,0.05,0.0,0.06
YCR057C,0.04,0.01,0.07,0.04,0.09,0.06,0.03,0.07,0.09,0.1,0.01,0.1,0.01,0.03,0.05,0.08,0.04,0.06,0.0,0.02
YCR059C,0.04,0.02,0.08,0.11,0.03,0.03,0.05,0.05,0.05,0.1,0.03,0.01,0.05,0.06,0.02,0.07,0.04,0.11,0.0,0.05
YCR060W,0.09,0.02,0.01,0.07,0.02,0.07,0.02,0.05,0.06,0.09,0.03,0.03,0.03,0.14,0.04,0.06,0.04,0.07,0.0,0.06
YCR068W,0.07,0.02,0.03,0.03,0.03,0.08,0.05,0.04,0.05,0.13,0.03,0.01,0.04,0.05,0.07,0.1,0.07,0.05,0.0,0.05
YCR071C,0.06,0.04,0.02,0.06,0.03,0.09,0.01,0.1,0.09,0.04,0.02,0.08,0.05,0.01,0.06,0.07,0.07,0.05,0.0,0.05
YCR077C,0.1,0.0,0.08,0.09,0.06,0.18,0.02,0.02,0.01,0.04,0.01,0.08,0.04,0.01,0.03,0.09,0.06,0.04,0.0,0.04
YCR079W,0.07,0.03,0.07,0.03,0.02,0.09,0.02,0.02,0.06,0.13,0.03,0.07,0.05,0.05,0.05,0.1,0.01,0.03,0.02,0.05
YCR081W,0.05,0.0,0.06,0.06,0.05,0.03,0.05,0.08,0.06,0.06,0.02,0.06,0.08,0.06,0.03,0.1,0.04,0.06,0.01,0.04
YCR086W,0.05,0.01,0.09,0.08,0.02,0.01,0.01,0.05,0.1,0.12,0.01,0.07,0.01,0.09,0.01,0.08,0.05,0.09,0.01,0.04
YCR089W,0.05,0.0,0.02,0.05,0.06,0.02,0.01,0.05,0.0,0.08,0.01,0.03,0.04,0.04,0.01,0.28,0.1,0.09,0.0,0.06
YCR093W,0.07,0.0,0.06,0.08,0.04,0.01,0.02,0.08,0.05,0.18,0.01,0.06,0.0,0.05,0.07,0.09,0.06,0.04,0.01,0.02
YCR094W,0.07,0.02,0.04,0.02,0.05,0.04,0.02,0.09,0.11,0.09,0.01,0.01,0.1,0.05,0.03,0.07,0.09,0.05,0.01,0.03
YDL127W,0.08,0.01,0.01,0.03,0.03,0.02,0.02,0.11,0.09,0.11,0.04,0.06,0.05,0.02,0.05,0.09,0.09,0.05,0.0,0.04
YDL126C,0.06,0.01,0.14,0.07,0.01,0.05,0.01,0.07,0.1,0.11,0.03,0.07,0.02,0.0,0.08,0.03,0.05,0.09,0.0,0.0
YML078W,0.04,0.01,0.05,0.04,0.09,0.13,0.01,0.08,0.09,0.05,0.02,0.05,0.04,0.03,0.06,0.07,0.05,0.05,0.01,0.03
YFL002C,0.07,0.0,0.04,0.07,0.05,0.06,0.02,0.06,0.08,0.09,0.04,0.03,0.05,0.02,0.03,0.09,0.08,0.1,0.02,0.0
YHR120W,0.03,0.01,0.08,0.03,0.04,0.01,0.02,0.05,0.1,0.11,0.02,0.04,0.06,0.04,0.06,0.16,0.07,0.04,0.0,0.03
YOL090W,0.04,0.02,0.06,0.04,0.04,0.03,0.02,0.03,0.11,0.13,0.01,0.03,0.05,0.03,0.03,0.08,0.09,0.1,0.0,0.06
YDL200C,0.04,0.01,0.04,0.12,0.09,0.06,0.01,0.04,0.11,0.14,0.03,0.04,0.03,0.03,0.01,0.03,0.08,0.04,0.0,0.05
YGR087C,0.1,0.0,0.04,0.06,0.04,0.13,0.02,0.05,0.04,0.14,0.01,0.07,0.01,0.01,0.03,0.05,0.04,0.1,0.01,0.05
YGL116W,0.07,0.0,0.06,0.02,0.03,0.04,0.0,0.08,0.1,0.07,0.01,0.08,0.06,0.02,0.09,0.21,0.02,0.02,0.01,0.01
YPL131W,0.11,0.01,0.04,0.02,0.04,0.04,0.03,0.06,0.08,0.05,0.01,0.03,0.03,0.05,0.1,0.07,0.09,0.05,0.01,0.08
YER170W,0.07,0.0,0.04,0.03,0.01,0.08,0.01,0.08,0.08,0.2,0.02,0.0,0.05,0.06,0.06,0.1,0.08,0.0,0.02,0.01
YDL170W,0.06,0.06,0.07,0.04,0.01,0.03,0.03,0.07,0.16,0.05,0.01,0.02,0.03,0.06,0.09,0.09,0.03,0.06,0.0,0.03
YMR055C,0.02,0.01,0.05,0.05,0.02,0.02,0.01,0.06,0.04,0.14,0.02,0.04,0.06,0.08,0.07,0.13,0.1,0.03,0.01,0.04
YOR026W,0.04,0.02,0.08,0.03,0.03,0.04,0.01,0.12,0.07,0.13,0.01,0.05,0.04,0.08,0.01,0.08,0.05,0.06,0.01,0.04
YNL312W,0.02,0.01,0.04,0.09,0.04,0.09,0.04,0.07,0.03,0.04,0.01,0.07,0.04,0.06,0.04,0.08,0.11,0.09,0.0,0.03
YJL173C,0.04,0.02,0.05,0.09,0.05,0.03,0.0,0.1,0.05,0.07,0.03,0.09,0.05,0.04,0.04,0.1,0.06,0.07,0.01,0.01
YJR123W,0.08,0.01,0.04,0.13,0.06,0.01,0.01,0.05,0.05,0.05,0.03,0.04,0.06,0.07,0.05,0.04,0.06,0.13,0.01,0.02
YIL133C,0.1,0.0,0.02,0.05,0.07,0.08,0.04,0.04,0.1,0.09,0.02,0.04,0.03,0.02,0.09,0.05,0.03,0.11,0.0,0.02
YNL069C,0.12,0.0,0.03,0.03,0.06,0.06,0.04,0.06,0.1,0.09,0.02,0.04,0.03,0.03,0.1,0.05,0.04,0.08,0.0,0.02
YOR096W,0.11,0.0,0.02,0.1,0.06,0.03,0.02,0.06,0.09,0.13,0.01,0.01,0.07,0.07,0.06,0.06,0.03,0.07,0.0,0.0
YKL113C,0.06,0.01,0.06,0.04,0.05,0.09,0.03,0.09,0.08,0.08,0.05,0.03,0.04,0.04,0.05,0.08,0.05,0.04,0.0,0.03
YBR278W,0.1,0.02,0.03,0.09,0.05,0.01,0.0,0.06,0.12,0.12,0.01,0.07,0.03,0.03,0.03,0.1,0.03,0.09,0.0,0.01
YJR005W,0.07,0.01,0.05,0.07,0.06,0.04,0.02,0.09,0.1,0.1,0.03,0.05,0.02,0.05,0.07,0.04,0.02,0.07,0.01,0.03
YLR258W,0.08,0.0,0.05,0.07,0.03,0.06,0.05,0.05,0.06,0.09,0.03,0.04,0.04,0.05,0.05,0.05,0.05,0.08,0.02,0.05
YGR159C,0.06,0.0,0.05,0.18,0.0,0.01,0.0,0.0,0.13,0.0,0.01,0.01,0.0,0.01,0.0,0.48,0.03,0.03,0.0,0.0
YNR013C,0.07,0.0,0.07,0.05,0.05,0.01,0.04,0.05,0.11,0.12,0.01,0.08,0.04,0.06,0.0,0.1,0.02,0.04,0.01,0.07
YNR012W,0.06,0.0,0.06,0.04,0.02,0.08,0.01,0.1,0.08,0.05,0.02,0.04,0.07,0.0,0.04,0.14,0.07,0.07,0.02,0.03
YJL172W,0.08,0.01,0.02,0.05,0.05,0.05,0.08,0.1,0.08,0.08,0.02,0.02,0.11,0.01,0.06,0.1,0.03,0.04,0.01,0.0
YAR019C,0.05,0.0,0.05,0.08,0.01,0.04,0.04,0.09,0.08,0.09,0.03,0.09,0.01,0.04,0.04,0.06,0.03,0.1,0.0,0.07
YBR067C,0.11,0.0,0.08,0.04,0.04,0.04,0.01,0.08,0.03,0.11,0.02,0.02,0.02,0.04,0.01,0.11,0.11,0.07,0.01,0.05
YOL096C,0.04,0.02,0.05,0.06,0.07,0.02,0.03,0.05,0.07,0.09,0.02,0.04,0.04,0.08,0.09,0.06,0.07,0.07,0.02,0.01
YML010W,0.07,0.0,0.14,0.11,0.01,0.03,0.01,0.01,0.04,0.01,0.02,0.07,0.07,0.07,0.01,0.13,0.13,0.07,0.0,0.0
YGL119W,0.06,0.01,0.01,0.08,0.01,0.06,0.02,0.05,0.1,0.09,0.03,0.05,0.01,0.01,0.09,0.16,0.06,0.07,0.0,0.03
YGL035C,0.06,0.04,0.04,0.05,0.03,0.05,0.1,0.03,0.08,0.04,0.03,0.02,0.08,0.03,0.12,0.1,0.05,0.04,0.0,0.01
YIL160C,0.09,0.01,0.05,0.08,0.05,0.09,0.01,0.05,0.08,0.11,0.02,0.08,0.03,0.02,0.06,0.06,0.01,0.08,0.0,0.02
YLR148W,0.01,0.01,0.04,0.06,0.04,0.04,0.03,0.1,0.06,0.12,0.04,0.08,0.03,0.06,0.05,0.04,0.1,0.07,0.0,0.02
YDR483W,0.15,0.0,0.05,0.1,0.04,0.02,0.0,0.06,0.06,0.11,0.02,0.04,0.03,0.05,0.03,0.15,0.04,0.04,0.0,0.01
YOR099W,0.08,0.0,0.02,0.04,0.05,0.06,0.01,0.03,0.1,0.09,0.02,0.02,0.06,0.02,0.05,0.12,0.05,0.1,0.0,0.08
YAL058W,0.11,0.0,0.02,0.06,0.04,0.08,0.03,0.04,0.05,0.13,0.02,0.07,0.0,0.05,0.03,0.08,0.06,0.04,0.06,0.03
YGR029W,0.04,0.02,0.07,0.05,0.01,0.11,0.01,0.04,0.08,0.11,0.03,0.05,0.06,0.03,0.05,0.1,0.07,0.03,0.01,0.03
YEL061C,0.05,0.02,0.04,0.06,0.01,0.09,0.01,0.07,0.05,0.01,0.03,0.11,0.04,0.04,0.06,0.11,0.09,0.1,0.0,0.01
YNL137C,0.07,0.0,0.03,0.05,0.05,0.06,0.02,0.01,0.13,0.13,0.01,0.04,0.03,0.06,0.07,0.06,0.07,0.05,0.02,0.04
YGL070C,0.02,0.06,0.06,0.09,0.06,0.04,0.02,0.03,0.03,0.07,0.03,0.06,0.05,0.04,0.11,0.07,0.07,0.06,0.0,0.03
YNL113W,0.04,0.01,0.08,0.19,0.02,0.04,0.03,0.06,0.06,0.05,0.03,0.03,0.06,0.07,0.02,0.05,0.09,0.05,0.0,0.02
YAL032C,0.09,0.01,0.04,0.05,0.03,0.01,0.02,0.05,0.07,0.08,0.01,0.07,0.07,0.06,0.08,0.11,0.07,0.06,0.0,0.02
YAL033W,0.05,0.03,0.06,0.05,0.03,0.03,0.03,0.1,0.06,0.13,0.02,0.04,0.03,0.02,0.07,0.13,0.04,0.05,0.0,0.03
YHR089C,0.04,0.03,0.04,0.05,0.08,0.18,0.01,0.06,0.04,0.05,0.02,0.05,0.06,0.04,0.08,0.04,0.05,0.06,0.0,0.02
YER065C,0.11,0.0,0.06,0.05,0.04,0.04,0.02,0.05,0.1,0.06,0.03,0.04,0.06,0.03,0.06,0.08,0.05,0.06,0.03,0.03
YOR136W,0.05,0.01,0.03,0.04,0.06,0.07,0.0,0.09,0.08,0.05,0.01,0.06,0.08,0.02,0.05,0.1,0.09,0.08,0.01,0.02
YEL012W,0.01,0.01,0.09,0.04,0.04,0.04,0.04,0.09,0.06,0.09,0.04,0.06,0.07,0.02,0.03,0.11,0.03,0.07,0.02,0.04
YKL216W,0.08,0.01,0.03,0.07,0.04,0.06,0.01,0.05,0.04,0.09,0.04,0.1,0.07,0.02,0.03,0.08,0.09,0.03,0.0,0.06
YKL215C,0.05,0.03,0.06,0.06,0.02,0.1,0.02,0.1,0.06,0.1,0.02,0.06,0.05,0.02,0.08,0.03,0.08,0.05,0.0,0.01
YKL096W,0.09,0.0,0.11,0.06,0.07,0.11,0.0,0.04,0.08,0.09,0.02,0.02,0.0,0.01,0.01,0.15,0.05,0.06,0.0,0.03
YKL095W,0.06,0.04,0.03,0.07,0.03,0.01,0.01,0.07,0.15,0.09,0.05,0.06,0.06,0.0,0.08,0.09,0.04,0.0,0.0,0.06
YKL094W,0.03,0.0,0.05,0.07,0.08,0.11,0.03,0.02,0.04,0.07,0.03,0.05,0.05,0.05,0.05,0.04,0.07,0.08,0.01,0.07
YKL007W,0.02,0.01,0.06,0.11,0.04,0.04,0.01,0.13,0.08,0.05,0.01,0.12,0.05,0.01,0.02,0.1,0.02,0.08,0.0,0.04
YKL008C,0.07,0.0,0.04,0.04,0.04,0.03,0.01,0.08,0.1,0.07,0.04,0.04,0.05,0.01,0.09,0.13,0.07,0.04,0.02,0.03
YMR201C,0.11,0.0,0.05,0.05,0.0,0.06,0.02,0.03,0.06,0.1,0.01,0.1,0.05,0.03,0.09,0.1,0.07,0.06,0.0,0.01
YMR150C,0.04,0.03,0.05,0.03,0.04,0.07,0.04,0.07,0.05,0.09,0.05,0.04,0.06,0.01,0.05,0.06,0.1,0.07,0.01,0.04
YKL116C,0.03,0.0,0.07,0.08,0.02,0.06,0.01,0.06,0.06,0.07,0.04,0.04,0.11,0.05,0.02,0.13,0.1,0.02,0.0,0.03
YGR028W,0.04,0.0,0.07,0.06,0.02,0.06,0.0,0.08,0.07,0.15,0.01,0.02,0.04,0.03,0.05,0.12,0.07,0.07,0.01,0.03
YBL063W,0.07,0.02,0.01,0.05,0.01,0.05,0.04,0.06,0.06,0.05,0.02,0.08,0.06,0.03,0.09,0.17,0.07,0.04,0.0,0.02
YPL155C,0.02,0.0,0.03,0.0,0.02,0.03,0.01,0.07,0.03,0.04,0.02,0.09,0.07,0.03,0.13,0.31,0.07,0.02,0.0,0.01
YDR498C,0.05,0.01,0.07,0.15,0.04,0.01,0.02,0.06,0.09,0.11,0.02,0.06,0.02,0.04,0.03,0.1,0.02,0.07,0.01,0.02
YDR329C,0.03,0.0,0.03,0.06,0.05,0.03,0.02,0.07,0.05,0.14,0.02,0.04,0.02,0.09,0.09,0.06,0.07,0.08,0.02,0.03
YDR036C,0.07,0.02,0.03,0.03,0.05,0.03,0.0,0.02,0.08,0.11,0.04,0.08,0.05,0.04,0.06,0.08,0.14,0.05,0.0,0.02
YNL037C,0.08,0.0,0.05,0.08,0.02,0.09,0.02,0.09,0.09,0.07,0.01,0.04,0.04,0.03,0.06,0.02,0.12,0.05,0.02,0.02
YLR286C,0.09,0.04,0.07,0.04,0.08,0.05,0.01,0.06,0.0,0.16,0.01,0.06,0.02,0.06,0.01,0.1,0.09,0.01,0.01,0.03
YPR086W,0.03,0.04,0.09,0.07,0.02,0.09,0.01,0.04,0.05,0.09,0.02,0.07,0.06,0.0,0.09,0.08,0.05,0.08,0.01,0.01
YGR246C,0.13,0.04,0.03,0.08,0.04,0.09,0.03,0.04,0.03,0.06,0.01,0.07,0.03,0.02,0.05,0.1,0.04,0.09,0.0,0.02
YPL204W,0.02,0.01,0.05,0.07,0.06,0.13,0.03,0.09,0.03,0.09,0.02,0.03,0.03,0.01,0.12,0.08,0.01,0.05,0.01,0.06
YGR133W,0.03,0.01,0.06,0.07,0.03,0.02,0.01,0.12,0.05,0.06,0.04,0.07,0.1,0.02,0.05,0.11,0.05,0.03,0.02,0.05
YBR200W,0.03,0.0,0.05,0.04,0.04,0.04,0.03,0.06,0.13,0.04,0.02,0.05,0.05,0.03,0.05,0.19,0.06,0.05,0.0,0.04
YLL045C,0.09,0.0,0.01,0.03,0.05,0.04,0.01,0.04,0.14,0.07,0.01,0.06,0.1,0.06,0.07,0.05,0.07,0.05,0.01,0.04
YOR208W,0.04,0.02,0.06,0.02,0.01,0.07,0.02,0.07,0.05,0.08,0.03,0.15,0.05,0.07,0.09,0.07,0.05,0.03,0.0,0.02
YBR023C,0.03,0.0,0.07,0.04,0.02,0.08,0.04,0.0,0.03,0.1,0.02,0.09,0.07,0.05,0.1,0.13,0.04,0.05,0.0,0.04
YKR002W,0.07,0.0,0.04,0.08,0.04,0.11,0.01,0.04,0.09,0.07,0.03,0.04,0.02,0.06,0.04,0.09,0.06,0.08,0.0,0.03
YBL023C,0.02,0.0,0.21,0.12,0.01,0.04,0.02,0.03,0.0,0.02,0.06,0.08,0.09,0.04,0.09,0.08,0.0,0.06,0.0,0.03
YLR274W,0.03,0.0,0.09,0.08,0.06,0.02,0.01,0.11,0.06,0.09,0.02,0.08,0.05,0.04,0.05,0.08,0.04,0.04,0.0,0.05
YDR353W,0.09,0.0,0.03,0.08,0.04,0.1,0.02,0.09,0.06,0.07,0.05,0.03,0.05,0.02,0.03,0.06,0.11,0.04,0.01,0.02
YBR275C,0.03,0.01,0.09,0.03,0.02,0.02,0.05,0.05,0.09,0.08,0.04,0.06,0.09,0.06,0.06,0.15,0.04,0.0,0.01,0.02
YPL048W,0.12,0.0,0.08,0.02,0.04,0.05,0.0,0.04,0.1,0.11,0.03,0.03,0.05,0.07,0.05,0.02,0.05,0.08,0.02,0.04
YKL019W,0.06,0.01,0.09,0.11,0.02,0.01,0.01,0.07,0.03,0.14,0.05,0.04,0.04,0.02,0.06,0.05,0.05,0.05,0.02,0.07
YHR190W,0.06,0.03,0.06,0.06,0.06,0.01,0.06,0.06,0.05,0.21,0.03,0.02,0.04,0.02,0.06,0.06,0.05,0.03,0.0,0.03
YER003C,0.08,0.0,0.07,0.05,0.05,0.05,0.04,0.06,0.09,0.08,0.04,0.04,0.05,0.05,0.02,0.12,0.02,0.03,0.02,0.04
YDR497C,0.05,0.0,0.09,0.06,0.06,0.05,0.03,0.1,0.04,0.04,0.03,0.05,0.05,0.04,0.03,0.14,0.07,0.06,0.0,0.01
YMR137C,0.02,0.02,0.04,0.06,0.03,0.01,0.03,0.07,0.08,0.04,0.01,0.07,0.03,0.02,0.09,0.21,0.11,0.05,0.0,0.01
YOR317W,0.05,0.03,0.02,0.11,0.02,0.03,0.04,0.01,0.12,0.03,0.04,0.07,0.05,0.03,0.05,0.06,0.05,0.1,0.02,0.07
YPR103W,0.11,0.01,0.07,0.03,0.06,0.05,0.02,0.06,0.03,0.07,0.01,0.05,0.06,0.08,0.06,0.08,0.07,0.06,0.01,0.01
YFR050C,0.07,0.0,0.07,0.02,0.02,0.11,0.02,0.09,0.01,0.06,0.04,0.08,0.05,0.04,0.04,0.09,0.06,0.08,0.01,0.04
YPR019W,0.05,0.0,0.04,0.02,0.03,0.07,0.0,0.04,0.01,0.04,0.01,0.09,0.09,0.11,0.06,0.27,0.01,0.04,0.0,0.02
YMR080C,0.05,0.06,0.08,0.04,0.03,0.05,0.03,0.04,0.05,0.04,0.01,0.09,0.04,0.04,0.01,0.15,0.07,0.09,0.01,0.02
YGR218W,0.05,0.0,0.09,0.02,0.06,0.05,0.01,0.11,0.07,0.11,0.02,0.05,0.03,0.11,0.03,0.07,0.04,0.05,0.02,0.01
YKL016C,0.08,0.0,0.05,0.06,0.03,0.01,0.02,0.06,0.12,0.09,0.01,0.03,0.02,0.07,0.05,0.14,0.05,0.07,0.01,0.03
YNL117W,0.03,0.0,0.08,0.04,0.05,0.04,0.02,0.05,0.09,0.14,0.01,0.07,0.06,0.04,0.05,0.06,0.06,0.09,0.01,0.01
YAL030W,0.1,0.01,0.08,0.08,0.02,0.04,0.01,0.05,0.08,0.07,0.05,0.05,0.03,0.04,0.08,0.08,0.04,0.06,0.01,0.02
YDR285W,0.02,0.01,0.1,0.05,0.05,0.05,0.02,0.04,0.07,0.04,0.04,0.07,0.04,0.03,0.05,0.17,0.08,0.05,0.0,0.02
YFL001W,0.08,0.0,0.03,0.07,0.06,0.02,0.03,0.09,0.16,0.04,0.02,0.07,0.02,0.03,0.08,0.09,0.05,0.03,0.01,0.02
YBR114W,0.04,0.0,0.17,0.08,0.02,0.04,0.01,0.06,0.09,0.05,0.01,0.09,0.01,0.03,0.07,0.08,0.09,0.04,0.0,0.02
YAL012W,0.12,0.0,0.02,0.07,0.03,0.06,0.04,0.06,0.03,0.07,0.01,0.05,0.05,0.06,0.03,0.14,0.08,0.05,0.0,0.03
YAL017W,0.04,0.0,0.07,0.09,0.05,0.03,0.04,0.03,0.07,0.08,0.01,0.06,0.11,0.04,0.03,0.13,0.07,0.03,0.0,0.02
YAL011W,0.08,0.0,0.13,0.08,0.01,0.05,0.01,0.03,0.05,0.05,0.01,0.05,0.06,0.02,0.11,0.12,0.05,0.05,0.0,0.04
YAL014C,0.04,0.01,0.09,0.08,0.01,0.02,0.0,0.04,0.09,0.17,0.01,0.05,0.03,0.06,0.06,0.07,0.06,0.08,0.0,0.03
YAL015C,0.03,0.0,0.03,0.08,0.02,0.02,0.0,0.06,0.11,0.07,0.02,0.04,0.11,0.05,0.05,0.07,0.07,0.1,0.03,0.04
YAL019W,0.07,0.0,0.06,0.05,0.06,0.03,0.02,0.0,0.05,0.06,0.01,0.04,0.12,0.03,0.03,0.2,0.07,0.1,0.0,0.0
YAL023C,0.09,0.0,0.04,0.09,0.05,0.04,0.03,0.05,0.06,0.07,0.03,0.05,0.02,0.03,0.05,0.17,0.04,0.06,0.01,0.02
YAL021C,0.04,0.0,0.04,0.0,0.0,0.08,0.03,0.01,0.01,0.12,0.06,0.26,0.07,0.16,0.01,0.05,0.03,0.02,0.0,0.01
YAL013W,0.05,0.01,0.09,0.15,0.01,0.01,0.02,0.03,0.08,0.12,0.02,0.06,0.04,0.07,0.01,0.12,0.07,0.02,0.0,0.02
YAL020C,0.07,0.04,0.11,0.03,0.01,0.13,0.03,0.02,0.01,0.06,0.03,0.05,0.05,0.05,0.07,0.05,0.04,0.12,0.02,0.01
YKL080W,0.08,0.0,0.05,0.07,0.05,0.07,0.0,0.11,0.05,0.1,0.01,0.06,0.04,0.04,0.02,0.09,0.09,0.04,0.01,0.02
YLL026W,0.1,0.0,0.06,0.05,0.03,0.03,0.03,0.07,0.05,0.12,0.01,0.04,0.08,0.11,0.04,0.03,0.06,0.05,0.0,0.04
YDR074W,0.04,0.01,0.08,0.08,0.03,0.04,0.01,0.05,0.07,0.09,0.01,0.05,0.04,0.07,0.05,0.07,0.12,0.03,0.02,0.04
YGL038C,0.03,0.0,0.05,0.0,0.05,0.0,0.04,0.06,0.11,0.15,0.01,0.05,0.05,0.08,0.05,0.11,0.08,0.05,0.0,0.03
YNL073W,0.07,0.03,0.05,0.06,0.03,0.03,0.04,0.02,0.05,0.12,0.03,0.06,0.05,0.02,0.1,0.09,0.05,0.04,0.02,0.04
YNL287W,0.06,0.02,0.05,0.06,0.06,0.03,0.02,0.05,0.06,0.13,0.03,0.06,0.04,0.06,0.05,0.1,0.06,0.03,0.0,0.03
YPR060C,0.04,0.01,0.06,0.09,0.1,0.02,0.03,0.09,0.05,0.08,0.02,0.06,0.08,0.02,0.06,0.09,0.04,0.03,0.01,0.02
YOL064C,0.09,0.0,0.07,0.07,0.02,0.04,0.01,0.09,0.08,0.07,0.01,0.08,0.02,0.03,0.03,0.11,0.08,0.08,0.0,0.02
YNL236W,0.03,0.01,0.01,0.04,0.03,0.08,0.05,0.05,0.03,0.07,0.03,0.08,0.05,0.06,0.01,0.17,0.11,0.04,0.02,0.03
YOR211C,0.11,0.0,0.0,0.02,0.03,0.04,0.06,0.11,0.05,0.09,0.04,0.03,0.06,0.01,0.08,0.14,0.03,0.05,0.0,0.05
YPR035W,0.07,0.01,0.08,0.05,0.02,0.07,0.01,0.09,0.06,0.08,0.01,0.05,0.05,0.05,0.07,0.06,0.05,0.04,0.02,0.06
YBL015W,0.08,0.0,0.02,0.07,0.04,0.09,0.04,0.05,0.1,0.1,0.02,0.06,0.06,0.04,0.05,0.03,0.03,0.07,0.02,0.03
YGR144W,0.1,0.02,0.07,0.03,0.04,0.03,0.02,0.07,0.07,0.06,0.02,0.02,0.03,0.01,0.04,0.17,0.08,0.09,0.01,0.02
YBL017C,0.06,0.0,0.09,0.07,0.06,0.04,0.02,0.1,0.04,0.1,0.02,0.04,0.03,0.02,0.03,0.07,0.1,0.05,0.03,0.03
YNR044W,0.09,0.01,0.02,0.02,0.04,0.03,0.01,0.07,0.01,0.12,0.01,0.03,0.04,0.01,0.01,0.13,0.24,0.07,0.01,0.03
YDR385W,0.08,0.0,0.09,0.06,0.03,0.05,0.02,0.08,0.08,0.05,0.05,0.03,0.0,0.04,0.06,0.1,0.09,0.08,0.0,0.01
YBR218C,0.09,0.0,0.05,0.09,0.03,0.06,0.05,0.11,0.08,0.09,0.04,0.03,0.02,0.01,0.07,0.08,0.02,0.04,0.0,0.04
YLR120C,0.05,0.0,0.07,0.05,0.04,0.05,0.01,0.05,0.1,0.11,0.01,0.05,0.05,0.04,0.04,0.1,0.04,0.11,0.0,0.03
YKL120W,0.12,0.01,0.02,0.04,0.03,0.1,0.0,0.11,0.11,0.06,0.04,0.06,0.02,0.08,0.01,0.08,0.03,0.05,0.0,0.03
YPL082C,0.09,0.0,0.07,0.05,0.01,0.07,0.02,0.04,0.03,0.1,0.03,0.04,0.05,0.05,0.07,0.08,0.06,0.11,0.02,0.01
YGR014W,0.09,0.01,0.03,0.02,0.06,0.05,0.02,0.04,0.0,0.06,0.01,0.02,0.03,0.11,0.01,0.24,0.11,0.06,0.01,0.02
YLR203C,0.06,0.02,0.05,0.03,0.03,0.05,0.06,0.02,0.03,0.11,0.02,0.04,0.12,0.03,0.09,0.07,0.07,0.06,0.01,0.03
YOR373W,0.05,0.0,0.05,0.07,0.04,0.03,0.04,0.02,0.06,0.05,0.03,0.08,0.05,0.07,0.02,0.15,0.09,0.07,0.01,0.02
YMR308C,0.14,0.0,0.02,0.09,0.04,0.0,0.01,0.07,0.06,0.13,0.03,0.05,0.04,0.05,0.04,0.09,0.06,0.06,0.01,0.01
YGR044C,0.06,0.02,0.05,0.09,0.01,0.06,0.02,0.04,0.02,0.09,0.02,0.05,0.07,0.07,0.03,0.15,0.06,0.03,0.02,0.04
YML120C,0.04,0.0,0.03,0.01,0.05,0.07,0.02,0.06,0.08,0.11,0.02,0.06,0.07,0.01,0.04,0.14,0.09,0.06,0.01,0.03
YKL122C,0.02,0.0,0.03,0.03,0.04,0.03,0.02,0.07,0.14,0.07,0.01,0.08,0.06,0.03,0.04,0.15,0.09,0.06,0.0,0.03
YKL124W,0.08,0.01,0.08,0.06,0.07,0.06,0.02,0.06,0.03,0.11,0.04,0.05,0.05,0.0,0.01,0.11,0.07,0.06,0.0,0.03
YLR204W,0.04,0.01,0.01,0.03,0.02,0.07,0.01,0.04,0.11,0.07,0.11,0.04,0.05,0.03,0.11,0.06,0.12,0.05,0.01,0.01
YDR075W,0.01,0.03,0.08,0.07,0.06,0.08,0.03,0.06,0.05,0.17,0.03,0.03,0.02,0.03,0.05,0.05,0.06,0.06,0.0,0.03
YDR047W,0.09,0.02,0.05,0.08,0.04,0.07,0.01,0.1,0.05,0.06,0.05,0.04,0.07,0.04,0.1,0.02,0.02,0.05,0.01,0.03
YPR190C,0.06,0.0,0.06,0.12,0.01,0.06,0.01,0.03,0.05,0.16,0.04,0.02,0.02,0.03,0.04,0.09,0.08,0.11,0.0,0.01
YMR202W,0.07,0.01,0.05,0.06,0.05,0.07,0.03,0.07,0.04,0.12,0.05,0.08,0.03,0.02,0.02,0.04,0.05,0.07,0.02,0.05
YLR056W,0.07,0.01,0.05,0.04,0.06,0.03,0.01,0.04,0.05,0.17,0.02,0.05,0.04,0.03,0.04,0.11,0.04,0.09,0.02,0.03
YIL150C,0.06,0.0,0.05,0.13,0.04,0.03,0.01,0.05,0.08,0.06,0.02,0.08,0.06,0.09,0.08,0.05,0.04,0.06,0.0,0.01
YDR001C,0.04,0.0,0.05,0.04,0.07,0.07,0.0,0.02,0.07,0.03,0.02,0.06,0.07,0.09,0.1,0.12,0.07,0.05,0.0,0.03
YBL074C,0.03,0.01,0.07,0.06,0.08,0.07,0.06,0.09,0.06,0.01,0.05,0.07,0.05,0.05,0.04,0.04,0.03,0.06,0.01,0.06
YHR079C,0.05,0.02,0.03,0.03,0.02,0.03,0.0,0.06,0.06,0.12,0.03,0.1,0.07,0.01,0.11,0.11,0.07,0.06,0.0,0.02
YPL175W,0.02,0.01,0.03,0.03,0.1,0.07,0.08,0.11,0.03,0.09,0.02,0.03,0.04,0.04,0.05,0.05,0.06,0.1,0.0,0.04
YKL079W,0.03,0.01,0.05,0.09,0.06,0.01,0.05,0.08,0.06,0.07,0.01,0.08,0.06,0.05,0.02,0.1,0.09,0.06,0.01,0.01
YLR447C,0.01,0.01,0.06,0.06,0.05,0.07,0.01,0.06,0.03,0.11,0.02,0.08,0.0,0.05,0.04,0.14,0.07,0.04,0.0,0.09
YBR123C,0.06,0.01,0.08,0.09,0.03,0.05,0.03,0.07,0.07,0.11,0.02,0.03,0.09,0.04,0.01,0.12,0.04,0.03,0.0,0.02
YKL212W,0.08,0.0,0.03,0.06,0.07,0.1,0.03,0.08,0.06,0.07,0.02,0.06,0.02,0.05,0.04,0.03,0.05,0.12,0.0,0.03
YGR253C,0.1,0.01,0.04,0.1,0.03,0.08,0.03,0.08,0.04,0.08,0.03,0.01,0.02,0.01,0.07,0.1,0.08,0.07,0.0,0.02
YDR356W,0.04,0.0,0.08,0.06,0.05,0.05,0.01,0.05,0.08,0.03,0.02,0.09,0.09,0.04,0.06,0.12,0.07,0.06,0.0,0.0
YDL029W,0.06,0.0,0.07,0.08,0.05,0.07,0.01,0.09,0.04,0.07,0.05,0.04,0.08,0.03,0.05,0.06,0.04,0.05,0.02,0.04
YLL048C,0.0,0.01,0.08,0.03,0.04,0.01,0.05,0.06,0.05,0.11,0.01,0.1,0.04,0.03,0.03,0.04,0.11,0.06,0.02,0.12
YDR405W,0.05,0.01,0.03,0.06,0.02,0.07,0.02,0.07,0.13,0.08,0.02,0.04,0.06,0.03,0.05,0.09,0.04,0.09,0.01,0.03
YNL103W,0.06,0.0,0.06,0.06,0.04,0.07,0.03,0.03,0.02,0.08,0.02,0.12,0.03,0.04,0.03,0.14,0.09,0.05,0.0,0.03
YDL078C,0.08,0.01,0.06,0.03,0.01,0.1,0.01,0.07,0.07,0.14,0.02,0.05,0.05,0.02,0.03,0.1,0.03,0.09,0.0,0.03
YLR403W,0.06,0.0,0.07,0.0,0.03,0.02,0.03,0.09,0.03,0.04,0.06,0.2,0.03,0.04,0.0,0.13,0.14,0.02,0.0,0.01
YCR028C-A,0.08,0.0,0.05,0.06,0.08,0.05,0.02,0.05,0.05,0.04,0.03,0.08,0.02,0.04,0.08,0.06,0.08,0.06,0.01,0.06
YJL115W,0.04,0.02,0.06,0.08,0.05,0.04,0.02,0.06,0.05,0.14,0.01,0.03,0.07,0.01,0.01,0.13,0.04,0.11,0.01,0.02
YBR249C,0.11,0.01,0.07,0.08,0.01,0.07,0.01,0.07,0.06,0.11,0.03,0.02,0.07,0.04,0.06,0.06,0.04,0.06,0.0,0.02
YKL157W,0.07,0.03,0.0,0.02,0.02,0.03,0.03,0.05,0.08,0.11,0.03,0.05,0.09,0.03,0.1,0.11,0.05,0.06,0.02,0.02
YLR314C,0.02,0.0,0.1,0.12,0.03,0.07,0.02,0.06,0.06,0.03,0.02,0.04,0.04,0.14,0.04,0.09,0.03,0.07,0.0,0.02
YJR076C,0.02,0.01,0.09,0.06,0.03,0.09,0.01,0.1,0.04,0.1,0.02,0.03,0.02,0.05,0.05,0.1,0.12,0.06,0.0,0.0
YKL191W,0.05,0.01,0.07,0.07,0.04,0.03,0.03,0.05,0.05,0.12,0.02,0.03,0.06,0.07,0.02,0.09,0.04,0.08,0.01,0.06
YNL280C,0.03,0.01,0.03,0.04,0.07,0.11,0.0,0.11,0.03,0.14,0.03,0.05,0.05,0.03,0.05,0.02,0.04,0.08,0.03,0.05
YKL192C,0.07,0.01,0.08,0.05,0.05,0.02,0.01,0.1,0.05,0.07,0.03,0.05,0.02,0.05,0.07,0.13,0.04,0.08,0.0,0.02
YHR094C,0.05,0.02,0.04,0.05,0.07,0.1,0.01,0.04,0.04,0.04,0.03,0.07,0.06,0.04,0.03,0.13,0.07,0.08,0.01,0.02
YDR345C,0.06,0.02,0.07,0.04,0.07,0.09,0.01,0.03,0.04,0.04,0.05,0.07,0.05,0.06,0.02,0.1,0.07,0.09,0.01,0.01
YHR092C,0.11,0.02,0.09,0.09,0.05,0.05,0.01,0.03,0.04,0.03,0.03,0.06,0.05,0.03,0.01,0.11,0.07,0.08,0.01,0.03
YHR107C,0.07,0.01,0.03,0.08,0.04,0.07,0.02,0.07,0.05,0.08,0.02,0.05,0.07,0.05,0.06,0.03,0.11,0.08,0.0,0.01
YDR519W,0.04,0.02,0.05,0.05,0.06,0.12,0.01,0.09,0.07,0.09,0.04,0.01,0.03,0.02,0.04,0.09,0.04,0.09,0.01,0.03
YBR221C,0.13,0.0,0.06,0.07,0.06,0.06,0.0,0.02,0.03,0.08,0.03,0.03,0.04,0.01,0.11,0.08,0.08,0.08,0.0,0.03
YDR518W,0.09,0.04,0.02,0.08,0.08,0.01,0.04,0.06,0.04,0.12,0.02,0.03,0.05,0.04,0.03,0.1,0.05,0.09,0.01,0.0
YGR175C,0.1,0.01,0.05,0.05,0.02,0.11,0.0,0.1,0.03,0.06,0.04,0.06,0.05,0.03,0.05,0.03,0.05,0.12,0.01,0.03
YJL159W,0.23,0.0,0.02,0.01,0.01,0.05,0.0,0.03,0.05,0.04,0.01,0.0,0.04,0.05,0.01,0.16,0.18,0.06,0.01,0.04
YBL008W,0.03,0.03,0.08,0.06,0.02,0.07,0.03,0.07,0.07,0.1,0.04,0.0,0.06,0.02,0.06,0.11,0.05,0.05,0.02,0.03
YOR038C,0.06,0.01,0.09,0.04,0.04,0.09,0.03,0.07,0.03,0.12,0.03,0.02,0.03,0.06,0.05,0.04,0.06,0.06,0.03,0.04
YER025W,0.05,0.0,0.07,0.19,0.03,0.07,0.0,0.06,0.07,0.07,0.01,0.05,0.08,0.07,0.03,0.04,0.06,0.05,0.0,0.0
YLR113W,0.05,0.02,0.04,0.06,0.07,0.04,0.02,0.08,0.06,0.12,0.03,0.05,0.04,0.03,0.05,0.04,0.11,0.06,0.0,0.03
YPR159W,0.03,0.0,0.12,0.04,0.03,0.09,0.04,0.0,0.01,0.1,0.02,0.11,0.05,0.05,0.03,0.18,0.07,0.02,0.0,0.01
YAL029C,0.02,0.01,0.07,0.11,0.05,0.07,0.04,0.05,0.06,0.1,0.02,0.06,0.06,0.02,0.02,0.05,0.09,0.05,0.02,0.03
YDR176W,0.02,0.0,0.06,0.08,0.01,0.09,0.01,0.06,0.13,0.15,0.03,0.05,0.05,0.03,0.08,0.08,0.06,0.01,0.0,0.0
YDL208W,0.09,0.01,0.05,0.07,0.01,0.05,0.03,0.04,0.2,0.07,0.02,0.04,0.06,0.0,0.03,0.07,0.02,0.13,0.0,0.01
YMR309C,0.03,0.0,0.14,0.13,0.07,0.04,0.0,0.0,0.06,0.06,0.01,0.04,0.02,0.02,0.02,0.29,0.0,0.02,0.01,0.04
YLR335W,0.12,0.0,0.08,0.05,0.05,0.03,0.0,0.02,0.08,0.04,0.04,0.06,0.04,0.05,0.08,0.13,0.07,0.05,0.0,0.01
YML031W,0.05,0.02,0.01,0.02,0.08,0.01,0.04,0.11,0.03,0.17,0.02,0.07,0.05,0.02,0.05,0.06,0.08,0.07,0.01,0.03
YDR211W,0.07,0.02,0.05,0.06,0.03,0.06,0.03,0.04,0.08,0.12,0.03,0.07,0.05,0.03,0.03,0.07,0.04,0.07,0.02,0.03
YLR291C,0.11,0.01,0.05,0.05,0.04,0.03,0.03,0.07,0.03,0.1,0.02,0.06,0.02,0.05,0.08,0.08,0.06,0.09,0.01,0.01
YGR140W,0.03,0.01,0.08,0.05,0.03,0.01,0.02,0.08,0.07,0.12,0.04,0.03,0.06,0.09,0.03,0.08,0.06,0.04,0.02,0.05
YGL122C,0.1,0.0,0.04,0.1,0.04,0.05,0.0,0.07,0.04,0.1,0.03,0.07,0.01,0.06,0.02,0.08,0.04,0.12,0.0,0.03
YIR006C,0.02,0.0,0.0,0.0,0.05,0.15,0.0,0.01,0.0,0.0,0.05,0.12,0.11,0.33,0.0,0.07,0.02,0.01,0.0,0.06
YLL036C,0.06,0.01,0.03,0.09,0.02,0.02,0.0,0.08,0.06,0.12,0.02,0.07,0.07,0.04,0.04,0.12,0.07,0.05,0.01,0.02
YJL203W,0.02,0.0,0.11,0.13,0.05,0.03,0.02,0.06,0.09,0.07,0.03,0.04,0.05,0.03,0.06,0.05,0.08,0.04,0.0,0.04
YPL269W,0.01,0.02,0.12,0.06,0.05,0.03,0.02,0.07,0.05,0.14,0.04,0.08,0.02,0.03,0.04,0.08,0.05,0.05,0.01,0.03
YGR285C,0.07,0.0,0.1,0.1,0.06,0.01,0.03,0.02,0.05,0.1,0.01,0.04,0.05,0.02,0.06,0.06,0.11,0.08,0.02,0.01
YJR063W,0.06,0.06,0.05,0.06,0.03,0.05,0.01,0.03,0.11,0.1,0.02,0.07,0.04,0.04,0.01,0.1,0.06,0.08,0.0,0.02
YGL207W,0.06,0.0,0.04,0.08,0.06,0.03,0.02,0.09,0.1,0.14,0.01,0.06,0.05,0.02,0.01,0.09,0.05,0.04,0.01,0.04
YNL330C,0.08,0.01,0.07,0.06,0.05,0.04,0.04,0.05,0.08,0.04,0.07,0.03,0.07,0.02,0.07,0.03,0.05,0.05,0.0,0.09
YMR001C,0.05,0.02,0.05,0.03,0.04,0.08,0.07,0.04,0.15,0.1,0.01,0.06,0.06,0.05,0.06,0.04,0.06,0.02,0.0,0.01
YOR270C,0.06,0.0,0.07,0.09,0.06,0.05,0.01,0.05,0.06,0.11,0.02,0.03,0.01,0.06,0.09,0.06,0.03,0.06,0.0,0.08
YGR229C,0.02,0.0,0.09,0.09,0.05,0.05,0.03,0.03,0.04,0.06,0.05,0.11,0.04,0.03,0.03,0.1,0.06,0.06,0.03,0.03
YMR165C,0.04,0.01,0.06,0.05,0.06,0.07,0.02,0.05,0.07,0.08,0.04,0.03,0.06,0.05,0.03,0.11,0.03,0.11,0.01,0.02
YDR011W,0.13,0.0,0.1,0.05,0.04,0.03,0.03,0.03,0.05,0.03,0.04,0.03,0.03,0.03,0.04,0.19,0.1,0.05,0.0,0.0
YER022W,0.04,0.0,0.09,0.09,0.01,0.04,0.03,0.04,0.09,0.13,0.02,0.09,0.08,0.0,0.01,0.14,0.07,0.02,0.0,0.01
YBR253W,0.06,0.0,0.06,0.08,0.02,0.01,0.01,0.07,0.06,0.12,0.05,0.08,0.01,0.07,0.04,0.07,0.1,0.07,0.01,0.01
YDR069C,0.06,0.03,0.06,0.04,0.01,0.02,0.01,0.19,0.12,0.07,0.03,0.07,0.0,0.04,0.03,0.1,0.04,0.03,0.0,0.05
YNL202W,0.13,0.02,0.06,0.06,0.04,0.09,0.0,0.04,0.09,0.07,0.01,0.05,0.01,0.05,0.05,0.02,0.08,0.12,0.01,0.0
YDR422C,0.04,0.01,0.09,0.02,0.04,0.06,0.1,0.03,0.08,0.05,0.03,0.05,0.06,0.04,0.06,0.15,0.08,0.0,0.0,0.01
YGL169W,0.1,0.0,0.08,0.05,0.04,0.05,0.02,0.08,0.04,0.1,0.02,0.05,0.07,0.0,0.05,0.08,0.09,0.05,0.0,0.03
YPL029W,0.03,0.0,0.08,0.03,0.1,0.0,0.04,0.05,0.12,0.11,0.02,0.08,0.04,0.03,0.03,0.12,0.01,0.05,0.01,0.05
YDR410C,0.05,0.01,0.03,0.07,0.1,0.04,0.06,0.09,0.04,0.14,0.03,0.06,0.04,0.03,0.03,0.06,0.03,0.03,0.0,0.06
YGR104C,0.0,0.01,0.07,0.04,0.04,0.04,0.0,0.07,0.06,0.14,0.03,0.09,0.08,0.03,0.03,0.1,0.06,0.06,0.01,0.04
YNL016W,0.1,0.0,0.06,0.12,0.01,0.07,0.01,0.03,0.02,0.03,0.01,0.07,0.07,0.13,0.02,0.09,0.04,0.1,0.0,0.02
YPL106C,0.03,0.0,0.06,0.05,0.04,0.08,0.03,0.05,0.09,0.08,0.01,0.11,0.04,0.02,0.05,0.08,0.07,0.09,0.0,0.02
YJL176C,0.13,0.0,0.09,0.11,0.0,0.05,0.01,0.01,0.03,0.03,0.02,0.1,0.03,0.09,0.02,0.1,0.11,0.07,0.0,0.0
YIL126W,0.1,0.0,0.04,0.11,0.01,0.02,0.01,0.07,0.06,0.1,0.03,0.06,0.05,0.07,0.05,0.07,0.09,0.03,0.0,0.03
YER133W,0.02,0.02,0.09,0.08,0.04,0.08,0.01,0.09,0.05,0.13,0.01,0.03,0.06,0.06,0.06,0.06,0.0,0.05,0.0,0.06
YKL203C,0.02,0.0,0.08,0.04,0.03,0.06,0.06,0.05,0.09,0.08,0.02,0.08,0.04,0.02,0.05,0.12,0.11,0.03,0.0,0.02
YBL050W,0.12,0.02,0.07,0.08,0.05,0.08,0.0,0.01,0.11,0.09,0.02,0.05,0.02,0.02,0.03,0.1,0.02,0.06,0.0,0.05
YBR119W,0.06,0.0,0.03,0.05,0.04,0.01,0.02,0.04,0.07,0.16,0.04,0.09,0.07,0.06,0.04,0.09,0.07,0.02,0.0,0.04
YOL067C,0.05,0.01,0.08,0.03,0.03,0.11,0.01,0.07,0.09,0.07,0.01,0.07,0.05,0.05,0.05,0.11,0.06,0.02,0.0,0.03
YDR323C,0.05,0.07,0.07,0.04,0.03,0.07,0.04,0.03,0.12,0.1,0.01,0.11,0.01,0.03,0.06,0.09,0.02,0.04,0.01,0.0
YEL051W,0.09,0.0,0.03,0.06,0.04,0.07,0.0,0.03,0.1,0.07,0.05,0.04,0.01,0.07,0.1,0.07,0.08,0.06,0.0,0.03
YEL047C,0.11,0.01,0.04,0.07,0.02,0.09,0.02,0.09,0.07,0.09,0.02,0.06,0.04,0.02,0.02,0.1,0.05,0.06,0.01,0.01
YEL044W,0.09,0.0,0.03,0.05,0.03,0.06,0.02,0.03,0.08,0.07,0.01,0.14,0.03,0.01,0.11,0.15,0.04,0.03,0.0,0.02
YEL042W,0.09,0.01,0.05,0.06,0.03,0.04,0.01,0.12,0.05,0.06,0.03,0.04,0.09,0.04,0.03,0.09,0.07,0.05,0.0,0.04
YEL040W,0.07,0.1,0.04,0.04,0.06,0.05,0.01,0.04,0.05,0.05,0.02,0.07,0.04,0.03,0.02,0.13,0.05,0.08,0.01,0.04
YEL037C,0.03,0.02,0.04,0.09,0.03,0.04,0.0,0.05,0.14,0.08,0.02,0.03,0.06,0.05,0.01,0.12,0.1,0.08,0.0,0.01
YEL036C,0.02,0.01,0.05,0.02,0.13,0.05,0.01,0.04,0.05,0.12,0.02,0.06,0.06,0.05,0.05,0.07,0.07,0.07,0.01,0.04
YER172C,0.05,0.01,0.06,0.07,0.01,0.05,0.02,0.07,0.15,0.05,0.05,0.09,0.02,0.06,0.05,0.08,0.05,0.04,0.0,0.02
YER173W,0.05,0.01,0.07,0.05,0.03,0.03,0.01,0.04,0.09,0.11,0.02,0.06,0.06,0.06,0.05,0.14,0.05,0.03,0.02,0.02
YER175C,0.05,0.01,0.09,0.07,0.05,0.06,0.01,0.06,0.07,0.05,0.04,0.02,0.05,0.03,0.03,0.16,0.06,0.04,0.0,0.05
YER176W,0.02,0.07,0.07,0.09,0.05,0.03,0.03,0.05,0.07,0.06,0.04,0.04,0.01,0.07,0.05,0.1,0.06,0.04,0.01,0.04
YER164W,0.05,0.0,0.18,0.18,0.03,0.04,0.02,0.04,0.06,0.03,0.02,0.05,0.03,0.05,0.07,0.07,0.03,0.01,0.0,0.04
YER166W,0.04,0.0,0.13,0.09,0.1,0.06,0.05,0.01,0.04,0.02,0.02,0.09,0.07,0.03,0.02,0.09,0.1,0.02,0.0,0.02
YGL016W,0.04,0.0,0.04,0.07,0.04,0.03,0.04,0.04,0.05,0.14,0.01,0.08,0.02,0.07,0.02,0.11,0.06,0.07,0.01,0.06
YAR050W,0.1,0.03,0.04,0.02,0.04,0.08,0.01,0.04,0.04,0.07,0.05,0.04,0.05,0.04,0.02,0.13,0.08,0.04,0.0,0.08
YKR084C,0.09,0.0,0.15,0.06,0.05,0.04,0.01,0.01,0.11,0.12,0.03,0.07,0.04,0.04,0.0,0.05,0.05,0.02,0.01,0.05
YDL168W,0.13,0.03,0.07,0.08,0.01,0.08,0.04,0.08,0.07,0.05,0.01,0.0,0.06,0.0,0.01,0.05,0.07,0.12,0.0,0.04
YOR194C,0.04,0.0,0.05,0.13,0.05,0.06,0.0,0.07,0.05,0.07,0.01,0.15,0.01,0.05,0.02,0.06,0.07,0.08,0.02,0.01
YKL058W,0.06,0.02,0.1,0.05,0.03,0.07,0.01,0.04,0.05,0.09,0.02,0.05,0.01,0.03,0.05,0.08,0.09,0.1,0.01,0.04
YDR311W,0.06,0.0,0.07,0.07,0.03,0.05,0.03,0.07,0.09,0.05,0.05,0.06,0.04,0.02,0.05,0.1,0.06,0.09,0.01,0.0
YBR236C,0.04,0.0,0.07,0.09,0.01,0.06,0.01,0.05,0.1,0.06,0.02,0.02,0.05,0.07,0.08,0.14,0.05,0.04,0.01,0.03
YBL011W,0.1,0.01,0.02,0.04,0.07,0.03,0.02,0.08,0.09,0.05,0.01,0.03,0.07,0.06,0.03,0.1,0.07,0.06,0.01,0.05
YBL007C,0.06,0.0,0.1,0.12,0.03,0.03,0.01,0.06,0.05,0.09,0.01,0.02,0.05,0.05,0.03,0.04,0.05,0.11,0.02,0.07
YLR214W,0.08,0.07,0.02,0.02,0.05,0.02,0.0,0.06,0.08,0.1,0.03,0.06,0.0,0.04,0.02,0.17,0.07,0.05,0.01,0.05
YHR016C,0.14,0.0,0.02,0.02,0.04,0.13,0.0,0.07,0.09,0.08,0.03,0.03,0.06,0.02,0.05,0.07,0.03,0.1,0.01,0.01
YLR397C,0.09,0.02,0.03,0.06,0.03,0.07,0.04,0.07,0.1,0.05,0.01,0.05,0.07,0.0,0.02,0.16,0.06,0.06,0.0,0.01
YPR024W,0.07,0.0,0.03,0.03,0.03,0.03,0.0,0.05,0.12,0.06,0.02,0.08,0.09,0.04,0.04,0.15,0.06,0.07,0.01,0.02
YML042W,0.05,0.02,0.04,0.04,0.05,0.02,0.03,0.05,0.08,0.08,0.02,0.08,0.08,0.07,0.06,0.07,0.07,0.04,0.01,0.04
YDL220C,0.03,0.03,0.06,0.09,0.07,0.04,0.02,0.07,0.07,0.12,0.01,0.02,0.05,0.05,0.06,0.09,0.05,0.04,0.0,0.03
YOR316C,0.1,0.01,0.04,0.03,0.04,0.05,0.02,0.12,0.05,0.17,0.02,0.05,0.01,0.01,0.02,0.08,0.05,0.08,0.02,0.03
YGL191W,0.13,0.01,0.04,0.08,0.05,0.01,0.05,0.02,0.1,0.06,0.04,0.04,0.08,0.02,0.04,0.06,0.04,0.07,0.03,0.03
YJL210W,0.08,0.03,0.02,0.06,0.07,0.06,0.03,0.04,0.05,0.09,0.02,0.04,0.02,0.03,0.04,0.08,0.07,0.09,0.03,0.05
YLR083C,0.03,0.01,0.05,0.06,0.07,0.04,0.04,0.03,0.06,0.1,0.03,0.08,0.06,0.04,0.02,0.06,0.04,0.08,0.0,0.1
YGL200C,0.07,0.03,0.05,0.05,0.12,0.07,0.04,0.05,0.04,0.08,0.01,0.02,0.04,0.04,0.05,0.11,0.05,0.04,0.0,0.04
YMR284W,0.03,0.03,0.06,0.13,0.06,0.07,0.01,0.07,0.04,0.12,0.03,0.04,0.03,0.02,0.04,0.08,0.05,0.03,0.0,0.06
YDL013W,0.05,0.0,0.11,0.06,0.02,0.03,0.02,0.07,0.02,0.04,0.01,0.11,0.05,0.02,0.15,0.12,0.06,0.05,0.0,0.01
YMR224C,0.01,0.03,0.12,0.04,0.03,0.04,0.04,0.04,0.07,0.1,0.05,0.07,0.06,0.03,0.02,0.06,0.06,0.08,0.01,0.04
YBR091C,0.04,0.06,0.04,0.07,0.08,0.09,0.03,0.04,0.04,0.08,0.03,0.06,0.03,0.06,0.06,0.07,0.04,0.06,0.0,0.02
YMR091C,0.03,0.0,0.13,0.22,0.01,0.05,0.02,0.04,0.05,0.03,0.01,0.09,0.01,0.01,0.1,0.11,0.03,0.04,0.0,0.02
YBR060C,0.03,0.0,0.07,0.08,0.01,0.04,0.03,0.06,0.13,0.08,0.01,0.06,0.09,0.02,0.12,0.08,0.05,0.04,0.0,0.0
YLR293C,0.07,0.01,0.05,0.06,0.08,0.12,0.02,0.07,0.07,0.05,0.02,0.03,0.03,0.02,0.03,0.03,0.1,0.08,0.01,0.05
YDR375C,0.08,0.0,0.07,0.03,0.02,0.09,0.0,0.08,0.07,0.09,0.04,0.05,0.05,0.04,0.04,0.09,0.05,0.06,0.01,0.04
YPL234C,0.14,0.02,0.01,0.02,0.06,0.12,0.01,0.1,0.03,0.12,0.05,0.03,0.05,0.01,0.0,0.08,0.05,0.06,0.0,0.04
YIL068C,0.02,0.01,0.07,0.1,0.02,0.03,0.0,0.06,0.11,0.14,0.01,0.08,0.01,0.06,0.05,0.09,0.02,0.07,0.0,0.05
YLR032W,0.01,0.0,0.11,0.16,0.06,0.03,0.02,0.06,0.05,0.07,0.03,0.07,0.03,0.03,0.06,0.09,0.05,0.07,0.0,0.0
YOR036W,0.07,0.0,0.06,0.12,0.07,0.07,0.0,0.08,0.09,0.05,0.02,0.05,0.01,0.04,0.04,0.09,0.05,0.08,0.01,0.0
YPR055W,0.04,0.0,0.07,0.05,0.03,0.05,0.04,0.04,0.03,0.15,0.02,0.1,0.02,0.09,0.06,0.11,0.03,0.04,0.01,0.02
YKL040C,0.03,0.01,0.05,0.04,0.05,0.05,0.03,0.09,0.09,0.12,0.04,0.08,0.03,0.05,0.03,0.08,0.07,0.04,0.01,0.01
YKL038W,0.07,0.06,0.09,0.02,0.01,0.06,0.02,0.02,0.12,0.02,0.02,0.07,0.04,0.02,0.09,0.14,0.08,0.03,0.0,0.02
YGL163C,0.08,0.01,0.06,0.03,0.02,0.08,0.01,0.07,0.03,0.06,0.01,0.07,0.1,0.03,0.13,0.08,0.04,0.06,0.0,0.03
YPL232W,0.05,0.0,0.08,0.1,0.05,0.04,0.05,0.05,0.06,0.1,0.02,0.08,0.02,0.06,0.03,0.09,0.04,0.04,0.0,0.04
YPL115C,0.02,0.01,0.06,0.14,0.01,0.04,0.03,0.06,0.09,0.1,0.02,0.06,0.01,0.06,0.04,0.08,0.09,0.05,0.0,0.03
YMR207C,0.03,0.01,0.02,0.01,0.05,0.08,0.06,0.12,0.06,0.05,0.0,0.04,0.03,0.04,0.14,0.08,0.06,0.02,0.01,0.09
YDL174C,0.05,0.02,0.05,0.04,0.02,0.04,0.0,0.05,0.09,0.12,0.02,0.02,0.04,0.02,0.08,0.14,0.08,0.04,0.02,0.06
YLL008W,0.05,0.0,0.18,0.08,0.05,0.06,0.01,0.02,0.14,0.06,0.01,0.07,0.02,0.01,0.01,0.08,0.06,0.07,0.01,0.01
YGR166W,0.01,0.04,0.06,0.07,0.07,0.02,0.01,0.08,0.05,0.12,0.02,0.11,0.01,0.08,0.06,0.07,0.04,0.04,0.03,0.01
YKL181W,0.05,0.05,0.04,0.05,0.03,0.08,0.01,0.09,0.07,0.06,0.04,0.04,0.06,0.05,0.05,0.09,0.03,0.09,0.0,0.02
YNR017W,0.05,0.01,0.09,0.07,0.02,0.13,0.02,0.04,0.05,0.13,0.02,0.04,0.06,0.04,0.02,0.08,0.06,0.03,0.02,0.02
YDR430C,0.07,0.01,0.05,0.04,0.05,0.06,0.06,0.05,0.04,0.08,0.01,0.03,0.07,0.04,0.08,0.06,0.06,0.1,0.0,0.04
YHR148W,0.02,0.01,0.08,0.05,0.02,0.03,0.06,0.04,0.13,0.14,0.03,0.04,0.03,0.06,0.09,0.03,0.05,0.04,0.01,0.04
YHR149C,0.08,0.03,0.05,0.02,0.0,0.03,0.04,0.06,0.03,0.05,0.02,0.01,0.02,0.03,0.05,0.22,0.09,0.13,0.0,0.04
YKR093W,0.04,0.01,0.09,0.13,0.03,0.06,0.02,0.04,0.04,0.07,0.03,0.03,0.06,0.05,0.04,0.1,0.05,0.06,0.01,0.04
YHL004W,0.05,0.0,0.06,0.1,0.05,0.01,0.01,0.02,0.07,0.16,0.02,0.07,0.04,0.08,0.08,0.11,0.02,0.03,0.0,0.02
YGR214W,0.16,0.0,0.04,0.04,0.04,0.06,0.04,0.06,0.03,0.09,0.01,0.05,0.07,0.04,0.05,0.03,0.07,0.1,0.01,0.01
YJR131W,0.05,0.0,0.05,0.06,0.02,0.08,0.04,0.1,0.03,0.05,0.06,0.04,0.05,0.01,0.05,0.1,0.04,0.06,0.04,0.07
YFL008W,0.05,0.0,0.06,0.04,0.05,0.11,0.01,0.05,0.06,0.08,0.03,0.1,0.02,0.02,0.05,0.13,0.02,0.07,0.0,0.05
YBR172C,0.07,0.0,0.07,0.02,0.05,0.07,0.02,0.05,0.02,0.08,0.01,0.09,0.06,0.03,0.05,0.17,0.08,0.06,0.0,0.0
YNR003C,0.07,0.0,0.04,0.09,0.02,0.07,0.01,0.06,0.09,0.14,0.07,0.04,0.0,0.1,0.0,0.1,0.04,0.04,0.0,0.02
YGL212W,0.02,0.0,0.08,0.08,0.03,0.05,0.0,0.05,0.1,0.09,0.03,0.04,0.06,0.01,0.12,0.05,0.03,0.07,0.02,0.07
YOR132W,0.08,0.0,0.07,0.13,0.01,0.06,0.01,0.02,0.01,0.03,0.02,0.1,0.08,0.07,0.04,0.12,0.09,0.04,0.0,0.02
YGR063C,0.06,0.06,0.04,0.08,0.03,0.09,0.02,0.04,0.05,0.06,0.05,0.03,0.06,0.03,0.04,0.09,0.05,0.08,0.02,0.02
YLR378C,0.03,0.0,0.02,0.05,0.06,0.06,0.0,0.09,0.03,0.17,0.03,0.03,0.07,0.05,0.04,0.11,0.05,0.06,0.02,0.03
YDR292C,0.05,0.01,0.03,0.06,0.1,0.03,0.01,0.05,0.05,0.11,0.01,0.1,0.04,0.09,0.01,0.08,0.07,0.06,0.0,0.04
YDR103W,0.02,0.0,0.02,0.05,0.06,0.05,0.01,0.04,0.08,0.06,0.03,0.06,0.08,0.03,0.06,0.22,0.09,0.02,0.01,0.01
YML001W,0.07,0.02,0.08,0.03,0.04,0.08,0.01,0.05,0.08,0.06,0.03,0.04,0.0,0.05,0.04,0.08,0.07,0.11,0.01,0.05
YJL187C,0.04,0.0,0.08,0.18,0.06,0.08,0.0,0.02,0.09,0.1,0.04,0.07,0.02,0.02,0.01,0.1,0.07,0.0,0.0,0.02
YOR344C,0.04,0.0,0.07,0.09,0.06,0.02,0.01,0.08,0.02,0.06,0.01,0.1,0.05,0.02,0.02,0.26,0.04,0.03,0.02,0.0
YKL009W,0.04,0.01,0.05,0.1,0.01,0.05,0.01,0.03,0.12,0.12,0.02,0.02,0.02,0.04,0.1,0.06,0.06,0.08,0.02,0.04
YKL012W,0.09,0.0,0.03,0.1,0.01,0.04,0.02,0.06,0.12,0.06,0.01,0.05,0.04,0.03,0.04,0.06,0.1,0.04,0.04,0.06
YKL013C,0.06,0.0,0.01,0.13,0.03,0.0,0.03,0.04,0.02,0.12,0.04,0.06,0.05,0.07,0.08,0.11,0.04,0.09,0.0,0.02
YER100W,0.05,0.01,0.05,0.04,0.02,0.05,0.04,0.06,0.07,0.07,0.04,0.06,0.14,0.02,0.05,0.03,0.09,0.01,0.02,0.08
YOR117W,0.04,0.0,0.08,0.15,0.01,0.01,0.01,0.06,0.07,0.14,0.04,0.1,0.02,0.06,0.05,0.05,0.05,0.05,0.0,0.01
YDR394W,0.06,0.0,0.03,0.13,0.02,0.03,0.01,0.05,0.11,0.14,0.01,0.06,0.03,0.06,0.04,0.06,0.03,0.09,0.0,0.04
YKL145W,0.09,0.0,0.13,0.1,0.0,0.06,0.02,0.05,0.13,0.09,0.02,0.01,0.08,0.04,0.03,0.03,0.03,0.04,0.02,0.03
YPL057C,0.03,0.03,0.1,0.08,0.03,0.01,0.03,0.12,0.09,0.15,0.02,0.02,0.07,0.03,0.02,0.01,0.06,0.01,0.02,0.07
YDR369C,0.02,0.03,0.04,0.03,0.05,0.04,0.02,0.09,0.12,0.09,0.02,0.08,0.01,0.03,0.03,0.15,0.06,0.05,0.02,0.02
YOR153W,0.1,0.0,0.07,0.07,0.03,0.04,0.02,0.03,0.04,0.05,0.02,0.11,0.07,0.05,0.02,0.15,0.06,0.04,0.0,0.03
YGL238W,0.08,0.0,0.03,0.07,0.05,0.04,0.02,0.06,0.07,0.16,0.02,0.09,0.04,0.02,0.04,0.07,0.07,0.06,0.01,0.0
YNR010W,0.03,0.0,0.04,0.07,0.03,0.02,0.04,0.06,0.06,0.13,0.01,0.13,0.07,0.07,0.04,0.09,0.08,0.01,0.0,0.02
YNL001W,0.03,0.0,0.13,0.07,0.05,0.05,0.0,0.07,0.19,0.09,0.02,0.02,0.02,0.01,0.0,0.07,0.06,0.09,0.0,0.03
YLR188W,0.06,0.01,0.02,0.02,0.05,0.03,0.02,0.08,0.14,0.13,0.03,0.03,0.06,0.04,0.07,0.14,0.03,0.02,0.0,0.02
YBR155W,0.07,0.0,0.05,0.13,0.05,0.09,0.01,0.02,0.12,0.08,0.04,0.06,0.08,0.03,0.02,0.04,0.04,0.03,0.0,0.04
YLR175W,0.05,0.01,0.06,0.05,0.02,0.07,0.03,0.06,0.1,0.1,0.01,0.03,0.08,0.0,0.04,0.13,0.06,0.06,0.02,0.02
YOR327C,0.08,0.01,0.07,0.06,0.02,0.05,0.0,0.06,0.07,0.06,0.05,0.08,0.05,0.04,0.08,0.08,0.03,0.07,0.02,0.02
YDL052C,0.07,0.04,0.02,0.02,0.05,0.09,0.03,0.09,0.05,0.14,0.05,0.02,0.03,0.03,0.04,0.04,0.04,0.09,0.01,0.05
YHR165C,0.03,0.0,0.07,0.13,0.04,0.05,0.01,0.03,0.05,0.1,0.02,0.04,0.29,0.0,0.01,0.05,0.03,0.04,0.0,0.01
YGR143W,0.03,0.0,0.07,0.1,0.03,0.06,0.01,0.01,0.0,0.05,0.01,0.16,0.04,0.03,0.06,0.24,0.02,0.04,0.0,0.04
YNL243W,0.09,0.02,0.06,0.05,0.02,0.04,0.05,0.07,0.09,0.1,0.02,0.01,0.03,0.04,0.07,0.09,0.05,0.07,0.02,0.01
YGR047C,0.07,0.0,0.16,0.18,0.02,0.04,0.03,0.04,0.05,0.07,0.02,0.06,0.01,0.05,0.03,0.09,0.01,0.02,0.0,0.05
YDL051W,0.05,0.01,0.05,0.13,0.08,0.02,0.0,0.05,0.07,0.05,0.02,0.04,0.06,0.05,0.08,0.08,0.05,0.07,0.01,0.03
YHL027W,0.03,0.03,0.06,0.07,0.0,0.06,0.03,0.03,0.05,0.09,0.02,0.07,0.09,0.02,0.06,0.15,0.08,0.04,0.0,0.02
YKL127W,0.08,0.0,0.05,0.03,0.03,0.12,0.01,0.06,0.07,0.07,0.04,0.05,0.05,0.04,0.03,0.07,0.08,0.09,0.0,0.03
YHL016C,0.14,0.02,0.01,0.05,0.05,0.12,0.0,0.06,0.05,0.09,0.03,0.0,0.03,0.03,0.02,0.06,0.09,0.07,0.02,0.06
YDR258C,0.08,0.03,0.02,0.03,0.02,0.01,0.0,0.06,0.08,0.1,0.03,0.06,0.07,0.09,0.1,0.07,0.07,0.04,0.0,0.04
YKL032C,0.04,0.0,0.05,0.01,0.02,0.04,0.05,0.02,0.01,0.07,0.01,0.07,0.08,0.35,0.01,0.08,0.02,0.01,0.0,0.06
YKL205W,0.05,0.0,0.03,0.08,0.04,0.05,0.0,0.08,0.08,0.15,0.02,0.12,0.02,0.05,0.03,0.06,0.05,0.07,0.01,0.01
YPL124W,0.03,0.0,0.07,0.08,0.04,0.04,0.03,0.0,0.11,0.1,0.02,0.07,0.07,0.03,0.11,0.12,0.04,0.02,0.0,0.02
YPL174C,0.04,0.01,0.1,0.04,0.05,0.11,0.01,0.06,0.11,0.08,0.03,0.07,0.02,0.05,0.03,0.04,0.04,0.05,0.01,0.05
YKL141W,0.12,0.0,0.0,0.03,0.03,0.01,0.02,0.05,0.07,0.16,0.04,0.06,0.05,0.04,0.07,0.14,0.06,0.02,0.01,0.02
YML062C,0.03,0.01,0.08,0.07,0.02,0.03,0.02,0.07,0.11,0.12,0.01,0.05,0.02,0.08,0.02,0.09,0.09,0.05,0.01,0.02
YLR441C,0.05,0.01,0.06,0.05,0.05,0.08,0.01,0.02,0.16,0.09,0.01,0.06,0.02,0.03,0.07,0.07,0.05,0.1,0.01,0.0
YOR045W,0.19672131147540983,0.0,0.03278688524590164,0.01639344262295082,0.09836065573770492,0.08196721311475409,0.0,0.03278688524590164,0.03278688524590164,0.08196721311475409,0.08196721311475409,0.01639344262295082,0.09836065573770492,0.08196721311475409,0.01639344262295082,0.06557377049180328,0.01639344262295082,0.03278688524590164,0.0,0.01639344262295082
YMR037C,0.02,0.0,0.11,0.05,0.03,0.01,0.02,0.08,0.03,0.11,0.02,0.15,0.08,0.03,0.0,0.12,0.07,0.05,0.0,0.02
YKL062W,0.07,0.0,0.06,0.03,0.04,0.03,0.02,0.03,0.03,0.06,0.05,0.14,0.06,0.02,0.02,0.16,0.13,0.04,0.0,0.01
YLL011W,0.09,0.0,0.04,0.05,0.03,0.07,0.02,0.04,0.1,0.07,0.04,0.06,0.05,0.03,0.07,0.06,0.06,0.05,0.01,0.06
YDR538W,0.08,0.0,0.0,0.04,0.06,0.06,0.02,0.07,0.07,0.12,0.02,0.02,0.06,0.01,0.07,0.07,0.14,0.07,0.01,0.01
YBR171W,0.05,0.0,0.03,0.12,0.08,0.02,0.02,0.08,0.1,0.07,0.03,0.06,0.03,0.03,0.02,0.1,0.05,0.07,0.0,0.04
YBR170C,0.04,0.02,0.1,0.06,0.03,0.1,0.03,0.06,0.06,0.09,0.03,0.07,0.03,0.02,0.04,0.06,0.05,0.1,0.0,0.01
YBR251W,0.03,0.0,0.06,0.06,0.07,0.01,0.04,0.04,0.06,0.1,0.02,0.04,0.09,0.08,0.06,0.08,0.04,0.04,0.02,0.06
YNL329C,0.03,0.06,0.07,0.03,0.06,0.07,0.01,0.07,0.05,0.1,0.03,0.01,0.1,0.02,0.02,0.09,0.05,0.07,0.0,0.06
YEL002C,0.02,0.01,0.07,0.06,0.06,0.03,0.0,0.07,0.06,0.13,0.01,0.05,0.03,0.07,0.05,0.05,0.09,0.07,0.01,0.06
YDL095W,0.07,0.01,0.07,0.07,0.06,0.05,0.03,0.04,0.05,0.09,0.03,0.0,0.08,0.03,0.05,0.05,0.06,0.12,0.01,0.03
YGL145W,0.08,0.0,0.08,0.09,0.01,0.05,0.0,0.07,0.07,0.13,0.02,0.08,0.0,0.11,0.04,0.06,0.02,0.08,0.0,0.01
YGL195W,0.02,0.01,0.05,0.09,0.05,0.01,0.01,0.1,0.04,0.15,0.01,0.06,0.05,0.04,0.05,0.1,0.06,0.08,0.01,0.01
YOL069W,0.02,0.03,0.06,0.09,0.06,0.03,0.01,0.08,0.03,0.13,0.03,0.1,0.02,0.07,0.02,0.08,0.05,0.06,0.0,0.03
YFR002W,0.06,0.0,0.05,0.07,0.04,0.05,0.02,0.03,0.09,0.15,0.01,0.09,0.03,0.04,0.05,0.13,0.04,0.03,0.0,0.02
YKL143W,0.06,0.0,0.1,0.04,0.04,0.04,0.05,0.03,0.09,0.05,0.01,0.05,0.08,0.02,0.05,0.12,0.04,0.08,0.0,0.05
YDR404C,0.02,0.03,0.06,0.06,0.09,0.09,0.02,0.06,0.08,0.09,0.02,0.03,0.04,0.03,0.04,0.06,0.05,0.09,0.0,0.04
YJL154C,0.06,0.01,0.03,0.06,0.01,0.01,0.05,0.06,0.04,0.15,0.04,0.08,0.05,0.05,0.04,0.07,0.06,0.05,0.0,0.08
YAL001C,0.03,0.02,0.1,0.03,0.02,0.06,0.01,0.11,0.1,0.1,0.01,0.04,0.01,0.03,0.0,0.08,0.09,0.09,0.02,0.05
YMR125W,0.07,0.01,0.08,0.09,0.06,0.03,0.01,0.06,0.06,0.07,0.05,0.06,0.06,0.05,0.09,0.03,0.03,0.06,0.0,0.03
YML027W,0.03,0.0,0.05,0.05,0.02,0.03,0.04,0.03,0.03,0.12,0.03,0.05,0.07,0.04,0.05,0.23,0.09,0.03,0.0,0.01
YHR041C,0.11,0.01,0.06,0.02,0.04,0.04,0.03,0.07,0.05,0.08,0.03,0.04,0.05,0.01,0.05,0.11,0.09,0.08,0.01,0.02
YKL140W,0.02,0.01,0.06,0.07,0.05,0.01,0.03,0.16,0.03,0.11,0.03,0.04,0.06,0.01,0.04,0.1,0.06,0.06,0.01,0.04
YGL208W,0.06,0.03,0.07,0.08,0.0,0.04,0.01,0.02,0.12,0.06,0.05,0.02,0.07,0.06,0.04,0.11,0.11,0.05,0.0,0.0
YBL047C,0.11,0.0,0.04,0.05,0.06,0.05,0.01,0.04,0.02,0.12,0.02,0.06,0.06,0.09,0.03,0.09,0.07,0.05,0.01,0.02
YBL051C,0.11,0.0,0.08,0.1,0.02,0.03,0.0,0.09,0.05,0.02,0.01,0.17,0.05,0.07,0.01,0.06,0.09,0.04,0.0,0.0
YBL052C,0.05,0.0,0.07,0.03,0.02,0.05,0.03,0.07,0.1,0.09,0.02,0.1,0.02,0.04,0.08,0.15,0.04,0.04,0.0,0.0
YBL054W,0.03,0.0,0.03,0.06,0.01,0.03,0.09,0.05,0.11,0.1,0.01,0.09,0.06,0.0,0.01,0.21,0.05,0.04,0.02,0.0
YBL055C,0.07,0.01,0.04,0.03,0.01,0.05,0.03,0.06,0.08,0.11,0.03,0.04,0.04,0.04,0.03,0.13,0.06,0.05,0.02,0.07
YBL056W,0.06,0.04,0.06,0.09,0.06,0.1,0.05,0.08,0.05,0.09,0.06,0.02,0.02,0.04,0.01,0.1,0.03,0.02,0.01,0.01
YBL058W,0.09,0.01,0.05,0.1,0.03,0.05,0.03,0.04,0.05,0.06,0.02,0.09,0.03,0.09,0.03,0.1,0.05,0.03,0.01,0.04
YBL060W,0.05,0.02,0.07,0.08,0.01,0.06,0.02,0.03,0.07,0.05,0.06,0.09,0.04,0.05,0.0,0.12,0.11,0.05,0.0,0.02
YBL061C,0.05,0.0,0.08,0.06,0.05,0.03,0.04,0.03,0.05,0.08,0.02,0.11,0.09,0.08,0.05,0.11,0.01,0.05,0.0,0.01
YBL064C,0.1,0.03,0.07,0.01,0.08,0.03,0.02,0.05,0.07,0.07,0.01,0.03,0.06,0.07,0.04,0.08,0.1,0.04,0.02,0.02
YKL188C,0.05,0.0,0.07,0.12,0.01,0.02,0.02,0.08,0.11,0.08,0.01,0.07,0.0,0.01,0.03,0.17,0.08,0.04,0.0,0.03
YKL185W,0.07,0.0,0.04,0.01,0.02,0.02,0.05,0.08,0.04,0.11,0.02,0.13,0.09,0.0,0.02,0.2,0.04,0.01,0.0,0.05
YKL014C,0.04,0.0,0.05,0.08,0.05,0.06,0.02,0.03,0.06,0.09,0.01,0.03,0.01,0.07,0.05,0.12,0.11,0.06,0.01,0.05
YKL017C,0.04,0.0,0.04,0.05,0.01,0.06,0.02,0.1,0.11,0.13,0.02,0.08,0.03,0.06,0.05,0.06,0.07,0.06,0.0,0.01
YKL101W,0.09,0.0,0.03,0.01,0.0,0.08,0.03,0.0,0.15,0.06,0.02,0.04,0.05,0.02,0.09,0.15,0.07,0.1,0.01,0.0
YKL099C,0.05,0.0,0.08,0.08,0.02,0.03,0.07,0.01,0.14,0.1,0.03,0.01,0.01,0.06,0.1,0.09,0.03,0.05,0.0,0.04
YKL108W,0.02,0.0,0.09,0.08,0.03,0.02,0.03,0.06,0.14,0.08,0.03,0.02,0.04,0.07,0.05,0.07,0.06,0.06,0.01,0.04
YDR099W,0.08,0.0,0.02,0.17,0.0,0.02,0.01,0.06,0.08,0.07,0.03,0.03,0.0,0.05,0.08,0.14,0.03,0.08,0.01,0.04
YFR019W,0.05,0.0,0.03,0.02,0.01,0.03,0.05,0.09,0.03,0.04,0.02,0.05,0.08,0.0,0.02,0.25,0.17,0.05,0.0,0.01
YOR329C,0.06,0.0,0.1,0.02,0.04,0.09,0.03,0.01,0.02,0.06,0.01,0.1,0.08,0.03,0.04,0.16,0.06,0.05,0.02,0.02
YML028W,0.11,0.01,0.04,0.07,0.08,0.06,0.0,0.06,0.09,0.08,0.01,0.02,0.06,0.05,0.01,0.05,0.06,0.1,0.01,0.03
YER068W,0.03,0.08,0.07,0.1,0.05,0.02,0.02,0.05,0.03,0.07,0.04,0.1,0.08,0.05,0.06,0.04,0.03,0.03,0.0,0.05
YDR244W,0.04,0.01,0.03,0.05,0.04,0.08,0.03,0.06,0.05,0.07,0.04,0.14,0.07,0.08,0.05,0.1,0.02,0.04,0.0,0.0
YJR066W,0.05,0.0,0.08,0.08,0.05,0.05,0.01,0.05,0.08,0.11,0.06,0.11,0.04,0.01,0.05,0.08,0.02,0.05,0.01,0.01
YDR304C,0.04,0.01,0.06,0.04,0.11,0.07,0.04,0.1,0.05,0.07,0.04,0.04,0.04,0.05,0.03,0.03,0.1,0.04,0.0,0.04
YBR081C,0.06,0.0,0.06,0.09,0.05,0.02,0.02,0.04,0.09,0.14,0.01,0.06,0.03,0.04,0.03,0.09,0.06,0.06,0.01,0.04
YDR086C,0.0875,0.0125,0.0125,0.1,0.0375,0.075,0.0125,0.125,0.1375,0.05,0.0125,0.025,0.0375,0.0375,0.0375,0.025,0.025,0.1125,0.0,0.0375
YGR082W,0.12,0.0,0.03,0.09,0.04,0.03,0.01,0.05,0.08,0.07,0.03,0.04,0.05,0.07,0.07,0.07,0.08,0.04,0.0,0.03
YLR170C,0.05,0.01,0.05,0.05,0.03,0.04,0.02,0.08,0.11,0.11,0.05,0.04,0.03,0.02,0.05,0.03,0.08,0.07,0.01,0.07
YDL006W,0.07,0.01,0.08,0.07,0.05,0.05,0.05,0.07,0.05,0.06,0.02,0.06,0.02,0.02,0.07,0.06,0.06,0.07,0.02,0.04
YMR190C,0.06,0.01,0.04,0.06,0.03,0.03,0.04,0.04,0.09,0.05,0.02,0.07,0.08,0.05,0.03,0.08,0.16,0.03,0.02,0.01
YPL129W,0.04,0.0,0.05,0.09,0.07,0.05,0.03,0.1,0.06,0.07,0.01,0.03,0.1,0.04,0.06,0.02,0.07,0.08,0.02,0.01
YFL016C,0.12,0.01,0.04,0.04,0.05,0.05,0.07,0.08,0.11,0.05,0.01,0.05,0.05,0.02,0.06,0.08,0.03,0.03,0.0,0.05
YMR021C,0.09,0.05,0.03,0.03,0.02,0.06,0.04,0.1,0.04,0.05,0.06,0.05,0.03,0.04,0.11,0.1,0.04,0.04,0.0,0.02
YOL082W,0.01,0.05,0.05,0.02,0.03,0.06,0.02,0.05,0.07,0.13,0.04,0.12,0.03,0.07,0.02,0.06,0.05,0.04,0.02,0.06
YBL004W,0.07,0.0,0.07,0.08,0.08,0.0,0.05,0.07,0.1,0.07,0.01,0.04,0.02,0.05,0.06,0.1,0.04,0.04,0.01,0.04
YBR002C,0.06,0.02,0.04,0.09,0.08,0.07,0.03,0.05,0.06,0.05,0.05,0.04,0.02,0.0,0.09,0.1,0.05,0.08,0.01,0.01
YDL226C,0.05,0.04,0.06,0.06,0.05,0.08,0.03,0.06,0.08,0.1,0.04,0.04,0.06,0.04,0.06,0.05,0.04,0.03,0.03,0.0
YLR168C,0.03,0.01,0.05,0.04,0.02,0.04,0.02,0.04,0.09,0.09,0.07,0.07,0.03,0.04,0.05,0.06,0.07,0.12,0.03,0.03
YKL089W,0.0,0.0,0.12,0.04,0.04,0.06,0.0,0.04,0.11,0.1,0.04,0.03,0.05,0.04,0.07,0.15,0.04,0.04,0.0,0.03
YMR094W,0.03,0.02,0.05,0.06,0.07,0.03,0.02,0.06,0.08,0.12,0.02,0.04,0.09,0.01,0.06,0.06,0.01,0.05,0.02,0.1
YBR036C,0.03,0.01,0.04,0.03,0.06,0.06,0.0,0.05,0.04,0.09,0.04,0.1,0.04,0.03,0.03,0.16,0.08,0.05,0.03,0.03
YLR398C,0.03,0.01,0.11,0.09,0.04,0.02,0.02,0.06,0.07,0.11,0.02,0.05,0.07,0.03,0.04,0.12,0.04,0.04,0.01,0.02
YDL240W,0.04,0.07,0.04,0.02,0.03,0.02,0.03,0.04,0.11,0.09,0.02,0.05,0.05,0.08,0.05,0.07,0.07,0.05,0.0,0.07
YKL056C,0.1,0.01,0.13,0.07,0.04,0.07,0.01,0.07,0.08,0.06,0.04,0.06,0.01,0.03,0.01,0.05,0.02,0.09,0.0,0.05
YKL144C,0.05,0.02,0.05,0.04,0.06,0.07,0.02,0.13,0.07,0.08,0.01,0.05,0.05,0.03,0.03,0.06,0.07,0.08,0.01,0.02
YKL059C,0.05,0.0,0.08,0.05,0.07,0.07,0.01,0.08,0.07,0.07,0.01,0.05,0.03,0.03,0.07,0.1,0.07,0.06,0.0,0.03
YKL057C,0.04,0.03,0.04,0.05,0.02,0.04,0.03,0.05,0.04,0.12,0.01,0.12,0.07,0.02,0.02,0.13,0.05,0.03,0.0,0.09
YKL054C,0.03,0.0,0.11,0.08,0.02,0.01,0.04,0.07,0.13,0.07,0.01,0.04,0.06,0.06,0.02,0.09,0.07,0.04,0.02,0.03
YKL052C,0.08,0.02,0.05,0.08,0.04,0.04,0.02,0.08,0.05,0.08,0.03,0.07,0.04,0.05,0.01,0.09,0.08,0.07,0.01,0.01
YLR399C,0.11,0.0,0.1,0.08,0.0,0.12,0.01,0.03,0.03,0.08,0.01,0.14,0.05,0.05,0.02,0.06,0.05,0.05,0.0,0.01
YOR237W,0.06,0.02,0.04,0.06,0.07,0.02,0.03,0.04,0.03,0.1,0.02,0.03,0.07,0.04,0.03,0.2,0.04,0.04,0.03,0.03
YPL145C,0.06,0.02,0.04,0.08,0.07,0.01,0.02,0.06,0.04,0.11,0.02,0.03,0.07,0.03,0.02,0.19,0.04,0.02,0.03,0.04
YAR042W,0.05,0.0,0.07,0.03,0.03,0.02,0.05,0.04,0.06,0.17,0.03,0.07,0.07,0.08,0.02,0.06,0.05,0.08,0.01,0.01
YKL156W,0.07317073170731707,0.06097560975609756,0.024390243902439025,0.036585365853658534,0.036585365853658534,0.06097560975609756,0.036585365853658534,0.024390243902439025,0.08536585365853659,0.10975609756097561,0.012195121951219513,0.012195121951219513,0.04878048780487805,0.036585365853658534,0.04878048780487805,0.08536585365853659,0.12195121951219512,0.07317073170731707,0.0,0.012195121951219513
YKL134C,0.07,0.0,0.04,0.0,0.06,0.06,0.0,0.07,0.1,0.09,0.01,0.09,0.05,0.06,0.06,0.13,0.05,0.02,0.01,0.03
YKL135C,0.05,0.01,0.06,0.05,0.02,0.04,0.01,0.09,0.13,0.12,0.03,0.02,0.06,0.05,0.04,0.06,0.06,0.06,0.0,0.04
YKL171W,0.05,0.0,0.06,0.03,0.03,0.05,0.03,0.05,0.03,0.05,0.04,0.05,0.08,0.07,0.1,0.19,0.05,0.01,0.0,0.03
YKL129C,0.06,0.0,0.05,0.06,0.03,0.06,0.01,0.1,0.18,0.08,0.01,0.07,0.02,0.0,0.06,0.07,0.04,0.06,0.0,0.04
YKL081W,0.12,0.0,0.04,0.07,0.05,0.04,0.0,0.06,0.07,0.15,0.01,0.03,0.04,0.06,0.05,0.1,0.02,0.04,0.01,0.04
YKL078W,0.05,0.0,0.04,0.05,0.02,0.02,0.04,0.05,0.11,0.05,0.03,0.1,0.03,0.03,0.09,0.13,0.06,0.07,0.0,0.03
YKL067W,0.06,0.0,0.04,0.05,0.05,0.09,0.02,0.05,0.11,0.09,0.03,0.01,0.05,0.05,0.05,0.07,0.05,0.1,0.01,0.02
YKL049C,0.07,0.0,0.07,0.14,0.01,0.03,0.0,0.04,0.03,0.08,0.02,0.06,0.03,0.07,0.1,0.14,0.05,0.03,0.01,0.02
YKL026C,0.03,0.04,0.03,0.08,0.1,0.06,0.03,0.06,0.09,0.06,0.01,0.08,0.06,0.05,0.02,0.05,0.02,0.07,0.0,0.06
YKL196C,0.06,0.01,0.03,0.1,0.07,0.11,0.01,0.07,0.04,0.07,0.02,0.02,0.02,0.04,0.07,0.08,0.05,0.07,0.0,0.06
YKL073W,0.09,0.0,0.03,0.04,0.03,0.09,0.01,0.07,0.06,0.15,0.01,0.04,0.07,0.04,0.06,0.06,0.04,0.08,0.0,0.03
YOR089C,0.12,0.0,0.03,0.06,0.06,0.04,0.02,0.06,0.06,0.07,0.02,0.05,0.03,0.04,0.05,0.07,0.08,0.1,0.01,0.03
YKR014C,0.07,0.0,0.08,0.06,0.05,0.05,0.02,0.07,0.06,0.09,0.02,0.04,0.02,0.05,0.04,0.09,0.06,0.08,0.01,0.04
YNL093W,0.11,0.0,0.06,0.06,0.07,0.06,0.01,0.07,0.08,0.07,0.02,0.02,0.04,0.02,0.05,0.06,0.08,0.09,0.01,0.02
YKR054C,0.08,0.02,0.06,0.11,0.09,0.04,0.01,0.09,0.06,0.13,0.01,0.06,0.01,0.03,0.04,0.02,0.06,0.04,0.0,0.04
YKR072C,0.08,0.01,0.06,0.04,0.02,0.07,0.02,0.06,0.06,0.05,0.02,0.05,0.06,0.04,0.04,0.14,0.12,0.06,0.0,0.0
YLR332W,0.05,0.01,0.01,0.0,0.07,0.0,0.01,0.06,0.01,0.09,0.02,0.02,0.0,0.02,0.05,0.43,0.09,0.06,0.0,0.0
YKL220C,0.07,0.05,0.01,0.05,0.04,0.02,0.01,0.06,0.1,0.09,0.02,0.04,0.04,0.02,0.04,0.12,0.1,0.05,0.02,0.05
YKL217W,0.04,0.0,0.09,0.14,0.01,0.05,0.02,0.04,0.04,0.07,0.01,0.06,0.09,0.07,0.03,0.09,0.04,0.04,0.0,0.07
YKL213C,0.04,0.01,0.11,0.03,0.03,0.12,0.02,0.02,0.05,0.11,0.02,0.02,0.02,0.05,0.03,0.08,0.07,0.11,0.02,0.04
YKL204W,0.07,0.0,0.05,0.06,0.03,0.04,0.01,0.06,0.12,0.06,0.03,0.09,0.04,0.04,0.01,0.19,0.07,0.02,0.0,0.01
YKL201C,0.02,0.0,0.07,0.02,0.05,0.03,0.02,0.1,0.06,0.18,0.01,0.06,0.04,0.04,0.09,0.1,0.03,0.01,0.02,0.05
YKL195W,0.09,0.02,0.03,0.08,0.04,0.07,0.01,0.04,0.04,0.08,0.04,0.07,0.05,0.05,0.11,0.1,0.03,0.04,0.0,0.01
YKL193C,0.01,0.01,0.16,0.1,0.03,0.0,0.03,0.07,0.09,0.13,0.01,0.07,0.03,0.03,0.03,0.06,0.03,0.09,0.0,0.02
YKL173W,0.0,0.0,0.07,0.17,0.04,0.08,0.01,0.03,0.05,0.1,0.02,0.06,0.05,0.06,0.02,0.08,0.08,0.06,0.0,0.02
YKL172W,0.09,0.0,0.04,0.17,0.01,0.01,0.01,0.02,0.28,0.11,0.02,0.02,0.01,0.07,0.01,0.05,0.04,0.03,0.0,0.01
YKL165C,0.05,0.0,0.04,0.01,0.08,0.06,0.04,0.06,0.04,0.11,0.04,0.03,0.07,0.01,0.05,0.07,0.11,0.07,0.02,0.04
YKL155C,0.05,0.01,0.06,0.03,0.04,0.02,0.01,0.06,0.07,0.12,0.03,0.11,0.05,0.05,0.06,0.11,0.06,0.04,0.0,0.02
YKL154W,0.07,0.01,0.05,0.01,0.01,0.07,0.01,0.09,0.07,0.13,0.01,0.02,0.05,0.05,0.02,0.12,0.1,0.08,0.0,0.03
YKL150W,0.11,0.0,0.05,0.06,0.1,0.04,0.03,0.05,0.08,0.08,0.02,0.04,0.04,0.01,0.05,0.11,0.06,0.05,0.01,0.01
YKL130C,0.05,0.02,0.06,0.07,0.06,0.02,0.02,0.08,0.09,0.13,0.01,0.05,0.03,0.01,0.06,0.08,0.05,0.07,0.0,0.04
YKL088W,0.01,0.0,0.08,0.07,0.03,0.03,0.03,0.06,0.08,0.05,0.02,0.14,0.02,0.06,0.07,0.14,0.05,0.04,0.0,0.02
YKL086W,0.13,0.02,0.04,0.06,0.01,0.06,0.01,0.04,0.05,0.09,0.03,0.02,0.08,0.06,0.07,0.07,0.06,0.07,0.0,0.03
YKL082C,0.07,0.0,0.07,0.11,0.02,0.02,0.01,0.01,0.21,0.09,0.04,0.03,0.04,0.06,0.03,0.08,0.04,0.03,0.01,0.03
YKL077W,0.03,0.0,0.02,0.09,0.04,0.05,0.04,0.05,0.1,0.07,0.02,0.02,0.09,0.03,0.06,0.07,0.09,0.09,0.02,0.02
YKL069W,0.07,0.02,0.03,0.06,0.04,0.09,0.04,0.05,0.04,0.11,0.02,0.08,0.01,0.06,0.0,0.11,0.03,0.07,0.03,0.04
YKL046C,0.09,0.01,0.08,0.04,0.05,0.1,0.01,0.05,0.02,0.1,0.06,0.07,0.01,0.03,0.01,0.03,0.06,0.05,0.04,0.09
YKL042W,0.03,0.0,0.05,0.09,0.03,0.02,0.0,0.05,0.12,0.07,0.02,0.11,0.06,0.04,0.07,0.08,0.04,0.03,0.0,0.09
YKL041W,0.05,0.0,0.06,0.05,0.0,0.02,0.0,0.08,0.13,0.08,0.04,0.06,0.02,0.08,0.12,0.05,0.05,0.05,0.01,0.05
YKL034W,0.01,0.0,0.06,0.03,0.09,0.06,0.01,0.05,0.03,0.1,0.04,0.1,0.05,0.08,0.04,0.06,0.07,0.05,0.01,0.06
YKL028W,0.05,0.0,0.08,0.04,0.04,0.04,0.03,0.09,0.08,0.13,0.01,0.03,0.05,0.02,0.07,0.07,0.01,0.09,0.01,0.06
YKL025C,0.08,0.03,0.07,0.03,0.03,0.05,0.01,0.06,0.08,0.01,0.03,0.08,0.09,0.0,0.01,0.07,0.18,0.06,0.01,0.02
YKL018W,0.04,0.04,0.06,0.02,0.07,0.03,0.03,0.05,0.1,0.09,0.03,0.09,0.03,0.05,0.0,0.11,0.09,0.03,0.0,0.04
YKL006W,0.16,0.01,0.03,0.03,0.01,0.07,0.0,0.07,0.1,0.08,0.01,0.02,0.04,0.04,0.05,0.07,0.05,0.12,0.04,0.0
YKL004W,0.07,0.02,0.03,0.02,0.12,0.02,0.03,0.08,0.04,0.13,0.02,0.04,0.09,0.03,0.02,0.06,0.06,0.05,0.04,0.03
YKL002W,0.09,0.0,0.04,0.08,0.03,0.02,0.0,0.04,0.14,0.1,0.02,0.05,0.01,0.1,0.1,0.06,0.03,0.07,0.01,0.01
YKR016W,0.09,0.0,0.06,0.04,0.07,0.06,0.03,0.05,0.07,0.1,0.02,0.05,0.02,0.01,0.06,0.08,0.1,0.03,0.02,0.04
YKR020W,0.07,0.0,0.07,0.19,0.02,0.04,0.02,0.04,0.09,0.09,0.01,0.07,0.03,0.03,0.06,0.08,0.04,0.04,0.0,0.01
YKR021W,0.06,0.0,0.03,0.07,0.06,0.05,0.0,0.09,0.06,0.1,0.02,0.05,0.1,0.04,0.03,0.06,0.08,0.09,0.01,0.0
YKR022C,0.04,0.01,0.12,0.06,0.02,0.04,0.03,0.09,0.13,0.06,0.02,0.07,0.06,0.04,0.04,0.08,0.03,0.04,0.0,0.02
YKR023W,0.05,0.01,0.06,0.12,0.05,0.01,0.03,0.04,0.12,0.1,0.02,0.05,0.05,0.07,0.01,0.08,0.06,0.05,0.01,0.01
YKR024C,0.05,0.0,0.05,0.09,0.01,0.1,0.02,0.03,0.13,0.04,0.04,0.06,0.01,0.03,0.09,0.1,0.09,0.02,0.01,0.03
YKR025W,0.06,0.0,0.13,0.22,0.03,0.04,0.01,0.06,0.05,0.04,0.02,0.06,0.03,0.03,0.05,0.06,0.04,0.06,0.0,0.01
YKR027W,0.02,0.01,0.04,0.06,0.05,0.1,0.03,0.06,0.12,0.09,0.01,0.02,0.07,0.02,0.04,0.1,0.07,0.06,0.01,0.02
YKR028W,0.04,0.01,0.15,0.14,0.03,0.03,0.01,0.05,0.05,0.06,0.01,0.1,0.04,0.02,0.01,0.1,0.05,0.05,0.01,0.04
YKR036C,0.07,0.0,0.04,0.05,0.05,0.05,0.02,0.08,0.06,0.11,0.01,0.04,0.06,0.08,0.05,0.08,0.06,0.03,0.01,0.05
YKR037C,0.05,0.02,0.11,0.04,0.04,0.06,0.02,0.08,0.09,0.07,0.03,0.06,0.03,0.02,0.1,0.07,0.03,0.05,0.0,0.03
YKR038C,0.08,0.02,0.06,0.05,0.01,0.07,0.04,0.07,0.06,0.11,0.02,0.07,0.08,0.01,0.06,0.05,0.05,0.04,0.01,0.04
YKR042W,0.26,0.0,0.04,0.01,0.0,0.02,0.05,0.01,0.03,0.06,0.01,0.03,0.02,0.01,0.01,0.21,0.12,0.1,0.0,0.01
YKR043C,0.02,0.01,0.07,0.05,0.03,0.06,0.01,0.05,0.03,0.11,0.02,0.04,0.07,0.06,0.1,0.06,0.09,0.07,0.02,0.03
YKR051W,0.05,0.03,0.01,0.06,0.08,0.03,0.01,0.12,0.03,0.13,0.01,0.02,0.05,0.02,0.06,0.07,0.06,0.05,0.03,0.08
YKR058W,0.07,0.02,0.02,0.1,0.03,0.05,0.01,0.07,0.08,0.18,0.01,0.06,0.03,0.04,0.01,0.07,0.06,0.05,0.0,0.04
YKR063C,0.06,0.02,0.05,0.06,0.03,0.04,0.02,0.07,0.06,0.12,0.02,0.01,0.06,0.06,0.08,0.06,0.03,0.09,0.02,0.04
YKR067W,0.1,0.01,0.03,0.02,0.07,0.03,0.04,0.07,0.04,0.07,0.02,0.07,0.08,0.03,0.05,0.06,0.05,0.1,0.01,0.05
YKR068C,0.05,0.04,0.04,0.08,0.05,0.04,0.01,0.06,0.08,0.11,0.03,0.07,0.01,0.03,0.05,0.07,0.08,0.05,0.01,0.04
YKR071C,0.07,0.0,0.05,0.05,0.03,0.04,0.02,0.07,0.12,0.13,0.01,0.05,0.05,0.04,0.0,0.07,0.09,0.07,0.0,0.04
YKR076W,0.06,0.02,0.05,0.06,0.04,0.06,0.06,0.04,0.08,0.09,0.02,0.01,0.03,0.04,0.06,0.09,0.05,0.05,0.06,0.03
YKR081C,0.06,0.02,0.06,0.05,0.05,0.01,0.02,0.04,0.15,0.09,0.07,0.09,0.05,0.02,0.07,0.07,0.02,0.06,0.0,0.0
YKR082W,0.03,0.0,0.06,0.1,0.03,0.04,0.03,0.05,0.05,0.11,0.04,0.07,0.01,0.07,0.04,0.12,0.03,0.07,0.0,0.05
YKR083C,0.05,0.0,0.07,0.11,0.0,0.06,0.0,0.1,0.09,0.11,0.04,0.07,0.01,0.09,0.01,0.1,0.04,0.01,0.02,0.02
YKR087C,0.02,0.02,0.04,0.01,0.09,0.09,0.01,0.04,0.08,0.1,0.01,0.04,0.04,0.02,0.11,0.13,0.03,0.04,0.01,0.07
YKR089C,0.01,0.0,0.09,0.08,0.02,0.04,0.0,0.07,0.11,0.09,0.01,0.1,0.04,0.07,0.03,0.07,0.1,0.05,0.0,0.02
YKR102W,0.11,0.04,0.07,0.03,0.03,0.08,0.0,0.04,0.05,0.09,0.03,0.05,0.04,0.02,0.01,0.12,0.07,0.04,0.0,0.08
YGR185C,0.1,0.02,0.05,0.05,0.04,0.05,0.03,0.03,0.08,0.13,0.03,0.05,0.06,0.03,0.03,0.02,0.06,0.09,0.01,0.04
YMR024W,0.05,0.01,0.0,0.06,0.05,0.03,0.03,0.04,0.08,0.1,0.02,0.02,0.06,0.06,0.07,0.15,0.08,0.03,0.02,0.04
YLR439W,0.02,0.01,0.05,0.02,0.05,0.02,0.06,0.06,0.09,0.08,0.01,0.04,0.16,0.04,0.09,0.09,0.07,0.01,0.03,0.0
YNL284C,0.04,0.0,0.02,0.01,0.07,0.14,0.0,0.04,0.09,0.09,0.03,0.03,0.04,0.05,0.09,0.12,0.07,0.05,0.0,0.02
YMR193W,0.03,0.0,0.02,0.04,0.08,0.07,0.01,0.05,0.15,0.05,0.02,0.07,0.06,0.07,0.07,0.07,0.04,0.04,0.02,0.04
YNL252C,0.07,0.0,0.0,0.07,0.05,0.06,0.01,0.07,0.14,0.11,0.03,0.03,0.07,0.02,0.04,0.07,0.05,0.04,0.02,0.05
YBR122C,0.05,0.0,0.06,0.02,0.03,0.07,0.01,0.07,0.07,0.08,0.02,0.05,0.07,0.05,0.11,0.11,0.03,0.06,0.01,0.03
YBL022C,0.11,0.0,0.04,0.03,0.05,0.01,0.04,0.06,0.07,0.06,0.03,0.02,0.03,0.07,0.1,0.08,0.12,0.04,0.01,0.03
YMR105C,0.08,0.0,0.04,0.06,0.03,0.11,0.02,0.09,0.1,0.06,0.02,0.04,0.06,0.04,0.02,0.06,0.07,0.06,0.0,0.04
YJR040W,0.04,0.01,0.08,0.07,0.07,0.04,0.01,0.11,0.03,0.05,0.01,0.06,0.05,0.04,0.06,0.05,0.11,0.07,0.01,0.03
YLR058C,0.06,0.01,0.09,0.07,0.03,0.05,0.06,0.08,0.05,0.08,0.02,0.03,0.05,0.03,0.04,0.09,0.07,0.04,0.0,0.05
YBR263W,0.06,0.01,0.04,0.09,0.03,0.08,0.03,0.05,0.06,0.09,0.04,0.03,0.05,0.05,0.06,0.11,0.04,0.04,0.0,0.04
YMR054W,0.06,0.0,0.08,0.1,0.06,0.04,0.02,0.06,0.04,0.09,0.06,0.05,0.02,0.05,0.06,0.02,0.04,0.1,0.01,0.04
YDR178W,0.09,0.0,0.02,0.03,0.06,0.06,0.02,0.03,0.06,0.09,0.06,0.02,0.11,0.02,0.05,0.07,0.11,0.06,0.01,0.03
YHR001W-A,0.05194805194805195,0.0,0.03896103896103896,0.03896103896103896,0.05194805194805195,0.09090909090909091,0.03896103896103896,0.012987012987012988,0.06493506493506493,0.16883116883116883,0.03896103896103896,0.025974025974025976,0.09090909090909091,0.012987012987012988,0.025974025974025976,0.07792207792207792,0.09090909090909091,0.012987012987012988,0.025974025974025976,0.03896103896103896
YLR337C,0.13,0.0,0.04,0.01,0.0,0.17,0.0,0.05,0.07,0.06,0.05,0.01,0.17,0.02,0.03,0.12,0.02,0.05,0.0,0.0
YPL043W,0.07,0.0,0.1,0.07,0.08,0.04,0.02,0.05,0.09,0.05,0.02,0.06,0.03,0.03,0.05,0.07,0.06,0.11,0.0,0.0
YMR120C,0.1,0.0,0.09,0.06,0.01,0.09,0.04,0.09,0.07,0.1,0.03,0.02,0.03,0.01,0.06,0.04,0.06,0.07,0.0,0.03
YMR116C,0.09,0.01,0.07,0.03,0.02,0.09,0.03,0.02,0.05,0.13,0.01,0.03,0.02,0.03,0.04,0.1,0.1,0.07,0.04,0.02
YLR109W,0.08,0.02,0.07,0.06,0.04,0.03,0.01,0.08,0.09,0.04,0.02,0.05,0.06,0.05,0.0,0.09,0.05,0.1,0.02,0.04
YBL085W,0.04,0.0,0.05,0.09,0.02,0.11,0.01,0.05,0.11,0.07,0.03,0.08,0.05,0.02,0.04,0.06,0.05,0.04,0.01,0.07
YBL084C,0.1,0.02,0.05,0.06,0.06,0.02,0.02,0.07,0.04,0.14,0.01,0.03,0.03,0.08,0.01,0.11,0.04,0.03,0.01,0.07
YBL068W,0.06,0.01,0.05,0.09,0.01,0.06,0.02,0.13,0.07,0.1,0.03,0.05,0.02,0.04,0.03,0.1,0.05,0.05,0.0,0.03
YBR006W,0.06,0.0,0.07,0.1,0.03,0.04,0.0,0.05,0.07,0.08,0.03,0.06,0.06,0.01,0.05,0.05,0.08,0.09,0.02,0.05
YBR015C,0.04,0.01,0.08,0.05,0.07,0.03,0.0,0.03,0.1,0.11,0.03,0.08,0.02,0.01,0.03,0.13,0.05,0.06,0.0,0.07
YBR028C,0.05,0.0,0.07,0.05,0.03,0.03,0.05,0.09,0.04,0.06,0.04,0.08,0.05,0.01,0.08,0.15,0.05,0.03,0.0,0.04
YBR026C,0.05,0.01,0.05,0.06,0.04,0.03,0.03,0.06,0.08,0.07,0.02,0.04,0.08,0.05,0.02,0.11,0.07,0.07,0.0,0.06
YBR034C,0.07,0.01,0.07,0.07,0.03,0.06,0.05,0.08,0.1,0.07,0.05,0.03,0.0,0.03,0.02,0.09,0.06,0.07,0.0,0.04
YBR035C,0.06,0.0,0.07,0.1,0.07,0.03,0.02,0.07,0.08,0.08,0.01,0.03,0.06,0.04,0.05,0.07,0.1,0.01,0.02,0.03
YBR039W,0.1,0.01,0.02,0.09,0.01,0.01,0.01,0.07,0.14,0.07,0.05,0.06,0.01,0.03,0.05,0.07,0.1,0.07,0.0,0.03
YBR068C,0.03,0.0,0.07,0.07,0.05,0.06,0.02,0.05,0.12,0.04,0.02,0.04,0.01,0.03,0.05,0.24,0.07,0.02,0.0,0.01
YBR069C,0.04,0.01,0.07,0.1,0.05,0.01,0.04,0.04,0.11,0.06,0.01,0.03,0.04,0.07,0.08,0.14,0.06,0.03,0.0,0.01
YBR073W,0.07,0.0,0.01,0.03,0.02,0.03,0.0,0.05,0.13,0.06,0.02,0.07,0.09,0.05,0.06,0.09,0.1,0.09,0.0,0.03
YBR121C,0.07,0.02,0.06,0.06,0.09,0.06,0.01,0.07,0.07,0.06,0.03,0.04,0.04,0.03,0.08,0.07,0.01,0.07,0.01,0.05
YBR139W,0.03,0.0,0.11,0.01,0.07,0.03,0.01,0.04,0.07,0.16,0.02,0.04,0.03,0.06,0.04,0.08,0.09,0.05,0.01,0.05
YBL088C,0.05,0.02,0.04,0.12,0.02,0.01,0.02,0.05,0.07,0.17,0.01,0.06,0.02,0.0,0.05,0.1,0.12,0.05,0.0,0.02
YBR136W,0.04,0.0,0.07,0.05,0.03,0.02,0.01,0.08,0.11,0.14,0.03,0.09,0.03,0.04,0.03,0.1,0.04,0.06,0.0,0.03
YBR142W,0.01,0.0,0.13,0.1,0.03,0.09,0.0,0.04,0.15,0.06,0.01,0.03,0.04,0.03,0.01,0.08,0.05,0.12,0.01,0.01
YBR149W,0.11,0.0,0.03,0.11,0.03,0.06,0.03,0.08,0.08,0.08,0.02,0.05,0.04,0.01,0.03,0.06,0.09,0.05,0.01,0.03
YBR164C,0.04,0.01,0.07,0.03,0.04,0.09,0.0,0.08,0.07,0.11,0.02,0.05,0.02,0.02,0.05,0.06,0.09,0.07,0.03,0.05
YBL035C,0.04,0.0,0.06,0.06,0.04,0.02,0.03,0.08,0.11,0.09,0.02,0.06,0.03,0.07,0.03,0.12,0.08,0.04,0.01,0.01
YBR175W,0.07,0.03,0.05,0.02,0.06,0.07,0.04,0.1,0.02,0.09,0.01,0.03,0.05,0.06,0.03,0.08,0.1,0.06,0.01,0.02
YBR180W,0.05,0.0,0.09,0.08,0.03,0.04,0.05,0.04,0.07,0.05,0.01,0.06,0.06,0.08,0.03,0.15,0.05,0.05,0.01,0.0
YBR192W,0.08,0.01,0.04,0.09,0.03,0.07,0.02,0.07,0.1,0.06,0.02,0.04,0.06,0.04,0.01,0.09,0.04,0.08,0.02,0.03
YBR182C,0.03,0.01,0.07,0.06,0.03,0.04,0.03,0.09,0.09,0.08,0.02,0.09,0.04,0.02,0.07,0.06,0.04,0.09,0.0,0.04
YBR198C,0.07,0.0,0.01,0.03,0.01,0.08,0.02,0.01,0.06,0.05,0.02,0.12,0.06,0.19,0.06,0.1,0.07,0.02,0.0,0.02
YBR205W,0.04,0.0,0.05,0.02,0.05,0.07,0.03,0.07,0.11,0.09,0.05,0.01,0.05,0.03,0.05,0.13,0.03,0.09,0.01,0.02
YBR202W,0.07,0.0,0.1,0.09,0.04,0.02,0.01,0.06,0.05,0.13,0.03,0.1,0.03,0.08,0.02,0.05,0.05,0.04,0.0,0.03
YBR222C,0.1,0.0,0.06,0.04,0.07,0.05,0.02,0.04,0.03,0.05,0.05,0.07,0.05,0.03,0.03,0.07,0.11,0.1,0.0,0.03
YBR229C,0.09,0.04,0.06,0.04,0.08,0.02,0.07,0.06,0.06,0.11,0.01,0.03,0.03,0.04,0.03,0.07,0.04,0.07,0.01,0.04
YBR204C,0.09,0.02,0.06,0.11,0.06,0.05,0.02,0.05,0.05,0.09,0.02,0.07,0.03,0.02,0.07,0.06,0.04,0.07,0.01,0.01
YBR239C,0.06,0.07,0.06,0.04,0.0,0.02,0.02,0.04,0.13,0.07,0.02,0.08,0.09,0.01,0.08,0.06,0.09,0.04,0.0,0.02
YBR244W,0.01,0.04,0.06,0.08,0.09,0.08,0.0,0.05,0.14,0.07,0.02,0.04,0.04,0.07,0.0,0.04,0.05,0.07,0.0,0.05
YBR245C,0.06,0.02,0.05,0.08,0.08,0.03,0.03,0.06,0.15,0.09,0.04,0.08,0.04,0.02,0.03,0.06,0.02,0.01,0.0,0.05
YBR264C,0.09,0.01,0.05,0.06,0.03,0.06,0.02,0.09,0.08,0.08,0.03,0.02,0.02,0.02,0.04,0.1,0.08,0.08,0.01,0.03
YBR274W,0.05,0.04,0.07,0.03,0.02,0.05,0.04,0.08,0.1,0.1,0.05,0.03,0.05,0.04,0.01,0.08,0.03,0.11,0.01,0.01
YBR281C,0.05,0.01,0.05,0.06,0.06,0.07,0.05,0.08,0.03,0.13,0.01,0.03,0.02,0.02,0.06,0.13,0.05,0.05,0.02,0.02
YBR288C,0.03,0.03,0.08,0.03,0.06,0.03,0.02,0.05,0.07,0.14,0.02,0.03,0.03,0.03,0.03,0.11,0.08,0.04,0.02,0.07
YBL103C,0.06,0.0,0.05,0.1,0.01,0.04,0.05,0.03,0.03,0.08,0.04,0.13,0.05,0.07,0.02,0.09,0.09,0.02,0.0,0.04
YBL101C,0.05,0.0,0.02,0.01,0.02,0.08,0.03,0.03,0.08,0.09,0.02,0.11,0.07,0.08,0.06,0.15,0.07,0.03,0.0,0.0
YBL098W,0.09,0.02,0.08,0.04,0.02,0.08,0.03,0.09,0.07,0.12,0.04,0.04,0.03,0.04,0.05,0.07,0.03,0.03,0.0,0.03
YBL097W,0.05,0.01,0.1,0.07,0.05,0.03,0.0,0.06,0.06,0.07,0.04,0.12,0.0,0.02,0.05,0.07,0.09,0.04,0.02,0.05
YBL091C,0.06,0.0,0.1,0.14,0.02,0.03,0.01,0.02,0.17,0.08,0.02,0.06,0.04,0.05,0.04,0.06,0.03,0.03,0.01,0.03
YBL079W,0.09,0.0,0.01,0.04,0.04,0.08,0.04,0.04,0.02,0.05,0.06,0.11,0.08,0.05,0.04,0.14,0.07,0.02,0.0,0.02
YBL078C,0.08,0.01,0.06,0.09,0.06,0.01,0.01,0.1,0.12,0.05,0.03,0.02,0.08,0.02,0.07,0.05,0.04,0.06,0.0,0.04
YBL046W,0.02,0.0,0.09,0.04,0.06,0.04,0.02,0.07,0.05,0.14,0.05,0.1,0.04,0.03,0.04,0.05,0.08,0.06,0.01,0.01
YBL034C,0.06,0.01,0.03,0.06,0.07,0.02,0.04,0.05,0.06,0.1,0.03,0.08,0.04,0.02,0.04,0.13,0.05,0.05,0.0,0.06
YBL032W,0.14,0.02,0.02,0.03,0.02,0.11,0.01,0.1,0.05,0.05,0.01,0.07,0.05,0.02,0.04,0.1,0.09,0.07,0.0,0.0
YBL031W,0.02,0.0,0.07,0.09,0.06,0.05,0.04,0.06,0.08,0.05,0.02,0.13,0.03,0.06,0.02,0.14,0.04,0.02,0.0,0.02
YBL026W,0.010526315789473684,0.010526315789473684,0.07368421052631578,0.06315789473684211,0.06315789473684211,0.031578947368421054,0.010526315789473684,0.05263157894736842,0.08421052631578947,0.11578947368421053,0.031578947368421054,0.07368421052631578,0.010526315789473684,0.042105263157894736,0.06315789473684211,0.05263157894736842,0.07368421052631578,0.10526315789473684,0.0,0.031578947368421054
YBL024W,0.06,0.01,0.03,0.12,0.07,0.05,0.02,0.01,0.15,0.09,0.01,0.07,0.04,0.03,0.07,0.03,0.06,0.03,0.03,0.02
YBL019W,0.01,0.01,0.04,0.05,0.11,0.07,0.01,0.09,0.05,0.06,0.02,0.05,0.03,0.05,0.07,0.12,0.07,0.04,0.02,0.03
YBL018C,0.05,0.0,0.1,0.04,0.06,0.05,0.03,0.07,0.06,0.08,0.02,0.03,0.01,0.04,0.04,0.11,0.07,0.06,0.03,0.05
YBR004C,0.01,0.01,0.02,0.04,0.12,0.02,0.01,0.07,0.06,0.14,0.01,0.07,0.03,0.04,0.03,0.12,0.06,0.05,0.04,0.05
YBR005W,0.07,0.0,0.01,0.03,0.05,0.06,0.02,0.08,0.03,0.06,0.02,0.04,0.04,0.07,0.09,0.1,0.07,0.08,0.03,0.05
YBR017C,0.07,0.02,0.05,0.07,0.02,0.04,0.02,0.04,0.04,0.15,0.06,0.12,0.04,0.07,0.02,0.07,0.03,0.02,0.01,0.04
YBR029C,0.08,0.02,0.04,0.08,0.06,0.04,0.03,0.08,0.09,0.05,0.03,0.02,0.03,0.02,0.02,0.1,0.11,0.07,0.02,0.01
YBR041W,0.02,0.01,0.05,0.02,0.09,0.03,0.02,0.12,0.06,0.12,0.01,0.03,0.04,0.06,0.08,0.05,0.02,0.06,0.02,0.09
YBR043C,0.04,0.02,0.06,0.08,0.01,0.04,0.05,0.02,0.04,0.08,0.03,0.1,0.05,0.06,0.07,0.16,0.02,0.04,0.0,0.03
YBR044C,0.01,0.02,0.04,0.04,0.0,0.02,0.04,0.05,0.1,0.15,0.03,0.06,0.03,0.05,0.07,0.09,0.1,0.06,0.0,0.04
YBR046C,0.04,0.02,0.04,0.1,0.03,0.09,0.0,0.1,0.09,0.04,0.01,0.04,0.05,0.03,0.02,0.06,0.05,0.1,0.0,0.09
YBR057C,0.07,0.0,0.03,0.03,0.03,0.05,0.04,0.0,0.01,0.08,0.07,0.13,0.08,0.11,0.02,0.12,0.06,0.01,0.0,0.06
YBR058C,0.08,0.06,0.02,0.1,0.02,0.0,0.04,0.06,0.08,0.08,0.01,0.13,0.06,0.02,0.02,0.05,0.04,0.09,0.0,0.04
YBR061C,0.06,0.01,0.11,0.03,0.04,0.03,0.02,0.03,0.1,0.11,0.02,0.02,0.06,0.06,0.07,0.11,0.02,0.06,0.01,0.03
YBR065C,0.02,0.09,0.04,0.07,0.02,0.02,0.03,0.12,0.05,0.08,0.04,0.09,0.06,0.05,0.06,0.05,0.06,0.03,0.01,0.01
YBR070C,0.06,0.0,0.04,0.04,0.05,0.08,0.02,0.08,0.09,0.15,0.02,0.02,0.02,0.03,0.05,0.08,0.06,0.06,0.0,0.05
YBR074W,0.03,0.0,0.06,0.07,0.05,0.02,0.04,0.07,0.09,0.17,0.01,0.05,0.03,0.01,0.04,0.08,0.07,0.04,0.01,0.06
YBR077C,0.02,0.01,0.06,0.07,0.02,0.03,0.03,0.07,0.08,0.09,0.05,0.12,0.03,0.02,0.0,0.14,0.06,0.06,0.01,0.03
YBR078W,0.15,0.02,0.06,0.01,0.03,0.07,0.0,0.11,0.04,0.09,0.01,0.04,0.01,0.03,0.0,0.2,0.12,0.01,0.0,0.0
YBR079C,0.09,0.0,0.04,0.07,0.05,0.07,0.02,0.07,0.1,0.11,0.01,0.01,0.06,0.04,0.06,0.05,0.04,0.09,0.01,0.01
YBR086C,0.03,0.01,0.07,0.05,0.06,0.01,0.05,0.13,0.07,0.11,0.01,0.07,0.04,0.04,0.02,0.13,0.05,0.03,0.0,0.02
YBR087W,0.03,0.01,0.05,0.05,0.03,0.05,0.03,0.03,0.07,0.16,0.02,0.06,0.07,0.02,0.06,0.1,0.05,0.06,0.01,0.04
YBR095C,0.03,0.0,0.02,0.08,0.02,0.05,0.01,0.08,0.08,0.09,0.03,0.1,0.02,0.03,0.09,0.13,0.06,0.05,0.0,0.03
YBR098W,0.05,0.01,0.12,0.07,0.04,0.01,0.01,0.11,0.05,0.04,0.03,0.06,0.04,0.05,0.03,0.18,0.02,0.08,0.0,0.0
YBR101C,0.07,0.0,0.09,0.09,0.03,0.06,0.0,0.04,0.07,0.15,0.06,0.08,0.06,0.06,0.01,0.03,0.03,0.05,0.02,0.0
YBR102C,0.08,0.0,0.04,0.02,0.01,0.0,0.02,0.03,0.13,0.06,0.05,0.07,0.13,0.03,0.06,0.11,0.08,0.03,0.01,0.04
YBR103W,0.04,0.01,0.06,0.14,0.03,0.04,0.04,0.06,0.05,0.14,0.03,0.04,0.02,0.05,0.03,0.07,0.04,0.06,0.01,0.04
YBR105C,0.08,0.01,0.05,0.05,0.02,0.01,0.04,0.03,0.07,0.07,0.01,0.05,0.1,0.08,0.05,0.12,0.07,0.05,0.0,0.04
YBR106W,0.04,0.01,0.06,0.05,0.0,0.04,0.0,0.16,0.06,0.05,0.1,0.04,0.03,0.04,0.06,0.08,0.05,0.06,0.01,0.06
YBR107C,0.03,0.02,0.08,0.07,0.04,0.07,0.0,0.07,0.05,0.13,0.04,0.07,0.04,0.03,0.04,0.06,0.05,0.05,0.01,0.05
YBR108W,0.04,0.0,0.06,0.08,0.02,0.09,0.01,0.02,0.17,0.03,0.02,0.05,0.07,0.02,0.05,0.11,0.06,0.01,0.01,0.08
YBR128C,0.03,0.04,0.06,0.07,0.0,0.01,0.06,0.07,0.12,0.17,0.06,0.1,0.03,0.03,0.05,0.03,0.01,0.04,0.0,0.02
YBR129C,0.1,0.01,0.04,0.03,0.02,0.05,0.1,0.07,0.05,0.04,0.01,0.05,0.06,0.06,0.06,0.09,0.07,0.02,0.03,0.04
YBR130C,0.04,0.0,0.05,0.07,0.01,0.0,0.03,0.03,0.07,0.16,0.03,0.13,0.02,0.08,0.02,0.17,0.08,0.01,0.0,0.0
YBR131W,0.01,0.02,0.08,0.06,0.07,0.04,0.02,0.14,0.05,0.1,0.01,0.07,0.02,0.03,0.03,0.12,0.06,0.04,0.01,0.02
YBR133C,0.0,0.01,0.06,0.04,0.06,0.03,0.04,0.06,0.09,0.07,0.01,0.07,0.11,0.08,0.03,0.09,0.03,0.08,0.01,0.03
YBR147W,0.07,0.03,0.03,0.03,0.04,0.05,0.0,0.13,0.05,0.16,0.07,0.05,0.03,0.04,0.02,0.06,0.02,0.05,0.03,0.04
YBR152W,0.03,0.0,0.13,0.12,0.02,0.06,0.03,0.01,0.03,0.06,0.02,0.06,0.07,0.02,0.06,0.23,0.04,0.01,0.0,0.0
YBR156C,0.04,0.0,0.07,0.11,0.01,0.02,0.02,0.05,0.1,0.08,0.05,0.1,0.03,0.03,0.05,0.09,0.07,0.02,0.02,0.04
YBR158W,0.0,0.02,0.04,0.04,0.04,0.05,0.02,0.02,0.12,0.09,0.03,0.04,0.08,0.05,0.06,0.18,0.05,0.05,0.0,0.02
YBR159W,0.08,0.03,0.03,0.04,0.09,0.1,0.0,0.05,0.07,0.15,0.03,0.03,0.01,0.05,0.06,0.04,0.06,0.05,0.01,0.02
YBR161W,0.03,0.02,0.09,0.04,0.03,0.02,0.03,0.14,0.08,0.12,0.01,0.05,0.07,0.05,0.01,0.04,0.09,0.01,0.02,0.05
YBR163W,0.04,0.0,0.08,0.06,0.06,0.06,0.03,0.06,0.08,0.12,0.02,0.1,0.07,0.0,0.04,0.07,0.06,0.03,0.0,0.02
YBR167C,0.05,0.01,0.02,0.03,0.03,0.04,0.06,0.05,0.17,0.09,0.02,0.04,0.02,0.04,0.02,0.07,0.12,0.09,0.0,0.03
YBR179C,0.03,0.0,0.11,0.05,0.04,0.06,0.04,0.02,0.06,0.1,0.01,0.08,0.03,0.06,0.06,0.12,0.07,0.03,0.01,0.02
YBR183W,0.03,0.01,0.02,0.07,0.06,0.08,0.01,0.06,0.04,0.11,0.02,0.05,0.03,0.01,0.03,0.09,0.08,0.07,0.05,0.08
YBR185C,0.07,0.01,0.02,0.03,0.08,0.02,0.02,0.06,0.08,0.13,0.01,0.07,0.06,0.03,0.08,0.1,0.05,0.06,0.0,0.02
YBR187W,0.18,0.0,0.02,0.03,0.05,0.06,0.03,0.07,0.05,0.13,0.08,0.01,0.01,0.0,0.02,0.14,0.06,0.06,0.0,0.0
YBR188C,0.03,0.01,0.06,0.09,0.02,0.05,0.01,0.07,0.07,0.07,0.01,0.08,0.04,0.11,0.05,0.08,0.07,0.05,0.0,0.03
YBR193C,0.05,0.0,0.05,0.05,0.03,0.04,0.02,0.01,0.02,0.14,0.03,0.03,0.05,0.11,0.05,0.12,0.08,0.09,0.01,0.02
YBR201W,0.03,0.02,0.05,0.01,0.07,0.07,0.01,0.1,0.04,0.16,0.02,0.06,0.02,0.01,0.05,0.08,0.04,0.08,0.03,0.05
YBR207W,0.09,0.0,0.05,0.09,0.08,0.06,0.0,0.07,0.02,0.08,0.01,0.07,0.05,0.03,0.02,0.14,0.07,0.06,0.0,0.01
YBR211C,0.05,0.0,0.11,0.07,0.04,0.02,0.03,0.07,0.04,0.06,0.02,0.07,0.08,0.04,0.07,0.1,0.05,0.05,0.0,0.03
YBR217W,0.03,0.0,0.05,0.13,0.01,0.03,0.02,0.05,0.05,0.07,0.02,0.08,0.01,0.08,0.07,0.18,0.08,0.03,0.0,0.01
YBR223C,0.06,0.01,0.09,0.12,0.04,0.03,0.0,0.04,0.08,0.03,0.05,0.08,0.01,0.03,0.07,0.1,0.05,0.08,0.01,0.02
YBR227C,0.09,0.0,0.05,0.07,0.03,0.05,0.01,0.07,0.11,0.09,0.02,0.04,0.03,0.06,0.09,0.08,0.02,0.04,0.0,0.05
YBR228W,0.06,0.02,0.03,0.03,0.05,0.07,0.05,0.06,0.06,0.05,0.03,0.03,0.05,0.1,0.09,0.06,0.03,0.05,0.02,0.06
YBR231C,0.04,0.0,0.16,0.17,0.01,0.1,0.01,0.05,0.09,0.03,0.01,0.03,0.03,0.02,0.06,0.07,0.04,0.03,0.0,0.05
YBR234C,0.06,0.04,0.08,0.02,0.03,0.02,0.03,0.06,0.08,0.06,0.01,0.04,0.05,0.02,0.03,0.11,0.09,0.11,0.01,0.05
YBR235W,0.04,0.02,0.04,0.02,0.06,0.07,0.01,0.08,0.04,0.09,0.02,0.05,0.06,0.05,0.05,0.14,0.06,0.05,0.0,0.05
YBR246W,0.03,0.05,0.11,0.01,0.03,0.05,0.01,0.08,0.07,0.14,0.03,0.05,0.03,0.01,0.05,0.08,0.09,0.04,0.01,0.03
YBR247C,0.14,0.0,0.11,0.11,0.02,0.03,0.02,0.04,0.12,0.08,0.02,0.05,0.01,0.07,0.06,0.06,0.04,0.0,0.0,0.02
YBR254C,0.05,0.01,0.06,0.05,0.06,0.12,0.02,0.07,0.04,0.09,0.01,0.12,0.06,0.06,0.02,0.04,0.03,0.04,0.01,0.04
YBR257W,0.02,0.03,0.08,0.06,0.04,0.02,0.0,0.04,0.12,0.14,0.01,0.09,0.03,0.09,0.08,0.05,0.07,0.01,0.0,0.02
YBR260C,0.08,0.01,0.04,0.09,0.06,0.03,0.04,0.04,0.13,0.1,0.02,0.04,0.02,0.04,0.02,0.12,0.06,0.04,0.0,0.02
YBR261C,0.07,0.0,0.1,0.05,0.02,0.09,0.03,0.06,0.08,0.07,0.04,0.04,0.05,0.01,0.03,0.04,0.05,0.12,0.01,0.04
YBR262C,0.03,0.0,0.09,0.04,0.02,0.07,0.02,0.05,0.06,0.07,0.02,0.05,0.02,0.04,0.07,0.08,0.06,0.11,0.05,0.05
YBR265W,0.06,0.04,0.05,0.12,0.04,0.05,0.02,0.06,0.06,0.12,0.01,0.03,0.02,0.05,0.06,0.05,0.06,0.05,0.0,0.05
YBR267W,0.1,0.02,0.04,0.08,0.03,0.01,0.02,0.02,0.14,0.09,0.03,0.03,0.03,0.03,0.07,0.13,0.05,0.05,0.01,0.02
YBR269C,0.07,0.01,0.03,0.09,0.04,0.06,0.0,0.06,0.06,0.09,0.02,0.05,0.08,0.05,0.1,0.07,0.09,0.0,0.0,0.03
YBR272C,0.03,0.01,0.12,0.09,0.02,0.0,0.0,0.02,0.05,0.18,0.03,0.09,0.04,0.01,0.02,0.07,0.06,0.11,0.0,0.05
YBR279W,0.02,0.0,0.09,0.04,0.02,0.03,0.0,0.06,0.1,0.17,0.03,0.07,0.09,0.06,0.02,0.07,0.03,0.05,0.0,0.05
YBR283C,0.04,0.01,0.04,0.05,0.1,0.08,0.0,0.1,0.04,0.18,0.01,0.03,0.11,0.02,0.03,0.03,0.04,0.06,0.0,0.03
YBR290W,0.04,0.0,0.06,0.12,0.02,0.13,0.04,0.07,0.03,0.07,0.02,0.05,0.02,0.05,0.08,0.08,0.09,0.03,0.0,0.0
YBR295W,0.04,0.04,0.09,0.1,0.01,0.1,0.05,0.05,0.04,0.06,0.03,0.07,0.03,0.04,0.06,0.07,0.07,0.04,0.0,0.01
YBR296C,0.15,0.02,0.05,0.01,0.08,0.06,0.01,0.09,0.02,0.11,0.05,0.06,0.01,0.02,0.02,0.12,0.04,0.05,0.01,0.02
YMR261C,0.07,0.01,0.03,0.09,0.02,0.04,0.02,0.05,0.03,0.07,0.04,0.09,0.05,0.07,0.02,0.14,0.06,0.07,0.0,0.03
YML100W,0.12,0.0,0.06,0.04,0.03,0.01,0.0,0.04,0.0,0.1,0.02,0.07,0.08,0.1,0.04,0.16,0.06,0.06,0.0,0.01
YMR264W,0.05,0.0,0.01,0.07,0.04,0.08,0.04,0.04,0.02,0.1,0.02,0.07,0.05,0.08,0.07,0.07,0.09,0.09,0.0,0.01
YMR263W,0.05,0.01,0.02,0.03,0.0,0.09,0.03,0.03,0.03,0.03,0.01,0.31,0.05,0.05,0.06,0.09,0.08,0.01,0.0,0.02
YOR123C,0.01,0.0,0.22,0.16,0.01,0.04,0.01,0.02,0.06,0.02,0.01,0.1,0.02,0.06,0.02,0.13,0.06,0.05,0.0,0.0
YOR232W,0.09,0.0,0.04,0.11,0.06,0.01,0.0,0.02,0.09,0.07,0.04,0.04,0.04,0.04,0.1,0.12,0.08,0.04,0.0,0.01
YER031C,0.07,0.0,0.08,0.05,0.04,0.09,0.0,0.09,0.07,0.07,0.02,0.03,0.0,0.02,0.06,0.12,0.06,0.05,0.01,0.07
YHR072W,0.05,0.02,0.08,0.06,0.08,0.04,0.03,0.02,0.05,0.09,0.01,0.03,0.12,0.07,0.05,0.07,0.07,0.0,0.03,0.03
YLR248W,0.03,0.0,0.1,0.04,0.03,0.02,0.02,0.05,0.14,0.05,0.02,0.05,0.05,0.05,0.01,0.16,0.1,0.07,0.0,0.01
YJL001W,0.1,0.02,0.07,0.03,0.01,0.08,0.02,0.08,0.05,0.06,0.02,0.03,0.01,0.04,0.05,0.08,0.12,0.08,0.01,0.04
YIL043C,0.04,0.0,0.08,0.01,0.05,0.06,0.03,0.11,0.09,0.1,0.02,0.04,0.08,0.03,0.02,0.04,0.07,0.11,0.0,0.02
YJR103W,0.02,0.01,0.07,0.04,0.01,0.14,0.03,0.09,0.06,0.11,0.04,0.03,0.02,0.0,0.03,0.09,0.08,0.08,0.0,0.05
YEL058W,0.08,0.02,0.06,0.03,0.03,0.07,0.01,0.03,0.06,0.11,0.05,0.05,0.03,0.06,0.03,0.05,0.08,0.08,0.01,0.06
YNL290W,0.03,0.0,0.06,0.09,0.03,0.07,0.01,0.05,0.08,0.08,0.02,0.06,0.05,0.02,0.06,0.06,0.08,0.09,0.01,0.05
YOR217W,0.03,0.0,0.06,0.06,0.02,0.03,0.0,0.03,0.16,0.03,0.02,0.04,0.1,0.02,0.04,0.2,0.08,0.08,0.0,0.0
YLR342W,0.06,0.0,0.11,0.05,0.02,0.13,0.0,0.0,0.0,0.01,0.03,0.07,0.11,0.16,0.0,0.06,0.05,0.01,0.0,0.13
YEL019C,0.04,0.01,0.08,0.06,0.03,0.02,0.04,0.08,0.09,0.08,0.01,0.07,0.05,0.06,0.01,0.13,0.06,0.03,0.0,0.05
YGL127C,0.04,0.03,0.02,0.06,0.05,0.03,0.0,0.06,0.04,0.13,0.02,0.1,0.08,0.07,0.01,0.08,0.05,0.04,0.02,0.07
YLR079W,0.04,0.0,0.01,0.01,0.05,0.06,0.01,0.0,0.06,0.07,0.04,0.07,0.15,0.07,0.05,0.16,0.11,0.03,0.0,0.01
YNL259C,0.0273972602739726,0.0273972602739726,0.0547945205479452,0.0684931506849315,0.0273972602739726,0.0547945205479452,0.0136986301369863,0.0684931506849315,0.136986301369863,0.0958904109589041,0.0273972602739726,0.0273972602739726,0.0273972602739726,0.0410958904109589,0.0136986301369863,0.0684931506849315,0.0684931506849315,0.1095890410958904,0.0,0.0410958904109589
YIR011C,0.02,0.0,0.01,0.08,0.02,0.1,0.0,0.03,0.08,0.09,0.07,0.06,0.07,0.1,0.07,0.07,0.04,0.06,0.01,0.02
YER122C,0.03,0.04,0.04,0.04,0.08,0.07,0.03,0.03,0.07,0.06,0.04,0.11,0.02,0.05,0.05,0.06,0.09,0.07,0.02,0.0
YPL243W,0.09,0.01,0.06,0.06,0.02,0.04,0.04,0.05,0.12,0.13,0.01,0.05,0.01,0.03,0.07,0.06,0.06,0.03,0.0,0.06
YPL210C,0.05,0.03,0.08,0.05,0.05,0.02,0.03,0.04,0.11,0.14,0.02,0.06,0.02,0.08,0.03,0.04,0.04,0.05,0.0,0.06
YHL011C,0.08,0.0,0.05,0.04,0.03,0.06,0.01,0.11,0.05,0.11,0.02,0.04,0.05,0.04,0.08,0.09,0.06,0.07,0.0,0.01
YHR082C,0.03,0.02,0.17,0.1,0.01,0.08,0.01,0.05,0.07,0.05,0.01,0.08,0.01,0.03,0.04,0.09,0.03,0.05,0.0,0.07
YHR096C,0.07,0.02,0.04,0.1,0.04,0.08,0.02,0.01,0.08,0.09,0.02,0.07,0.05,0.04,0.0,0.13,0.04,0.07,0.0,0.03
YHR129C,0.04,0.01,0.07,0.07,0.02,0.1,0.01,0.06,0.07,0.12,0.03,0.06,0.03,0.04,0.03,0.06,0.02,0.08,0.02,0.06
YHR216W,0.06,0.0,0.07,0.04,0.05,0.07,0.02,0.07,0.04,0.14,0.05,0.03,0.05,0.02,0.04,0.09,0.09,0.05,0.0,0.02
YHL019C,0.02,0.01,0.06,0.05,0.09,0.01,0.05,0.08,0.05,0.16,0.02,0.05,0.05,0.04,0.02,0.11,0.04,0.05,0.01,0.03
YHL015W,0.02,0.0,0.02,0.1,0.01,0.03,0.02,0.09,0.13,0.06,0.02,0.05,0.04,0.1,0.05,0.06,0.08,0.09,0.01,0.02
YHL003C,0.09,0.01,0.07,0.03,0.05,0.04,0.01,0.03,0.1,0.08,0.04,0.04,0.03,0.0,0.07,0.11,0.06,0.07,0.03,0.04
YHR006W,0.04,0.03,0.08,0.05,0.02,0.0,0.01,0.03,0.1,0.13,0.01,0.07,0.07,0.06,0.02,0.12,0.05,0.09,0.0,0.02
YHR046C,0.03,0.01,0.09,0.08,0.05,0.06,0.0,0.12,0.11,0.05,0.01,0.01,0.04,0.03,0.01,0.07,0.12,0.07,0.01,0.03
YHR021C,0.07317073170731707,0.06097560975609756,0.024390243902439025,0.036585365853658534,0.036585365853658534,0.06097560975609756,0.036585365853658534,0.012195121951219513,0.08536585365853659,0.10975609756097561,0.012195121951219513,0.012195121951219513,0.04878048780487805,0.036585365853658534,0.04878048780487805,0.08536585365853659,0.12195121951219512,0.08536585365853659,0.0,0.012195121951219513
YHR065C,0.08,0.01,0.04,0.17,0.02,0.02,0.0,0.04,0.17,0.09,0.01,0.08,0.01,0.03,0.02,0.12,0.05,0.04,0.0,0.0
YHR073W,0.03,0.01,0.07,0.04,0.01,0.05,0.07,0.08,0.1,0.06,0.01,0.05,0.02,0.03,0.05,0.16,0.05,0.07,0.01,0.03
YHR104W,0.05,0.03,0.06,0.05,0.03,0.09,0.03,0.06,0.12,0.12,0.03,0.06,0.02,0.01,0.03,0.06,0.02,0.08,0.02,0.03
YNL257C,0.06,0.0,0.08,0.05,0.1,0.02,0.01,0.04,0.07,0.1,0.01,0.03,0.06,0.05,0.08,0.11,0.04,0.07,0.01,0.01
YHR169W,0.1,0.02,0.03,0.05,0.04,0.1,0.0,0.08,0.08,0.09,0.06,0.01,0.05,0.04,0.04,0.08,0.09,0.02,0.02,0.0
YHR183W,0.11,0.01,0.07,0.03,0.04,0.09,0.02,0.11,0.08,0.11,0.03,0.05,0.03,0.03,0.03,0.05,0.03,0.07,0.0,0.01
YHL040C,0.04,0.01,0.04,0.08,0.02,0.08,0.04,0.08,0.05,0.1,0.03,0.07,0.03,0.05,0.04,0.09,0.03,0.03,0.01,0.08
YHL031C,0.04,0.01,0.05,0.06,0.03,0.04,0.03,0.09,0.08,0.09,0.01,0.02,0.02,0.11,0.05,0.15,0.08,0.02,0.01,0.01
YHL030W,0.12,0.0,0.03,0.06,0.03,0.0,0.01,0.05,0.07,0.16,0.01,0.05,0.07,0.08,0.05,0.09,0.05,0.07,0.0,0.0
YHL023C,0.06,0.02,0.01,0.04,0.02,0.04,0.06,0.04,0.06,0.09,0.02,0.14,0.06,0.03,0.0,0.11,0.13,0.03,0.0,0.04
YHL002W,0.06,0.02,0.07,0.08,0.01,0.02,0.01,0.07,0.06,0.15,0.02,0.06,0.02,0.05,0.06,0.12,0.04,0.05,0.01,0.02
YHL001W,0.15,0.01,0.03,0.03,0.01,0.08,0.0,0.07,0.1,0.08,0.01,0.02,0.04,0.04,0.05,0.07,0.05,0.12,0.04,0.0
YHR001W,0.06,0.01,0.07,0.05,0.02,0.04,0.02,0.1,0.07,0.13,0.02,0.1,0.05,0.04,0.02,0.14,0.05,0.01,0.0,0.0
YHR004C,0.04,0.01,0.05,0.07,0.01,0.01,0.04,0.06,0.14,0.1,0.01,0.08,0.03,0.06,0.02,0.13,0.04,0.06,0.01,0.03
YHR009C,0.06,0.02,0.03,0.06,0.05,0.12,0.07,0.09,0.04,0.06,0.02,0.01,0.07,0.05,0.02,0.1,0.05,0.03,0.01,0.04
YHR031C,0.09,0.01,0.05,0.02,0.05,0.09,0.02,0.04,0.06,0.04,0.02,0.07,0.04,0.05,0.07,0.21,0.05,0.0,0.01,0.01
YHR034C,0.06,0.02,0.07,0.06,0.05,0.03,0.02,0.11,0.08,0.07,0.01,0.05,0.08,0.03,0.06,0.06,0.02,0.09,0.01,0.02
YHR036W,0.03,0.0,0.1,0.15,0.06,0.04,0.03,0.05,0.02,0.08,0.04,0.05,0.07,0.02,0.04,0.13,0.06,0.02,0.0,0.01
YHR050W,0.07,0.0,0.05,0.04,0.03,0.05,0.02,0.03,0.02,0.06,0.04,0.07,0.04,0.05,0.06,0.14,0.09,0.07,0.01,0.06
YHR052W,0.03,0.0,0.04,0.11,0.03,0.03,0.0,0.05,0.21,0.09,0.01,0.09,0.04,0.02,0.02,0.11,0.06,0.06,0.0,0.0
YHR056C,0.05,0.06,0.04,0.01,0.03,0.1,0.02,0.05,0.09,0.0,0.07,0.07,0.08,0.08,0.05,0.06,0.04,0.07,0.0,0.03
YHR058C,0.05,0.0,0.06,0.07,0.07,0.03,0.0,0.04,0.05,0.08,0.05,0.1,0.07,0.08,0.04,0.04,0.05,0.06,0.02,0.04
YHR061C,0.02,0.0,0.08,0.07,0.02,0.04,0.01,0.06,0.11,0.1,0.06,0.11,0.07,0.06,0.03,0.06,0.04,0.03,0.01,0.02
YHR062C,0.03,0.0,0.07,0.02,0.03,0.04,0.03,0.09,0.08,0.13,0.03,0.08,0.05,0.03,0.04,0.08,0.07,0.06,0.01,0.03
YHR064C,0.08,0.02,0.08,0.04,0.04,0.1,0.01,0.1,0.05,0.04,0.01,0.08,0.07,0.03,0.03,0.08,0.03,0.08,0.0,0.03
YHR066W,0.05,0.01,0.02,0.04,0.04,0.05,0.04,0.05,0.12,0.09,0.05,0.04,0.04,0.09,0.07,0.06,0.07,0.07,0.0,0.0
YHR069C,0.03,0.0,0.09,0.06,0.02,0.06,0.02,0.07,0.02,0.06,0.04,0.09,0.03,0.02,0.04,0.14,0.08,0.08,0.01,0.04
YHR070W,0.02,0.03,0.02,0.03,0.08,0.01,0.01,0.07,0.14,0.07,0.04,0.08,0.1,0.03,0.06,0.09,0.02,0.09,0.0,0.01
YHR076W,0.05,0.01,0.06,0.01,0.07,0.08,0.01,0.04,0.06,0.04,0.01,0.06,0.04,0.05,0.06,0.17,0.06,0.05,0.0,0.07
YHR080C,0.08,0.0,0.04,0.05,0.05,0.07,0.04,0.05,0.1,0.05,0.02,0.06,0.06,0.02,0.07,0.09,0.09,0.05,0.01,0.0
YHR081W,0.05,0.0,0.07,0.09,0.02,0.02,0.0,0.06,0.14,0.15,0.05,0.03,0.03,0.02,0.05,0.1,0.02,0.05,0.0,0.05
YHR085W,0.02,0.0,0.04,0.02,0.03,0.01,0.04,0.07,0.17,0.12,0.02,0.05,0.05,0.07,0.07,0.08,0.11,0.03,0.0,0.0
YHR088W,0.03,0.0,0.05,0.16,0.03,0.02,0.02,0.07,0.1,0.06,0.03,0.12,0.03,0.03,0.1,0.02,0.08,0.03,0.0,0.02
YHR090C,0.03,0.02,0.05,0.12,0.03,0.03,0.03,0.08,0.11,0.14,0.01,0.03,0.04,0.09,0.04,0.08,0.02,0.03,0.0,0.02
YHR098C,0.07,0.0,0.02,0.02,0.06,0.1,0.03,0.01,0.03,0.05,0.03,0.06,0.07,0.1,0.04,0.15,0.08,0.06,0.0,0.02
YHR099W,0.05,0.01,0.07,0.08,0.06,0.0,0.02,0.05,0.02,0.15,0.05,0.05,0.05,0.08,0.05,0.09,0.04,0.03,0.0,0.05
YHR105W,0.05,0.02,0.09,0.06,0.05,0.04,0.03,0.08,0.03,0.04,0.01,0.07,0.06,0.04,0.05,0.15,0.08,0.04,0.01,0.0
YHR108W,0.13,0.02,0.05,0.04,0.02,0.03,0.05,0.07,0.05,0.16,0.02,0.06,0.07,0.03,0.06,0.07,0.0,0.04,0.0,0.03
YHR111W,0.08,0.01,0.06,0.1,0.0,0.12,0.01,0.03,0.04,0.13,0.02,0.04,0.03,0.06,0.06,0.04,0.04,0.08,0.0,0.05
YHR113W,0.06,0.01,0.03,0.04,0.06,0.08,0.06,0.06,0.09,0.04,0.02,0.05,0.04,0.02,0.04,0.13,0.06,0.06,0.02,0.03
YHR114W,0.06,0.0,0.06,0.09,0.03,0.04,0.01,0.07,0.09,0.07,0.02,0.05,0.03,0.03,0.04,0.13,0.07,0.05,0.03,0.03
YHR115C,0.13,0.0,0.02,0.01,0.01,0.06,0.02,0.06,0.01,0.05,0.01,0.17,0.1,0.01,0.02,0.13,0.13,0.06,0.0,0.0
YHR117W,0.11,0.0,0.05,0.05,0.03,0.08,0.0,0.03,0.15,0.05,0.01,0.08,0.0,0.1,0.06,0.07,0.04,0.06,0.0,0.03
YHR118C,0.06,0.04,0.05,0.06,0.01,0.01,0.04,0.05,0.1,0.11,0.06,0.05,0.05,0.07,0.03,0.07,0.03,0.05,0.01,0.05
YHR119W,0.04,0.0,0.04,0.01,0.0,0.06,0.06,0.01,0.02,0.0,0.01,0.11,0.04,0.11,0.14,0.18,0.03,0.01,0.0,0.13
YHR121W,0.01,0.01,0.02,0.06,0.06,0.03,0.01,0.07,0.12,0.08,0.01,0.08,0.03,0.06,0.03,0.11,0.08,0.11,0.0,0.02
YHR124W,0.01,0.01,0.1,0.1,0.04,0.04,0.01,0.05,0.05,0.1,0.02,0.04,0.07,0.04,0.08,0.05,0.09,0.07,0.0,0.03
YHR132C,0.04,0.01,0.09,0.05,0.04,0.05,0.01,0.08,0.02,0.11,0.03,0.08,0.03,0.05,0.03,0.06,0.07,0.08,0.02,0.05
YHR134W,0.05,0.01,0.04,0.06,0.02,0.04,0.06,0.06,0.12,0.09,0.05,0.07,0.05,0.04,0.05,0.07,0.03,0.06,0.0,0.03
YHR137W,0.06,0.0,0.08,0.05,0.08,0.04,0.02,0.05,0.06,0.08,0.03,0.06,0.09,0.01,0.05,0.13,0.04,0.04,0.02,0.01
YHR142W,0.08,0.03,0.05,0.01,0.05,0.05,0.02,0.14,0.04,0.12,0.01,0.07,0.04,0.01,0.04,0.08,0.05,0.06,0.0,0.05
YHR143W,0.07,0.0,0.01,0.05,0.06,0.02,0.0,0.08,0.05,0.06,0.01,0.06,0.02,0.02,0.02,0.13,0.17,0.12,0.0,0.05
YHR154W,0.04,0.02,0.05,0.05,0.08,0.01,0.03,0.07,0.06,0.12,0.03,0.09,0.04,0.04,0.01,0.06,0.06,0.08,0.02,0.04
YHR155W,0.04,0.0,0.05,0.06,0.07,0.01,0.04,0.03,0.03,0.11,0.03,0.05,0.06,0.04,0.06,0.13,0.08,0.06,0.01,0.04
YHR160C,0.02,0.01,0.06,0.07,0.06,0.03,0.01,0.05,0.08,0.08,0.01,0.13,0.05,0.04,0.07,0.11,0.06,0.02,0.01,0.03
YHR161C,0.05,0.0,0.06,0.06,0.04,0.07,0.01,0.08,0.09,0.1,0.02,0.05,0.03,0.01,0.05,0.09,0.06,0.06,0.01,0.06
YHR162W,0.08,0.01,0.01,0.02,0.08,0.06,0.01,0.05,0.05,0.11,0.02,0.04,0.04,0.03,0.08,0.11,0.07,0.06,0.05,0.02
YHR164C,0.08,0.0,0.02,0.03,0.01,0.02,0.0,0.07,0.18,0.04,0.01,0.1,0.05,0.06,0.04,0.14,0.06,0.08,0.0,0.01
YHR170W,0.06,0.08,0.05,0.06,0.03,0.06,0.02,0.08,0.03,0.12,0.02,0.04,0.06,0.05,0.08,0.03,0.07,0.04,0.01,0.01
YHR171W,0.03,0.01,0.07,0.05,0.09,0.01,0.02,0.02,0.08,0.16,0.01,0.09,0.05,0.05,0.04,0.1,0.05,0.06,0.0,0.01
YHR172W,0.04,0.0,0.07,0.09,0.03,0.03,0.01,0.07,0.09,0.13,0.02,0.06,0.08,0.03,0.05,0.05,0.04,0.06,0.01,0.04
YHR181W,0.04,0.02,0.01,0.05,0.09,0.05,0.01,0.11,0.02,0.22,0.01,0.01,0.04,0.01,0.03,0.1,0.08,0.03,0.0,0.07
YHR182W,0.01,0.01,0.08,0.07,0.04,0.02,0.02,0.08,0.11,0.1,0.05,0.1,0.01,0.03,0.04,0.08,0.06,0.04,0.02,0.03
YHR186C,0.03,0.01,0.1,0.05,0.04,0.04,0.02,0.05,0.07,0.1,0.03,0.06,0.09,0.08,0.05,0.03,0.04,0.05,0.01,0.05
YHR187W,0.07,0.02,0.03,0.04,0.05,0.01,0.03,0.1,0.07,0.09,0.02,0.03,0.05,0.07,0.01,0.13,0.07,0.06,0.0,0.05
YHR188C,0.08,0.0,0.06,0.05,0.07,0.03,0.02,0.04,0.01,0.17,0.03,0.03,0.08,0.04,0.03,0.08,0.07,0.04,0.01,0.06
YHR192W,0.07,0.01,0.04,0.01,0.04,0.05,0.02,0.06,0.07,0.15,0.01,0.02,0.01,0.06,0.03,0.1,0.08,0.06,0.04,0.07
YHR193C,0.12,0.0,0.03,0.07,0.04,0.07,0.0,0.08,0.11,0.05,0.02,0.08,0.04,0.07,0.04,0.04,0.04,0.08,0.0,0.02
YHR195W,0.04,0.0,0.05,0.08,0.04,0.05,0.01,0.07,0.07,0.14,0.01,0.03,0.04,0.04,0.09,0.06,0.05,0.09,0.02,0.02
YHR196W,0.04,0.02,0.11,0.07,0.05,0.04,0.02,0.05,0.05,0.06,0.02,0.07,0.01,0.04,0.03,0.15,0.05,0.08,0.01,0.03
YHR197W,0.07,0.02,0.02,0.07,0.04,0.05,0.03,0.07,0.06,0.16,0.01,0.05,0.02,0.03,0.04,0.09,0.07,0.06,0.01,0.03
YHR202W,0.06,0.01,0.13,0.01,0.04,0.06,0.05,0.1,0.04,0.11,0.01,0.02,0.03,0.07,0.05,0.04,0.05,0.08,0.02,0.02
YHR204W,0.05,0.04,0.09,0.07,0.06,0.04,0.03,0.06,0.07,0.13,0.01,0.04,0.04,0.02,0.01,0.04,0.07,0.06,0.01,0.06
YHR206W,0.07,0.0,0.04,0.04,0.03,0.05,0.01,0.04,0.04,0.08,0.05,0.2,0.04,0.04,0.03,0.11,0.09,0.03,0.0,0.01
YHR207C,0.03,0.01,0.1,0.1,0.02,0.04,0.04,0.07,0.06,0.1,0.01,0.05,0.02,0.03,0.05,0.07,0.11,0.04,0.02,0.03
YHR208W,0.07,0.01,0.03,0.05,0.06,0.07,0.04,0.04,0.08,0.12,0.02,0.04,0.09,0.02,0.05,0.07,0.07,0.02,0.02,0.03
YHR211W,0.11,0.04,0.04,0.02,0.04,0.08,0.02,0.08,0.04,0.07,0.03,0.05,0.04,0.04,0.01,0.12,0.06,0.04,0.0,0.07
YOL005C,0.1,0.01,0.07,0.08,0.07,0.05,0.02,0.06,0.1,0.12,0.01,0.07,0.05,0.01,0.05,0.02,0.05,0.04,0.0,0.02
YOR014W,0.04,0.0,0.01,0.04,0.01,0.07,0.04,0.01,0.18,0.01,0.02,0.0,0.03,0.03,0.02,0.33,0.15,0.01,0.0,0.0
YDR254W,0.02,0.01,0.08,0.05,0.05,0.05,0.01,0.06,0.05,0.17,0.03,0.05,0.03,0.02,0.04,0.05,0.06,0.1,0.02,0.05
YOR020C,0.08,0.0,0.06,0.05,0.03,0.08,0.0,0.06,0.09,0.11,0.02,0.05,0.05,0.06,0.03,0.05,0.04,0.13,0.0,0.01
YML074C,0.06,0.0,0.11,0.15,0.03,0.03,0.0,0.07,0.1,0.07,0.03,0.04,0.08,0.01,0.03,0.06,0.07,0.04,0.0,0.02
YLR055C,0.07,0.0,0.34,0.19,0.0,0.05,0.02,0.02,0.03,0.04,0.03,0.05,0.01,0.05,0.02,0.02,0.03,0.03,0.0,0.0
YMR167W,0.09,0.01,0.06,0.07,0.03,0.07,0.0,0.13,0.08,0.09,0.04,0.06,0.02,0.04,0.03,0.07,0.05,0.05,0.0,0.01
YNL004W,0.01,0.0,0.12,0.07,0.02,0.09,0.02,0.0,0.01,0.01,0.02,0.09,0.02,0.01,0.3,0.12,0.01,0.02,0.0,0.06
YOL122C,0.09,0.0,0.06,0.08,0.04,0.05,0.02,0.05,0.06,0.03,0.03,0.04,0.04,0.01,0.07,0.11,0.05,0.13,0.0,0.04
YIL139C,0.01,0.03,0.05,0.05,0.06,0.0,0.03,0.1,0.06,0.13,0.01,0.07,0.05,0.04,0.05,0.05,0.03,0.07,0.02,0.09
YIL140W,0.06,0.01,0.06,0.03,0.05,0.02,0.01,0.05,0.03,0.12,0.01,0.04,0.06,0.05,0.02,0.15,0.11,0.05,0.01,0.06
YGL006W,0.03,0.0,0.05,0.06,0.04,0.05,0.01,0.04,0.09,0.1,0.01,0.15,0.04,0.02,0.06,0.13,0.03,0.02,0.0,0.07
YDR443C,0.05,0.01,0.09,0.04,0.04,0.01,0.02,0.07,0.09,0.07,0.03,0.03,0.08,0.05,0.04,0.11,0.05,0.05,0.02,0.05
YGL095C,0.03,0.02,0.03,0.1,0.02,0.0,0.04,0.06,0.06,0.15,0.01,0.07,0.03,0.05,0.08,0.06,0.07,0.09,0.0,0.03
YDR076W,0.01,0.01,0.03,0.1,0.06,0.09,0.0,0.15,0.05,0.11,0.02,0.05,0.06,0.07,0.03,0.08,0.03,0.03,0.01,0.01
YDR072C,0.07,0.0,0.04,0.01,0.15,0.02,0.02,0.08,0.04,0.12,0.03,0.08,0.05,0.03,0.04,0.11,0.02,0.04,0.03,0.02
YDR073W,0.14,0.0,0.02,0.05,0.0,0.02,0.01,0.05,0.01,0.09,0.02,0.26,0.01,0.06,0.03,0.06,0.1,0.05,0.0,0.02
YDR080W,0.04,0.01,0.24,0.11,0.0,0.04,0.01,0.04,0.02,0.02,0.01,0.08,0.03,0.04,0.03,0.12,0.1,0.06,0.0,0.0
YDR082W,0.01,0.04,0.07,0.04,0.06,0.07,0.04,0.1,0.07,0.09,0.03,0.02,0.02,0.07,0.06,0.04,0.01,0.04,0.02,0.1
YDR083W,0.05,0.0,0.06,0.14,0.02,0.03,0.01,0.03,0.21,0.05,0.02,0.08,0.03,0.05,0.03,0.07,0.06,0.05,0.01,0.0
YOL020W,0.01,0.01,0.07,0.05,0.06,0.07,0.05,0.06,0.09,0.07,0.02,0.07,0.02,0.03,0.06,0.17,0.05,0.03,0.0,0.01
YDL195W,0.11,0.0,0.08,0.05,0.04,0.04,0.02,0.05,0.05,0.12,0.01,0.09,0.02,0.01,0.01,0.15,0.06,0.05,0.03,0.01
YDL092W,0.06,0.02,0.06,0.07,0.04,0.04,0.04,0.04,0.09,0.07,0.02,0.04,0.05,0.01,0.05,0.13,0.07,0.07,0.0,0.03
YFR031C,0.07,0.01,0.07,0.02,0.05,0.08,0.0,0.1,0.06,0.06,0.02,0.06,0.03,0.04,0.03,0.11,0.09,0.07,0.01,0.02
YER129W,0.07,0.0,0.04,0.06,0.0,0.03,0.03,0.03,0.05,0.09,0.03,0.07,0.04,0.06,0.06,0.2,0.07,0.07,0.0,0.0
YPL209C,0.02,0.0,0.01,0.03,0.02,0.0,0.02,0.07,0.15,0.07,0.03,0.12,0.11,0.03,0.08,0.15,0.05,0.03,0.01,0.0
YDR297W,0.14,0.0,0.02,0.05,0.07,0.05,0.05,0.04,0.06,0.1,0.04,0.04,0.06,0.0,0.04,0.08,0.04,0.08,0.01,0.03
YMR058W,0.05,0.01,0.05,0.01,0.06,0.08,0.03,0.04,0.02,0.1,0.05,0.1,0.04,0.04,0.03,0.06,0.12,0.06,0.03,0.02
YDR208W,0.01,0.0,0.04,0.08,0.0,0.01,0.06,0.05,0.03,0.07,0.02,0.09,0.09,0.03,0.07,0.22,0.08,0.04,0.0,0.01
YDR270W,0.05,0.08,0.06,0.08,0.01,0.06,0.01,0.09,0.05,0.07,0.03,0.04,0.0,0.03,0.03,0.08,0.13,0.09,0.0,0.01
YPL190C,0.03,0.0,0.1,0.33,0.01,0.05,0.03,0.03,0.03,0.03,0.02,0.12,0.03,0.04,0.02,0.08,0.01,0.04,0.0,0.0
YIR034C,0.12,0.01,0.04,0.07,0.04,0.04,0.04,0.09,0.08,0.07,0.02,0.02,0.07,0.03,0.05,0.03,0.09,0.05,0.01,0.03
YDR207C,0.1,0.01,0.06,0.06,0.0,0.02,0.06,0.03,0.07,0.08,0.05,0.09,0.04,0.02,0.03,0.16,0.09,0.01,0.0,0.02
YIL009W,0.07,0.01,0.04,0.09,0.02,0.05,0.03,0.05,0.12,0.05,0.05,0.04,0.04,0.01,0.08,0.07,0.05,0.07,0.02,0.04
YDR343C,0.1,0.01,0.05,0.09,0.06,0.08,0.03,0.09,0.03,0.02,0.03,0.02,0.05,0.03,0.04,0.1,0.06,0.08,0.01,0.02
YDR342C,0.1,0.01,0.05,0.09,0.06,0.08,0.03,0.09,0.03,0.02,0.03,0.02,0.05,0.03,0.04,0.1,0.06,0.08,0.01,0.02
YNL169C,0.09,0.0,0.02,0.01,0.04,0.05,0.0,0.04,0.06,0.1,0.06,0.05,0.02,0.05,0.12,0.1,0.07,0.1,0.02,0.0
YGL022W,0.07,0.01,0.04,0.02,0.11,0.06,0.02,0.08,0.04,0.09,0.02,0.04,0.03,0.01,0.05,0.08,0.07,0.07,0.04,0.05
YNR052C,0.04,0.0,0.0,0.04,0.04,0.06,0.01,0.02,0.03,0.05,0.06,0.1,0.08,0.24,0.04,0.06,0.03,0.08,0.0,0.02
YDL101C,0.01,0.02,0.07,0.06,0.04,0.04,0.04,0.07,0.06,0.08,0.02,0.07,0.03,0.05,0.07,0.12,0.07,0.07,0.0,0.01
YDR264C,0.06,0.01,0.07,0.15,0.0,0.05,0.03,0.04,0.03,0.1,0.02,0.1,0.03,0.04,0.04,0.09,0.07,0.06,0.0,0.01
YPL161C,0.07,0.02,0.08,0.06,0.03,0.04,0.01,0.11,0.03,0.13,0.03,0.06,0.03,0.03,0.04,0.09,0.02,0.08,0.0,0.04
YLR088W,0.06,0.01,0.02,0.06,0.03,0.05,0.01,0.1,0.02,0.12,0.09,0.05,0.04,0.03,0.09,0.09,0.02,0.04,0.02,0.05
YNL084C,0.01,0.01,0.11,0.06,0.06,0.02,0.01,0.11,0.09,0.12,0.03,0.08,0.06,0.03,0.01,0.07,0.0,0.07,0.03,0.02
YIL046W,0.04,0.01,0.1,0.04,0.03,0.04,0.01,0.01,0.07,0.07,0.08,0.07,0.07,0.03,0.08,0.14,0.08,0.01,0.0,0.02
YLR150W,0.08,0.0,0.1,0.03,0.01,0.05,0.01,0.02,0.11,0.03,0.01,0.08,0.09,0.0,0.11,0.11,0.09,0.07,0.0,0.0
YGL178W,0.05,0.0,0.02,0.02,0.04,0.02,0.03,0.04,0.02,0.1,0.04,0.15,0.09,0.07,0.01,0.2,0.07,0.02,0.0,0.01
YPL042C,0.08,0.0,0.03,0.02,0.02,0.1,0.01,0.05,0.09,0.02,0.06,0.06,0.04,0.1,0.07,0.05,0.04,0.08,0.0,0.08
YDL143W,0.12,0.0,0.05,0.05,0.01,0.06,0.02,0.1,0.09,0.05,0.05,0.04,0.04,0.03,0.05,0.09,0.07,0.08,0.0,0.0
YDR228C,0.05,0.03,0.06,0.07,0.06,0.01,0.01,0.09,0.07,0.1,0.02,0.07,0.03,0.02,0.04,0.07,0.08,0.05,0.0,0.07
YNL267W,0.04,0.03,0.03,0.1,0.04,0.01,0.06,0.05,0.08,0.17,0.03,0.05,0.03,0.05,0.02,0.09,0.05,0.04,0.0,0.03
YMR008C,0.09,0.01,0.06,0.05,0.03,0.02,0.01,0.02,0.05,0.13,0.02,0.11,0.03,0.01,0.03,0.15,0.08,0.06,0.02,0.02
YPL050C,0.03,0.0,0.04,0.04,0.08,0.04,0.05,0.09,0.1,0.1,0.02,0.05,0.05,0.04,0.03,0.08,0.02,0.04,0.03,0.07
YDR142C,0.06,0.01,0.06,0.05,0.11,0.1,0.02,0.05,0.02,0.11,0.02,0.06,0.02,0.05,0.05,0.06,0.04,0.07,0.01,0.03
YDR135C,0.07,0.04,0.03,0.05,0.07,0.07,0.01,0.11,0.06,0.11,0.03,0.06,0.02,0.01,0.05,0.09,0.02,0.06,0.02,0.02
YGR020C,0.09,0.0,0.07,0.11,0.06,0.04,0.03,0.12,0.06,0.07,0.01,0.05,0.04,0.04,0.04,0.02,0.11,0.03,0.0,0.01
YMR287C,0.03,0.01,0.07,0.08,0.04,0.03,0.03,0.05,0.1,0.08,0.01,0.02,0.04,0.08,0.1,0.06,0.07,0.09,0.0,0.01
YMR280C,0.09,0.06,0.03,0.04,0.02,0.05,0.01,0.06,0.06,0.04,0.02,0.06,0.07,0.05,0.1,0.14,0.06,0.03,0.0,0.01
YJL143W,0.12,0.02,0.05,0.02,0.08,0.18,0.02,0.07,0.04,0.04,0.03,0.04,0.05,0.0,0.06,0.06,0.02,0.07,0.03,0.0
YJL191W,0.14,0.01,0.07,0.03,0.03,0.1,0.02,0.04,0.07,0.03,0.03,0.03,0.03,0.04,0.06,0.05,0.09,0.11,0.0,0.02
YDL160C,0.08,0.0,0.08,0.06,0.06,0.07,0.0,0.07,0.08,0.07,0.02,0.12,0.05,0.02,0.05,0.03,0.1,0.02,0.01,0.01
YER015W,0.08,0.01,0.07,0.07,0.04,0.03,0.01,0.04,0.06,0.11,0.02,0.04,0.05,0.02,0.05,0.13,0.06,0.03,0.0,0.08
YLR223C,0.03,0.0,0.04,0.02,0.01,0.04,0.03,0.07,0.17,0.06,0.01,0.07,0.06,0.03,0.07,0.2,0.07,0.01,0.0,0.01
YPR104C,0.02,0.0,0.09,0.13,0.01,0.03,0.02,0.07,0.06,0.06,0.02,0.09,0.07,0.03,0.0,0.11,0.14,0.05,0.0,0.0
YJR016C,0.07,0.04,0.02,0.03,0.04,0.09,0.01,0.04,0.11,0.08,0.04,0.06,0.03,0.06,0.03,0.08,0.07,0.05,0.02,0.03
YAL026C,0.05,0.0,0.18,0.06,0.04,0.02,0.05,0.04,0.03,0.05,0.02,0.11,0.07,0.02,0.04,0.09,0.07,0.03,0.01,0.02
YJL207C,0.02,0.01,0.07,0.1,0.03,0.02,0.03,0.09,0.06,0.13,0.01,0.07,0.01,0.03,0.03,0.09,0.07,0.08,0.02,0.03
YJL204C,0.03,0.0,0.06,0.07,0.05,0.02,0.01,0.08,0.09,0.1,0.02,0.09,0.01,0.06,0.03,0.09,0.05,0.07,0.01,0.06
YJL200C,0.09,0.01,0.05,0.03,0.03,0.01,0.03,0.06,0.09,0.12,0.03,0.08,0.06,0.03,0.04,0.1,0.07,0.03,0.0,0.04
YJL196C,0.05,0.02,0.04,0.03,0.11,0.05,0.01,0.05,0.07,0.09,0.02,0.04,0.07,0.03,0.08,0.06,0.03,0.08,0.03,0.04
YAR027W,0.04,0.02,0.05,0.07,0.06,0.02,0.02,0.15,0.03,0.16,0.03,0.04,0.05,0.01,0.01,0.07,0.07,0.07,0.01,0.02
YAR033W,0.06,0.01,0.05,0.05,0.06,0.03,0.01,0.11,0.04,0.15,0.02,0.06,0.06,0.01,0.02,0.08,0.05,0.08,0.01,0.04
YGR234W,0.09,0.0,0.03,0.06,0.02,0.04,0.05,0.08,0.08,0.1,0.03,0.06,0.04,0.06,0.04,0.02,0.1,0.08,0.0,0.02
YDL056W,0.08,0.0,0.04,0.06,0.05,0.06,0.03,0.06,0.13,0.07,0.02,0.04,0.02,0.05,0.04,0.06,0.05,0.07,0.02,0.05
YML046W,0.05,0.0,0.09,0.06,0.05,0.04,0.0,0.08,0.04,0.12,0.02,0.04,0.05,0.07,0.05,0.04,0.08,0.05,0.03,0.04
YOR209C,0.04,0.0,0.03,0.1,0.05,0.01,0.02,0.07,0.08,0.09,0.03,0.06,0.05,0.04,0.02,0.09,0.08,0.04,0.01,0.09
YMR129W,0.01,0.0,0.08,0.06,0.03,0.04,0.02,0.06,0.06,0.03,0.02,0.07,0.07,0.01,0.12,0.18,0.04,0.04,0.01,0.05
YAL002W,0.06,0.01,0.05,0.05,0.03,0.08,0.02,0.03,0.03,0.09,0.02,0.03,0.05,0.04,0.02,0.15,0.12,0.05,0.01,0.06
YAL007C,0.09,0.01,0.07,0.04,0.07,0.06,0.0,0.08,0.06,0.1,0.02,0.02,0.04,0.02,0.0,0.13,0.05,0.09,0.0,0.05
YAR002W,0.08,0.0,0.02,0.03,0.05,0.03,0.03,0.05,0.07,0.02,0.02,0.09,0.07,0.03,0.11,0.16,0.04,0.08,0.0,0.02
YAR003W,0.06,0.04,0.07,0.04,0.03,0.06,0.03,0.07,0.03,0.14,0.03,0.04,0.08,0.02,0.05,0.06,0.06,0.04,0.03,0.02
YAR008W,0.04,0.01,0.06,0.06,0.04,0.06,0.02,0.07,0.08,0.17,0.03,0.05,0.04,0.04,0.06,0.04,0.03,0.07,0.02,0.01
YAL060W,0.07,0.03,0.1,0.05,0.03,0.09,0.05,0.08,0.08,0.06,0.04,0.02,0.06,0.01,0.02,0.05,0.03,0.1,0.01,0.02
YAL059W,0.11,0.0,0.04,0.08,0.01,0.01,0.0,0.05,0.18,0.12,0.02,0.05,0.02,0.04,0.09,0.08,0.04,0.04,0.01,0.01
YAL056W,0.04,0.01,0.03,0.09,0.06,0.08,0.03,0.04,0.06,0.09,0.01,0.06,0.06,0.0,0.06,0.13,0.02,0.05,0.01,0.07
YAL053W,0.07,0.04,0.08,0.01,0.08,0.03,0.01,0.03,0.05,0.13,0.02,0.07,0.02,0.02,0.02,0.07,0.17,0.06,0.0,0.02
YAL051W,0.06,0.06,0.04,0.08,0.04,0.05,0.04,0.01,0.1,0.04,0.01,0.08,0.07,0.03,0.06,0.1,0.06,0.05,0.0,0.02
YAL048C,0.03,0.02,0.1,0.05,0.03,0.03,0.03,0.1,0.05,0.1,0.01,0.01,0.07,0.01,0.02,0.13,0.07,0.09,0.02,0.03
YAL047C,0.03,0.0,0.1,0.04,0.01,0.05,0.02,0.07,0.07,0.07,0.05,0.12,0.06,0.01,0.08,0.11,0.05,0.03,0.01,0.02
YAL046C,0.02,0.02,0.04,0.05,0.02,0.05,0.02,0.08,0.09,0.1,0.06,0.03,0.04,0.07,0.06,0.09,0.06,0.06,0.03,0.01
YAL044C,0.08,0.0,0.03,0.06,0.03,0.07,0.02,0.04,0.05,0.1,0.02,0.04,0.04,0.05,0.05,0.09,0.11,0.06,0.02,0.04
YAL042W,0.04,0.02,0.11,0.05,0.04,0.04,0.01,0.04,0.03,0.16,0.05,0.04,0.03,0.03,0.07,0.06,0.08,0.09,0.01,0.0
YAL036C,0.11,0.0,0.02,0.08,0.05,0.12,0.01,0.03,0.09,0.1,0.02,0.01,0.01,0.02,0.04,0.11,0.11,0.06,0.0,0.01
YAL035W,0.11,0.0,0.06,0.18,0.02,0.04,0.0,0.04,0.2,0.02,0.02,0.04,0.04,0.05,0.01,0.1,0.04,0.01,0.01,0.01
YAL034W-A,0.05,0.01,0.06,0.12,0.01,0.04,0.01,0.08,0.08,0.13,0.04,0.05,0.04,0.0,0.03,0.09,0.04,0.06,0.0,0.06
YAL027W,0.06,0.02,0.05,0.05,0.02,0.0,0.0,0.12,0.09,0.13,0.02,0.08,0.05,0.04,0.04,0.11,0.05,0.05,0.0,0.02
YLR292C,0.11,0.0,0.02,0.08,0.03,0.03,0.0,0.07,0.08,0.11,0.04,0.1,0.04,0.05,0.02,0.07,0.08,0.05,0.01,0.01
YDR388W,0.06,0.0,0.04,0.12,0.07,0.06,0.01,0.05,0.1,0.03,0.05,0.03,0.06,0.07,0.05,0.09,0.06,0.03,0.0,0.02
YOR206W,0.04,0.0,0.06,0.11,0.04,0.05,0.02,0.04,0.24,0.04,0.02,0.02,0.01,0.09,0.06,0.06,0.07,0.03,0.0,0.0
YOR033C,0.07,0.02,0.05,0.06,0.05,0.06,0.01,0.05,0.12,0.11,0.02,0.02,0.06,0.04,0.07,0.05,0.03,0.05,0.01,0.05
YDR484W,0.04,0.01,0.12,0.07,0.06,0.0,0.01,0.06,0.12,0.11,0.01,0.08,0.04,0.06,0.02,0.07,0.07,0.02,0.0,0.03
YEL062W,0.01,0.03,0.01,0.03,0.14,0.04,0.04,0.11,0.07,0.04,0.01,0.09,0.09,0.01,0.02,0.05,0.06,0.06,0.0,0.09
YER017C,0.04,0.0,0.03,0.04,0.02,0.07,0.03,0.04,0.08,0.07,0.04,0.1,0.04,0.04,0.12,0.11,0.07,0.03,0.02,0.01
YMR183C,0.08,0.0,0.09,0.09,0.02,0.02,0.02,0.06,0.03,0.08,0.04,0.14,0.03,0.08,0.03,0.08,0.03,0.02,0.0,0.06
YGR156W,0.03,0.01,0.07,0.05,0.03,0.05,0.01,0.1,0.07,0.08,0.01,0.07,0.09,0.03,0.07,0.05,0.09,0.05,0.02,0.02
YIL147C,0.09,0.0,0.03,0.01,0.03,0.05,0.0,0.07,0.03,0.16,0.01,0.04,0.03,0.06,0.06,0.11,0.08,0.05,0.0,0.09
YLR025W,0.06,0.0,0.0,0.09,0.03,0.03,0.02,0.06,0.13,0.11,0.04,0.09,0.01,0.06,0.04,0.11,0.07,0.03,0.02,0.0
YGR162W,0.05,0.0,0.03,0.03,0.02,0.14,0.03,0.0,0.05,0.01,0.02,0.14,0.05,0.11,0.06,0.09,0.07,0.01,0.01,0.08
YGL049C,0.05,0.0,0.03,0.02,0.02,0.07,0.04,0.0,0.06,0.02,0.02,0.25,0.1,0.09,0.05,0.05,0.02,0.0,0.0,0.11
YER131W,0.11,0.04,0.03,0.04,0.0,0.03,0.03,0.06,0.12,0.03,0.02,0.06,0.07,0.01,0.14,0.07,0.01,0.09,0.0,0.04
YER125W,0.05,0.0,0.09,0.04,0.07,0.05,0.01,0.05,0.11,0.08,0.01,0.05,0.04,0.04,0.03,0.08,0.06,0.1,0.01,0.03
YER028C,0.03,0.04,0.04,0.05,0.05,0.06,0.07,0.02,0.1,0.04,0.01,0.04,0.06,0.03,0.15,0.06,0.1,0.04,0.0,0.01
YOR269W,0.02,0.0,0.07,0.07,0.02,0.01,0.03,0.06,0.07,0.12,0.02,0.08,0.02,0.09,0.05,0.08,0.06,0.07,0.03,0.03
YER154W,0.09,0.0,0.03,0.03,0.04,0.03,0.02,0.07,0.02,0.1,0.01,0.05,0.06,0.04,0.06,0.18,0.11,0.04,0.01,0.01
YER169W,0.04,0.01,0.03,0.06,0.04,0.06,0.01,0.1,0.15,0.05,0.03,0.05,0.07,0.06,0.0,0.05,0.04,0.08,0.01,0.06
YER136W,0.03,0.01,0.1,0.08,0.03,0.08,0.02,0.09,0.09,0.11,0.02,0.04,0.02,0.04,0.02,0.06,0.06,0.06,0.01,0.03
YER123W,0.07,0.02,0.03,0.07,0.05,0.11,0.06,0.1,0.03,0.03,0.03,0.04,0.05,0.06,0.06,0.09,0.01,0.05,0.0,0.04
YER089C,0.07,0.02,0.07,0.07,0.05,0.1,0.05,0.08,0.06,0.08,0.04,0.04,0.03,0.04,0.02,0.08,0.03,0.04,0.01,0.02
YEL013W,0.08,0.03,0.08,0.08,0.02,0.04,0.0,0.04,0.04,0.16,0.01,0.03,0.04,0.06,0.04,0.11,0.04,0.06,0.0,0.04
YER114C,0.02,0.0,0.13,0.08,0.04,0.08,0.0,0.04,0.07,0.06,0.04,0.06,0.05,0.01,0.06,0.07,0.07,0.06,0.01,0.05
YEL071W,0.09,0.01,0.06,0.05,0.03,0.03,0.01,0.04,0.1,0.1,0.03,0.09,0.06,0.05,0.03,0.08,0.03,0.06,0.01,0.04
YEL066W,0.08,0.0,0.06,0.11,0.05,0.04,0.03,0.04,0.07,0.06,0.04,0.05,0.05,0.02,0.02,0.02,0.08,0.1,0.04,0.04
YEL056W,0.02,0.0,0.05,0.17,0.03,0.05,0.01,0.05,0.05,0.11,0.02,0.05,0.07,0.06,0.01,0.07,0.06,0.05,0.03,0.04
YEL055C,0.08,0.01,0.07,0.07,0.04,0.05,0.01,0.03,0.05,0.18,0.02,0.06,0.04,0.01,0.07,0.1,0.04,0.05,0.01,0.01
YEL031W,0.06,0.0,0.02,0.02,0.07,0.02,0.01,0.06,0.09,0.12,0.03,0.05,0.07,0.03,0.02,0.07,0.08,0.09,0.02,0.07
YEL030W,0.09,0.0,0.03,0.06,0.04,0.07,0.01,0.1,0.07,0.07,0.02,0.05,0.05,0.02,0.08,0.07,0.09,0.07,0.01,0.0
YEL026W,0.15,0.03,0.04,0.05,0.03,0.04,0.01,0.07,0.05,0.12,0.02,0.05,0.08,0.05,0.05,0.04,0.03,0.08,0.0,0.01
YEL022W,0.04,0.01,0.07,0.03,0.06,0.05,0.02,0.08,0.06,0.13,0.03,0.1,0.03,0.04,0.03,0.09,0.07,0.04,0.0,0.02
YEL018W,0.01,0.0,0.03,0.07,0.01,0.07,0.01,0.1,0.05,0.17,0.02,0.17,0.01,0.04,0.06,0.04,0.06,0.07,0.0,0.01
YEL016C,0.03,0.02,0.07,0.04,0.07,0.04,0.03,0.11,0.07,0.16,0.01,0.07,0.07,0.01,0.04,0.04,0.07,0.01,0.0,0.04
YEL015W,0.05,0.0,0.09,0.02,0.04,0.1,0.01,0.04,0.13,0.07,0.01,0.04,0.0,0.15,0.05,0.07,0.03,0.08,0.01,0.01
YEL005C,0.05,0.0,0.05,0.09,0.02,0.03,0.02,0.07,0.14,0.12,0.02,0.03,0.02,0.06,0.03,0.1,0.03,0.06,0.01,0.05
YEL003W,0.04,0.01,0.04,0.14,0.02,0.04,0.02,0.1,0.13,0.08,0.03,0.04,0.02,0.06,0.03,0.03,0.09,0.04,0.01,0.03
YER005W,0.04,0.01,0.07,0.05,0.05,0.04,0.06,0.09,0.08,0.08,0.01,0.05,0.05,0.06,0.02,0.13,0.04,0.03,0.03,0.01
YER006W,0.1,0.0,0.06,0.11,0.01,0.03,0.01,0.04,0.22,0.05,0.04,0.01,0.03,0.04,0.11,0.06,0.03,0.03,0.01,0.01
YER016W,0.05,0.04,0.04,0.08,0.05,0.07,0.01,0.07,0.07,0.11,0.03,0.07,0.01,0.05,0.04,0.05,0.06,0.03,0.01,0.06
YER018C,0.11,0.0,0.05,0.07,0.03,0.01,0.06,0.03,0.01,0.09,0.03,0.03,0.0,0.21,0.12,0.06,0.05,0.02,0.01,0.01
YER019W,0.07,0.0,0.09,0.09,0.03,0.06,0.03,0.05,0.08,0.09,0.03,0.08,0.02,0.02,0.06,0.08,0.04,0.03,0.01,0.04
YER029C,0.03,0.01,0.07,0.06,0.01,0.05,0.02,0.07,0.1,0.14,0.03,0.04,0.02,0.05,0.08,0.05,0.06,0.09,0.0,0.02
YER033C,0.04,0.0,0.05,0.02,0.07,0.02,0.05,0.02,0.09,0.06,0.02,0.1,0.08,0.02,0.04,0.22,0.09,0.0,0.0,0.01
YER035W,0.05,0.01,0.04,0.06,0.02,0.04,0.04,0.03,0.2,0.03,0.03,0.03,0.09,0.03,0.06,0.08,0.1,0.05,0.0,0.01
YER036C,0.14,0.0,0.07,0.08,0.01,0.05,0.01,0.04,0.15,0.09,0.03,0.0,0.02,0.03,0.07,0.11,0.03,0.07,0.0,0.0
YER041W,0.05,0.01,0.07,0.03,0.06,0.05,0.0,0.11,0.05,0.04,0.01,0.03,0.05,0.05,0.11,0.14,0.04,0.03,0.02,0.05
YER049W,0.03,0.0,0.08,0.12,0.03,0.05,0.02,0.08,0.14,0.07,0.02,0.06,0.02,0.04,0.05,0.05,0.06,0.04,0.02,0.02
YER050C,0.05,0.0,0.05,0.03,0.05,0.06,0.01,0.09,0.13,0.06,0.04,0.07,0.05,0.05,0.07,0.09,0.04,0.02,0.0,0.04
YER051W,0.04,0.06,0.04,0.05,0.0,0.03,0.05,0.06,0.1,0.07,0.01,0.08,0.07,0.07,0.04,0.08,0.03,0.05,0.02,0.05
YER072W,0.09,0.0,0.03,0.02,0.07,0.12,0.01,0.04,0.04,0.12,0.04,0.03,0.05,0.01,0.09,0.05,0.07,0.07,0.02,0.03
YER073W,0.11,0.0,0.04,0.07,0.06,0.03,0.0,0.06,0.08,0.07,0.02,0.05,0.06,0.03,0.06,0.07,0.09,0.06,0.01,0.03
YER075C,0.05,0.02,0.03,0.02,0.01,0.02,0.04,0.03,0.07,0.08,0.03,0.05,0.1,0.02,0.04,0.2,0.07,0.07,0.0,0.05
YER078C,0.06,0.02,0.01,0.07,0.05,0.05,0.03,0.08,0.04,0.1,0.02,0.04,0.08,0.05,0.09,0.09,0.05,0.04,0.0,0.03
YER082C,0.07,0.0,0.04,0.1,0.02,0.04,0.03,0.03,0.15,0.06,0.01,0.09,0.02,0.06,0.05,0.08,0.07,0.04,0.0,0.04
YER083C,0.12,0.0,0.05,0.06,0.01,0.06,0.02,0.02,0.08,0.1,0.02,0.04,0.07,0.07,0.06,0.13,0.07,0.02,0.0,0.0
YER088C,0.07,0.0,0.05,0.03,0.0,0.01,0.05,0.03,0.07,0.09,0.04,0.04,0.06,0.05,0.02,0.3,0.05,0.01,0.02,0.01
YER092W,0.04,0.0,0.11,0.12,0.0,0.02,0.0,0.1,0.09,0.1,0.01,0.03,0.04,0.03,0.05,0.09,0.08,0.06,0.01,0.02
YER093C,0.04,0.0,0.01,0.02,0.01,0.0,0.02,0.05,0.06,0.07,0.03,0.07,0.08,0.03,0.1,0.25,0.14,0.02,0.0,0.0
YER104W,0.04,0.02,0.09,0.06,0.04,0.03,0.03,0.04,0.02,0.05,0.02,0.05,0.05,0.07,0.1,0.18,0.06,0.03,0.01,0.01
YER105C,0.04,0.0,0.07,0.07,0.03,0.06,0.01,0.03,0.07,0.1,0.01,0.07,0.04,0.03,0.1,0.12,0.08,0.04,0.0,0.03
YER106W,0.04,0.02,0.03,0.08,0.02,0.01,0.04,0.03,0.16,0.08,0.01,0.11,0.04,0.05,0.06,0.1,0.06,0.03,0.0,0.03
YER107C,0.09,0.02,0.08,0.03,0.05,0.07,0.01,0.05,0.03,0.03,0.03,0.07,0.04,0.05,0.04,0.16,0.06,0.06,0.03,0.0
YER110C,0.08,0.0,0.04,0.06,0.03,0.04,0.04,0.05,0.07,0.13,0.01,0.03,0.03,0.1,0.03,0.09,0.11,0.04,0.01,0.01
YER112W,0.04,0.0,0.04,0.08,0.02,0.04,0.0,0.12,0.08,0.1,0.03,0.15,0.01,0.07,0.01,0.08,0.05,0.04,0.01,0.03
YER116C,0.04,0.0,0.12,0.16,0.01,0.05,0.03,0.04,0.01,0.06,0.01,0.12,0.04,0.03,0.1,0.08,0.04,0.06,0.0,0.0
YER118C,0.06,0.02,0.04,0.01,0.09,0.03,0.02,0.14,0.05,0.05,0.04,0.01,0.05,0.01,0.05,0.16,0.06,0.04,0.03,0.04
YER120W,0.1,0.02,0.05,0.06,0.05,0.03,0.0,0.06,0.07,0.07,0.01,0.04,0.08,0.04,0.02,0.08,0.08,0.1,0.0,0.04
YER126C,0.07,0.0,0.06,0.09,0.01,0.05,0.05,0.04,0.17,0.06,0.02,0.03,0.03,0.06,0.1,0.06,0.04,0.02,0.01,0.03
YER139C,0.03,0.04,0.08,0.09,0.04,0.04,0.02,0.07,0.09,0.13,0.04,0.03,0.05,0.03,0.06,0.04,0.07,0.02,0.0,0.03
YER141W,0.06,0.0,0.0,0.03,0.05,0.05,0.01,0.09,0.07,0.09,0.01,0.05,0.04,0.05,0.09,0.14,0.07,0.06,0.02,0.02
YER143W,0.06,0.01,0.12,0.08,0.03,0.05,0.01,0.09,0.05,0.15,0.03,0.04,0.01,0.05,0.03,0.07,0.08,0.01,0.0,0.03
YER146W,0.03225806451612903,0.0,0.06451612903225806,0.10752688172043011,0.03225806451612903,0.06451612903225806,0.021505376344086023,0.08602150537634409,0.053763440860215055,0.12903225806451613,0.03225806451612903,0.06451612903225806,0.053763440860215055,0.03225806451612903,0.03225806451612903,0.043010752688172046,0.043010752688172046,0.0967741935483871,0.010752688172043012,0.0
YER147C,0.04,0.01,0.04,0.1,0.03,0.04,0.03,0.06,0.07,0.15,0.05,0.04,0.0,0.07,0.02,0.09,0.05,0.04,0.0,0.07
YER157W,0.05,0.01,0.09,0.06,0.01,0.03,0.01,0.05,0.09,0.11,0.01,0.05,0.02,0.03,0.04,0.12,0.08,0.08,0.0,0.06
YER159C,0.07,0.0,0.06,0.06,0.04,0.09,0.02,0.06,0.08,0.06,0.04,0.06,0.09,0.04,0.03,0.05,0.06,0.09,0.0,0.0
YER183C,0.08,0.02,0.05,0.06,0.04,0.03,0.07,0.09,0.06,0.08,0.03,0.03,0.02,0.05,0.08,0.08,0.06,0.05,0.0,0.02
YER062C,0.12,0.01,0.07,0.07,0.07,0.06,0.02,0.08,0.09,0.06,0.01,0.03,0.06,0.02,0.02,0.04,0.04,0.08,0.02,0.03
YGL225W,0.05,0.02,0.02,0.01,0.07,0.05,0.02,0.09,0.06,0.13,0.05,0.08,0.03,0.01,0.02,0.1,0.06,0.08,0.02,0.03
YNL209W,0.1,0.01,0.08,0.06,0.06,0.07,0.0,0.07,0.05,0.04,0.02,0.05,0.04,0.05,0.06,0.05,0.07,0.09,0.01,0.02
YNL218W,0.04,0.03,0.05,0.09,0.04,0.03,0.02,0.08,0.14,0.07,0.01,0.05,0.06,0.03,0.05,0.15,0.02,0.04,0.0,0.0
YNL217W,0.04,0.02,0.08,0.06,0.06,0.06,0.02,0.1,0.07,0.13,0.02,0.04,0.04,0.0,0.04,0.04,0.07,0.07,0.0,0.04
YNL215W,0.06,0.0,0.16,0.12,0.0,0.03,0.02,0.05,0.07,0.04,0.02,0.0,0.02,0.02,0.1,0.13,0.05,0.08,0.0,0.03
YNL207W,0.04,0.0,0.07,0.02,0.01,0.06,0.03,0.05,0.05,0.11,0.05,0.05,0.02,0.04,0.08,0.1,0.09,0.07,0.0,0.06
YNL206C,0.01,0.0,0.07,0.09,0.04,0.04,0.01,0.05,0.09,0.16,0.01,0.05,0.04,0.0,0.06,0.13,0.04,0.08,0.0,0.03
YNL201C,0.02,0.01,0.07,0.13,0.02,0.08,0.0,0.04,0.08,0.08,0.02,0.04,0.06,0.03,0.02,0.06,0.11,0.08,0.02,0.03
YNL196C,0.03,0.0,0.08,0.1,0.02,0.04,0.0,0.03,0.28,0.05,0.04,0.06,0.02,0.04,0.08,0.03,0.02,0.05,0.0,0.03
YIL050W,0.02,0.01,0.05,0.07,0.03,0.03,0.03,0.06,0.09,0.1,0.01,0.07,0.08,0.02,0.01,0.21,0.08,0.03,0.0,0.0
YMR038C,0.09,0.04,0.06,0.05,0.02,0.04,0.01,0.11,0.07,0.04,0.03,0.09,0.04,0.04,0.02,0.07,0.09,0.06,0.0,0.03
YFL017W-A,0.06493506493506493,0.0,0.07792207792207792,0.05194805194805195,0.012987012987012988,0.07792207792207792,0.012987012987012988,0.11688311688311688,0.06493506493506493,0.12987012987012986,0.03896103896103896,0.09090909090909091,0.025974025974025976,0.025974025974025976,0.03896103896103896,0.05194805194805195,0.025974025974025976,0.06493506493506493,0.0,0.025974025974025976
YMR135C,0.04,0.02,0.02,0.07,0.04,0.1,0.01,0.05,0.1,0.07,0.03,0.05,0.05,0.05,0.01,0.1,0.11,0.02,0.01,0.05
YMR146C,0.04,0.04,0.07,0.04,0.02,0.08,0.02,0.04,0.09,0.08,0.01,0.03,0.03,0.02,0.03,0.11,0.08,0.09,0.04,0.04
YMR147W,0.08,0.0,0.05,0.13,0.02,0.03,0.04,0.05,0.13,0.08,0.03,0.07,0.05,0.03,0.03,0.06,0.08,0.03,0.0,0.01
YMR148W,0.07,0.01,0.02,0.02,0.14,0.04,0.0,0.07,0.04,0.12,0.04,0.02,0.06,0.06,0.02,0.09,0.06,0.1,0.0,0.02
YMR314W,0.08,0.02,0.05,0.04,0.04,0.06,0.02,0.03,0.05,0.12,0.02,0.07,0.02,0.05,0.06,0.09,0.05,0.08,0.0,0.05
YOL038W,0.07,0.03,0.05,0.05,0.03,0.07,0.03,0.06,0.07,0.1,0.01,0.02,0.02,0.03,0.08,0.11,0.05,0.1,0.0,0.02
YMR313C,0.06,0.02,0.05,0.05,0.03,0.01,0.03,0.1,0.06,0.08,0.02,0.04,0.04,0.05,0.04,0.03,0.06,0.11,0.05,0.07
YDR252W,0.08,0.01,0.03,0.05,0.03,0.05,0.05,0.04,0.14,0.1,0.03,0.14,0.04,0.05,0.02,0.02,0.05,0.06,0.0,0.01
YDR113C,0.06,0.0,0.04,0.04,0.02,0.06,0.04,0.05,0.09,0.09,0.02,0.12,0.07,0.06,0.06,0.08,0.05,0.03,0.0,0.02
YIL030C,0.07,0.07,0.11,0.07,0.03,0.04,0.04,0.06,0.07,0.05,0.02,0.05,0.05,0.01,0.05,0.07,0.05,0.06,0.01,0.02
YLR372W,0.09,0.01,0.01,0.05,0.1,0.05,0.03,0.12,0.03,0.06,0.01,0.06,0.04,0.04,0.01,0.11,0.05,0.07,0.01,0.05
YGR268C,0.05,0.02,0.04,0.05,0.01,0.02,0.05,0.01,0.03,0.04,0.02,0.02,0.19,0.09,0.08,0.14,0.07,0.01,0.01,0.05
YDL007W,0.02,0.01,0.02,0.13,0.03,0.07,0.01,0.04,0.2,0.09,0.02,0.03,0.07,0.06,0.06,0.07,0.02,0.03,0.0,0.02
YOL094C,0.05,0.01,0.07,0.04,0.01,0.08,0.04,0.08,0.08,0.1,0.04,0.04,0.04,0.06,0.05,0.07,0.04,0.07,0.01,0.02
YGR270W,0.05,0.0,0.16,0.1,0.02,0.04,0.04,0.05,0.06,0.04,0.02,0.09,0.02,0.03,0.07,0.05,0.06,0.08,0.0,0.02
YMR089C,0.04,0.0,0.03,0.1,0.01,0.02,0.02,0.07,0.12,0.09,0.01,0.1,0.03,0.05,0.09,0.05,0.06,0.05,0.02,0.04
YNR006W,0.04,0.03,0.07,0.07,0.02,0.03,0.01,0.09,0.06,0.09,0.04,0.07,0.06,0.02,0.06,0.11,0.07,0.05,0.01,0.0
YNR007C,0.03,0.03,0.06,0.09,0.06,0.05,0.02,0.07,0.07,0.06,0.03,0.02,0.06,0.04,0.05,0.07,0.08,0.05,0.03,0.03
YNR008W,0.03,0.0,0.06,0.03,0.06,0.13,0.06,0.04,0.08,0.07,0.01,0.08,0.01,0.04,0.16,0.08,0.01,0.03,0.01,0.01
YJR068W,0.08,0.0,0.04,0.07,0.03,0.06,0.02,0.03,0.12,0.13,0.03,0.04,0.07,0.04,0.03,0.06,0.07,0.04,0.01,0.03
YJR035W,0.03,0.0,0.07,0.09,0.01,0.01,0.01,0.04,0.1,0.13,0.01,0.13,0.0,0.1,0.06,0.09,0.06,0.05,0.0,0.01
YOR377W,0.04,0.04,0.04,0.09,0.01,0.03,0.03,0.04,0.03,0.12,0.03,0.09,0.04,0.06,0.08,0.05,0.05,0.04,0.01,0.08
YGL025C,0.07,0.01,0.09,0.07,0.04,0.02,0.02,0.1,0.07,0.13,0.03,0.06,0.03,0.09,0.06,0.05,0.02,0.03,0.0,0.01
YJL073W,0.07,0.03,0.05,0.04,0.01,0.03,0.01,0.1,0.05,0.16,0.03,0.07,0.03,0.08,0.02,0.08,0.03,0.05,0.01,0.05
YJL072C,0.05,0.01,0.05,0.06,0.03,0.03,0.02,0.09,0.06,0.1,0.03,0.04,0.05,0.08,0.07,0.05,0.1,0.05,0.03,0.0
YJL071W,0.07,0.01,0.04,0.02,0.05,0.03,0.05,0.07,0.07,0.11,0.03,0.06,0.06,0.04,0.06,0.09,0.05,0.05,0.01,0.03
YJL069C,0.06,0.0,0.15,0.16,0.07,0.05,0.01,0.01,0.03,0.06,0.04,0.1,0.03,0.07,0.0,0.05,0.05,0.06,0.0,0.0
YJL062W,0.06,0.02,0.08,0.01,0.11,0.03,0.02,0.07,0.04,0.12,0.01,0.05,0.05,0.08,0.05,0.06,0.06,0.05,0.02,0.01
YJL061W,0.03,0.01,0.06,0.02,0.07,0.03,0.03,0.08,0.0,0.11,0.02,0.07,0.03,0.05,0.05,0.17,0.04,0.07,0.02,0.04
YLR039C,0.04,0.03,0.02,0.03,0.02,0.04,0.01,0.06,0.12,0.14,0.05,0.06,0.09,0.04,0.04,0.04,0.07,0.06,0.02,0.02
YIL138C,0.03,0.0,0.05,0.22,0.0,0.0,0.0,0.02,0.13,0.14,0.01,0.1,0.0,0.09,0.02,0.12,0.03,0.01,0.01,0.02
YMR301C,0.04,0.01,0.02,0.02,0.05,0.02,0.02,0.07,0.12,0.12,0.01,0.04,0.06,0.05,0.07,0.11,0.06,0.08,0.02,0.01
YHR143W-A,0.14285714285714285,0.05714285714285714,0.04285714285714286,0.04285714285714286,0.02857142857142857,0.04285714285714286,0.014285714285714285,0.04285714285714286,0.07142857142857142,0.1,0.014285714285714285,0.014285714285714285,0.014285714285714285,0.04285714285714286,0.11428571428571428,0.08571428571428572,0.08571428571428572,0.02857142857142857,0.0,0.014285714285714285
YIL173W,0.08,0.0,0.08,0.1,0.11,0.02,0.01,0.09,0.04,0.07,0.01,0.04,0.05,0.0,0.06,0.06,0.06,0.08,0.02,0.02
YIL156W,0.03,0.01,0.09,0.07,0.05,0.02,0.07,0.07,0.04,0.16,0.02,0.03,0.06,0.05,0.04,0.03,0.06,0.02,0.0,0.08
YIL153W,0.07,0.02,0.08,0.02,0.03,0.04,0.07,0.06,0.04,0.11,0.03,0.02,0.08,0.02,0.06,0.08,0.09,0.04,0.01,0.03
YIL149C,0.03,0.0,0.05,0.15,0.03,0.02,0.0,0.05,0.12,0.12,0.01,0.05,0.02,0.05,0.07,0.09,0.03,0.06,0.0,0.05
YIL146C,0.03,0.01,0.06,0.05,0.01,0.09,0.04,0.06,0.04,0.1,0.03,0.04,0.07,0.06,0.01,0.18,0.06,0.04,0.01,0.01
YIL144W,0.05,0.0,0.04,0.0,0.01,0.08,0.04,0.06,0.04,0.06,0.03,0.1,0.03,0.05,0.09,0.15,0.14,0.03,0.0,0.0
YIL137C,0.04,0.0,0.06,0.05,0.06,0.03,0.05,0.08,0.08,0.12,0.01,0.06,0.06,0.03,0.01,0.16,0.06,0.03,0.0,0.01
YIL132C,0.03,0.02,0.03,0.08,0.05,0.0,0.01,0.1,0.07,0.14,0.02,0.07,0.06,0.07,0.03,0.07,0.07,0.05,0.01,0.02
YIL131C,0.08,0.02,0.06,0.03,0.01,0.05,0.0,0.04,0.06,0.06,0.01,0.07,0.02,0.04,0.04,0.15,0.07,0.12,0.01,0.06
YIL130W,0.07,0.06,0.02,0.05,0.0,0.06,0.01,0.03,0.1,0.04,0.01,0.06,0.05,0.07,0.07,0.09,0.1,0.08,0.0,0.03
YIL128W,0.08,0.02,0.08,0.07,0.04,0.0,0.02,0.05,0.09,0.11,0.02,0.06,0.02,0.03,0.02,0.09,0.09,0.09,0.0,0.02
YIL124W,0.09,0.02,0.04,0.06,0.04,0.09,0.0,0.06,0.07,0.11,0.02,0.05,0.05,0.05,0.04,0.07,0.04,0.05,0.0,0.05
YIL123W,0.22,0.0,0.05,0.03,0.01,0.02,0.05,0.05,0.04,0.04,0.01,0.0,0.03,0.02,0.01,0.15,0.11,0.13,0.0,0.03
YIL122W,0.03,0.01,0.05,0.13,0.02,0.05,0.02,0.04,0.07,0.1,0.02,0.04,0.04,0.07,0.06,0.11,0.09,0.05,0.0,0.0
YIL121W,0.1,0.01,0.05,0.11,0.07,0.03,0.01,0.08,0.04,0.06,0.02,0.03,0.05,0.02,0.06,0.1,0.08,0.05,0.0,0.03
YIL115C,0.04,0.01,0.07,0.07,0.09,0.05,0.02,0.05,0.08,0.12,0.01,0.03,0.05,0.05,0.01,0.12,0.05,0.07,0.01,0.0
YIL109C,0.1,0.0,0.04,0.01,0.02,0.06,0.05,0.01,0.02,0.06,0.09,0.04,0.13,0.2,0.01,0.04,0.04,0.04,0.0,0.04
YIL106W,0.08,0.0,0.02,0.02,0.04,0.06,0.04,0.04,0.03,0.03,0.02,0.2,0.09,0.04,0.05,0.07,0.11,0.04,0.01,0.01
YIL105C,0.04,0.0,0.03,0.0,0.02,0.02,0.04,0.01,0.01,0.08,0.04,0.11,0.02,0.3,0.02,0.14,0.08,0.03,0.0,0.01
YIL103W,0.05,0.0,0.03,0.07,0.02,0.05,0.03,0.09,0.11,0.07,0.02,0.12,0.04,0.03,0.08,0.08,0.04,0.04,0.01,0.02
YIL101C,0.1,0.01,0.07,0.03,0.06,0.03,0.02,0.06,0.03,0.09,0.01,0.09,0.06,0.06,0.04,0.1,0.04,0.05,0.0,0.05
YIL097W,0.06,0.01,0.05,0.1,0.05,0.0,0.08,0.1,0.09,0.11,0.02,0.07,0.02,0.06,0.03,0.04,0.05,0.04,0.0,0.02
YIL095W,0.09,0.01,0.03,0.03,0.01,0.06,0.05,0.09,0.06,0.08,0.02,0.07,0.06,0.03,0.04,0.08,0.06,0.08,0.0,0.05
YIL094C,0.1,0.02,0.03,0.05,0.06,0.11,0.01,0.05,0.07,0.11,0.01,0.04,0.04,0.06,0.04,0.07,0.06,0.06,0.0,0.01
YIL093C,0.05,0.0,0.02,0.03,0.02,0.05,0.02,0.04,0.11,0.08,0.01,0.08,0.09,0.03,0.07,0.07,0.08,0.09,0.01,0.05
YIL091C,0.03,0.0,0.14,0.15,0.02,0.06,0.02,0.04,0.09,0.05,0.01,0.02,0.02,0.01,0.13,0.1,0.04,0.05,0.0,0.02
YIL088C,0.09,0.03,0.02,0.01,0.06,0.08,0.0,0.06,0.04,0.16,0.03,0.03,0.04,0.01,0.01,0.12,0.1,0.09,0.0,0.02
YIL084C,0.03,0.0,0.09,0.11,0.04,0.03,0.01,0.05,0.07,0.1,0.01,0.06,0.0,0.08,0.12,0.07,0.03,0.05,0.0,0.05
YIL083C,0.05,0.0,0.05,0.09,0.05,0.02,0.02,0.1,0.07,0.08,0.01,0.06,0.08,0.03,0.04,0.05,0.1,0.06,0.0,0.04
YIL079C,0.04,0.05,0.07,0.07,0.03,0.07,0.02,0.05,0.04,0.08,0.03,0.06,0.06,0.02,0.05,0.1,0.08,0.04,0.0,0.04
YIL076W,0.05,0.01,0.06,0.06,0.05,0.04,0.0,0.04,0.1,0.17,0.01,0.07,0.02,0.09,0.0,0.04,0.07,0.04,0.0,0.08
YIL071C,0.04,0.01,0.02,0.09,0.05,0.09,0.04,0.09,0.04,0.13,0.02,0.05,0.04,0.06,0.05,0.08,0.02,0.04,0.01,0.03
YIL070C,0.06,0.01,0.03,0.08,0.06,0.02,0.0,0.05,0.08,0.08,0.02,0.06,0.05,0.03,0.07,0.1,0.09,0.09,0.01,0.01
YIL065C,0.05,0.02,0.05,0.08,0.02,0.06,0.0,0.06,0.07,0.1,0.02,0.02,0.04,0.05,0.07,0.05,0.07,0.06,0.02,0.09
YIL048W,0.03,0.0,0.13,0.03,0.06,0.01,0.07,0.01,0.04,0.08,0.03,0.15,0.06,0.03,0.04,0.15,0.04,0.03,0.0,0.01
YIL042C,0.04,0.02,0.02,0.05,0.02,0.02,0.03,0.08,0.08,0.15,0.04,0.04,0.06,0.06,0.08,0.07,0.04,0.0,0.03,0.07
YIL036W,0.07,0.0,0.09,0.01,0.01,0.04,0.03,0.06,0.05,0.04,0.03,0.12,0.03,0.04,0.03,0.15,0.12,0.04,0.0,0.04
YIL027C,0.07,0.0,0.02,0.05,0.07,0.05,0.03,0.07,0.08,0.16,0.02,0.07,0.02,0.03,0.0,0.11,0.04,0.05,0.0,0.06
YIL026C,0.06,0.0,0.13,0.14,0.0,0.01,0.02,0.03,0.12,0.0,0.01,0.02,0.01,0.07,0.08,0.13,0.1,0.04,0.0,0.03
YIL024C,0.02,0.01,0.09,0.03,0.05,0.05,0.02,0.05,0.09,0.06,0.02,0.08,0.02,0.05,0.05,0.07,0.07,0.1,0.02,0.05
YIL017C,0.06,0.02,0.06,0.04,0.04,0.03,0.01,0.06,0.08,0.15,0.02,0.05,0.02,0.06,0.01,0.12,0.05,0.06,0.0,0.06
YIL016W,0.05,0.0,0.04,0.07,0.03,0.05,0.02,0.04,0.14,0.09,0.02,0.07,0.03,0.02,0.06,0.11,0.05,0.08,0.01,0.02
YIL010W,0.06,0.0,0.05,0.11,0.02,0.03,0.01,0.08,0.09,0.08,0.02,0.08,0.07,0.02,0.06,0.09,0.04,0.08,0.0,0.01
YIL008W,0.010101010101010102,0.0,0.13131313131313133,0.0707070707070707,0.04040404040404041,0.09090909090909091,0.030303030303030304,0.1414141414141414,0.06060606060606061,0.0707070707070707,0.030303030303030304,0.050505050505050504,0.030303030303030304,0.010101010101010102,0.020202020202020204,0.050505050505050504,0.06060606060606061,0.08080808080808081,0.010101010101010102,0.010101010101010102
YIL006W,0.06,0.03,0.05,0.07,0.03,0.05,0.03,0.07,0.03,0.12,0.02,0.03,0.08,0.06,0.01,0.12,0.07,0.05,0.01,0.01
YIL005W,0.05,0.05,0.02,0.11,0.09,0.02,0.03,0.06,0.08,0.1,0.03,0.05,0.08,0.01,0.01,0.06,0.07,0.04,0.02,0.02
YIL003W,0.04,0.01,0.02,0.07,0.03,0.14,0.01,0.08,0.05,0.12,0.03,0.02,0.05,0.04,0.01,0.11,0.07,0.08,0.01,0.01
YIL002C,0.02,0.03,0.04,0.01,0.04,0.07,0.0,0.08,0.04,0.11,0.01,0.06,0.04,0.05,0.08,0.16,0.03,0.08,0.01,0.04
YIR002C,0.05,0.0,0.12,0.08,0.05,0.02,0.04,0.04,0.07,0.07,0.01,0.03,0.04,0.04,0.04,0.06,0.06,0.09,0.0,0.09
YIR003W,0.03,0.0,0.02,0.11,0.02,0.04,0.0,0.02,0.07,0.07,0.04,0.06,0.14,0.02,0.08,0.12,0.1,0.06,0.0,0.0
YIR004W,0.11,0.0,0.1,0.08,0.05,0.07,0.01,0.06,0.08,0.04,0.01,0.02,0.04,0.05,0.04,0.07,0.05,0.05,0.0,0.07
YIR005W,0.03,0.0,0.07,0.08,0.03,0.09,0.02,0.09,0.05,0.09,0.01,0.09,0.02,0.06,0.04,0.07,0.04,0.05,0.01,0.06
YIR007W,0.06,0.01,0.09,0.06,0.06,0.06,0.05,0.1,0.06,0.09,0.01,0.05,0.08,0.03,0.03,0.06,0.04,0.04,0.01,0.01
YIR010W,0.01,0.0,0.05,0.1,0.03,0.03,0.04,0.04,0.1,0.1,0.03,0.05,0.08,0.08,0.04,0.08,0.09,0.03,0.0,0.02
YIR015W,0.07,0.02,0.04,0.02,0.01,0.04,0.05,0.07,0.12,0.1,0.03,0.04,0.07,0.04,0.08,0.04,0.1,0.01,0.01,0.04
YIR017C,0.07,0.0,0.03,0.09,0.01,0.06,0.01,0.05,0.09,0.11,0.03,0.08,0.02,0.04,0.04,0.14,0.04,0.08,0.01,0.0
YIR033W,0.03,0.0,0.08,0.1,0.05,0.06,0.04,0.05,0.01,0.09,0.05,0.12,0.05,0.07,0.0,0.11,0.05,0.03,0.0,0.01
YIR037W,0.04,0.03,0.05,0.07,0.09,0.09,0.01,0.06,0.11,0.06,0.02,0.04,0.07,0.07,0.01,0.03,0.03,0.07,0.0,0.05
YNL002C,0.08,0.0,0.04,0.1,0.02,0.01,0.01,0.08,0.17,0.06,0.01,0.06,0.01,0.05,0.12,0.09,0.06,0.03,0.0,0.0
YOR335C,0.05,0.0,0.06,0.01,0.08,0.04,0.01,0.03,0.1,0.09,0.03,0.06,0.05,0.03,0.04,0.07,0.15,0.05,0.01,0.04
YNL085W,0.07,0.01,0.05,0.06,0.08,0.07,0.02,0.07,0.05,0.13,0.02,0.07,0.02,0.02,0.03,0.08,0.06,0.04,0.0,0.05
YPR122W,0.05,0.04,0.05,0.03,0.02,0.06,0.05,0.07,0.06,0.11,0.02,0.07,0.06,0.01,0.02,0.13,0.07,0.04,0.0,0.04
YJL097W,0.06,0.01,0.0,0.01,0.05,0.06,0.0,0.06,0.04,0.19,0.01,0.04,0.06,0.05,0.02,0.11,0.05,0.12,0.01,0.05
YJL222W,0.08,0.0,0.08,0.1,0.11,0.02,0.01,0.09,0.04,0.07,0.01,0.04,0.05,0.0,0.06,0.06,0.06,0.08,0.02,0.02
YOR028C,0.05,0.0,0.05,0.05,0.04,0.04,0.03,0.06,0.07,0.08,0.05,0.05,0.09,0.04,0.04,0.1,0.09,0.06,0.0,0.01
YJL099W,0.0,0.02,0.03,0.09,0.06,0.1,0.04,0.07,0.07,0.07,0.03,0.07,0.06,0.04,0.04,0.07,0.04,0.04,0.01,0.05
YGL181W,0.04,0.05,0.07,0.06,0.06,0.08,0.03,0.02,0.06,0.08,0.02,0.08,0.01,0.0,0.09,0.13,0.02,0.07,0.02,0.01
YGL086W,0.05,0.01,0.02,0.06,0.05,0.09,0.0,0.06,0.09,0.11,0.02,0.06,0.03,0.1,0.03,0.11,0.05,0.02,0.0,0.04
YJL030W,0.01,0.02,0.07,0.07,0.04,0.05,0.03,0.06,0.08,0.12,0.01,0.03,0.01,0.05,0.05,0.07,0.06,0.1,0.02,0.05
YMR004W,0.04,0.0,0.12,0.08,0.03,0.06,0.01,0.04,0.02,0.06,0.02,0.13,0.06,0.01,0.01,0.11,0.12,0.04,0.03,0.01
YGR132C,0.05,0.0,0.05,0.01,0.02,0.09,0.02,0.11,0.08,0.08,0.03,0.03,0.04,0.05,0.05,0.07,0.07,0.11,0.01,0.03
YMR127C,0.04,0.01,0.02,0.04,0.03,0.09,0.0,0.04,0.15,0.1,0.02,0.06,0.02,0.07,0.04,0.11,0.08,0.02,0.02,0.04
YDR364C,0.03,0.0,0.12,0.09,0.03,0.07,0.05,0.02,0.1,0.05,0.01,0.05,0.02,0.03,0.05,0.15,0.06,0.03,0.02,0.02
YMR168C,0.02,0.07,0.06,0.05,0.02,0.03,0.01,0.04,0.1,0.09,0.04,0.05,0.04,0.04,0.08,0.07,0.11,0.02,0.02,0.04
YDR062W,0.02,0.01,0.07,0.07,0.02,0.06,0.06,0.05,0.05,0.16,0.02,0.04,0.1,0.03,0.02,0.04,0.06,0.05,0.0,0.07
YMR319C,0.06,0.02,0.11,0.06,0.07,0.09,0.03,0.02,0.06,0.06,0.01,0.05,0.03,0.02,0.04,0.07,0.08,0.1,0.0,0.02
YGR032W,0.02,0.0,0.13,0.02,0.01,0.11,0.0,0.01,0.0,0.02,0.03,0.12,0.1,0.15,0.0,0.07,0.05,0.02,0.0,0.14
YNL061W,0.06,0.0,0.1,0.17,0.03,0.04,0.01,0.0,0.19,0.07,0.01,0.02,0.05,0.03,0.08,0.07,0.03,0.04,0.0,0.0
YJL025W,0.03,0.03,0.07,0.04,0.04,0.1,0.03,0.06,0.04,0.09,0.02,0.06,0.02,0.09,0.08,0.07,0.08,0.03,0.01,0.01
YDR478W,0.03,0.03,0.03,0.07,0.03,0.07,0.03,0.01,0.09,0.12,0.03,0.08,0.04,0.07,0.04,0.09,0.04,0.04,0.0,0.06
YOR094W,0.04,0.0,0.03,0.02,0.05,0.08,0.01,0.06,0.12,0.11,0.05,0.06,0.03,0.02,0.05,0.06,0.09,0.07,0.02,0.03
YOR234C,0.08,0.0,0.0,0.04,0.03,0.08,0.03,0.05,0.09,0.05,0.02,0.06,0.03,0.03,0.11,0.08,0.05,0.11,0.01,0.05
YIL053W,0.11,0.01,0.08,0.08,0.06,0.06,0.04,0.1,0.08,0.06,0.01,0.02,0.07,0.01,0.02,0.04,0.04,0.05,0.02,0.04
YNL006W,0.05,0.01,0.06,0.04,0.03,0.06,0.04,0.06,0.03,0.06,0.02,0.07,0.02,0.05,0.07,0.1,0.1,0.09,0.02,0.02
YPL028W,0.17,0.01,0.03,0.03,0.03,0.07,0.01,0.07,0.06,0.1,0.02,0.05,0.03,0.04,0.02,0.11,0.04,0.1,0.0,0.01
YJL002C,0.1,0.01,0.02,0.08,0.11,0.02,0.0,0.08,0.03,0.05,0.01,0.07,0.03,0.03,0.02,0.12,0.08,0.06,0.03,0.05
YFL031W,0.07,0.02,0.04,0.11,0.03,0.0,0.04,0.03,0.09,0.14,0.02,0.07,0.03,0.04,0.11,0.08,0.06,0.01,0.0,0.01
YGR188C,0.01,0.01,0.11,0.09,0.02,0.04,0.01,0.06,0.04,0.11,0.05,0.03,0.02,0.08,0.04,0.12,0.06,0.04,0.01,0.05
YOR113W,0.05,0.0,0.02,0.05,0.03,0.09,0.02,0.04,0.0,0.02,0.02,0.1,0.11,0.16,0.02,0.15,0.07,0.02,0.0,0.03
YLR353W,0.07,0.0,0.04,0.07,0.05,0.06,0.02,0.04,0.0,0.05,0.03,0.07,0.01,0.05,0.04,0.23,0.11,0.03,0.0,0.03
YOR125C,0.1,0.01,0.05,0.05,0.04,0.04,0.09,0.05,0.07,0.09,0.01,0.02,0.05,0.05,0.05,0.08,0.03,0.07,0.01,0.04
YLL006W,0.04,0.0,0.07,0.07,0.05,0.06,0.02,0.03,0.06,0.11,0.04,0.07,0.02,0.06,0.01,0.17,0.08,0.02,0.01,0.01
YLR075W,0.09,0.03,0.04,0.05,0.03,0.02,0.04,0.04,0.08,0.08,0.02,0.05,0.06,0.02,0.12,0.06,0.03,0.08,0.0,0.06
YPR036W,0.08,0.01,0.06,0.06,0.02,0.05,0.03,0.1,0.08,0.11,0.02,0.07,0.01,0.01,0.04,0.15,0.05,0.04,0.01,0.0
YDR420W,0.05,0.0,0.02,0.07,0.0,0.06,0.0,0.09,0.04,0.06,0.03,0.06,0.01,0.04,0.0,0.21,0.17,0.03,0.0,0.06
YDR238C,0.03,0.0,0.05,0.09,0.04,0.03,0.02,0.05,0.1,0.12,0.08,0.02,0.07,0.03,0.02,0.1,0.06,0.04,0.01,0.04
YGL137W,0.03,0.0,0.07,0.07,0.06,0.05,0.02,0.08,0.07,0.04,0.01,0.05,0.04,0.02,0.08,0.05,0.08,0.11,0.03,0.04
YNL221C,0.09,0.0,0.02,0.03,0.03,0.06,0.01,0.04,0.09,0.1,0.02,0.07,0.02,0.06,0.12,0.15,0.05,0.04,0.0,0.0
YNL068C,0.07,0.0,0.04,0.05,0.01,0.04,0.02,0.05,0.04,0.07,0.04,0.12,0.04,0.07,0.01,0.12,0.1,0.04,0.01,0.06
YNL291C,0.07,0.01,0.04,0.04,0.09,0.05,0.01,0.09,0.05,0.07,0.03,0.07,0.04,0.04,0.01,0.08,0.08,0.06,0.03,0.04
YNL271C,0.06,0.0,0.0,0.03,0.02,0.04,0.03,0.01,0.07,0.07,0.02,0.13,0.05,0.06,0.04,0.25,0.08,0.02,0.0,0.02
YGL192W,0.03,0.0,0.13,0.04,0.06,0.03,0.01,0.09,0.06,0.14,0.02,0.05,0.03,0.09,0.03,0.05,0.01,0.06,0.01,0.06
YOR075W,0.04,0.03,0.12,0.11,0.07,0.02,0.01,0.07,0.08,0.07,0.05,0.07,0.01,0.06,0.06,0.04,0.02,0.05,0.0,0.02
YGR186W,0.04,0.0,0.07,0.08,0.02,0.11,0.0,0.02,0.06,0.04,0.05,0.11,0.08,0.02,0.12,0.1,0.01,0.05,0.0,0.02
YGR005C,0.05,0.0,0.07,0.12,0.02,0.07,0.01,0.04,0.06,0.1,0.02,0.11,0.02,0.03,0.06,0.11,0.02,0.05,0.02,0.02
YGR059W,0.03,0.02,0.05,0.06,0.03,0.06,0.03,0.05,0.1,0.06,0.01,0.06,0.07,0.07,0.1,0.12,0.02,0.05,0.0,0.01
YJR019C,0.06,0.0,0.01,0.02,0.06,0.07,0.04,0.04,0.07,0.12,0.03,0.05,0.07,0.03,0.03,0.12,0.08,0.07,0.0,0.03
YPL147W,0.06,0.02,0.01,0.0,0.06,0.03,0.05,0.06,0.1,0.18,0.01,0.03,0.04,0.02,0.07,0.08,0.07,0.06,0.01,0.04
YDR005C,0.05,0.03,0.08,0.07,0.05,0.01,0.01,0.07,0.06,0.07,0.01,0.09,0.03,0.08,0.06,0.08,0.08,0.03,0.01,0.03
YOL059W,0.06,0.01,0.02,0.01,0.03,0.03,0.08,0.06,0.08,0.1,0.02,0.02,0.04,0.03,0.12,0.08,0.11,0.06,0.01,0.03
YDR002W,0.08,0.0,0.11,0.17,0.05,0.03,0.02,0.01,0.17,0.03,0.03,0.0,0.08,0.0,0.02,0.06,0.04,0.09,0.0,0.01
YPL091W,0.11,0.02,0.03,0.03,0.01,0.1,0.03,0.02,0.07,0.1,0.03,0.04,0.02,0.03,0.05,0.08,0.08,0.08,0.01,0.06
YLR174W,0.06,0.01,0.1,0.06,0.01,0.03,0.02,0.07,0.09,0.08,0.03,0.03,0.04,0.03,0.05,0.03,0.09,0.1,0.02,0.05
YDL055C,0.06,0.0,0.03,0.09,0.02,0.09,0.01,0.05,0.08,0.14,0.03,0.04,0.07,0.01,0.04,0.01,0.08,0.11,0.0,0.04
YNL142W,0.08,0.01,0.02,0.01,0.07,0.15,0.02,0.05,0.02,0.1,0.05,0.06,0.02,0.02,0.02,0.1,0.08,0.04,0.05,0.03
YDR195W,0.07,0.01,0.08,0.04,0.02,0.01,0.03,0.09,0.09,0.14,0.03,0.06,0.02,0.09,0.03,0.08,0.03,0.04,0.0,0.04
YNL327W,0.04,0.01,0.06,0.03,0.05,0.03,0.03,0.11,0.07,0.09,0.01,0.05,0.07,0.08,0.02,0.11,0.08,0.04,0.01,0.01
YNL326C,0.07,0.03,0.05,0.03,0.03,0.03,0.03,0.06,0.04,0.18,0.02,0.02,0.08,0.01,0.06,0.04,0.1,0.04,0.02,0.06
YNL325C,0.03,0.0,0.05,0.1,0.04,0.08,0.02,0.05,0.08,0.1,0.06,0.06,0.01,0.01,0.06,0.05,0.11,0.06,0.0,0.03
YNL323W,0.07,0.01,0.07,0.1,0.05,0.06,0.0,0.05,0.06,0.08,0.01,0.05,0.06,0.04,0.07,0.03,0.04,0.14,0.0,0.01
YNL321W,0.05,0.0,0.05,0.06,0.02,0.04,0.11,0.05,0.06,0.08,0.01,0.07,0.06,0.04,0.04,0.14,0.07,0.04,0.0,0.01
YNL317W,0.02,0.0,0.04,0.02,0.01,0.03,0.04,0.07,0.05,0.06,0.02,0.1,0.09,0.11,0.07,0.08,0.04,0.08,0.0,0.07
YNL310C,0.08,0.05,0.03,0.02,0.03,0.02,0.04,0.07,0.12,0.06,0.04,0.04,0.05,0.02,0.08,0.06,0.09,0.06,0.01,0.03
YNL309W,0.06,0.0,0.07,0.09,0.01,0.02,0.03,0.03,0.13,0.09,0.04,0.03,0.08,0.06,0.04,0.09,0.08,0.05,0.0,0.0
YNL308C,0.12,0.0,0.09,0.18,0.0,0.02,0.0,0.05,0.12,0.04,0.01,0.04,0.05,0.02,0.03,0.06,0.09,0.06,0.0,0.02
YGR200C,0.08,0.03,0.06,0.06,0.05,0.05,0.05,0.1,0.09,0.03,0.02,0.03,0.04,0.04,0.01,0.05,0.07,0.1,0.02,0.02
YGR206W,0.01,0.03,0.06,0.07,0.04,0.03,0.01,0.03,0.1,0.11,0.02,0.08,0.09,0.06,0.05,0.05,0.05,0.04,0.02,0.05
YJL109C,0.12,0.0,0.07,0.07,0.05,0.0,0.01,0.07,0.07,0.1,0.01,0.07,0.01,0.06,0.05,0.14,0.05,0.03,0.0,0.02
YJL104W,0.09,0.01,0.04,0.07,0.06,0.11,0.01,0.07,0.09,0.05,0.02,0.07,0.0,0.06,0.05,0.07,0.05,0.04,0.0,0.04
YJL100W,0.07,0.01,0.07,0.05,0.02,0.04,0.07,0.03,0.04,0.04,0.01,0.09,0.09,0.08,0.02,0.12,0.03,0.08,0.01,0.03
YDL104C,0.08,0.02,0.07,0.04,0.03,0.06,0.03,0.11,0.06,0.1,0.01,0.04,0.04,0.03,0.09,0.06,0.06,0.04,0.01,0.02
YDL103C,0.05,0.01,0.04,0.11,0.03,0.05,0.01,0.06,0.08,0.13,0.01,0.06,0.04,0.06,0.03,0.14,0.04,0.01,0.02,0.02
YDL105W,0.03,0.0,0.08,0.06,0.03,0.08,0.01,0.04,0.1,0.06,0.03,0.06,0.02,0.04,0.08,0.14,0.06,0.07,0.0,0.01
YLR015W,0.03,0.02,0.04,0.07,0.05,0.09,0.03,0.06,0.04,0.05,0.04,0.04,0.07,0.07,0.06,0.07,0.06,0.05,0.0,0.06
YLR147C,0.05,0.0,0.04,0.05,0.03,0.07,0.02,0.07,0.07,0.09,0.05,0.05,0.08,0.05,0.06,0.06,0.06,0.09,0.0,0.01
YKL096W-A,0.2608695652173913,0.0,0.010869565217391304,0.05434782608695652,0.03260869565217391,0.05434782608695652,0.0,0.043478260869565216,0.010869565217391304,0.043478260869565216,0.03260869565217391,0.021739130434782608,0.021739130434782608,0.06521739130434782,0.0,0.10869565217391304,0.16304347826086957,0.07608695652173914,0.0,0.0
YFL048C,0.06,0.0,0.06,0.05,0.03,0.06,0.01,0.03,0.07,0.15,0.05,0.04,0.03,0.04,0.02,0.12,0.08,0.05,0.04,0.01
YFL044C,0.03,0.0,0.06,0.07,0.02,0.07,0.01,0.07,0.08,0.1,0.03,0.06,0.07,0.07,0.03,0.09,0.07,0.06,0.0,0.01
YFL041W,0.07,0.0,0.05,0.04,0.06,0.08,0.05,0.02,0.04,0.12,0.04,0.07,0.04,0.04,0.02,0.07,0.07,0.06,0.03,0.03
YFL034C-B,0.05,0.0,0.0,0.04,0.07,0.01,0.04,0.02,0.07,0.05,0.03,0.08,0.09,0.13,0.05,0.19,0.06,0.01,0.0,0.01
YFL034W,0.05,0.02,0.09,0.16,0.02,0.09,0.05,0.01,0.06,0.07,0.02,0.03,0.03,0.04,0.04,0.12,0.06,0.04,0.0,0.0
YFL033C,0.05,0.01,0.06,0.05,0.01,0.1,0.0,0.06,0.06,0.1,0.03,0.08,0.05,0.04,0.02,0.15,0.06,0.02,0.01,0.04
YFL025C,0.06,0.02,0.05,0.02,0.04,0.05,0.0,0.11,0.07,0.1,0.03,0.05,0.06,0.03,0.07,0.11,0.03,0.04,0.0,0.06
YFL024C,0.05,0.0,0.08,0.08,0.02,0.09,0.05,0.05,0.09,0.06,0.01,0.05,0.03,0.03,0.08,0.15,0.03,0.04,0.0,0.01
YFL023W,0.04,0.0,0.1,0.13,0.04,0.06,0.01,0.09,0.07,0.1,0.03,0.04,0.0,0.03,0.05,0.07,0.04,0.05,0.0,0.05
YFL013C,0.04,0.0,0.1,0.13,0.02,0.03,0.02,0.07,0.05,0.03,0.02,0.05,0.06,0.05,0.02,0.14,0.11,0.05,0.0,0.01
YFL007W,0.06,0.0,0.08,0.03,0.02,0.04,0.03,0.04,0.07,0.1,0.02,0.05,0.07,0.06,0.1,0.12,0.07,0.01,0.0,0.03
YFL004W,0.07,0.0,0.1,0.11,0.05,0.05,0.01,0.02,0.15,0.11,0.02,0.05,0.02,0.02,0.02,0.06,0.02,0.05,0.02,0.05
YFR001W,0.08,0.0,0.03,0.05,0.02,0.05,0.01,0.04,0.2,0.07,0.01,0.05,0.07,0.06,0.09,0.06,0.03,0.06,0.0,0.02
YFR003C,0.04,0.03,0.06,0.11,0.01,0.05,0.04,0.03,0.04,0.02,0.05,0.08,0.05,0.08,0.05,0.13,0.05,0.07,0.01,0.0
YFR011C,0.04,0.0,0.09,0.07,0.03,0.04,0.0,0.04,0.1,0.1,0.01,0.07,0.01,0.08,0.01,0.16,0.06,0.07,0.0,0.02
YFR021W,0.03,0.03,0.03,0.04,0.08,0.08,0.01,0.11,0.06,0.08,0.03,0.05,0.05,0.02,0.03,0.13,0.08,0.04,0.0,0.02
YFR024C-A,0.15,0.0,0.03,0.02,0.04,0.13,0.0,0.1,0.09,0.08,0.03,0.03,0.06,0.02,0.04,0.07,0.03,0.07,0.01,0.0
YFR027W,0.03,0.02,0.02,0.04,0.0,0.05,0.05,0.06,0.11,0.06,0.02,0.07,0.04,0.04,0.07,0.16,0.07,0.04,0.02,0.03
YFR037C,0.1,0.0,0.05,0.14,0.04,0.01,0.05,0.06,0.1,0.05,0.02,0.02,0.07,0.05,0.02,0.08,0.08,0.04,0.01,0.01
YFR038W,0.1,0.01,0.18,0.07,0.0,0.04,0.02,0.03,0.03,0.05,0.03,0.07,0.01,0.04,0.05,0.1,0.05,0.1,0.01,0.01
YFR040W,0.03,0.0,0.07,0.14,0.05,0.05,0.04,0.06,0.06,0.05,0.02,0.08,0.04,0.05,0.06,0.1,0.02,0.04,0.01,0.03
YFR044C,0.03,0.0,0.06,0.02,0.07,0.03,0.02,0.08,0.09,0.1,0.02,0.01,0.09,0.06,0.03,0.17,0.04,0.07,0.0,0.01
YFR046C,0.06,0.0,0.06,0.09,0.02,0.03,0.01,0.04,0.07,0.11,0.01,0.09,0.04,0.05,0.1,0.08,0.09,0.04,0.0,0.01
YFR051C,0.03,0.0,0.07,0.03,0.06,0.01,0.02,0.08,0.05,0.13,0.01,0.07,0.02,0.06,0.06,0.12,0.06,0.07,0.0,0.05
YPR001W,0.06,0.03,0.02,0.05,0.04,0.09,0.02,0.08,0.08,0.09,0.03,0.04,0.04,0.05,0.06,0.1,0.05,0.05,0.01,0.01
YGL065C,0.05,0.02,0.05,0.05,0.07,0.08,0.04,0.1,0.07,0.11,0.01,0.03,0.02,0.07,0.04,0.03,0.04,0.09,0.0,0.03
YKL006C-A,0.05154639175257732,0.0,0.05154639175257732,0.030927835051546393,0.061855670103092786,0.05154639175257732,0.0,0.07216494845360824,0.05154639175257732,0.12371134020618557,0.041237113402061855,0.09278350515463918,0.0,0.030927835051546393,0.07216494845360824,0.14432989690721648,0.061855670103092786,0.030927835051546393,0.010309278350515464,0.020618556701030927
YGL171W,0.06,0.0,0.1,0.11,0.03,0.05,0.01,0.07,0.12,0.04,0.01,0.1,0.03,0.01,0.05,0.08,0.05,0.07,0.0,0.01
YJR093C,0.07,0.0,0.22,0.08,0.02,0.03,0.0,0.04,0.05,0.08,0.01,0.01,0.06,0.01,0.06,0.18,0.03,0.03,0.0,0.02
YPR129W,0.02,0.01,0.06,0.07,0.03,0.07,0.0,0.08,0.06,0.06,0.03,0.07,0.09,0.04,0.03,0.08,0.06,0.09,0.01,0.04
YOR374W,0.05,0.02,0.03,0.1,0.06,0.05,0.02,0.06,0.05,0.08,0.02,0.06,0.06,0.04,0.05,0.1,0.06,0.05,0.01,0.03
YLR048W,0.16,0.0,0.04,0.04,0.03,0.06,0.04,0.06,0.03,0.09,0.01,0.05,0.07,0.04,0.05,0.03,0.07,0.1,0.01,0.02
YGL245W,0.17,0.0,0.07,0.05,0.04,0.02,0.0,0.09,0.12,0.09,0.01,0.07,0.04,0.03,0.01,0.05,0.05,0.07,0.01,0.01
YOR340C,0.05,0.01,0.04,0.06,0.01,0.06,0.02,0.05,0.11,0.1,0.04,0.09,0.06,0.04,0.04,0.04,0.04,0.1,0.0,0.04
YMR052W,0.09,0.01,0.06,0.08,0.03,0.03,0.0,0.07,0.1,0.11,0.01,0.07,0.03,0.06,0.04,0.11,0.04,0.01,0.01,0.04
YGL105W,0.05,0.0,0.06,0.04,0.04,0.01,0.03,0.06,0.07,0.12,0.01,0.02,0.04,0.06,0.03,0.12,0.09,0.1,0.01,0.04
YJR042W,0.04,0.0,0.13,0.04,0.04,0.04,0.0,0.05,0.09,0.11,0.05,0.06,0.07,0.05,0.04,0.04,0.06,0.05,0.0,0.04
YDR159W,0.02,0.0,0.03,0.02,0.07,0.04,0.03,0.03,0.11,0.05,0.03,0.16,0.06,0.05,0.0,0.14,0.08,0.06,0.0,0.02
YLR045C,0.09,0.0,0.07,0.08,0.03,0.02,0.01,0.08,0.04,0.12,0.01,0.07,0.02,0.05,0.05,0.08,0.06,0.05,0.02,0.05
YDR310C,0.09,0.0,0.11,0.05,0.02,0.05,0.02,0.06,0.06,0.08,0.02,0.07,0.07,0.04,0.03,0.13,0.07,0.03,0.0,0.0
YGR274C,0.1,0.0,0.15,0.13,0.03,0.12,0.02,0.04,0.03,0.07,0.04,0.06,0.03,0.02,0.0,0.05,0.03,0.04,0.0,0.04
YNL039W,0.05,0.0,0.07,0.11,0.03,0.1,0.01,0.06,0.06,0.04,0.01,0.06,0.08,0.03,0.06,0.08,0.1,0.05,0.0,0.0
YMR092C,0.03,0.03,0.06,0.03,0.05,0.08,0.02,0.06,0.07,0.04,0.01,0.02,0.08,0.04,0.02,0.13,0.09,0.09,0.02,0.03
YDL178W,0.03,0.0,0.06,0.06,0.05,0.04,0.01,0.04,0.08,0.1,0.03,0.06,0.02,0.02,0.1,0.12,0.05,0.03,0.01,0.09
YGR261C,0.1,0.0,0.09,0.03,0.01,0.01,0.01,0.09,0.06,0.07,0.03,0.06,0.01,0.04,0.07,0.11,0.08,0.09,0.0,0.04
YMR230W,0.03,0.0,0.02,0.1,0.03,0.04,0.03,0.05,0.09,0.09,0.02,0.05,0.04,0.09,0.04,0.04,0.06,0.07,0.01,0.1
YLR289W,0.06,0.01,0.04,0.06,0.03,0.02,0.06,0.09,0.07,0.09,0.01,0.05,0.04,0.06,0.11,0.03,0.07,0.06,0.0,0.04
YDR108W,0.06,0.02,0.08,0.07,0.05,0.03,0.05,0.07,0.05,0.07,0.03,0.04,0.05,0.03,0.03,0.09,0.06,0.08,0.0,0.04
YGL175C,0.05,0.02,0.06,0.12,0.02,0.03,0.01,0.05,0.08,0.13,0.01,0.06,0.03,0.08,0.02,0.1,0.05,0.06,0.0,0.02
YGL174W,0.05,0.0,0.04,0.08,0.02,0.03,0.03,0.04,0.18,0.08,0.01,0.07,0.03,0.05,0.01,0.15,0.08,0.02,0.01,0.02
YGR195W,0.03,0.0,0.03,0.09,0.03,0.05,0.03,0.06,0.09,0.09,0.03,0.07,0.04,0.02,0.1,0.13,0.04,0.04,0.01,0.02
YGR198W,0.03,0.01,0.06,0.06,0.03,0.05,0.02,0.06,0.06,0.13,0.04,0.08,0.07,0.03,0.04,0.09,0.03,0.09,0.0,0.02
YJR006W,0.02,0.02,0.1,0.04,0.04,0.04,0.01,0.03,0.1,0.12,0.01,0.07,0.02,0.08,0.09,0.04,0.04,0.05,0.01,0.07
YJL125C,0.02,0.01,0.05,0.04,0.05,0.06,0.04,0.08,0.07,0.07,0.02,0.04,0.07,0.03,0.05,0.1,0.08,0.06,0.02,0.04
YJL006C,0.04,0.04,0.02,0.06,0.1,0.01,0.01,0.03,0.09,0.1,0.01,0.04,0.03,0.07,0.07,0.07,0.09,0.06,0.0,0.06
YML112W,0.01,0.01,0.08,0.02,0.04,0.0,0.06,0.06,0.05,0.11,0.03,0.06,0.05,0.07,0.07,0.09,0.09,0.04,0.0,0.06
YOR103C,0.08,0.04,0.03,0.02,0.12,0.03,0.0,0.08,0.08,0.13,0.02,0.04,0.04,0.05,0.03,0.05,0.08,0.06,0.0,0.02
YJR010C-A,0.06382978723404255,0.031914893617021274,0.0425531914893617,0.031914893617021274,0.0425531914893617,0.031914893617021274,0.0,0.09574468085106383,0.07446808510638298,0.1276595744680851,0.02127659574468085,0.02127659574468085,0.05319148936170213,0.10638297872340426,0.031914893617021274,0.05319148936170213,0.031914893617021274,0.07446808510638298,0.02127659574468085,0.0425531914893617
YJR143C,0.07,0.01,0.05,0.07,0.08,0.02,0.03,0.02,0.1,0.08,0.01,0.01,0.09,0.02,0.04,0.07,0.04,0.09,0.03,0.07
YMR035W,0.05,0.01,0.04,0.01,0.05,0.04,0.01,0.06,0.08,0.11,0.02,0.08,0.07,0.03,0.06,0.06,0.09,0.09,0.03,0.01
YJL184W,0.07,0.0,0.09,0.06,0.02,0.09,0.01,0.03,0.08,0.09,0.03,0.03,0.07,0.06,0.07,0.05,0.09,0.03,0.0,0.03
YJL183W,0.05,0.01,0.0,0.02,0.08,0.06,0.03,0.08,0.07,0.06,0.02,0.04,0.06,0.03,0.07,0.13,0.05,0.06,0.01,0.07
YJL179W,0.04,0.01,0.07,0.08,0.01,0.01,0.01,0.04,0.12,0.13,0.03,0.04,0.01,0.08,0.05,0.07,0.09,0.06,0.01,0.04
YJL178C,0.02,0.05,0.07,0.08,0.03,0.04,0.02,0.1,0.1,0.06,0.02,0.03,0.05,0.03,0.01,0.07,0.1,0.08,0.03,0.01
YJL177W,0.15,0.0,0.02,0.03,0.05,0.07,0.01,0.03,0.08,0.06,0.01,0.05,0.03,0.07,0.09,0.08,0.07,0.05,0.02,0.03
YJL168C,0.05,0.06,0.12,0.13,0.05,0.03,0.02,0.05,0.06,0.07,0.02,0.11,0.02,0.03,0.03,0.06,0.04,0.03,0.0,0.02
YJL158C,0.21,0.01,0.03,0.03,0.02,0.07,0.0,0.05,0.03,0.03,0.01,0.01,0.04,0.08,0.01,0.12,0.17,0.05,0.01,0.02
YJL156C,0.07,0.0,0.06,0.09,0.04,0.07,0.02,0.03,0.04,0.02,0.04,0.12,0.03,0.02,0.05,0.19,0.08,0.02,0.0,0.01
YJL148W,0.01,0.01,0.14,0.04,0.05,0.02,0.02,0.07,0.15,0.07,0.03,0.05,0.04,0.03,0.0,0.14,0.05,0.05,0.01,0.02
YJL145W,0.05,0.03,0.08,0.1,0.04,0.04,0.01,0.07,0.13,0.09,0.01,0.05,0.03,0.04,0.03,0.03,0.03,0.04,0.01,0.09
YJL137C,0.07,0.02,0.04,0.11,0.03,0.02,0.02,0.1,0.13,0.19,0.01,0.02,0.04,0.04,0.03,0.04,0.03,0.03,0.0,0.03
YJL134W,0.02,0.01,0.05,0.02,0.09,0.03,0.03,0.02,0.05,0.11,0.04,0.1,0.05,0.03,0.09,0.09,0.08,0.03,0.01,0.05
YJL126W,0.07,0.01,0.07,0.04,0.02,0.01,0.02,0.06,0.09,0.12,0.01,0.04,0.05,0.07,0.05,0.13,0.03,0.09,0.0,0.02
YJL124C,0.07,0.01,0.09,0.07,0.06,0.04,0.0,0.05,0.06,0.08,0.02,0.07,0.01,0.08,0.08,0.07,0.04,0.05,0.0,0.05
YJL113W,0.05,0.0,0.07,0.09,0.01,0.03,0.0,0.08,0.1,0.09,0.02,0.07,0.02,0.06,0.09,0.06,0.07,0.08,0.0,0.01
YJL112W,0.04,0.01,0.05,0.02,0.07,0.04,0.02,0.03,0.08,0.05,0.01,0.14,0.01,0.03,0.06,0.11,0.13,0.05,0.0,0.05
YJL091C,0.06,0.01,0.02,0.03,0.04,0.05,0.0,0.11,0.04,0.17,0.02,0.07,0.04,0.02,0.01,0.11,0.08,0.05,0.02,0.05
YJL090C,0.05,0.01,0.06,0.02,0.07,0.06,0.01,0.14,0.1,0.07,0.02,0.07,0.03,0.04,0.02,0.06,0.1,0.05,0.01,0.01
YJL084C,0.03,0.01,0.05,0.06,0.05,0.04,0.01,0.07,0.07,0.12,0.03,0.0,0.12,0.06,0.04,0.11,0.04,0.06,0.01,0.02
YJL079C,0.19,0.0,0.01,0.04,0.0,0.03,0.02,0.01,0.03,0.1,0.01,0.03,0.06,0.02,0.01,0.13,0.14,0.14,0.01,0.02
YJL078C,0.1,0.02,0.08,0.05,0.04,0.07,0.03,0.02,0.03,0.11,0.01,0.05,0.04,0.03,0.01,0.06,0.09,0.07,0.02,0.07
YJL076W,0.07,0.01,0.03,0.03,0.06,0.03,0.0,0.04,0.05,0.12,0.04,0.07,0.08,0.07,0.04,0.1,0.07,0.04,0.0,0.05
YJL074C,0.03,0.0,0.06,0.04,0.06,0.1,0.04,0.11,0.05,0.05,0.03,0.06,0.03,0.03,0.06,0.13,0.02,0.07,0.0,0.03
YJL060W,0.1,0.0,0.02,0.03,0.06,0.04,0.0,0.05,0.08,0.06,0.03,0.1,0.06,0.07,0.06,0.1,0.06,0.04,0.01,0.03
YJL058C,0.04,0.0,0.05,0.04,0.03,0.02,0.03,0.05,0.04,0.06,0.01,0.08,0.05,0.06,0.06,0.15,0.11,0.1,0.0,0.02
YJL056C,0.21,0.01,0.09,0.02,0.01,0.07,0.09,0.04,0.03,0.04,0.03,0.05,0.05,0.0,0.02,0.11,0.07,0.04,0.0,0.02
YJL050W,0.04,0.0,0.11,0.16,0.03,0.04,0.03,0.01,0.13,0.05,0.01,0.08,0.04,0.02,0.01,0.08,0.08,0.08,0.0,0.0
YJL047C,0.06,0.02,0.02,0.13,0.05,0.02,0.03,0.05,0.09,0.09,0.04,0.08,0.03,0.01,0.08,0.07,0.07,0.02,0.0,0.04
YJL039C,0.05,0.01,0.08,0.11,0.07,0.04,0.0,0.07,0.06,0.14,0.01,0.08,0.02,0.04,0.02,0.1,0.05,0.03,0.01,0.01
YJL036W,0.02,0.01,0.09,0.03,0.03,0.06,0.02,0.08,0.08,0.07,0.01,0.06,0.09,0.02,0.06,0.1,0.07,0.04,0.01,0.05
YJL035C,0.1,0.03,0.07,0.03,0.03,0.06,0.05,0.07,0.05,0.07,0.07,0.02,0.03,0.04,0.04,0.03,0.08,0.1,0.0,0.03
YJL029C,0.04,0.0,0.08,0.14,0.03,0.02,0.01,0.1,0.08,0.12,0.01,0.06,0.02,0.04,0.02,0.1,0.07,0.03,0.0,0.03
YJL024C,0.03,0.01,0.07,0.07,0.06,0.0,0.01,0.08,0.06,0.14,0.01,0.09,0.05,0.07,0.02,0.07,0.04,0.07,0.0,0.05
YJL020C,0.04,0.0,0.08,0.16,0.06,0.06,0.0,0.05,0.06,0.02,0.01,0.03,0.07,0.07,0.01,0.09,0.04,0.1,0.01,0.04
YJL019W,0.08,0.0,0.16,0.1,0.02,0.05,0.02,0.04,0.09,0.04,0.05,0.11,0.03,0.03,0.04,0.04,0.02,0.02,0.0,0.06
YJL013C,0.08,0.0,0.02,0.09,0.02,0.03,0.01,0.09,0.09,0.1,0.02,0.07,0.07,0.07,0.03,0.1,0.02,0.03,0.01,0.05
YJL012C,0.0,0.01,0.07,0.12,0.05,0.02,0.03,0.03,0.08,0.12,0.01,0.05,0.02,0.07,0.04,0.08,0.06,0.07,0.01,0.06
YJL011C,0.05,0.0,0.06,0.11,0.03,0.05,0.02,0.04,0.13,0.1,0.02,0.08,0.02,0.04,0.05,0.1,0.02,0.04,0.01,0.03
YJL010C,0.06,0.0,0.05,0.18,0.07,0.04,0.02,0.04,0.11,0.06,0.02,0.02,0.03,0.09,0.05,0.06,0.06,0.02,0.0,0.02
YJR001W,0.04,0.0,0.06,0.07,0.08,0.05,0.02,0.04,0.03,0.06,0.02,0.08,0.06,0.04,0.1,0.16,0.03,0.04,0.0,0.02
YJR002W,0.05,0.01,0.11,0.04,0.01,0.07,0.01,0.09,0.09,0.11,0.01,0.05,0.02,0.04,0.01,0.1,0.06,0.09,0.02,0.01
YJR022W,0.06,0.02,0.08,0.07,0.04,0.04,0.01,0.11,0.11,0.11,0.02,0.09,0.02,0.01,0.03,0.05,0.04,0.07,0.01,0.01
YJR025C,0.01,0.01,0.05,0.07,0.04,0.09,0.03,0.08,0.08,0.08,0.03,0.09,0.1,0.01,0.01,0.03,0.06,0.07,0.02,0.04
YJR027W,0.1,0.03,0.02,0.06,0.0,0.03,0.06,0.01,0.04,0.02,0.03,0.06,0.12,0.12,0.0,0.16,0.08,0.05,0.0,0.01
YJR029W,0.1,0.03,0.02,0.06,0.0,0.03,0.07,0.01,0.04,0.02,0.03,0.06,0.09,0.13,0.0,0.17,0.09,0.04,0.0,0.01
YJR031C,0.06,0.02,0.08,0.03,0.03,0.05,0.03,0.05,0.05,0.15,0.04,0.06,0.04,0.04,0.02,0.13,0.04,0.07,0.0,0.01
YJR033C,0.06,0.05,0.04,0.0,0.06,0.03,0.04,0.09,0.03,0.08,0.02,0.1,0.05,0.1,0.03,0.05,0.1,0.02,0.02,0.03
YJR041C,0.03,0.0,0.1,0.06,0.05,0.02,0.02,0.1,0.12,0.16,0.01,0.05,0.04,0.02,0.03,0.07,0.08,0.02,0.01,0.01
YJR043C,0.04,0.04,0.09,0.02,0.07,0.01,0.03,0.13,0.1,0.06,0.04,0.05,0.05,0.05,0.0,0.05,0.05,0.04,0.0,0.08
YJR046W,0.07,0.0,0.11,0.05,0.04,0.04,0.01,0.03,0.04,0.17,0.01,0.05,0.05,0.05,0.05,0.04,0.08,0.08,0.01,0.02
YJR053W,0.02,0.0,0.1,0.1,0.07,0.03,0.01,0.02,0.01,0.09,0.02,0.07,0.08,0.06,0.02,0.12,0.12,0.04,0.01,0.01
YJR054W,0.06,0.02,0.03,0.02,0.08,0.04,0.02,0.13,0.09,0.13,0.01,0.09,0.02,0.0,0.01,0.08,0.03,0.05,0.05,0.04
YJR059W,0.06,0.0,0.03,0.02,0.02,0.12,0.02,0.01,0.07,0.1,0.01,0.08,0.04,0.02,0.08,0.25,0.03,0.04,0.0,0.0
YJR065C,0.11,0.0,0.04,0.03,0.05,0.13,0.0,0.02,0.04,0.07,0.02,0.12,0.05,0.0,0.01,0.13,0.09,0.05,0.01,0.03
YJR069C,0.1,0.0,0.06,0.08,0.05,0.07,0.01,0.06,0.09,0.12,0.02,0.1,0.02,0.04,0.01,0.03,0.05,0.07,0.01,0.01
YJR070C,0.1,0.01,0.04,0.12,0.06,0.02,0.03,0.03,0.1,0.11,0.01,0.07,0.02,0.03,0.04,0.04,0.07,0.08,0.0,0.02
YJR072C,0.05,0.01,0.05,0.03,0.03,0.06,0.01,0.1,0.09,0.09,0.04,0.06,0.05,0.04,0.05,0.07,0.06,0.07,0.0,0.04
YJR075W,0.09,0.0,0.04,0.05,0.06,0.01,0.03,0.1,0.08,0.1,0.02,0.06,0.01,0.11,0.06,0.11,0.03,0.03,0.0,0.01
YJR082C,0.06,0.0,0.08,0.08,0.06,0.06,0.08,0.04,0.08,0.06,0.01,0.09,0.0,0.04,0.03,0.15,0.04,0.0,0.0,0.04
YJR084W,0.03,0.01,0.08,0.09,0.04,0.03,0.0,0.05,0.13,0.13,0.01,0.03,0.02,0.05,0.11,0.03,0.05,0.05,0.0,0.06
YJR088C,0.04,0.0,0.05,0.07,0.04,0.04,0.0,0.04,0.07,0.15,0.08,0.08,0.01,0.06,0.04,0.03,0.06,0.07,0.0,0.07
YJR092W,0.04,0.0,0.06,0.12,0.0,0.04,0.03,0.04,0.05,0.1,0.05,0.1,0.04,0.03,0.04,0.13,0.08,0.04,0.01,0.0
YJR102C,0.01,0.01,0.09,0.04,0.03,0.02,0.0,0.1,0.07,0.05,0.03,0.07,0.05,0.07,0.04,0.13,0.07,0.05,0.03,0.04
YJR112W,0.04,0.03,0.05,0.11,0.04,0.02,0.01,0.06,0.07,0.09,0.02,0.07,0.01,0.09,0.08,0.07,0.03,0.06,0.02,0.03
YJR113C,0.11,0.02,0.02,0.11,0.02,0.05,0.01,0.02,0.05,0.11,0.02,0.01,0.07,0.07,0.07,0.1,0.04,0.05,0.03,0.02
YJR117W,0.05,0.0,0.07,0.05,0.09,0.02,0.03,0.09,0.1,0.1,0.02,0.03,0.05,0.04,0.03,0.08,0.04,0.03,0.02,0.06
YJR119C,0.01,0.02,0.04,0.07,0.07,0.03,0.01,0.06,0.08,0.11,0.04,0.09,0.11,0.04,0.07,0.04,0.02,0.05,0.0,0.04
YJR125C,0.07,0.0,0.04,0.1,0.05,0.04,0.01,0.05,0.07,0.09,0.05,0.06,0.01,0.05,0.07,0.07,0.06,0.03,0.02,0.06
YJR130C,0.05,0.05,0.01,0.09,0.04,0.05,0.02,0.09,0.09,0.06,0.02,0.03,0.05,0.0,0.05,0.11,0.08,0.06,0.01,0.04
YJR135C,0.04,0.0,0.08,0.08,0.06,0.04,0.0,0.05,0.07,0.11,0.03,0.06,0.03,0.06,0.05,0.11,0.04,0.06,0.01,0.02
YJR137C,0.05,0.0,0.06,0.02,0.03,0.01,0.04,0.04,0.07,0.16,0.01,0.06,0.05,0.05,0.0,0.12,0.14,0.06,0.0,0.03
YJR138W,0.03,0.0,0.04,0.03,0.02,0.09,0.05,0.07,0.09,0.06,0.01,0.14,0.03,0.06,0.08,0.12,0.04,0.03,0.0,0.01
YJR140C,0.03,0.01,0.07,0.1,0.05,0.03,0.02,0.05,0.05,0.11,0.04,0.1,0.02,0.06,0.06,0.08,0.01,0.02,0.01,0.08
YJR148W,0.08,0.0,0.05,0.06,0.06,0.04,0.03,0.03,0.1,0.07,0.06,0.04,0.07,0.02,0.03,0.06,0.1,0.05,0.02,0.03
YJR150C,0.15,0.0,0.04,0.06,0.03,0.06,0.02,0.07,0.02,0.08,0.03,0.01,0.04,0.01,0.03,0.08,0.11,0.09,0.01,0.06
YOR321W,0.05,0.0,0.1,0.08,0.05,0.05,0.04,0.06,0.07,0.07,0.04,0.04,0.03,0.0,0.05,0.05,0.06,0.08,0.02,0.06
YLR220W,0.05,0.0,0.07,0.04,0.02,0.11,0.01,0.04,0.05,0.08,0.02,0.11,0.03,0.03,0.05,0.19,0.03,0.06,0.0,0.01
YNL025C,0.05,0.02,0.04,0.03,0.03,0.04,0.05,0.08,0.07,0.12,0.03,0.05,0.02,0.08,0.07,0.06,0.06,0.01,0.03,0.06
YDR308C,0.03,0.02,0.09,0.08,0.03,0.02,0.02,0.08,0.07,0.11,0.04,0.05,0.04,0.08,0.04,0.05,0.09,0.05,0.0,0.01
YMR246W,0.07,0.01,0.06,0.09,0.02,0.05,0.02,0.09,0.09,0.05,0.03,0.03,0.05,0.02,0.07,0.04,0.09,0.05,0.02,0.05
YLR136C,0.04,0.0,0.05,0.08,0.03,0.01,0.01,0.06,0.03,0.11,0.02,0.1,0.08,0.09,0.02,0.12,0.07,0.01,0.01,0.06
YPR026W,0.07,0.0,0.01,0.01,0.06,0.03,0.02,0.05,0.04,0.16,0.03,0.12,0.03,0.0,0.08,0.17,0.05,0.02,0.01,0.04
YNL096C,0.07,0.0,0.04,0.08,0.04,0.02,0.02,0.07,0.1,0.14,0.01,0.0,0.07,0.05,0.06,0.1,0.04,0.08,0.0,0.01
YNL087W,0.02,0.0,0.09,0.09,0.02,0.07,0.0,0.04,0.1,0.06,0.02,0.06,0.05,0.03,0.02,0.1,0.07,0.1,0.03,0.03
YNL086W,0.07,0.0,0.08,0.07,0.01,0.06,0.01,0.04,0.04,0.16,0.03,0.02,0.04,0.05,0.09,0.09,0.03,0.07,0.0,0.04
YGR145W,0.06,0.01,0.08,0.05,0.04,0.03,0.02,0.04,0.09,0.07,0.02,0.06,0.02,0.06,0.06,0.1,0.05,0.08,0.01,0.05
YGR149W,0.03,0.0,0.08,0.06,0.05,0.02,0.09,0.03,0.08,0.13,0.01,0.07,0.04,0.03,0.09,0.1,0.02,0.04,0.0,0.03
YGR150C,0.03,0.02,0.04,0.07,0.07,0.03,0.02,0.06,0.1,0.09,0.04,0.09,0.04,0.04,0.05,0.11,0.05,0.03,0.0,0.02
YGR158C,0.07,0.01,0.02,0.06,0.03,0.09,0.03,0.05,0.05,0.09,0.02,0.06,0.05,0.05,0.06,0.11,0.1,0.04,0.0,0.01
YDR376W,0.03,0.02,0.01,0.06,0.07,0.07,0.04,0.08,0.07,0.05,0.01,0.04,0.08,0.03,0.03,0.11,0.08,0.08,0.01,0.03
YGR097W,0.05,0.0,0.06,0.05,0.03,0.07,0.01,0.06,0.06,0.06,0.04,0.05,0.1,0.04,0.02,0.16,0.08,0.03,0.0,0.03
YGR187C,0.03,0.0,0.07,0.04,0.05,0.04,0.02,0.12,0.09,0.1,0.03,0.05,0.05,0.05,0.04,0.07,0.04,0.09,0.01,0.01
YGR072W,0.05,0.0,0.02,0.07,0.01,0.08,0.02,0.01,0.17,0.06,0.01,0.19,0.03,0.0,0.1,0.05,0.05,0.04,0.0,0.04
YPL085W,0.07,0.0,0.08,0.1,0.01,0.0,0.04,0.04,0.13,0.07,0.01,0.07,0.07,0.06,0.02,0.14,0.06,0.03,0.0,0.0
YOR085W,0.1,0.03,0.05,0.06,0.06,0.02,0.03,0.06,0.06,0.13,0.02,0.05,0.07,0.0,0.01,0.12,0.04,0.05,0.02,0.02
YDL141W,0.06,0.02,0.02,0.04,0.06,0.11,0.02,0.03,0.05,0.06,0.02,0.03,0.07,0.04,0.03,0.08,0.06,0.14,0.01,0.05
YMR276W,0.14,0.0,0.04,0.04,0.01,0.08,0.04,0.07,0.08,0.05,0.01,0.07,0.04,0.07,0.01,0.08,0.07,0.07,0.01,0.02
YMR275C,0.08,0.0,0.03,0.02,0.02,0.11,0.04,0.02,0.06,0.07,0.02,0.06,0.09,0.03,0.11,0.15,0.07,0.01,0.01,0.0
YNL305C,0.05,0.05,0.02,0.04,0.06,0.03,0.03,0.07,0.02,0.09,0.04,0.02,0.07,0.06,0.02,0.17,0.02,0.07,0.01,0.06
YNL304W,0.08,0.0,0.01,0.03,0.02,0.09,0.02,0.06,0.03,0.08,0.02,0.08,0.1,0.01,0.05,0.2,0.05,0.05,0.01,0.01
YNL299W,0.03,0.0,0.1,0.1,0.04,0.02,0.02,0.03,0.12,0.05,0.04,0.07,0.02,0.02,0.08,0.11,0.07,0.06,0.0,0.02
YNL297C,0.07,0.02,0.03,0.08,0.04,0.03,0.03,0.05,0.04,0.12,0.05,0.03,0.04,0.05,0.1,0.14,0.05,0.03,0.0,0.0
YNL293W,0.06,0.01,0.08,0.06,0.04,0.07,0.06,0.01,0.03,0.07,0.02,0.06,0.05,0.06,0.06,0.15,0.02,0.07,0.0,0.02
YNL292W,0.08,0.0,0.01,0.04,0.03,0.11,0.02,0.06,0.15,0.09,0.03,0.03,0.02,0.07,0.04,0.08,0.07,0.05,0.0,0.02
YDL182W,0.12,0.03,0.09,0.07,0.05,0.04,0.02,0.07,0.09,0.08,0.02,0.05,0.04,0.03,0.04,0.05,0.05,0.03,0.0,0.03
YOR368W,0.04,0.02,0.06,0.06,0.05,0.02,0.05,0.08,0.05,0.12,0.04,0.08,0.01,0.01,0.05,0.12,0.05,0.07,0.0,0.02
YPL084W,0.04,0.0,0.07,0.07,0.05,0.05,0.02,0.0,0.12,0.15,0.02,0.04,0.02,0.02,0.04,0.13,0.04,0.0,0.03,0.09
YDR508C,0.03,0.0,0.05,0.15,0.03,0.06,0.05,0.05,0.05,0.03,0.05,0.11,0.03,0.02,0.08,0.11,0.03,0.03,0.0,0.04
YHR039C-A,0.12,0.0,0.06,0.14,0.01,0.06,0.01,0.08,0.21,0.07,0.01,0.02,0.0,0.07,0.02,0.03,0.02,0.05,0.0,0.02
YGR119C,0.08,0.0,0.0,0.0,0.1,0.23,0.0,0.0,0.02,0.03,0.01,0.13,0.04,0.06,0.0,0.16,0.14,0.0,0.0,0.0
YML110C,0.05,0.02,0.04,0.05,0.04,0.03,0.04,0.04,0.08,0.1,0.03,0.05,0.03,0.04,0.07,0.13,0.04,0.09,0.01,0.02
YDR331W,0.08,0.01,0.05,0.01,0.05,0.03,0.03,0.06,0.02,0.14,0.05,0.11,0.04,0.01,0.06,0.08,0.05,0.07,0.02,0.03
YMR189W,0.07,0.01,0.06,0.02,0.04,0.02,0.02,0.05,0.05,0.12,0.03,0.04,0.05,0.02,0.1,0.11,0.11,0.05,0.0,0.03
YLR185W,0.07954545454545454,0.045454545454545456,0.0,0.0,0.045454545454545456,0.11363636363636363,0.056818181818181816,0.0,0.125,0.022727272727272728,0.022727272727272728,0.045454545454545456,0.022727272727272728,0.022727272727272728,0.125,0.11363636363636363,0.09090909090909091,0.022727272727272728,0.011363636363636364,0.03409090909090909
YNL131W,0.06,0.0,0.14,0.1,0.08,0.03,0.0,0.05,0.05,0.06,0.01,0.07,0.03,0.04,0.04,0.08,0.06,0.09,0.01,0.0
YDR234W,0.05,0.01,0.04,0.03,0.03,0.05,0.05,0.05,0.1,0.08,0.03,0.06,0.04,0.04,0.03,0.11,0.08,0.07,0.02,0.03
YML022W,0.08,0.01,0.03,0.08,0.11,0.09,0.02,0.06,0.07,0.15,0.01,0.02,0.08,0.03,0.03,0.04,0.01,0.05,0.0,0.03
YPR124W,0.12,0.0,0.03,0.02,0.0,0.04,0.0,0.01,0.03,0.02,0.22,0.02,0.01,0.01,0.0,0.38,0.08,0.01,0.0,0.0
YDR012W,0.12,0.01,0.01,0.03,0.04,0.14,0.03,0.03,0.03,0.03,0.03,0.04,0.06,0.04,0.09,0.08,0.08,0.09,0.01,0.01
YDR192C,0.13,0.0,0.0,0.0,0.1,0.16,0.0,0.02,0.02,0.01,0.04,0.14,0.07,0.01,0.01,0.14,0.15,0.0,0.0,0.0
YGL092W,0.07,0.0,0.0,0.0,0.08,0.1,0.0,0.01,0.04,0.05,0.01,0.17,0.09,0.07,0.0,0.17,0.11,0.03,0.0,0.0
YGR091W,0.03,0.01,0.08,0.15,0.07,0.0,0.0,0.09,0.07,0.14,0.01,0.04,0.05,0.06,0.03,0.06,0.06,0.03,0.0,0.02
YGR180C,0.08,0.0,0.07,0.12,0.06,0.01,0.03,0.06,0.11,0.1,0.04,0.05,0.01,0.04,0.03,0.05,0.05,0.03,0.02,0.04
YDR305C,0.04,0.0,0.04,0.03,0.05,0.03,0.05,0.07,0.08,0.11,0.02,0.04,0.07,0.06,0.02,0.06,0.07,0.09,0.01,0.06
YMR288W,0.04,0.0,0.08,0.09,0.03,0.03,0.03,0.03,0.08,0.04,0.03,0.07,0.04,0.09,0.09,0.09,0.06,0.06,0.0,0.02
YMR078C,0.08,0.0,0.1,0.05,0.02,0.09,0.01,0.09,0.05,0.07,0.01,0.08,0.04,0.02,0.03,0.08,0.09,0.04,0.01,0.04
YML014W,0.05,0.02,0.05,0.06,0.02,0.1,0.03,0.1,0.05,0.07,0.02,0.07,0.07,0.04,0.04,0.05,0.03,0.06,0.01,0.06
YMR268C,0.12,0.01,0.05,0.05,0.04,0.05,0.04,0.04,0.11,0.08,0.01,0.06,0.05,0.01,0.07,0.05,0.06,0.05,0.0,0.05
YGR227W,0.06,0.01,0.04,0.07,0.05,0.06,0.01,0.1,0.06,0.09,0.02,0.06,0.06,0.04,0.02,0.0,0.11,0.07,0.02,0.05
YGR217W,0.04,0.0,0.06,0.11,0.03,0.06,0.02,0.04,0.05,0.06,0.02,0.11,0.08,0.02,0.06,0.11,0.07,0.05,0.0,0.01
YGR221C,0.06,0.02,0.07,0.04,0.04,0.02,0.01,0.06,0.07,0.06,0.04,0.05,0.05,0.03,0.06,0.13,0.03,0.11,0.0,0.05
YGR223C,0.05,0.01,0.05,0.03,0.06,0.07,0.01,0.06,0.07,0.08,0.02,0.08,0.04,0.02,0.11,0.08,0.07,0.05,0.01,0.03
YGR231C,0.07,0.0,0.03,0.02,0.08,0.15,0.03,0.07,0.03,0.09,0.01,0.05,0.05,0.06,0.07,0.06,0.03,0.06,0.01,0.03
YGR235C,0.07,0.0,0.08,0.1,0.04,0.04,0.0,0.07,0.11,0.04,0.02,0.05,0.04,0.04,0.07,0.05,0.03,0.09,0.01,0.05
YGR239C,0.03,0.01,0.08,0.04,0.04,0.03,0.07,0.08,0.05,0.05,0.02,0.07,0.07,0.06,0.03,0.11,0.08,0.05,0.01,0.02
YML056C,0.07,0.0,0.06,0.03,0.04,0.07,0.02,0.04,0.07,0.14,0.05,0.03,0.05,0.02,0.01,0.1,0.1,0.06,0.0,0.04
YLR432W,0.06,0.0,0.06,0.05,0.06,0.07,0.02,0.04,0.04,0.14,0.05,0.03,0.05,0.02,0.04,0.09,0.09,0.07,0.0,0.02
YMR304W,0.01,0.0,0.08,0.12,0.06,0.08,0.02,0.07,0.04,0.09,0.01,0.06,0.09,0.02,0.02,0.08,0.06,0.04,0.03,0.02
YMR223W,0.03,0.1,0.01,0.04,0.08,0.08,0.07,0.07,0.08,0.07,0.03,0.09,0.02,0.05,0.01,0.08,0.04,0.03,0.01,0.01
YMR005W,0.07,0.0,0.06,0.03,0.02,0.05,0.04,0.01,0.07,0.05,0.02,0.09,0.11,0.02,0.01,0.18,0.1,0.06,0.0,0.01
YDR156W,0.09,0.0,0.07,0.04,0.03,0.04,0.02,0.08,0.04,0.08,0.03,0.09,0.03,0.05,0.04,0.1,0.12,0.05,0.0,0.0
YDR245W,0.02,0.01,0.04,0.03,0.03,0.04,0.01,0.08,0.08,0.13,0.02,0.08,0.03,0.03,0.05,0.19,0.05,0.01,0.03,0.04
YML017W,0.04,0.0,0.07,0.06,0.04,0.14,0.08,0.04,0.04,0.05,0.04,0.12,0.04,0.04,0.03,0.07,0.08,0.01,0.01,0.0
YMR060C,0.04,0.02,0.07,0.05,0.03,0.08,0.02,0.07,0.1,0.11,0.02,0.05,0.01,0.02,0.0,0.11,0.05,0.1,0.02,0.03
YMR273C,0.05,0.0,0.08,0.05,0.01,0.05,0.0,0.06,0.06,0.08,0.04,0.06,0.02,0.02,0.09,0.2,0.08,0.03,0.01,0.01
YOR058C,0.02,0.0,0.04,0.05,0.04,0.04,0.02,0.05,0.06,0.07,0.06,0.11,0.07,0.01,0.05,0.14,0.1,0.05,0.0,0.02
YDL064W,0.05,0.02,0.04,0.07,0.04,0.09,0.02,0.04,0.11,0.06,0.02,0.04,0.11,0.03,0.03,0.06,0.03,0.05,0.03,0.06
YOL143C,0.06,0.0,0.05,0.06,0.02,0.11,0.02,0.12,0.08,0.07,0.03,0.03,0.05,0.02,0.06,0.04,0.03,0.11,0.02,0.02
YNL261W,0.07,0.01,0.04,0.04,0.02,0.03,0.01,0.05,0.06,0.12,0.01,0.07,0.09,0.04,0.02,0.05,0.11,0.06,0.02,0.08
YOL148C,0.07,0.0,0.01,0.04,0.01,0.05,0.02,0.02,0.01,0.08,0.04,0.13,0.11,0.13,0.07,0.07,0.06,0.07,0.0,0.01
YNL106C,0.06,0.01,0.01,0.06,0.04,0.07,0.02,0.12,0.09,0.08,0.02,0.07,0.04,0.03,0.06,0.07,0.06,0.07,0.0,0.02
YNL100W,0.03,0.0,0.05,0.07,0.04,0.03,0.04,0.07,0.07,0.08,0.01,0.09,0.03,0.05,0.06,0.1,0.03,0.09,0.02,0.04
YNL097C,0.03,0.01,0.08,0.08,0.04,0.01,0.04,0.06,0.07,0.16,0.05,0.09,0.05,0.02,0.04,0.07,0.04,0.04,0.0,0.02
YDR500C,0.07954545454545454,0.045454545454545456,0.0,0.0,0.045454545454545456,0.10227272727272728,0.06818181818181818,0.0,0.125,0.022727272727272728,0.022727272727272728,0.045454545454545456,0.022727272727272728,0.022727272727272728,0.125,0.11363636363636363,0.10227272727272728,0.022727272727272728,0.011363636363636364,0.022727272727272728
YGL251C,0.02,0.01,0.14,0.06,0.09,0.05,0.01,0.03,0.09,0.07,0.01,0.08,0.03,0.05,0.06,0.09,0.08,0.02,0.0,0.01
YGL210W,0.07,0.0,0.07,0.07,0.04,0.08,0.0,0.1,0.07,0.05,0.01,0.04,0.0,0.02,0.05,0.11,0.07,0.06,0.01,0.08
YDR328C,0.02,0.0,0.15,0.09,0.01,0.03,0.04,0.03,0.06,0.07,0.03,0.11,0.02,0.02,0.04,0.13,0.03,0.1,0.01,0.01
YDR390C,0.03,0.01,0.06,0.05,0.04,0.07,0.02,0.09,0.08,0.12,0.03,0.05,0.03,0.05,0.05,0.08,0.05,0.07,0.0,0.02
YDR092W,0.04,0.01,0.08,0.09,0.03,0.04,0.02,0.08,0.06,0.11,0.02,0.03,0.11,0.03,0.05,0.04,0.05,0.05,0.01,0.05
YLR200W,0.03,0.01,0.04,0.2,0.03,0.02,0.0,0.05,0.08,0.12,0.02,0.06,0.02,0.09,0.06,0.03,0.06,0.06,0.0,0.02
YML103C,0.12,0.0,0.07,0.03,0.06,0.02,0.03,0.05,0.04,0.09,0.02,0.11,0.03,0.07,0.03,0.1,0.07,0.06,0.0,0.0
YER087C-B,0.08536585365853659,0.0,0.024390243902439025,0.012195121951219513,0.04878048780487805,0.07317073170731707,0.012195121951219513,0.04878048780487805,0.0975609756097561,0.0975609756097561,0.012195121951219513,0.04878048780487805,0.06097560975609756,0.04878048780487805,0.036585365853658534,0.12195121951219512,0.04878048780487805,0.10975609756097561,0.0,0.012195121951219513
YER019C-A,0.07954545454545454,0.0,0.022727272727272728,0.022727272727272728,0.056818181818181816,0.07954545454545454,0.022727272727272728,0.07954545454545454,0.06818181818181818,0.10227272727272728,0.011363636363636364,0.011363636363636364,0.03409090909090909,0.07954545454545454,0.056818181818181816,0.11363636363636363,0.06818181818181818,0.06818181818181818,0.0,0.022727272727272728
YDL116W,0.06,0.0,0.08,0.12,0.07,0.02,0.02,0.05,0.04,0.13,0.02,0.08,0.04,0.04,0.05,0.07,0.04,0.03,0.02,0.02
YLR089C,0.05,0.0,0.01,0.01,0.04,0.01,0.09,0.05,0.07,0.1,0.02,0.05,0.04,0.03,0.08,0.18,0.1,0.05,0.01,0.01
YLR153C,0.07,0.01,0.05,0.06,0.04,0.05,0.06,0.02,0.1,0.05,0.04,0.08,0.04,0.07,0.01,0.05,0.03,0.07,0.02,0.08
YPR173C,0.11,0.0,0.05,0.09,0.02,0.07,0.01,0.04,0.13,0.11,0.02,0.06,0.02,0.03,0.02,0.08,0.06,0.01,0.0,0.07
YGL091C,0.08,0.04,0.07,0.1,0.01,0.1,0.03,0.06,0.06,0.1,0.03,0.04,0.1,0.01,0.0,0.08,0.03,0.04,0.01,0.01
YNR074C,0.08,0.0,0.07,0.03,0.04,0.07,0.01,0.08,0.08,0.09,0.01,0.05,0.02,0.0,0.03,0.08,0.07,0.14,0.0,0.05
YOR363C,0.09,0.06,0.06,0.04,0.04,0.02,0.0,0.03,0.14,0.05,0.02,0.06,0.04,0.05,0.11,0.03,0.07,0.04,0.01,0.04
YGL027C,0.04,0.01,0.03,0.05,0.07,0.04,0.03,0.06,0.07,0.12,0.05,0.03,0.04,0.05,0.04,0.11,0.05,0.03,0.03,0.05
YGL094C,0.03,0.01,0.09,0.04,0.07,0.07,0.05,0.08,0.05,0.07,0.01,0.08,0.03,0.02,0.07,0.11,0.03,0.02,0.02,0.05
YGL100W,0.06,0.02,0.14,0.06,0.03,0.04,0.05,0.05,0.06,0.04,0.01,0.02,0.03,0.03,0.05,0.12,0.03,0.07,0.05,0.04
YGL126W,0.09,0.02,0.02,0.0,0.04,0.09,0.02,0.05,0.05,0.11,0.03,0.04,0.02,0.03,0.06,0.04,0.06,0.1,0.07,0.06
YGL162W,0.07,0.01,0.05,0.04,0.01,0.05,0.0,0.06,0.05,0.12,0.01,0.04,0.13,0.02,0.08,0.07,0.11,0.06,0.01,0.01
YGR170W,0.04,0.02,0.01,0.03,0.03,0.03,0.02,0.09,0.11,0.08,0.01,0.1,0.09,0.03,0.07,0.04,0.12,0.04,0.02,0.02
YGR099W,0.03,0.01,0.06,0.07,0.05,0.03,0.01,0.12,0.04,0.13,0.02,0.0,0.05,0.06,0.07,0.11,0.04,0.07,0.0,0.03
YGR172C,0.05,0.0,0.03,0.03,0.06,0.12,0.03,0.07,0.03,0.07,0.03,0.11,0.09,0.04,0.01,0.09,0.06,0.05,0.0,0.03
YGL112C,0.06,0.0,0.09,0.07,0.02,0.03,0.01,0.05,0.08,0.09,0.02,0.05,0.02,0.05,0.04,0.09,0.05,0.12,0.01,0.05
YGR123C,0.14,0.02,0.07,0.07,0.07,0.01,0.03,0.05,0.12,0.08,0.02,0.06,0.02,0.02,0.06,0.06,0.04,0.03,0.0,0.03
YGR060W,0.08,0.01,0.02,0.03,0.09,0.02,0.02,0.04,0.04,0.11,0.05,0.06,0.05,0.08,0.03,0.06,0.05,0.04,0.04,0.08
YGR289C,0.08,0.0,0.1,0.14,0.04,0.02,0.01,0.05,0.1,0.06,0.03,0.12,0.0,0.04,0.01,0.11,0.05,0.04,0.0,0.0
YGR281W,0.03,0.0,0.11,0.07,0.03,0.02,0.01,0.06,0.09,0.07,0.01,0.04,0.06,0.04,0.02,0.15,0.08,0.08,0.01,0.02
YGR287C,0.08,0.01,0.1,0.08,0.04,0.06,0.02,0.08,0.09,0.04,0.03,0.03,0.06,0.02,0.0,0.07,0.06,0.01,0.05,0.07
YGL249W,0.02,0.02,0.02,0.09,0.01,0.1,0.01,0.09,0.11,0.1,0.01,0.11,0.01,0.04,0.05,0.04,0.04,0.07,0.02,0.04
YGL246C,0.04,0.01,0.1,0.08,0.05,0.06,0.01,0.04,0.11,0.11,0.01,0.04,0.02,0.03,0.06,0.09,0.05,0.02,0.0,0.07
YGL244W,0.07,0.0,0.14,0.19,0.01,0.05,0.01,0.01,0.06,0.09,0.01,0.05,0.04,0.02,0.04,0.1,0.03,0.04,0.0,0.04
YGL241W,0.09,0.02,0.06,0.08,0.04,0.02,0.02,0.06,0.05,0.14,0.02,0.04,0.01,0.06,0.05,0.1,0.04,0.06,0.02,0.02
YGL240W,0.05,0.01,0.07,0.05,0.03,0.04,0.05,0.08,0.07,0.11,0.03,0.07,0.08,0.05,0.02,0.06,0.03,0.07,0.01,0.02
YGL227W,0.04,0.01,0.07,0.05,0.04,0.05,0.02,0.06,0.06,0.15,0.04,0.07,0.03,0.04,0.04,0.04,0.06,0.06,0.02,0.05
YGL223C,0.01,0.01,0.1,0.06,0.05,0.0,0.02,0.04,0.1,0.16,0.01,0.1,0.06,0.07,0.02,0.06,0.07,0.03,0.0,0.03
YGL220W,0.04,0.01,0.04,0.09,0.05,0.05,0.03,0.07,0.09,0.05,0.03,0.02,0.02,0.07,0.08,0.07,0.06,0.09,0.01,0.03
YGL219C,0.04,0.02,0.07,0.06,0.05,0.03,0.0,0.12,0.11,0.12,0.02,0.06,0.04,0.05,0.04,0.09,0.04,0.04,0.0,0.0
YGL216W,0.05,0.01,0.08,0.07,0.03,0.05,0.0,0.09,0.04,0.07,0.04,0.06,0.05,0.01,0.11,0.12,0.04,0.08,0.0,0.0
YGL211W,0.06,0.05,0.04,0.05,0.04,0.05,0.03,0.05,0.1,0.11,0.02,0.06,0.04,0.03,0.05,0.07,0.05,0.08,0.0,0.02
YGL202W,0.04,0.02,0.1,0.03,0.06,0.05,0.01,0.07,0.08,0.09,0.01,0.07,0.13,0.03,0.01,0.09,0.04,0.02,0.01,0.04
YGL201C,0.05,0.0,0.05,0.02,0.06,0.08,0.03,0.02,0.01,0.04,0.02,0.07,0.11,0.06,0.05,0.25,0.05,0.03,0.0,0.0
YGL198W,0.09,0.01,0.11,0.05,0.04,0.09,0.01,0.06,0.02,0.07,0.02,0.05,0.07,0.03,0.04,0.09,0.06,0.06,0.01,0.02
YGL194C,0.02,0.0,0.05,0.07,0.07,0.03,0.07,0.01,0.07,0.09,0.04,0.05,0.05,0.01,0.04,0.13,0.05,0.07,0.0,0.08
YGL183C,0.0,0.04,0.04,0.08,0.04,0.04,0.0,0.11,0.15,0.07,0.03,0.06,0.03,0.08,0.02,0.06,0.04,0.06,0.01,0.04
YGL180W,0.07,0.01,0.05,0.07,0.02,0.06,0.06,0.09,0.13,0.09,0.02,0.06,0.01,0.01,0.03,0.07,0.07,0.05,0.0,0.03
YGL160W,0.06,0.0,0.02,0.02,0.06,0.04,0.04,0.11,0.06,0.14,0.01,0.02,0.04,0.01,0.07,0.09,0.06,0.05,0.0,0.1
YGL153W,0.06,0.0,0.1,0.09,0.04,0.04,0.01,0.06,0.15,0.08,0.05,0.01,0.05,0.01,0.03,0.09,0.03,0.06,0.01,0.03
YGL151W,0.08,0.02,0.06,0.13,0.05,0.0,0.02,0.05,0.08,0.11,0.02,0.08,0.03,0.02,0.01,0.07,0.1,0.05,0.0,0.02
YGL150C,0.06,0.0,0.09,0.07,0.05,0.01,0.0,0.05,0.11,0.09,0.01,0.08,0.01,0.08,0.06,0.1,0.04,0.04,0.03,0.02
YGL141W,0.04,0.0,0.04,0.04,0.04,0.04,0.02,0.05,0.11,0.12,0.02,0.07,0.01,0.07,0.12,0.08,0.06,0.03,0.0,0.04
YGL133W,0.02,0.02,0.05,0.11,0.11,0.03,0.04,0.04,0.05,0.12,0.01,0.02,0.07,0.03,0.06,0.04,0.07,0.05,0.02,0.04
YGL131C,0.05,0.02,0.03,0.07,0.06,0.02,0.01,0.05,0.12,0.04,0.02,0.11,0.07,0.06,0.08,0.08,0.06,0.02,0.01,0.02
YGL124C,0.07,0.01,0.05,0.05,0.03,0.03,0.02,0.05,0.09,0.11,0.02,0.08,0.06,0.03,0.02,0.14,0.09,0.04,0.0,0.01
YGL120C,0.07,0.0,0.05,0.14,0.04,0.05,0.07,0.05,0.07,0.07,0.01,0.01,0.09,0.05,0.07,0.07,0.04,0.04,0.0,0.01
YGL113W,0.03,0.01,0.03,0.11,0.03,0.04,0.02,0.05,0.09,0.11,0.02,0.04,0.05,0.04,0.07,0.06,0.05,0.07,0.03,0.05
YGL110C,0.04,0.0,0.06,0.09,0.04,0.05,0.04,0.08,0.04,0.17,0.02,0.05,0.04,0.02,0.05,0.04,0.04,0.07,0.01,0.05
YGL107C,0.05,0.01,0.04,0.05,0.03,0.04,0.03,0.03,0.08,0.09,0.04,0.08,0.04,0.02,0.08,0.12,0.03,0.11,0.01,0.02
YGL106W,0.1,0.0,0.11,0.05,0.05,0.06,0.0,0.07,0.1,0.09,0.01,0.05,0.01,0.05,0.03,0.07,0.09,0.04,0.0,0.02
YGL099W,0.11,0.0,0.06,0.08,0.03,0.03,0.03,0.04,0.15,0.07,0.02,0.05,0.07,0.02,0.07,0.04,0.06,0.03,0.02,0.02
YGL098W,0.05,0.0,0.08,0.08,0.03,0.01,0.03,0.02,0.07,0.09,0.02,0.04,0.01,0.08,0.07,0.13,0.07,0.05,0.0,0.07
YGL093W,0.02,0.0,0.04,0.07,0.04,0.07,0.01,0.07,0.07,0.05,0.03,0.08,0.06,0.05,0.08,0.11,0.08,0.07,0.0,0.0
YGL090W,0.01,0.02,0.05,0.15,0.04,0.08,0.01,0.09,0.07,0.11,0.04,0.05,0.01,0.03,0.03,0.09,0.05,0.04,0.01,0.02
YGL087C,0.01,0.03,0.06,0.07,0.04,0.08,0.03,0.06,0.06,0.08,0.02,0.07,0.1,0.01,0.03,0.09,0.08,0.04,0.01,0.03
YGL084C,0.05,0.0,0.05,0.04,0.07,0.04,0.0,0.05,0.07,0.11,0.02,0.03,0.07,0.03,0.06,0.13,0.06,0.04,0.02,0.06
YGL080W,0.09,0.01,0.02,0.02,0.07,0.06,0.02,0.07,0.07,0.1,0.03,0.04,0.06,0.05,0.02,0.07,0.07,0.05,0.01,0.07
YGL075C,0.04,0.0,0.07,0.09,0.12,0.05,0.02,0.12,0.09,0.09,0.01,0.06,0.04,0.03,0.03,0.06,0.03,0.01,0.01,0.03
YGL068W,0.07,0.0,0.04,0.03,0.02,0.05,0.01,0.11,0.06,0.09,0.05,0.03,0.07,0.02,0.05,0.12,0.12,0.05,0.01,0.0
YGL067W,0.03,0.01,0.03,0.06,0.07,0.05,0.02,0.07,0.05,0.13,0.01,0.07,0.03,0.02,0.04,0.13,0.08,0.08,0.0,0.02
YGL066W,0.06,0.03,0.07,0.07,0.01,0.06,0.03,0.06,0.1,0.09,0.03,0.05,0.07,0.04,0.03,0.1,0.02,0.03,0.01,0.04
YGL064C,0.04,0.0,0.04,0.02,0.06,0.1,0.01,0.04,0.16,0.06,0.03,0.09,0.07,0.04,0.03,0.1,0.03,0.05,0.01,0.02
YGL061C,0.05,0.01,0.05,0.05,0.03,0.03,0.01,0.08,0.07,0.08,0.03,0.13,0.03,0.05,0.02,0.14,0.08,0.05,0.0,0.01
YGL059W,0.03,0.02,0.03,0.05,0.02,0.01,0.03,0.08,0.06,0.07,0.03,0.08,0.07,0.05,0.06,0.08,0.08,0.04,0.0,0.11
YGL054C,0.09,0.02,0.03,0.04,0.07,0.04,0.02,0.08,0.04,0.2,0.01,0.09,0.03,0.02,0.01,0.02,0.04,0.08,0.02,0.05
YGL051W,0.06,0.01,0.05,0.05,0.04,0.03,0.01,0.1,0.04,0.17,0.02,0.06,0.05,0.01,0.02,0.07,0.04,0.09,0.01,0.07
YGL047W,0.03,0.04,0.04,0.08,0.09,0.1,0.01,0.08,0.05,0.08,0.02,0.02,0.03,0.08,0.05,0.06,0.03,0.08,0.0,0.03
YGL037C,0.02,0.01,0.1,0.04,0.02,0.04,0.06,0.07,0.06,0.06,0.03,0.04,0.08,0.03,0.05,0.08,0.07,0.07,0.04,0.03
YGL023C,0.06,0.0,0.06,0.1,0.01,0.08,0.04,0.05,0.07,0.05,0.02,0.02,0.05,0.07,0.07,0.13,0.07,0.04,0.0,0.01
YGL020C,0.1,0.0,0.04,0.08,0.06,0.01,0.04,0.06,0.15,0.08,0.01,0.1,0.01,0.04,0.02,0.06,0.03,0.04,0.03,0.04
YGL018C,0.03,0.0,0.04,0.05,0.04,0.01,0.03,0.03,0.07,0.13,0.03,0.03,0.05,0.12,0.08,0.08,0.1,0.02,0.01,0.05
YGL005C,0.04,0.0,0.1,0.08,0.05,0.01,0.02,0.05,0.04,0.15,0.02,0.05,0.02,0.05,0.03,0.11,0.09,0.04,0.02,0.03
YGL004C,0.06,0.0,0.11,0.07,0.05,0.07,0.04,0.07,0.1,0.07,0.02,0.08,0.0,0.01,0.04,0.03,0.06,0.08,0.0,0.04
YGL003C,0.04,0.0,0.04,0.05,0.02,0.02,0.01,0.05,0.04,0.05,0.03,0.06,0.09,0.03,0.08,0.26,0.05,0.05,0.0,0.03
YGL001C,0.03,0.01,0.12,0.03,0.07,0.06,0.05,0.11,0.07,0.07,0.03,0.07,0.06,0.04,0.01,0.07,0.02,0.07,0.0,0.01
YGR002C,0.03,0.0,0.02,0.05,0.05,0.05,0.01,0.03,0.1,0.06,0.03,0.09,0.08,0.05,0.04,0.16,0.04,0.09,0.02,0.0
YGR010W,0.04,0.0,0.09,0.06,0.03,0.03,0.02,0.05,0.06,0.06,0.02,0.08,0.15,0.04,0.03,0.13,0.05,0.03,0.0,0.03
YGR013W,0.06,0.01,0.1,0.03,0.03,0.04,0.02,0.06,0.07,0.09,0.01,0.1,0.02,0.06,0.04,0.17,0.03,0.03,0.01,0.02
YGR015C,0.05,0.0,0.07,0.02,0.05,0.03,0.06,0.11,0.06,0.13,0.02,0.05,0.05,0.01,0.06,0.1,0.04,0.05,0.0,0.04
YGR030C,0.02,0.02,0.05,0.03,0.03,0.05,0.02,0.12,0.09,0.09,0.03,0.1,0.02,0.06,0.03,0.12,0.03,0.05,0.0,0.04
YGR031W,0.05,0.02,0.04,0.01,0.03,0.08,0.02,0.11,0.1,0.12,0.02,0.08,0.04,0.06,0.06,0.06,0.03,0.04,0.0,0.03
YGR036C,0.08,0.01,0.05,0.03,0.1,0.02,0.01,0.12,0.02,0.09,0.03,0.09,0.06,0.03,0.03,0.09,0.04,0.05,0.01,0.04
YGR038W,0.07,0.0,0.06,0.07,0.03,0.03,0.03,0.08,0.04,0.07,0.02,0.04,0.05,0.05,0.06,0.12,0.08,0.05,0.02,0.03
YGR041W,0.05,0.0,0.1,0.06,0.04,0.05,0.02,0.07,0.06,0.03,0.01,0.05,0.04,0.02,0.05,0.2,0.08,0.04,0.0,0.03
YGR046W,0.01,0.01,0.06,0.06,0.04,0.08,0.03,0.08,0.06,0.1,0.04,0.09,0.04,0.01,0.07,0.09,0.07,0.02,0.0,0.04
YGR056W,0.05,0.0,0.07,0.04,0.05,0.02,0.02,0.1,0.09,0.09,0.02,0.08,0.08,0.05,0.02,0.03,0.04,0.05,0.01,0.09
YGR058W,0.09,0.01,0.03,0.07,0.02,0.03,0.04,0.03,0.09,0.02,0.02,0.05,0.08,0.1,0.08,0.05,0.08,0.05,0.0,0.06
YGR080W,0.07,0.0,0.04,0.07,0.05,0.04,0.02,0.08,0.04,0.1,0.02,0.03,0.05,0.06,0.04,0.13,0.05,0.07,0.0,0.04
YGR081C,0.06,0.0,0.06,0.06,0.04,0.05,0.01,0.05,0.12,0.1,0.01,0.1,0.03,0.03,0.1,0.1,0.04,0.03,0.0,0.01
YGR086C,0.09,0.0,0.05,0.05,0.04,0.07,0.01,0.03,0.06,0.1,0.02,0.05,0.07,0.04,0.1,0.11,0.05,0.03,0.01,0.02
YGR090W,0.09,0.0,0.07,0.11,0.01,0.02,0.04,0.04,0.08,0.01,0.01,0.08,0.02,0.05,0.04,0.13,0.13,0.06,0.0,0.01
YGR093W,0.06,0.01,0.06,0.06,0.04,0.04,0.02,0.11,0.1,0.11,0.02,0.11,0.03,0.01,0.01,0.09,0.05,0.03,0.0,0.04
YGR095C,0.06,0.04,0.05,0.09,0.01,0.05,0.02,0.09,0.05,0.1,0.01,0.0,0.06,0.07,0.06,0.06,0.08,0.09,0.0,0.01
YGR101W,0.02,0.0,0.01,0.03,0.07,0.03,0.0,0.08,0.05,0.07,0.02,0.08,0.05,0.08,0.1,0.14,0.07,0.06,0.01,0.03
YGR103W,0.09,0.01,0.02,0.04,0.06,0.05,0.02,0.05,0.13,0.07,0.02,0.05,0.04,0.03,0.13,0.04,0.07,0.04,0.0,0.04
YGR106C,0.06,0.02,0.11,0.05,0.12,0.01,0.01,0.08,0.03,0.07,0.02,0.05,0.01,0.02,0.01,0.17,0.06,0.07,0.01,0.02
YGR110W,0.06,0.0,0.06,0.05,0.07,0.02,0.0,0.07,0.06,0.11,0.01,0.03,0.1,0.04,0.11,0.09,0.07,0.03,0.0,0.02
YGR113W,0.05,0.0,0.05,0.09,0.03,0.06,0.01,0.06,0.04,0.13,0.03,0.05,0.02,0.03,0.06,0.18,0.08,0.01,0.0,0.02
YGR120C,0.02,0.0,0.14,0.1,0.06,0.02,0.01,0.04,0.04,0.14,0.02,0.06,0.02,0.04,0.04,0.07,0.08,0.05,0.0,0.05
YGR128C,0.09,0.01,0.06,0.04,0.04,0.05,0.0,0.11,0.03,0.07,0.01,0.1,0.07,0.05,0.01,0.12,0.09,0.02,0.0,0.03
YGR129W,0.05,0.0,0.1,0.11,0.02,0.05,0.02,0.03,0.11,0.05,0.02,0.02,0.03,0.06,0.09,0.08,0.03,0.07,0.01,0.05
YGR136W,0.04,0.0,0.08,0.1,0.03,0.06,0.0,0.07,0.09,0.1,0.01,0.09,0.03,0.05,0.04,0.1,0.02,0.04,0.02,0.03
YGR142W,0.06,0.04,0.02,0.08,0.06,0.02,0.01,0.03,0.09,0.1,0.01,0.06,0.09,0.02,0.06,0.13,0.02,0.03,0.0,0.07
YGR163W,0.05,0.02,0.06,0.07,0.04,0.04,0.02,0.05,0.04,0.13,0.05,0.04,0.04,0.03,0.03,0.12,0.04,0.08,0.0,0.05
YGR165W,0.02,0.0,0.02,0.03,0.06,0.07,0.05,0.03,0.1,0.07,0.03,0.05,0.07,0.04,0.08,0.08,0.08,0.04,0.01,0.07
YGR169C,0.02,0.0,0.05,0.04,0.02,0.05,0.04,0.07,0.09,0.11,0.02,0.03,0.06,0.02,0.1,0.03,0.08,0.1,0.01,0.06
YGR177C,0.05,0.0,0.02,0.09,0.03,0.04,0.07,0.05,0.07,0.11,0.04,0.04,0.05,0.05,0.05,0.06,0.04,0.05,0.0,0.09
YGR178C,0.02,0.01,0.08,0.03,0.04,0.09,0.0,0.03,0.04,0.06,0.02,0.13,0.03,0.02,0.07,0.12,0.08,0.09,0.0,0.04
YGR179C,0.06,0.0,0.09,0.12,0.03,0.04,0.02,0.05,0.07,0.07,0.03,0.1,0.02,0.05,0.05,0.13,0.03,0.02,0.0,0.02
YGR181W,0.14,0.04,0.02,0.06,0.02,0.04,0.0,0.08,0.08,0.06,0.02,0.08,0.04,0.06,0.03,0.09,0.07,0.03,0.01,0.03
YGR189C,0.13,0.02,0.07,0.03,0.04,0.04,0.01,0.01,0.07,0.12,0.02,0.02,0.03,0.0,0.01,0.19,0.14,0.02,0.01,0.02
YGR211W,0.08,0.05,0.05,0.11,0.04,0.07,0.02,0.08,0.06,0.06,0.04,0.05,0.05,0.07,0.02,0.06,0.04,0.04,0.0,0.01
YGR241C,0.06,0.0,0.05,0.02,0.01,0.04,0.05,0.08,0.1,0.12,0.03,0.01,0.03,0.05,0.04,0.1,0.09,0.06,0.02,0.04
YGR243W,0.11,0.01,0.01,0.02,0.1,0.06,0.02,0.04,0.06,0.11,0.01,0.07,0.04,0.01,0.06,0.07,0.07,0.06,0.05,0.02
YGR247W,0.09,0.04,0.03,0.02,0.05,0.05,0.04,0.05,0.06,0.07,0.02,0.03,0.06,0.06,0.02,0.11,0.06,0.11,0.01,0.02
YGR251W,0.07,0.0,0.09,0.1,0.05,0.06,0.03,0.05,0.12,0.11,0.01,0.05,0.01,0.06,0.03,0.07,0.06,0.02,0.01,0.0
YGR255C,0.07,0.0,0.07,0.01,0.05,0.06,0.01,0.05,0.08,0.13,0.03,0.05,0.06,0.01,0.05,0.09,0.08,0.08,0.0,0.02
YGR260W,0.03,0.0,0.1,0.1,0.03,0.04,0.05,0.05,0.07,0.08,0.07,0.03,0.07,0.01,0.04,0.09,0.08,0.04,0.0,0.02
YGR262C,0.07,0.02,0.06,0.03,0.02,0.02,0.04,0.09,0.07,0.1,0.01,0.01,0.1,0.06,0.06,0.05,0.08,0.04,0.0,0.07
YGR263C,0.07,0.01,0.07,0.05,0.08,0.03,0.04,0.09,0.04,0.12,0.02,0.04,0.01,0.04,0.08,0.1,0.02,0.06,0.01,0.02
YGR271W,0.05,0.0,0.13,0.06,0.06,0.0,0.0,0.07,0.1,0.06,0.04,0.04,0.01,0.08,0.03,0.13,0.06,0.04,0.01,0.03
YGR275W,0.01,0.01,0.07,0.08,0.02,0.02,0.01,0.03,0.1,0.09,0.03,0.07,0.05,0.09,0.06,0.09,0.05,0.03,0.03,0.06
YGR276C,0.03,0.02,0.07,0.05,0.01,0.04,0.01,0.05,0.15,0.08,0.04,0.07,0.03,0.05,0.04,0.09,0.06,0.09,0.01,0.01
YGR278W,0.05,0.01,0.07,0.06,0.03,0.03,0.02,0.13,0.04,0.13,0.04,0.09,0.03,0.05,0.05,0.07,0.05,0.04,0.01,0.0
YGR279C,0.27,0.0,0.01,0.04,0.0,0.01,0.02,0.03,0.03,0.06,0.01,0.07,0.04,0.03,0.02,0.16,0.11,0.09,0.0,0.0
YGR280C,0.05,0.01,0.08,0.03,0.06,0.13,0.02,0.03,0.1,0.1,0.03,0.07,0.03,0.03,0.07,0.06,0.05,0.03,0.02,0.0
YLR212C,0.07,0.01,0.09,0.06,0.07,0.09,0.02,0.05,0.04,0.05,0.03,0.05,0.05,0.04,0.06,0.09,0.07,0.04,0.02,0.0
YDR144C,0.03,0.01,0.1,0.05,0.05,0.04,0.0,0.02,0.06,0.11,0.03,0.05,0.04,0.03,0.03,0.09,0.09,0.13,0.0,0.04
YML060W,0.05,0.02,0.06,0.07,0.05,0.05,0.02,0.05,0.09,0.12,0.03,0.06,0.0,0.07,0.03,0.06,0.03,0.07,0.03,0.04
YNL070W,0.03333333333333333,0.0,0.016666666666666666,0.03333333333333333,0.06666666666666667,0.03333333333333333,0.05,0.06666666666666667,0.03333333333333333,0.16666666666666666,0.016666666666666666,0.06666666666666667,0.08333333333333333,0.0,0.03333333333333333,0.13333333333333333,0.05,0.05,0.03333333333333333,0.03333333333333333
YNL222W,0.05,0.02,0.05,0.03,0.02,0.06,0.02,0.02,0.07,0.1,0.03,0.11,0.05,0.03,0.07,0.13,0.03,0.05,0.0,0.06
YNL126W,0.04,0.0,0.06,0.05,0.06,0.03,0.02,0.06,0.05,0.17,0.03,0.03,0.05,0.07,0.01,0.11,0.07,0.05,0.01,0.03
YNL012W,0.05,0.02,0.01,0.05,0.06,0.05,0.01,0.06,0.15,0.14,0.02,0.01,0.06,0.04,0.03,0.08,0.06,0.07,0.0,0.03
YNL118C,0.04,0.02,0.06,0.08,0.07,0.0,0.02,0.08,0.07,0.15,0.02,0.04,0.05,0.03,0.05,0.08,0.03,0.06,0.03,0.02
YPL127C,0.11,0.0,0.01,0.08,0.03,0.06,0.0,0.06,0.22,0.05,0.01,0.04,0.04,0.0,0.03,0.12,0.09,0.02,0.0,0.03
YNL139C,0.06,0.01,0.06,0.11,0.05,0.0,0.01,0.05,0.06,0.13,0.01,0.08,0.05,0.04,0.04,0.11,0.06,0.05,0.02,0.0
YOR142W,0.08,0.01,0.03,0.03,0.06,0.09,0.04,0.07,0.11,0.06,0.01,0.03,0.04,0.05,0.03,0.08,0.1,0.06,0.0,0.02
YNL036W,0.09,0.03,0.04,0.05,0.05,0.04,0.04,0.07,0.04,0.1,0.02,0.1,0.04,0.04,0.01,0.11,0.07,0.03,0.02,0.01
YNL066W,0.12,0.01,0.03,0.04,0.0,0.04,0.03,0.04,0.05,0.05,0.01,0.01,0.02,0.02,0.01,0.18,0.2,0.1,0.0,0.04
YNL251C,0.05,0.02,0.1,0.03,0.03,0.05,0.03,0.12,0.07,0.09,0.01,0.05,0.02,0.03,0.04,0.15,0.06,0.01,0.0,0.04
YDL145C,0.04,0.01,0.07,0.03,0.06,0.06,0.05,0.04,0.06,0.11,0.03,0.01,0.05,0.02,0.06,0.07,0.1,0.06,0.03,0.04
YNR023W,0.06,0.0,0.07,0.03,0.04,0.02,0.07,0.04,0.12,0.07,0.05,0.06,0.08,0.04,0.04,0.1,0.04,0.06,0.0,0.01
YOL115W,0.03,0.0,0.1,0.07,0.02,0.05,0.04,0.06,0.16,0.05,0.01,0.07,0.05,0.02,0.03,0.1,0.06,0.07,0.0,0.01
YNL044W,0.05,0.01,0.0,0.04,0.09,0.05,0.0,0.06,0.06,0.15,0.02,0.08,0.02,0.08,0.03,0.1,0.05,0.07,0.0,0.04
YOL068C,0.03,0.01,0.06,0.06,0.07,0.04,0.01,0.06,0.1,0.13,0.05,0.05,0.04,0.03,0.05,0.03,0.08,0.07,0.0,0.03
YPL015C,0.08,0.01,0.04,0.03,0.08,0.06,0.03,0.04,0.06,0.09,0.04,0.04,0.09,0.01,0.04,0.1,0.05,0.06,0.0,0.05
YOR025W,0.06,0.04,0.09,0.03,0.02,0.07,0.01,0.06,0.05,0.09,0.03,0.01,0.05,0.03,0.08,0.17,0.04,0.04,0.01,0.02
YDR191W,0.04,0.01,0.05,0.04,0.03,0.02,0.03,0.02,0.1,0.1,0.03,0.06,0.08,0.04,0.1,0.1,0.04,0.07,0.0,0.04
YLR216C,0.03,0.02,0.07,0.07,0.11,0.1,0.01,0.07,0.1,0.04,0.03,0.06,0.05,0.02,0.03,0.04,0.07,0.05,0.0,0.03
YNR015W,0.11,0.01,0.03,0.05,0.02,0.04,0.01,0.05,0.07,0.12,0.03,0.01,0.07,0.05,0.05,0.06,0.08,0.1,0.01,0.03
YNR018W,0.11,0.01,0.04,0.07,0.04,0.06,0.03,0.09,0.07,0.08,0.02,0.02,0.05,0.01,0.05,0.09,0.09,0.02,0.03,0.02
YNR020C,0.03,0.04,0.09,0.07,0.04,0.08,0.01,0.04,0.12,0.05,0.04,0.03,0.03,0.02,0.06,0.07,0.06,0.02,0.04,0.06
YNR024W,0.02,0.0,0.08,0.05,0.03,0.07,0.0,0.05,0.16,0.06,0.04,0.1,0.03,0.01,0.03,0.13,0.03,0.07,0.01,0.03
YNR035C,0.05,0.01,0.06,0.06,0.02,0.05,0.03,0.06,0.06,0.16,0.02,0.03,0.04,0.04,0.02,0.11,0.08,0.06,0.01,0.03
YNR036C,0.06,0.03,0.01,0.01,0.02,0.06,0.01,0.03,0.08,0.08,0.04,0.05,0.08,0.08,0.11,0.08,0.08,0.07,0.01,0.01
YNR038W,0.08,0.0,0.08,0.15,0.03,0.04,0.02,0.02,0.03,0.03,0.02,0.02,0.07,0.05,0.04,0.18,0.07,0.05,0.0,0.02
YNR046W,0.06,0.03,0.1,0.05,0.06,0.02,0.01,0.04,0.05,0.14,0.02,0.08,0.07,0.04,0.01,0.07,0.07,0.06,0.01,0.01
YNR047W,0.02,0.0,0.04,0.1,0.03,0.05,0.08,0.01,0.04,0.05,0.03,0.08,0.02,0.05,0.08,0.24,0.04,0.02,0.01,0.01
YNR048W,0.08,0.02,0.02,0.04,0.03,0.03,0.01,0.07,0.08,0.12,0.02,0.03,0.07,0.08,0.05,0.09,0.04,0.08,0.02,0.02
YNR053C,0.05,0.0,0.07,0.05,0.05,0.09,0.01,0.05,0.1,0.05,0.02,0.06,0.02,0.05,0.13,0.07,0.06,0.04,0.01,0.02
YNR054C,0.01,0.0,0.12,0.21,0.03,0.01,0.01,0.05,0.13,0.06,0.01,0.04,0.01,0.07,0.02,0.12,0.05,0.05,0.0,0.0
YNR060W,0.05,0.04,0.01,0.08,0.07,0.05,0.03,0.06,0.07,0.11,0.03,0.03,0.04,0.03,0.05,0.09,0.06,0.02,0.01,0.07
YNR067C,0.07,0.01,0.04,0.05,0.03,0.01,0.01,0.05,0.01,0.14,0.01,0.05,0.04,0.04,0.03,0.19,0.08,0.1,0.0,0.04
YLR323C,0.04,0.0,0.08,0.12,0.03,0.04,0.01,0.01,0.17,0.12,0.02,0.07,0.0,0.04,0.05,0.12,0.04,0.03,0.0,0.01
YNL288W,0.06,0.0,0.01,0.02,0.01,0.2,0.01,0.02,0.01,0.01,0.09,0.25,0.1,0.03,0.02,0.07,0.04,0.04,0.0,0.01
YNL283C,0.09,0.07,0.05,0.02,0.03,0.08,0.02,0.05,0.05,0.1,0.01,0.02,0.01,0.07,0.02,0.1,0.04,0.08,0.01,0.08
YNL282W,0.03,0.02,0.07,0.04,0.03,0.03,0.04,0.07,0.08,0.1,0.02,0.07,0.07,0.06,0.03,0.08,0.02,0.07,0.03,0.04
YNL275W,0.05,0.02,0.09,0.09,0.03,0.03,0.01,0.05,0.03,0.08,0.01,0.05,0.04,0.01,0.1,0.13,0.06,0.06,0.02,0.04
YNL274C,0.08,0.01,0.07,0.08,0.03,0.06,0.01,0.06,0.08,0.08,0.01,0.02,0.05,0.06,0.05,0.06,0.07,0.1,0.01,0.01
YNL273W,0.11,0.03,0.13,0.02,0.02,0.04,0.0,0.06,0.06,0.14,0.02,0.02,0.05,0.05,0.05,0.04,0.06,0.04,0.03,0.03
YNL265C,0.07,0.03,0.03,0.1,0.01,0.0,0.04,0.1,0.08,0.15,0.03,0.02,0.02,0.1,0.06,0.03,0.05,0.05,0.0,0.03
YNL264C,0.05,0.02,0.11,0.07,0.05,0.03,0.03,0.03,0.08,0.14,0.01,0.06,0.09,0.02,0.08,0.04,0.02,0.02,0.02,0.03
YNL263C,0.1,0.0,0.03,0.02,0.08,0.11,0.01,0.02,0.01,0.01,0.04,0.15,0.07,0.12,0.04,0.07,0.05,0.04,0.0,0.03
YNL260C,0.0,0.01,0.05,0.12,0.06,0.09,0.02,0.05,0.06,0.14,0.05,0.07,0.01,0.08,0.03,0.04,0.04,0.04,0.0,0.04
YNL258C,0.04,0.01,0.05,0.1,0.02,0.02,0.0,0.07,0.1,0.21,0.02,0.12,0.02,0.03,0.05,0.08,0.02,0.01,0.0,0.03
YNL256W,0.05,0.01,0.07,0.01,0.03,0.05,0.02,0.02,0.1,0.12,0.05,0.07,0.03,0.02,0.03,0.14,0.05,0.08,0.02,0.03
YNL246W,0.09,0.01,0.08,0.15,0.04,0.01,0.02,0.08,0.09,0.07,0.04,0.04,0.01,0.02,0.04,0.05,0.02,0.06,0.02,0.06
YNL242W,0.01,0.0,0.07,0.04,0.05,0.07,0.02,0.09,0.03,0.16,0.02,0.07,0.03,0.06,0.02,0.13,0.02,0.08,0.01,0.02
YNL232W,0.05,0.03,0.06,0.15,0.03,0.08,0.01,0.06,0.06,0.04,0.01,0.05,0.06,0.05,0.04,0.03,0.1,0.05,0.0,0.04
YNL231C,0.05,0.01,0.06,0.13,0.04,0.01,0.01,0.05,0.17,0.1,0.02,0.04,0.08,0.02,0.04,0.05,0.04,0.03,0.02,0.03
YNL227C,0.09,0.01,0.11,0.1,0.01,0.02,0.03,0.02,0.08,0.07,0.01,0.03,0.05,0.04,0.03,0.04,0.09,0.07,0.01,0.09
YNL225C,0.02,0.01,0.07,0.11,0.05,0.04,0.02,0.04,0.05,0.06,0.04,0.13,0.09,0.04,0.04,0.09,0.02,0.04,0.01,0.03
YNL224C,0.07,0.0,0.06,0.02,0.03,0.14,0.04,0.05,0.11,0.03,0.03,0.05,0.06,0.02,0.11,0.1,0.03,0.01,0.01,0.03
YNL223W,0.04,0.02,0.06,0.12,0.05,0.07,0.02,0.02,0.03,0.09,0.03,0.02,0.02,0.06,0.07,0.1,0.03,0.08,0.02,0.05
YNL219C,0.03,0.04,0.03,0.05,0.11,0.03,0.01,0.06,0.03,0.15,0.01,0.05,0.05,0.02,0.04,0.08,0.07,0.04,0.04,0.06
YNL191W,0.07,0.02,0.06,0.03,0.06,0.05,0.03,0.05,0.05,0.12,0.02,0.05,0.06,0.03,0.09,0.08,0.06,0.03,0.01,0.03
YNL190W,0.05,0.0,0.02,0.01,0.05,0.07,0.07,0.01,0.17,0.04,0.01,0.05,0.02,0.0,0.0,0.12,0.25,0.03,0.0,0.03
YNL186W,0.1,0.0,0.03,0.05,0.01,0.02,0.01,0.08,0.09,0.07,0.03,0.15,0.05,0.04,0.02,0.12,0.08,0.03,0.0,0.02
YNL182C,0.04,0.03,0.03,0.07,0.04,0.05,0.02,0.07,0.04,0.08,0.01,0.08,0.02,0.1,0.05,0.09,0.05,0.1,0.0,0.03
YNL180C,0.05,0.01,0.09,0.02,0.02,0.07,0.0,0.07,0.05,0.09,0.01,0.06,0.06,0.01,0.05,0.14,0.1,0.04,0.01,0.05
YNL172W,0.02,0.03,0.08,0.05,0.03,0.07,0.02,0.1,0.06,0.06,0.02,0.06,0.04,0.05,0.05,0.06,0.07,0.05,0.03,0.05
YNL166C,0.09,0.0,0.13,0.11,0.01,0.05,0.02,0.06,0.07,0.05,0.03,0.08,0.03,0.07,0.01,0.05,0.05,0.09,0.0,0.0
YNL163C,0.05,0.02,0.06,0.07,0.02,0.05,0.03,0.08,0.04,0.12,0.02,0.04,0.04,0.04,0.09,0.12,0.03,0.06,0.0,0.02
YNL159C,0.08,0.0,0.08,0.07,0.03,0.04,0.02,0.05,0.0,0.04,0.03,0.12,0.03,0.09,0.11,0.09,0.08,0.02,0.01,0.01
YNL158W,0.06,0.01,0.05,0.06,0.05,0.02,0.04,0.1,0.04,0.08,0.02,0.06,0.04,0.04,0.04,0.08,0.09,0.07,0.01,0.04
YNL155W,0.05,0.06,0.06,0.11,0.05,0.03,0.07,0.02,0.07,0.08,0.02,0.03,0.03,0.02,0.08,0.12,0.03,0.04,0.01,0.02
YNL152W,0.04,0.02,0.05,0.06,0.02,0.04,0.03,0.06,0.07,0.12,0.04,0.08,0.06,0.03,0.08,0.05,0.03,0.07,0.01,0.04
YNL148C,0.05,0.0,0.06,0.14,0.02,0.04,0.01,0.05,0.08,0.08,0.02,0.06,0.02,0.05,0.05,0.07,0.05,0.11,0.0,0.04
YNL147W,0.03,0.0,0.07,0.06,0.01,0.07,0.02,0.06,0.13,0.12,0.04,0.06,0.03,0.06,0.05,0.05,0.04,0.07,0.0,0.03
YNL141W,0.04,0.01,0.07,0.11,0.08,0.04,0.05,0.04,0.09,0.15,0.01,0.03,0.05,0.04,0.02,0.03,0.02,0.06,0.01,0.05
YNL136W,0.04,0.01,0.05,0.09,0.04,0.04,0.04,0.06,0.09,0.08,0.05,0.06,0.03,0.02,0.04,0.07,0.07,0.06,0.03,0.03
YNL132W,0.05,0.0,0.04,0.05,0.04,0.04,0.02,0.08,0.14,0.08,0.05,0.07,0.03,0.03,0.09,0.08,0.03,0.05,0.01,0.02
YNL124W,0.05,0.0,0.21,0.13,0.01,0.13,0.0,0.01,0.03,0.08,0.01,0.04,0.03,0.02,0.02,0.17,0.02,0.04,0.0,0.0
YNL123W,0.04,0.01,0.07,0.08,0.03,0.03,0.04,0.08,0.06,0.07,0.01,0.08,0.02,0.04,0.03,0.14,0.07,0.07,0.01,0.02
YNL119W,0.03,0.04,0.05,0.08,0.07,0.03,0.03,0.04,0.1,0.09,0.04,0.04,0.04,0.05,0.06,0.09,0.04,0.06,0.0,0.02
YNL116W,0.12,0.0,0.01,0.02,0.03,0.05,0.01,0.04,0.0,0.02,0.04,0.1,0.1,0.03,0.06,0.23,0.12,0.01,0.0,0.01
YNL110C,0.04,0.0,0.07,0.17,0.0,0.03,0.02,0.05,0.16,0.06,0.01,0.02,0.04,0.04,0.02,0.13,0.09,0.03,0.0,0.02
YNL107W,0.05,0.0,0.03,0.06,0.06,0.05,0.03,0.1,0.09,0.04,0.02,0.05,0.1,0.01,0.04,0.06,0.08,0.07,0.02,0.04
YNL094W,0.02,0.0,0.07,0.03,0.03,0.07,0.01,0.05,0.04,0.06,0.05,0.07,0.07,0.03,0.04,0.13,0.16,0.02,0.0,0.05
YNL091W,0.04,0.0,0.09,0.06,0.01,0.02,0.03,0.04,0.11,0.05,0.03,0.1,0.09,0.03,0.06,0.11,0.07,0.04,0.0,0.02
YNL078W,0.02,0.0,0.06,0.03,0.03,0.05,0.05,0.07,0.03,0.04,0.02,0.12,0.07,0.02,0.02,0.17,0.13,0.02,0.0,0.05
YNL077W,0.11,0.01,0.06,0.07,0.03,0.02,0.02,0.04,0.07,0.07,0.01,0.07,0.02,0.12,0.05,0.09,0.06,0.02,0.0,0.06
YNL075W,0.08,0.0,0.1,0.1,0.01,0.02,0.0,0.05,0.07,0.11,0.02,0.0,0.04,0.12,0.11,0.07,0.04,0.02,0.0,0.04
YNL072W,0.05,0.0,0.07,0.08,0.03,0.04,0.0,0.08,0.05,0.07,0.04,0.03,0.1,0.05,0.03,0.09,0.06,0.06,0.0,0.07
YNL065W,0.03,0.0,0.07,0.1,0.01,0.05,0.04,0.05,0.07,0.06,0.02,0.04,0.04,0.05,0.03,0.12,0.14,0.01,0.01,0.06
YNL059C,0.08,0.0,0.08,0.02,0.08,0.03,0.02,0.04,0.05,0.08,0.01,0.06,0.1,0.05,0.07,0.1,0.07,0.05,0.0,0.01
YNL054W,0.08,0.0,0.08,0.06,0.0,0.01,0.05,0.04,0.01,0.07,0.02,0.13,0.06,0.02,0.03,0.12,0.12,0.09,0.01,0.0
YNL051W,0.04,0.0,0.1,0.08,0.03,0.03,0.02,0.08,0.06,0.15,0.05,0.12,0.05,0.02,0.01,0.05,0.06,0.02,0.0,0.03
YNL049C,0.07,0.0,0.04,0.02,0.03,0.03,0.02,0.06,0.03,0.09,0.03,0.07,0.11,0.16,0.03,0.07,0.04,0.06,0.0,0.04
YNL048W,0.05,0.02,0.01,0.04,0.08,0.09,0.02,0.03,0.1,0.09,0.01,0.06,0.02,0.01,0.03,0.1,0.03,0.12,0.04,0.05
YNL047C,0.09,0.0,0.06,0.02,0.01,0.03,0.03,0.05,0.01,0.08,0.02,0.08,0.08,0.13,0.07,0.11,0.05,0.03,0.0,0.05
YNL041C,0.07,0.0,0.1,0.03,0.02,0.04,0.02,0.02,0.07,0.11,0.04,0.07,0.08,0.08,0.02,0.09,0.07,0.03,0.0,0.04
YNL032W,0.02,0.0,0.15,0.14,0.03,0.07,0.04,0.1,0.1,0.08,0.01,0.06,0.02,0.03,0.04,0.07,0.0,0.02,0.0,0.02
YNL027W,0.03,0.0,0.1,0.03,0.04,0.05,0.01,0.04,0.03,0.06,0.05,0.15,0.02,0.02,0.04,0.26,0.02,0.02,0.0,0.03
YNL026W,0.05,0.01,0.08,0.03,0.03,0.05,0.04,0.08,0.06,0.09,0.03,0.06,0.04,0.05,0.02,0.11,0.08,0.07,0.0,0.02
YNL022C,0.05,0.03,0.05,0.06,0.02,0.02,0.03,0.05,0.17,0.16,0.03,0.02,0.04,0.02,0.04,0.07,0.03,0.04,0.02,0.05
YNL021W,0.02,0.02,0.06,0.1,0.02,0.01,0.04,0.07,0.11,0.07,0.04,0.04,0.07,0.01,0.07,0.07,0.04,0.07,0.0,0.07
YNL020C,0.08,0.01,0.04,0.02,0.01,0.05,0.04,0.06,0.05,0.09,0.03,0.08,0.06,0.05,0.04,0.09,0.05,0.1,0.0,0.05
YNL014W,0.08,0.01,0.03,0.11,0.05,0.04,0.01,0.07,0.05,0.08,0.01,0.05,0.04,0.05,0.02,0.13,0.07,0.08,0.0,0.02
YNL010W,0.02,0.01,0.1,0.09,0.09,0.07,0.01,0.06,0.09,0.08,0.03,0.02,0.04,0.02,0.03,0.05,0.08,0.09,0.01,0.01
YNL008C,0.05,0.01,0.03,0.02,0.09,0.03,0.03,0.05,0.06,0.11,0.03,0.09,0.03,0.05,0.02,0.1,0.09,0.08,0.0,0.03
YMR039C,0.02,0.0,0.08,0.05,0.02,0.1,0.01,0.06,0.07,0.1,0.03,0.13,0.02,0.01,0.09,0.1,0.03,0.02,0.0,0.06
YPL053C,0.08,0.0,0.0,0.11,0.03,0.03,0.02,0.09,0.1,0.1,0.03,0.04,0.04,0.07,0.04,0.08,0.05,0.06,0.0,0.03
YMR119W,0.06,0.01,0.01,0.04,0.13,0.04,0.0,0.09,0.01,0.06,0.01,0.09,0.04,0.04,0.03,0.13,0.06,0.1,0.0,0.05
YLR028C,0.09,0.0,0.08,0.06,0.02,0.1,0.04,0.05,0.08,0.11,0.03,0.04,0.03,0.01,0.04,0.04,0.06,0.1,0.0,0.02
YPL061W,0.08,0.02,0.08,0.11,0.04,0.04,0.02,0.03,0.06,0.08,0.02,0.04,0.06,0.03,0.04,0.04,0.12,0.05,0.01,0.03
YMR121C,0.07,0.0,0.02,0.05,0.02,0.07,0.01,0.02,0.11,0.07,0.01,0.04,0.05,0.06,0.18,0.02,0.03,0.09,0.01,0.07
YMR015C,0.08,0.01,0.04,0.04,0.06,0.04,0.03,0.1,0.1,0.1,0.02,0.02,0.05,0.05,0.0,0.09,0.06,0.05,0.03,0.03
YML086C,0.06,0.01,0.06,0.07,0.04,0.04,0.02,0.03,0.07,0.08,0.03,0.04,0.05,0.02,0.05,0.09,0.04,0.12,0.02,0.06
YML065W,0.06,0.0,0.05,0.07,0.01,0.09,0.02,0.06,0.06,0.12,0.03,0.06,0.01,0.04,0.08,0.04,0.07,0.06,0.03,0.04
YMR070W,0.03,0.0,0.04,0.01,0.01,0.02,0.09,0.03,0.01,0.05,0.03,0.1,0.04,0.28,0.02,0.09,0.06,0.04,0.0,0.05
YML097C,0.07,0.0,0.12,0.09,0.08,0.03,0.0,0.04,0.1,0.08,0.01,0.05,0.06,0.07,0.05,0.04,0.05,0.03,0.01,0.02
YLL004W,0.04,0.0,0.08,0.08,0.03,0.01,0.07,0.05,0.09,0.09,0.02,0.06,0.03,0.06,0.04,0.11,0.03,0.06,0.01,0.04
YPR162C,0.03,0.02,0.06,0.09,0.02,0.03,0.02,0.12,0.08,0.11,0.01,0.03,0.04,0.09,0.06,0.08,0.06,0.03,0.0,0.02
YML012W,0.08,0.02,0.1,0.03,0.07,0.07,0.02,0.04,0.02,0.09,0.01,0.02,0.02,0.06,0.06,0.07,0.06,0.14,0.01,0.01
YDL245C,0.06,0.01,0.07,0.05,0.07,0.11,0.02,0.06,0.05,0.06,0.03,0.08,0.07,0.02,0.01,0.1,0.02,0.04,0.02,0.05
YDR058C,0.02,0.02,0.09,0.04,0.05,0.04,0.03,0.1,0.11,0.08,0.03,0.1,0.05,0.02,0.0,0.08,0.03,0.07,0.01,0.03
YDL190C,0.02,0.01,0.08,0.08,0.04,0.05,0.01,0.07,0.06,0.12,0.01,0.05,0.04,0.07,0.05,0.06,0.09,0.05,0.0,0.04
YLL001W,0.02,0.0,0.09,0.06,0.02,0.07,0.01,0.08,0.03,0.13,0.02,0.06,0.07,0.03,0.04,0.11,0.06,0.09,0.0,0.01
YOL156W,0.07,0.01,0.06,0.03,0.06,0.09,0.01,0.06,0.04,0.08,0.03,0.1,0.05,0.02,0.02,0.12,0.08,0.05,0.01,0.01
YOR008C,0.07,0.08,0.03,0.05,0.04,0.06,0.02,0.01,0.03,0.08,0.02,0.08,0.03,0.02,0.01,0.23,0.04,0.01,0.01,0.08
YPR182W,0.03488372093023256,0.011627906976744186,0.023255813953488372,0.08139534883720931,0.05813953488372093,0.06976744186046512,0.023255813953488372,0.046511627906976744,0.046511627906976744,0.10465116279069768,0.023255813953488372,0.10465116279069768,0.046511627906976744,0.023255813953488372,0.046511627906976744,0.08139534883720931,0.046511627906976744,0.09302325581395349,0.0,0.03488372093023256
YLR438C-A,0.0449438202247191,0.02247191011235955,0.0898876404494382,0.11235955056179775,0.02247191011235955,0.0449438202247191,0.011235955056179775,0.06741573033707865,0.02247191011235955,0.1348314606741573,0.02247191011235955,0.0449438202247191,0.02247191011235955,0.02247191011235955,0.06741573033707865,0.06741573033707865,0.07865168539325842,0.07865168539325842,0.0,0.02247191011235955
YFL039C,0.08,0.01,0.08,0.07,0.03,0.11,0.04,0.07,0.04,0.04,0.05,0.03,0.05,0.03,0.06,0.05,0.03,0.08,0.02,0.03
Q0130,0.13157894736842105,0.013157894736842105,0.013157894736842105,0.013157894736842105,0.07894736842105263,0.13157894736842105,0.0,0.11842105263157894,0.02631578947368421,0.15789473684210525,0.039473684210526314,0.02631578947368421,0.02631578947368421,0.013157894736842105,0.013157894736842105,0.06578947368421052,0.039473684210526314,0.07894736842105263,0.0,0.013157894736842105
YNL031C,0.12,0.0,0.02,0.05,0.04,0.06,0.01,0.04,0.12,0.08,0.01,0.0,0.05,0.07,0.12,0.08,0.07,0.04,0.0,0.02
YPL096C-A,0.07352941176470588,0.04411764705882353,0.058823529411764705,0.029411764705882353,0.07352941176470588,0.029411764705882353,0.014705882352941176,0.029411764705882353,0.014705882352941176,0.19117647058823528,0.029411764705882353,0.029411764705882353,0.029411764705882353,0.014705882352941176,0.04411764705882353,0.08823529411764706,0.04411764705882353,0.04411764705882353,0.07352941176470588,0.04411764705882353
YKR035W-A,0.11,0.01,0.02,0.07,0.02,0.02,0.0,0.03,0.11,0.1,0.03,0.08,0.0,0.09,0.08,0.11,0.05,0.06,0.0,0.01
YBR233W-A,0.010638297872340425,0.0,0.05319148936170213,0.10638297872340426,0.0,0.0425531914893617,0.031914893617021274,0.05319148936170213,0.0851063829787234,0.1595744680851064,0.02127659574468085,0.031914893617021274,0.02127659574468085,0.1276595744680851,0.031914893617021274,0.10638297872340426,0.031914893617021274,0.05319148936170213,0.0,0.031914893617021274
YDR320C-A,0.05555555555555555,0.013888888888888888,0.013888888888888888,0.08333333333333333,0.013888888888888888,0.027777777777777776,0.027777777777777776,0.09722222222222222,0.05555555555555555,0.09722222222222222,0.027777777777777776,0.18055555555555555,0.041666666666666664,0.05555555555555555,0.041666666666666664,0.05555555555555555,0.027777777777777776,0.06944444444444445,0.0,0.013888888888888888
YKL138C-A,0.028985507246376812,0.014492753623188406,0.014492753623188406,0.07246376811594203,0.0,0.07246376811594203,0.028985507246376812,0.043478260869565216,0.07246376811594203,0.13043478260869565,0.057971014492753624,0.08695652173913043,0.0,0.14492753623188406,0.028985507246376812,0.043478260869565216,0.057971014492753624,0.028985507246376812,0.014492753623188406,0.057971014492753624
YNL220W,0.05,0.02,0.05,0.04,0.04,0.13,0.03,0.03,0.07,0.12,0.02,0.08,0.03,0.02,0.03,0.05,0.02,0.14,0.01,0.02
YJL081C,0.06,0.0,0.07,0.07,0.02,0.09,0.0,0.09,0.05,0.07,0.01,0.05,0.05,0.07,0.01,0.09,0.04,0.06,0.03,0.07
YLR191W,0.08,0.0,0.02,0.08,0.0,0.05,0.0,0.04,0.01,0.04,0.04,0.12,0.11,0.04,0.04,0.19,0.06,0.02,0.01,0.05
YPR133W-A,0.1,0.0,0.0,0.12,0.04,0.02,0.04,0.02,0.12,0.08,0.04,0.0,0.04,0.12,0.02,0.04,0.04,0.08,0.06,0.02
YDR322C-A,0.09375,0.010416666666666666,0.041666666666666664,0.11458333333333333,0.052083333333333336,0.03125,0.010416666666666666,0.03125,0.11458333333333333,0.11458333333333333,0.020833333333333332,0.07291666666666667,0.041666666666666664,0.020833333333333332,0.03125,0.052083333333333336,0.03125,0.08333333333333333,0.0,0.03125
YML081C-A,0.1016949152542373,0.0,0.05084745762711865,0.03389830508474576,0.1016949152542373,0.06779661016949153,0.0,0.03389830508474576,0.1016949152542373,0.05084745762711865,0.03389830508474576,0.05084745762711865,0.0847457627118644,0.0,0.05084745762711865,0.05084745762711865,0.03389830508474576,0.0847457627118644,0.01694915254237288,0.05084745762711865
YHR005C-A,0.06451612903225806,0.043010752688172046,0.03225806451612903,0.07526881720430108,0.06451612903225806,0.08602150537634409,0.0,0.021505376344086023,0.08602150537634409,0.07526881720430108,0.043010752688172046,0.0967741935483871,0.010752688172043012,0.08602150537634409,0.010752688172043012,0.08602150537634409,0.03225806451612903,0.053763440860215055,0.0,0.03225806451612903
YOL145C,0.06,0.01,0.07,0.12,0.02,0.04,0.03,0.05,0.06,0.14,0.04,0.05,0.05,0.01,0.01,0.06,0.09,0.04,0.03,0.02
YDL022W,0.09,0.01,0.01,0.08,0.03,0.08,0.02,0.07,0.08,0.06,0.02,0.07,0.04,0.02,0.04,0.08,0.07,0.09,0.02,0.02
YIL118W,0.03,0.04,0.07,0.06,0.07,0.06,0.02,0.08,0.04,0.09,0.02,0.03,0.03,0.02,0.05,0.12,0.07,0.05,0.01,0.04
YKR055W,0.02,0.02,0.04,0.04,0.03,0.09,0.01,0.04,0.07,0.11,0.02,0.07,0.09,0.03,0.04,0.11,0.08,0.06,0.0,0.03
YJR058C,0.05,0.02,0.09,0.03,0.09,0.03,0.05,0.07,0.03,0.1,0.02,0.02,0.02,0.06,0.07,0.08,0.01,0.1,0.01,0.05
YDR150W,0.06,0.01,0.08,0.05,0.03,0.07,0.03,0.03,0.09,0.05,0.03,0.11,0.01,0.02,0.04,0.18,0.06,0.04,0.0,0.01
YLR430W,0.05,0.01,0.05,0.07,0.04,0.03,0.01,0.09,0.06,0.09,0.01,0.16,0.07,0.06,0.0,0.07,0.05,0.05,0.0,0.03
YIL143C,0.07,0.0,0.14,0.08,0.03,0.07,0.01,0.03,0.1,0.03,0.05,0.04,0.04,0.03,0.05,0.11,0.08,0.02,0.0,0.02
YML121W,0.02,0.01,0.06,0.04,0.07,0.07,0.04,0.05,0.06,0.1,0.06,0.06,0.0,0.04,0.06,0.11,0.05,0.07,0.01,0.02
YFR028C,0.09,0.03,0.07,0.06,0.09,0.04,0.03,0.05,0.01,0.08,0.03,0.07,0.03,0.01,0.07,0.05,0.05,0.07,0.0,0.07
YKL148C,0.14,0.02,0.03,0.02,0.03,0.11,0.03,0.05,0.06,0.1,0.01,0.03,0.01,0.03,0.06,0.11,0.08,0.05,0.0,0.03
YBR126C,0.06,0.0,0.07,0.06,0.04,0.08,0.0,0.06,0.08,0.1,0.02,0.05,0.04,0.03,0.02,0.09,0.09,0.06,0.02,0.03
YPL259C,0.08,0.02,0.07,0.05,0.05,0.02,0.04,0.07,0.04,0.16,0.01,0.06,0.05,0.02,0.03,0.08,0.03,0.07,0.0,0.05
YDR028C,0.05,0.0,0.15,0.05,0.03,0.05,0.03,0.03,0.09,0.07,0.04,0.12,0.02,0.01,0.04,0.11,0.04,0.04,0.0,0.03
YIL061C,0.03,0.0,0.06,0.04,0.02,0.02,0.03,0.04,0.08,0.11,0.02,0.11,0.11,0.04,0.07,0.07,0.04,0.03,0.01,0.07
YDR463W,0.05,0.03,0.06,0.07,0.04,0.05,0.03,0.09,0.06,0.08,0.02,0.05,0.07,0.01,0.03,0.12,0.08,0.04,0.0,0.02
YNR016C,0.06,0.0,0.04,0.11,0.05,0.06,0.04,0.07,0.06,0.06,0.03,0.04,0.04,0.02,0.05,0.09,0.07,0.07,0.01,0.03
YNL248C,0.04,0.0,0.05,0.1,0.06,0.05,0.01,0.03,0.11,0.06,0.01,0.03,0.04,0.05,0.03,0.14,0.03,0.11,0.0,0.05
YGL130W,0.03,0.03,0.05,0.07,0.04,0.06,0.02,0.05,0.06,0.09,0.06,0.05,0.08,0.05,0.03,0.05,0.05,0.1,0.0,0.03
YGL129C,0.08,0.0,0.02,0.0,0.05,0.04,0.01,0.03,0.1,0.08,0.02,0.05,0.05,0.07,0.05,0.15,0.11,0.05,0.01,0.03
YER069W,0.08,0.0,0.0,0.02,0.07,0.03,0.0,0.03,0.09,0.08,0.01,0.05,0.04,0.06,0.06,0.17,0.08,0.09,0.0,0.04
YAL043C,0.11,0.0,0.03,0.05,0.03,0.01,0.02,0.03,0.06,0.17,0.07,0.06,0.06,0.05,0.01,0.07,0.07,0.07,0.0,0.03
YJL095W,0.05,0.0,0.05,0.03,0.05,0.03,0.04,0.05,0.05,0.03,0.01,0.05,0.07,0.04,0.05,0.22,0.12,0.03,0.01,0.02
YBR215W,0.05,0.0,0.06,0.05,0.02,0.06,0.0,0.07,0.13,0.04,0.02,0.1,0.05,0.04,0.02,0.17,0.08,0.03,0.0,0.01
YPR135W,0.05,0.03,0.07,0.06,0.04,0.04,0.01,0.04,0.07,0.14,0.03,0.08,0.04,0.02,0.03,0.1,0.07,0.06,0.0,0.02
YLR038C,0.060240963855421686,0.04819277108433735,0.10843373493975904,0.04819277108433735,0.060240963855421686,0.04819277108433735,0.03614457831325301,0.03614457831325301,0.08433734939759036,0.03614457831325301,0.024096385542168676,0.060240963855421686,0.04819277108433735,0.07228915662650602,0.024096385542168676,0.03614457831325301,0.03614457831325301,0.04819277108433735,0.04819277108433735,0.03614457831325301
YNL239W,0.04,0.0,0.06,0.01,0.03,0.01,0.02,0.04,0.08,0.12,0.02,0.08,0.03,0.06,0.06,0.14,0.1,0.07,0.01,0.02
YDR432W,0.09,0.0,0.04,0.17,0.0,0.01,0.06,0.01,0.0,0.01,0.01,0.02,0.22,0.17,0.0,0.07,0.01,0.07,0.0,0.04
YAL054C,0.09,0.0,0.05,0.08,0.03,0.02,0.05,0.05,0.1,0.08,0.02,0.01,0.06,0.1,0.03,0.13,0.04,0.03,0.0,0.03
YDR077W,0.12,0.0,0.02,0.06,0.01,0.05,0.0,0.04,0.01,0.05,0.01,0.04,0.07,0.01,0.0,0.23,0.25,0.03,0.0,0.0
YLR026C,0.07,0.0,0.02,0.1,0.06,0.03,0.01,0.05,0.12,0.08,0.02,0.09,0.02,0.07,0.06,0.11,0.04,0.04,0.0,0.01
YMR198W,0.01,0.01,0.08,0.03,0.03,0.04,0.02,0.07,0.13,0.07,0.03,0.11,0.05,0.02,0.08,0.08,0.08,0.04,0.0,0.02
YLR244C,0.07,0.06,0.04,0.03,0.03,0.06,0.03,0.03,0.1,0.05,0.02,0.03,0.06,0.04,0.03,0.1,0.1,0.05,0.0,0.07
YNL199C,0.06,0.0,0.04,0.02,0.01,0.1,0.02,0.07,0.02,0.06,0.03,0.12,0.05,0.03,0.01,0.16,0.14,0.05,0.0,0.01
YIL022W,0.08,0.0,0.02,0.07,0.04,0.06,0.01,0.03,0.08,0.09,0.01,0.02,0.02,0.07,0.11,0.11,0.11,0.02,0.01,0.04
YOL040C,0.11,0.0,0.02,0.06,0.04,0.06,0.02,0.04,0.11,0.06,0.07,0.04,0.06,0.01,0.1,0.05,0.04,0.09,0.0,0.02
YDR039C,0.08,0.01,0.05,0.1,0.04,0.07,0.02,0.07,0.04,0.08,0.05,0.06,0.0,0.02,0.03,0.06,0.1,0.09,0.01,0.02
YOR334W,0.04,0.02,0.03,0.02,0.08,0.02,0.01,0.07,0.07,0.12,0.02,0.06,0.06,0.02,0.09,0.15,0.08,0.02,0.01,0.01
YGL048C,0.05,0.0,0.04,0.11,0.02,0.04,0.01,0.08,0.12,0.08,0.01,0.04,0.03,0.05,0.06,0.06,0.05,0.12,0.0,0.03
YKR080W,0.08,0.0,0.06,0.08,0.05,0.07,0.01,0.07,0.07,0.06,0.04,0.08,0.04,0.03,0.03,0.05,0.07,0.06,0.01,0.04
YNL167C,0.02,0.0,0.04,0.07,0.04,0.03,0.04,0.03,0.05,0.07,0.01,0.09,0.09,0.04,0.04,0.22,0.09,0.03,0.0,0.0
YMR022W,0.04,0.02,0.07,0.04,0.04,0.06,0.02,0.09,0.08,0.1,0.01,0.05,0.15,0.04,0.01,0.07,0.04,0.03,0.01,0.03
YGL172W,0.11,0.0,0.0,0.0,0.08,0.27,0.0,0.0,0.03,0.05,0.01,0.09,0.04,0.09,0.0,0.1,0.13,0.0,0.0,0.0
YKR003W,0.02,0.01,0.09,0.06,0.04,0.04,0.04,0.08,0.08,0.11,0.02,0.04,0.04,0.05,0.04,0.15,0.07,0.02,0.0,0.0
YKR007W,0.08,0.02,0.07,0.14,0.0,0.07,0.03,0.06,0.04,0.1,0.03,0.08,0.0,0.1,0.06,0.05,0.02,0.03,0.0,0.02
YKR008W,0.03,0.0,0.08,0.04,0.07,0.03,0.04,0.06,0.15,0.08,0.02,0.04,0.1,0.04,0.04,0.04,0.03,0.04,0.01,0.06
YKR009C,0.11,0.0,0.06,0.05,0.02,0.16,0.01,0.07,0.08,0.07,0.01,0.08,0.01,0.0,0.03,0.05,0.03,0.13,0.0,0.03
YGR074W,0.05,0.0,0.03,0.02,0.01,0.06,0.0,0.09,0.06,0.14,0.03,0.1,0.05,0.08,0.04,0.07,0.09,0.05,0.01,0.02
YML073C,0.1,0.0,0.02,0.04,0.02,0.06,0.01,0.03,0.11,0.11,0.01,0.04,0.06,0.02,0.09,0.06,0.05,0.13,0.01,0.03
YDR448W,0.05,0.08,0.08,0.06,0.02,0.08,0.04,0.07,0.04,0.06,0.01,0.04,0.05,0.04,0.05,0.07,0.04,0.05,0.02,0.05
YDR449C,0.01,0.02,0.05,0.06,0.03,0.04,0.01,0.09,0.11,0.08,0.03,0.07,0.01,0.05,0.09,0.09,0.05,0.04,0.01,0.06
YKR095W,0.03,0.01,0.09,0.11,0.05,0.04,0.02,0.05,0.11,0.1,0.03,0.09,0.01,0.03,0.04,0.1,0.03,0.06,0.0,0.0
YPL128C,0.04,0.02,0.05,0.03,0.05,0.01,0.02,0.1,0.02,0.16,0.02,0.09,0.04,0.06,0.06,0.1,0.08,0.04,0.0,0.01
YMR072W,0.06,0.0,0.02,0.08,0.04,0.02,0.02,0.05,0.12,0.13,0.01,0.05,0.05,0.05,0.07,0.11,0.05,0.01,0.01,0.05
YOR148C,0.05,0.0,0.08,0.08,0.03,0.01,0.01,0.05,0.22,0.1,0.01,0.06,0.02,0.03,0.0,0.13,0.05,0.04,0.01,0.02
YMR240C,0.07,0.0,0.05,0.08,0.02,0.04,0.01,0.04,0.17,0.03,0.03,0.13,0.02,0.05,0.06,0.04,0.05,0.11,0.0,0.0
YLR288C,0.04,0.04,0.05,0.04,0.02,0.04,0.01,0.09,0.05,0.13,0.02,0.08,0.03,0.01,0.07,0.09,0.12,0.04,0.01,0.02
YPL014W,0.07,0.02,0.08,0.04,0.03,0.01,0.03,0.03,0.05,0.09,0.03,0.09,0.1,0.07,0.06,0.1,0.05,0.02,0.0,0.03
YKL068W,0.06,0.0,0.0,0.0,0.1,0.16,0.0,0.0,0.0,0.04,0.03,0.23,0.03,0.08,0.01,0.21,0.05,0.0,0.0,0.0
YMR047C,0.08,0.0,0.0,0.0,0.1,0.17,0.0,0.01,0.0,0.02,0.03,0.11,0.06,0.13,0.01,0.13,0.13,0.02,0.0,0.0
YPL037C,0.11,0.0,0.06,0.03,0.04,0.07,0.03,0.02,0.14,0.09,0.02,0.09,0.02,0.08,0.02,0.05,0.04,0.08,0.0,0.01
YDR424C,0.05434782608695652,0.0,0.08695652173913043,0.043478260869565216,0.05434782608695652,0.06521739130434782,0.03260869565217391,0.07608695652173914,0.13043478260869565,0.07608695652173914,0.010869565217391304,0.03260869565217391,0.021739130434782608,0.021739130434782608,0.010869565217391304,0.05434782608695652,0.07608695652173914,0.08695652173913043,0.010869565217391304,0.05434782608695652
YPL024W,0.06,0.0,0.09,0.04,0.03,0.03,0.0,0.09,0.09,0.12,0.02,0.03,0.04,0.06,0.05,0.09,0.07,0.06,0.01,0.02
YPL019C,0.04,0.0,0.09,0.11,0.04,0.02,0.01,0.06,0.13,0.1,0.01,0.05,0.02,0.03,0.04,0.1,0.02,0.06,0.02,0.05
YPL018W,0.05,0.0,0.13,0.07,0.01,0.04,0.04,0.05,0.06,0.13,0.02,0.09,0.0,0.08,0.03,0.07,0.09,0.03,0.0,0.01
YPL017C,0.13,0.02,0.06,0.06,0.04,0.11,0.0,0.03,0.02,0.13,0.04,0.0,0.03,0.08,0.04,0.05,0.05,0.06,0.0,0.05
YPL065W,0.02,0.0,0.09,0.08,0.05,0.0,0.04,0.1,0.11,0.09,0.01,0.08,0.01,0.08,0.0,0.08,0.06,0.06,0.0,0.04
YML091C,0.06,0.0,0.06,0.02,0.04,0.02,0.08,0.03,0.04,0.1,0.01,0.12,0.05,0.05,0.03,0.11,0.04,0.08,0.0,0.06
YDL212W,0.04,0.03,0.03,0.04,0.09,0.07,0.04,0.06,0.02,0.13,0.05,0.04,0.06,0.03,0.01,0.07,0.07,0.07,0.0,0.05
YDR088C,0.04,0.0,0.06,0.08,0.0,0.08,0.03,0.07,0.12,0.03,0.02,0.14,0.05,0.06,0.07,0.05,0.04,0.01,0.01,0.04
YPL063W,0.05,0.0,0.07,0.08,0.02,0.06,0.0,0.02,0.11,0.1,0.02,0.05,0.03,0.03,0.08,0.15,0.06,0.06,0.0,0.01
YPL059W,0.08,0.01,0.03,0.09,0.08,0.06,0.0,0.07,0.07,0.1,0.03,0.04,0.08,0.02,0.07,0.06,0.04,0.04,0.0,0.03
YPL058C,0.06,0.0,0.11,0.1,0.02,0.02,0.05,0.06,0.04,0.1,0.03,0.06,0.0,0.03,0.06,0.17,0.03,0.03,0.0,0.03
YOR048C,0.04,0.01,0.05,0.08,0.03,0.04,0.02,0.05,0.04,0.11,0.05,0.07,0.12,0.02,0.05,0.06,0.02,0.09,0.01,0.04
YGL213C,0.09,0.03,0.09,0.03,0.07,0.05,0.05,0.04,0.07,0.09,0.01,0.05,0.01,0.01,0.03,0.11,0.05,0.08,0.01,0.03
YOR047C,0.05,0.0,0.03,0.05,0.03,0.03,0.03,0.05,0.05,0.05,0.02,0.17,0.11,0.03,0.07,0.09,0.06,0.06,0.0,0.02
YMR149W,0.07,0.01,0.03,0.08,0.07,0.04,0.01,0.09,0.05,0.07,0.03,0.06,0.07,0.04,0.02,0.06,0.08,0.11,0.0,0.01
YPL055C,0.07,0.0,0.03,0.02,0.0,0.15,0.03,0.0,0.0,0.01,0.01,0.09,0.07,0.06,0.13,0.11,0.06,0.0,0.0,0.16
YPL051W,0.04,0.01,0.04,0.06,0.05,0.07,0.02,0.08,0.1,0.12,0.02,0.05,0.02,0.05,0.01,0.07,0.05,0.06,0.03,0.05
YOR018W,0.02,0.0,0.06,0.04,0.06,0.04,0.03,0.08,0.05,0.15,0.01,0.05,0.07,0.02,0.08,0.12,0.04,0.05,0.01,0.02
YNL189W,0.06,0.0,0.12,0.08,0.05,0.03,0.0,0.01,0.06,0.06,0.02,0.05,0.04,0.1,0.11,0.1,0.06,0.03,0.0,0.02
YPL101W,0.05,0.0,0.06,0.02,0.01,0.11,0.02,0.03,0.05,0.11,0.03,0.04,0.09,0.01,0.11,0.13,0.1,0.03,0.0,0.0
YPL100W,0.06,0.04,0.07,0.11,0.05,0.05,0.01,0.07,0.07,0.04,0.01,0.13,0.01,0.03,0.03,0.11,0.06,0.05,0.0,0.0
YPL099C,0.04,0.0,0.06,0.09,0.02,0.02,0.03,0.07,0.1,0.15,0.02,0.05,0.03,0.03,0.08,0.08,0.08,0.03,0.0,0.02
YPL096W,0.06,0.01,0.08,0.06,0.06,0.05,0.04,0.07,0.1,0.1,0.02,0.07,0.02,0.05,0.01,0.05,0.03,0.07,0.01,0.04
YPL093W,0.05,0.0,0.07,0.04,0.06,0.04,0.03,0.09,0.09,0.08,0.03,0.05,0.06,0.02,0.08,0.03,0.07,0.06,0.01,0.04
YPL087W,0.04,0.01,0.02,0.07,0.05,0.06,0.01,0.08,0.02,0.11,0.04,0.04,0.06,0.02,0.03,0.09,0.07,0.03,0.06,0.09
YPL086C,0.07,0.02,0.04,0.04,0.01,0.05,0.01,0.08,0.16,0.11,0.01,0.04,0.06,0.04,0.05,0.05,0.09,0.03,0.0,0.04
YPL126W,0.03,0.01,0.02,0.06,0.03,0.06,0.0,0.09,0.07,0.11,0.01,0.11,0.03,0.08,0.03,0.1,0.05,0.08,0.0,0.03
YPL123C,0.01,0.05,0.06,0.05,0.06,0.08,0.03,0.07,0.05,0.13,0.01,0.1,0.08,0.05,0.0,0.07,0.04,0.01,0.02,0.03
YPL122C,0.05,0.01,0.03,0.04,0.04,0.02,0.02,0.07,0.07,0.15,0.05,0.08,0.06,0.06,0.02,0.09,0.04,0.05,0.01,0.04
YPL120W,0.04,0.03,0.1,0.05,0.02,0.04,0.02,0.09,0.06,0.15,0.01,0.12,0.04,0.05,0.04,0.06,0.06,0.02,0.0,0.0
YPL118W,0.04,0.0,0.02,0.06,0.03,0.06,0.03,0.07,0.07,0.1,0.02,0.05,0.06,0.05,0.08,0.06,0.1,0.04,0.02,0.04
YPL116W,0.11,0.0,0.01,0.05,0.05,0.01,0.03,0.05,0.06,0.07,0.03,0.03,0.07,0.06,0.06,0.14,0.04,0.08,0.01,0.04
YPL110C,0.06,0.0,0.07,0.05,0.06,0.03,0.02,0.06,0.11,0.05,0.03,0.06,0.04,0.05,0.06,0.1,0.04,0.03,0.01,0.07
YPL141C,0.01,0.0,0.06,0.05,0.07,0.08,0.02,0.05,0.1,0.05,0.01,0.06,0.04,0.04,0.07,0.09,0.08,0.04,0.01,0.07
YPL139C,0.01,0.02,0.05,0.08,0.04,0.05,0.02,0.1,0.1,0.09,0.01,0.04,0.06,0.02,0.01,0.17,0.03,0.06,0.01,0.03
YPL138C,0.02,0.09,0.07,0.04,0.05,0.08,0.03,0.06,0.08,0.07,0.02,0.03,0.08,0.03,0.04,0.05,0.06,0.03,0.03,0.04
YGR098C,0.04,0.0,0.06,0.04,0.01,0.03,0.06,0.1,0.05,0.11,0.04,0.09,0.04,0.02,0.02,0.15,0.08,0.04,0.0,0.02
YPL135W,0.08,0.02,0.04,0.02,0.03,0.09,0.03,0.07,0.07,0.08,0.04,0.04,0.07,0.01,0.07,0.05,0.06,0.11,0.0,0.02
YDR539W,0.07,0.01,0.08,0.09,0.04,0.07,0.04,0.1,0.1,0.13,0.02,0.03,0.06,0.01,0.05,0.04,0.03,0.02,0.0,0.01
YLL050C,0.07,0.01,0.08,0.08,0.07,0.05,0.0,0.05,0.1,0.08,0.02,0.05,0.04,0.0,0.03,0.08,0.06,0.07,0.01,0.05
YPL049C,0.1,0.0,0.09,0.1,0.0,0.07,0.02,0.04,0.11,0.04,0.01,0.05,0.05,0.03,0.05,0.13,0.07,0.04,0.0,0.0
YPL047W,0.050505050505050504,0.030303030303030304,0.06060606060606061,0.050505050505050504,0.010101010101010102,0.050505050505050504,0.020202020202020204,0.08080808080808081,0.020202020202020204,0.12121212121212122,0.010101010101010102,0.0707070707070707,0.020202020202020204,0.09090909090909091,0.09090909090909091,0.08080808080808081,0.08080808080808081,0.020202020202020204,0.0,0.04040404040404041
YPL046C,0.06060606060606061,0.0,0.08080808080808081,0.13131313131313133,0.04040404040404041,0.030303030303030304,0.010101010101010102,0.08080808080808081,0.0707070707070707,0.1111111111111111,0.04040404040404041,0.020202020202020204,0.04040404040404041,0.020202020202020204,0.030303030303030304,0.1111111111111111,0.030303030303030304,0.04040404040404041,0.0,0.050505050505050504
YPL038W,0.11,0.02,0.03,0.08,0.01,0.05,0.03,0.09,0.06,0.08,0.03,0.05,0.07,0.05,0.06,0.08,0.05,0.04,0.0,0.01
YIL009C-A,0.04,0.03,0.06,0.05,0.04,0.01,0.07,0.08,0.07,0.08,0.02,0.03,0.08,0.05,0.01,0.11,0.05,0.07,0.01,0.04
YML130C,0.09,0.05,0.1,0.02,0.08,0.01,0.02,0.04,0.04,0.1,0.01,0.11,0.01,0.03,0.05,0.08,0.09,0.03,0.01,0.03
YML127W,0.09,0.0,0.02,0.07,0.03,0.05,0.01,0.04,0.04,0.09,0.05,0.09,0.08,0.02,0.03,0.12,0.08,0.07,0.01,0.01
YDR043C,0.03,0.0,0.04,0.09,0.05,0.03,0.02,0.03,0.07,0.09,0.03,0.09,0.07,0.04,0.03,0.09,0.07,0.06,0.01,0.06
YMR100W,0.03,0.01,0.07,0.07,0.02,0.01,0.03,0.07,0.04,0.16,0.01,0.1,0.02,0.0,0.07,0.13,0.07,0.05,0.01,0.03
YKL164C,0.19,0.0,0.04,0.01,0.01,0.07,0.0,0.08,0.08,0.04,0.01,0.0,0.04,0.07,0.01,0.11,0.15,0.04,0.01,0.04
YKL163W,0.22,0.0,0.04,0.01,0.01,0.05,0.0,0.05,0.08,0.04,0.01,0.0,0.04,0.05,0.01,0.16,0.11,0.07,0.01,0.04
YDR091C,0.06,0.09,0.03,0.04,0.03,0.03,0.03,0.11,0.12,0.06,0.01,0.04,0.07,0.02,0.05,0.08,0.06,0.06,0.0,0.01
YMR172W,0.05,0.01,0.06,0.02,0.04,0.09,0.01,0.09,0.02,0.12,0.06,0.06,0.04,0.01,0.05,0.12,0.1,0.02,0.0,0.03
YMR178W,0.05,0.05,0.1,0.08,0.05,0.07,0.02,0.11,0.07,0.05,0.02,0.04,0.02,0.02,0.02,0.03,0.09,0.08,0.0,0.03
YMR278W,0.06,0.01,0.06,0.04,0.05,0.06,0.01,0.05,0.06,0.1,0.03,0.04,0.04,0.09,0.06,0.07,0.06,0.08,0.02,0.01
YDR457W,0.06,0.04,0.11,0.1,0.02,0.02,0.01,0.05,0.12,0.12,0.04,0.0,0.04,0.02,0.06,0.01,0.03,0.07,0.02,0.06
YDR460W,0.01,0.07,0.11,0.08,0.07,0.02,0.01,0.07,0.11,0.05,0.03,0.06,0.05,0.02,0.06,0.03,0.03,0.08,0.0,0.04
YDR465C,0.05,0.0,0.06,0.11,0.05,0.02,0.04,0.04,0.06,0.12,0.04,0.05,0.06,0.04,0.04,0.07,0.07,0.05,0.0,0.03
YPL045W,0.03,0.01,0.06,0.08,0.07,0.04,0.01,0.11,0.11,0.1,0.01,0.03,0.03,0.05,0.04,0.06,0.03,0.06,0.03,0.04
YDR468C,0.03,0.0,0.13,0.11,0.02,0.02,0.01,0.09,0.07,0.06,0.02,0.08,0.01,0.1,0.08,0.04,0.05,0.07,0.0,0.01
YDR469W,0.02,0.01,0.09,0.11,0.02,0.01,0.03,0.05,0.06,0.02,0.04,0.17,0.04,0.05,0.01,0.14,0.05,0.07,0.0,0.01
YGR252W,0.02,0.0,0.06,0.21,0.04,0.08,0.02,0.05,0.12,0.02,0.01,0.05,0.03,0.04,0.03,0.02,0.08,0.11,0.0,0.01
YDR472W,0.07,0.01,0.04,0.07,0.05,0.06,0.02,0.08,0.05,0.08,0.03,0.01,0.04,0.08,0.05,0.13,0.07,0.01,0.0,0.05
YDR473C,0.01,0.0,0.03,0.09,0.04,0.07,0.03,0.02,0.09,0.08,0.01,0.08,0.07,0.04,0.11,0.1,0.06,0.0,0.0,0.07
YDR480W,0.01,0.0,0.06,0.11,0.01,0.03,0.02,0.06,0.12,0.11,0.03,0.05,0.07,0.09,0.04,0.11,0.05,0.03,0.0,0.0
YDR482C,0.06,0.01,0.03,0.12,0.0,0.05,0.03,0.05,0.09,0.06,0.02,0.04,0.02,0.12,0.1,0.12,0.03,0.04,0.0,0.01
YDR485C,0.03,0.0,0.16,0.18,0.03,0.05,0.0,0.06,0.08,0.07,0.03,0.05,0.0,0.06,0.06,0.08,0.05,0.0,0.0,0.01
YDR486C,0.04,0.0,0.04,0.02,0.02,0.02,0.01,0.05,0.09,0.13,0.04,0.12,0.01,0.19,0.05,0.12,0.03,0.0,0.01,0.01
YDR489W,0.03,0.01,0.1,0.05,0.01,0.02,0.02,0.08,0.06,0.11,0.04,0.06,0.04,0.07,0.04,0.12,0.08,0.03,0.01,0.02
YML041C,0.04,0.0,0.08,0.07,0.02,0.03,0.01,0.07,0.08,0.06,0.01,0.06,0.03,0.06,0.1,0.13,0.07,0.02,0.0,0.06
YML039W,0.1,0.03,0.02,0.06,0.0,0.03,0.06,0.01,0.04,0.02,0.03,0.06,0.12,0.12,0.0,0.16,0.08,0.05,0.0,0.01
YDL002C,0.03,0.01,0.04,0.12,0.02,0.02,0.01,0.02,0.13,0.16,0.02,0.04,0.07,0.03,0.11,0.06,0.04,0.06,0.0,0.01
YDR205W,0.1,0.0,0.03,0.03,0.1,0.0,0.03,0.09,0.03,0.15,0.01,0.06,0.04,0.01,0.04,0.12,0.05,0.04,0.0,0.07
YDL020C,0.05,0.0,0.03,0.05,0.05,0.01,0.07,0.04,0.05,0.08,0.01,0.1,0.07,0.06,0.01,0.1,0.14,0.01,0.01,0.06
YDR206W,0.07,0.01,0.06,0.04,0.09,0.03,0.02,0.07,0.06,0.11,0.02,0.06,0.03,0.07,0.01,0.15,0.03,0.02,0.03,0.02
YDR210W-B,0.08,0.0,0.03,0.06,0.01,0.04,0.07,0.0,0.03,0.03,0.04,0.08,0.12,0.11,0.01,0.14,0.06,0.07,0.0,0.02
YMR259C,0.05,0.01,0.06,0.08,0.07,0.01,0.02,0.11,0.07,0.11,0.01,0.07,0.03,0.07,0.04,0.08,0.05,0.04,0.0,0.02
YHL007C,0.08,0.0,0.13,0.04,0.01,0.11,0.01,0.02,0.04,0.07,0.03,0.12,0.05,0.02,0.04,0.1,0.07,0.05,0.0,0.01
YPR051W,0.05,0.02,0.05,0.06,0.02,0.06,0.02,0.11,0.07,0.08,0.03,0.05,0.06,0.02,0.06,0.05,0.03,0.07,0.01,0.08
YMR272C,0.06,0.01,0.1,0.11,0.02,0.04,0.04,0.06,0.06,0.09,0.02,0.04,0.01,0.02,0.03,0.08,0.1,0.04,0.01,0.06
YMR290C,0.1,0.01,0.03,0.1,0.03,0.06,0.0,0.03,0.09,0.08,0.03,0.03,0.07,0.04,0.04,0.09,0.12,0.05,0.0,0.0
YMR291W,0.05,0.02,0.05,0.06,0.03,0.03,0.02,0.06,0.11,0.09,0.04,0.06,0.03,0.08,0.04,0.1,0.06,0.04,0.01,0.02
YMR292W,0.05,0.0,0.02,0.02,0.21,0.13,0.0,0.11,0.04,0.17,0.01,0.02,0.01,0.02,0.04,0.03,0.06,0.03,0.02,0.01
YMR293C,0.04,0.02,0.04,0.05,0.06,0.04,0.02,0.08,0.12,0.09,0.01,0.06,0.05,0.02,0.02,0.11,0.1,0.05,0.0,0.02
YHR179W,0.07,0.0,0.04,0.06,0.04,0.08,0.02,0.08,0.06,0.06,0.02,0.06,0.11,0.06,0.06,0.03,0.06,0.03,0.03,0.03
YMR298W,0.05,0.03,0.03,0.06,0.05,0.05,0.02,0.1,0.1,0.06,0.01,0.03,0.08,0.02,0.06,0.07,0.07,0.04,0.02,0.05
YER138C,0.1,0.03,0.02,0.06,0.0,0.03,0.05,0.01,0.04,0.02,0.03,0.06,0.13,0.12,0.0,0.16,0.08,0.05,0.0,0.01
YER160C,0.1,0.02,0.03,0.04,0.0,0.03,0.05,0.02,0.04,0.02,0.03,0.07,0.13,0.12,0.0,0.15,0.07,0.05,0.0,0.03
YML077W,0.04,0.03,0.05,0.03,0.06,0.06,0.02,0.08,0.07,0.08,0.02,0.05,0.0,0.04,0.05,0.14,0.07,0.03,0.03,0.05
YML076C,0.05,0.07,0.09,0.05,0.01,0.04,0.01,0.07,0.13,0.04,0.01,0.05,0.06,0.04,0.04,0.07,0.09,0.06,0.0,0.02
YML072C,0.06,0.0,0.07,0.05,0.02,0.07,0.07,0.04,0.12,0.03,0.01,0.06,0.06,0.09,0.01,0.12,0.05,0.06,0.0,0.01
YMR213W,0.09,0.01,0.04,0.08,0.02,0.03,0.01,0.03,0.08,0.1,0.03,0.05,0.06,0.08,0.05,0.04,0.05,0.08,0.04,0.03
YMR215W,0.1,0.01,0.08,0.03,0.04,0.05,0.01,0.06,0.04,0.09,0.02,0.06,0.06,0.04,0.03,0.12,0.04,0.07,0.0,0.05
YMR218C,0.03,0.02,0.08,0.07,0.07,0.04,0.01,0.09,0.04,0.09,0.01,0.04,0.09,0.05,0.08,0.05,0.02,0.07,0.02,0.03
YMR006C,0.09,0.01,0.07,0.02,0.03,0.04,0.01,0.04,0.04,0.13,0.01,0.05,0.04,0.02,0.04,0.22,0.09,0.02,0.01,0.02
YMR009W,0.07,0.03,0.06,0.16,0.03,0.05,0.04,0.05,0.07,0.07,0.01,0.07,0.01,0.02,0.05,0.05,0.02,0.07,0.0,0.07
YMR010W,0.09,0.02,0.06,0.02,0.05,0.03,0.0,0.12,0.04,0.1,0.04,0.02,0.04,0.02,0.02,0.1,0.12,0.03,0.01,0.07
YMR012W,0.02,0.0,0.05,0.11,0.01,0.04,0.03,0.07,0.17,0.08,0.03,0.06,0.02,0.03,0.0,0.12,0.07,0.08,0.0,0.01
YMR200W,0.03,0.02,0.04,0.07,0.05,0.09,0.01,0.04,0.06,0.09,0.02,0.04,0.07,0.04,0.01,0.11,0.06,0.04,0.03,0.08
YKL011C,0.07,0.03,0.04,0.05,0.04,0.04,0.0,0.07,0.11,0.11,0.03,0.06,0.02,0.1,0.04,0.08,0.05,0.04,0.01,0.01
YML036W,0.05,0.03,0.05,0.06,0.06,0.02,0.0,0.09,0.09,0.09,0.04,0.05,0.04,0.03,0.04,0.12,0.04,0.07,0.0,0.03
YML030W,0.09,0.02,0.04,0.05,0.04,0.08,0.01,0.05,0.08,0.11,0.03,0.02,0.03,0.05,0.06,0.05,0.06,0.07,0.02,0.04
YML029W,0.04,0.03,0.02,0.07,0.02,0.02,0.04,0.09,0.03,0.13,0.01,0.05,0.05,0.06,0.04,0.11,0.09,0.02,0.01,0.07
YML019W,0.07,0.03,0.07,0.01,0.04,0.05,0.04,0.11,0.05,0.07,0.03,0.05,0.03,0.04,0.03,0.07,0.09,0.05,0.02,0.05
YML114C,0.04,0.01,0.05,0.05,0.03,0.03,0.02,0.06,0.04,0.19,0.03,0.07,0.02,0.07,0.04,0.09,0.09,0.07,0.0,0.0
YML111W,0.03,0.01,0.08,0.05,0.02,0.02,0.03,0.02,0.03,0.1,0.03,0.08,0.04,0.07,0.12,0.17,0.09,0.01,0.0,0.0
YDR145W,0.13,0.0,0.02,0.05,0.02,0.06,0.0,0.02,0.04,0.07,0.04,0.14,0.03,0.1,0.07,0.06,0.09,0.04,0.0,0.02
YDR153C,0.08,0.0,0.06,0.03,0.01,0.03,0.03,0.07,0.08,0.09,0.02,0.07,0.05,0.05,0.09,0.03,0.06,0.06,0.01,0.08
YDR160W,0.02,0.0,0.09,0.08,0.04,0.04,0.04,0.09,0.07,0.07,0.03,0.06,0.03,0.06,0.02,0.13,0.08,0.01,0.01,0.03
YDR161W,0.12,0.01,0.05,0.09,0.04,0.08,0.0,0.07,0.1,0.09,0.03,0.07,0.04,0.05,0.02,0.04,0.03,0.05,0.0,0.02
YDR165W,0.06,0.01,0.05,0.06,0.04,0.06,0.02,0.06,0.11,0.07,0.01,0.08,0.06,0.06,0.03,0.12,0.04,0.03,0.02,0.01
YDR235W,0.06,0.02,0.03,0.06,0.04,0.02,0.02,0.06,0.08,0.15,0.03,0.06,0.04,0.03,0.03,0.09,0.05,0.03,0.01,0.09
YDR236C,0.05,0.02,0.07,0.02,0.07,0.09,0.01,0.09,0.03,0.11,0.02,0.06,0.09,0.02,0.03,0.02,0.09,0.07,0.01,0.03
YDR240C,0.03,0.02,0.07,0.04,0.04,0.07,0.04,0.06,0.1,0.08,0.03,0.04,0.04,0.07,0.1,0.07,0.05,0.01,0.01,0.03
YDR246W,0.05,0.0,0.02,0.05,0.02,0.08,0.02,0.09,0.05,0.1,0.02,0.14,0.03,0.06,0.03,0.08,0.09,0.03,0.0,0.04
YDR247W,0.06,0.01,0.06,0.07,0.03,0.05,0.02,0.08,0.1,0.07,0.05,0.07,0.01,0.04,0.05,0.08,0.02,0.08,0.0,0.05
YMR153W,0.05,0.0,0.03,0.07,0.04,0.06,0.01,0.04,0.06,0.08,0.02,0.09,0.1,0.14,0.04,0.1,0.03,0.03,0.01,0.0
YMR159C,0.06,0.0,0.08,0.1,0.02,0.04,0.02,0.08,0.1,0.13,0.02,0.1,0.01,0.04,0.08,0.05,0.05,0.02,0.0,0.0
YMR164C,0.09,0.0,0.06,0.02,0.04,0.04,0.02,0.05,0.06,0.09,0.02,0.14,0.02,0.03,0.03,0.15,0.06,0.03,0.01,0.04
YDR096W,0.03,0.0,0.05,0.12,0.06,0.05,0.01,0.1,0.09,0.06,0.03,0.06,0.08,0.05,0.01,0.06,0.02,0.07,0.02,0.03
YDR097C,0.06,0.0,0.06,0.05,0.04,0.05,0.01,0.03,0.13,0.05,0.03,0.04,0.07,0.05,0.01,0.12,0.14,0.06,0.0,0.0
YDR098C-B,0.1,0.02,0.03,0.04,0.0,0.03,0.05,0.02,0.04,0.02,0.03,0.07,0.13,0.12,0.0,0.15,0.07,0.05,0.0,0.03
YDR101C,0.06,0.01,0.06,0.05,0.01,0.02,0.02,0.11,0.07,0.13,0.01,0.05,0.02,0.08,0.04,0.06,0.11,0.04,0.0,0.05
YDR104C,0.05,0.01,0.05,0.02,0.04,0.03,0.01,0.04,0.07,0.08,0.02,0.05,0.04,0.07,0.07,0.11,0.06,0.11,0.02,0.05
YDR128W,0.06,0.01,0.06,0.01,0.03,0.06,0.03,0.09,0.05,0.07,0.01,0.06,0.1,0.04,0.03,0.11,0.04,0.06,0.05,0.03
YDR130C,0.0,0.01,0.05,0.03,0.03,0.04,0.01,0.06,0.1,0.06,0.05,0.1,0.08,0.04,0.1,0.13,0.06,0.04,0.0,0.01
YDR140W,0.06,0.04,0.07,0.07,0.05,0.04,0.02,0.08,0.08,0.12,0.02,0.05,0.05,0.03,0.01,0.07,0.05,0.05,0.01,0.03
YDR141C,0.07,0.0,0.04,0.04,0.03,0.02,0.01,0.02,0.08,0.13,0.01,0.04,0.07,0.06,0.06,0.12,0.06,0.07,0.02,0.05
YDR190C,0.13,0.01,0.02,0.07,0.01,0.14,0.02,0.07,0.08,0.08,0.02,0.03,0.03,0.02,0.04,0.08,0.05,0.1,0.0,0.0
YDR196C,0.08,0.01,0.07,0.04,0.03,0.08,0.03,0.07,0.08,0.12,0.02,0.04,0.04,0.04,0.06,0.03,0.03,0.08,0.01,0.04
YDR200C,0.03,0.0,0.04,0.03,0.0,0.04,0.02,0.04,0.04,0.07,0.03,0.04,0.14,0.1,0.1,0.16,0.05,0.05,0.0,0.02
YDR201W,0.04,0.01,0.07,0.11,0.01,0.03,0.0,0.01,0.06,0.17,0.04,0.03,0.03,0.05,0.07,0.08,0.08,0.09,0.0,0.02
YKL139W,0.01,0.0,0.04,0.0,0.02,0.06,0.02,0.02,0.05,0.03,0.02,0.18,0.08,0.05,0.11,0.17,0.06,0.01,0.0,0.07
YDR174W,0.1,0.0,0.09,0.08,0.03,0.03,0.02,0.08,0.08,0.09,0.01,0.04,0.03,0.02,0.02,0.12,0.08,0.07,0.0,0.01
YDR175C,0.06,0.01,0.03,0.08,0.01,0.06,0.01,0.01,0.08,0.13,0.04,0.06,0.07,0.02,0.07,0.08,0.05,0.05,0.04,0.04
YDR179C,0.01,0.01,0.06,0.16,0.03,0.02,0.02,0.11,0.08,0.14,0.03,0.04,0.03,0.05,0.02,0.06,0.05,0.02,0.01,0.05
YDR180W,0.08,0.0,0.08,0.05,0.04,0.05,0.0,0.06,0.07,0.09,0.02,0.08,0.07,0.0,0.05,0.11,0.06,0.07,0.0,0.02
YDR181C,0.02,0.02,0.06,0.13,0.06,0.03,0.03,0.06,0.11,0.05,0.03,0.07,0.04,0.02,0.08,0.09,0.04,0.05,0.0,0.01
YMR241W,0.11,0.01,0.0,0.07,0.04,0.07,0.01,0.05,0.05,0.11,0.02,0.06,0.04,0.02,0.02,0.08,0.09,0.09,0.03,0.03
YDR412W,0.04,0.0,0.05,0.14,0.05,0.03,0.02,0.05,0.15,0.08,0.02,0.03,0.0,0.09,0.1,0.03,0.07,0.03,0.0,0.02
YDR416W,0.03,0.02,0.06,0.12,0.05,0.02,0.0,0.1,0.06,0.03,0.02,0.04,0.01,0.05,0.08,0.05,0.08,0.06,0.06,0.06
YDR419W,0.1,0.04,0.04,0.06,0.04,0.04,0.02,0.09,0.09,0.06,0.04,0.03,0.03,0.05,0.03,0.1,0.03,0.06,0.02,0.03
YDR425W,0.09,0.0,0.05,0.1,0.03,0.05,0.05,0.03,0.0,0.04,0.02,0.05,0.07,0.02,0.02,0.24,0.07,0.05,0.0,0.02
YDR429C,0.08,0.0,0.02,0.16,0.0,0.06,0.02,0.07,0.14,0.04,0.01,0.03,0.03,0.03,0.06,0.08,0.03,0.09,0.02,0.03
YDR434W,0.04,0.01,0.04,0.02,0.05,0.02,0.03,0.06,0.04,0.12,0.01,0.08,0.06,0.07,0.04,0.06,0.03,0.12,0.03,0.07
YDR437W,0.03,0.01,0.04,0.05,0.03,0.05,0.0,0.12,0.02,0.15,0.06,0.02,0.05,0.04,0.02,0.08,0.11,0.03,0.03,0.06
YDR439W,0.05,0.0,0.07,0.06,0.04,0.01,0.0,0.03,0.12,0.16,0.01,0.08,0.01,0.12,0.02,0.09,0.03,0.04,0.0,0.06
YDR440W,0.01,0.0,0.07,0.06,0.02,0.08,0.0,0.05,0.09,0.1,0.03,0.08,0.05,0.05,0.03,0.17,0.04,0.04,0.0,0.03
YDR446W,0.06,0.0,0.05,0.06,0.01,0.02,0.02,0.06,0.16,0.07,0.01,0.09,0.1,0.02,0.02,0.12,0.07,0.04,0.0,0.02
YDR452W,0.02,0.01,0.05,0.05,0.08,0.06,0.02,0.08,0.1,0.12,0.02,0.03,0.03,0.02,0.07,0.08,0.04,0.11,0.0,0.01
YDR453C,0.11,0.01,0.05,0.07,0.08,0.06,0.0,0.03,0.1,0.09,0.01,0.01,0.07,0.04,0.01,0.06,0.04,0.12,0.01,0.03
YDR456W,0.07,0.0,0.11,0.04,0.04,0.03,0.01,0.06,0.04,0.17,0.04,0.02,0.07,0.01,0.03,0.09,0.05,0.07,0.02,0.03
YDR386W,0.04,0.01,0.04,0.07,0.01,0.04,0.02,0.07,0.12,0.12,0.01,0.05,0.06,0.05,0.05,0.07,0.08,0.03,0.01,0.05
YDR395W,0.07,0.02,0.06,0.1,0.05,0.02,0.01,0.1,0.1,0.1,0.02,0.05,0.01,0.07,0.04,0.07,0.04,0.05,0.01,0.01
YDR398W,0.06,0.02,0.06,0.04,0.02,0.05,0.0,0.03,0.05,0.11,0.02,0.06,0.03,0.05,0.02,0.09,0.08,0.12,0.03,0.06
YDR399W,0.05,0.02,0.05,0.07,0.04,0.07,0.01,0.12,0.06,0.08,0.01,0.05,0.04,0.05,0.05,0.07,0.03,0.08,0.01,0.04
YDR400W,0.1,0.03,0.07,0.02,0.03,0.09,0.04,0.08,0.05,0.1,0.02,0.04,0.11,0.02,0.03,0.05,0.05,0.02,0.02,0.03
YDR407C,0.02,0.0,0.07,0.05,0.12,0.05,0.05,0.1,0.06,0.1,0.01,0.04,0.08,0.02,0.03,0.05,0.06,0.06,0.01,0.02
YDR409W,0.03,0.01,0.06,0.12,0.03,0.03,0.0,0.06,0.06,0.12,0.02,0.06,0.07,0.03,0.08,0.05,0.04,0.1,0.01,0.02
YML102W,0.06,0.0,0.08,0.04,0.04,0.09,0.04,0.05,0.07,0.1,0.01,0.08,0.01,0.07,0.04,0.08,0.03,0.06,0.03,0.02
YMR044W,0.08,0.0,0.09,0.14,0.04,0.04,0.01,0.1,0.1,0.04,0.03,0.04,0.07,0.02,0.02,0.08,0.03,0.05,0.01,0.01
YMR045C,0.09,0.02,0.02,0.06,0.0,0.03,0.05,0.03,0.03,0.04,0.03,0.05,0.1,0.15,0.01,0.15,0.08,0.05,0.0,0.01
YMR128W,0.06,0.0,0.04,0.14,0.04,0.02,0.01,0.02,0.17,0.08,0.03,0.06,0.05,0.03,0.1,0.06,0.06,0.02,0.0,0.01
YML015C,0.01,0.0,0.07,0.03,0.02,0.03,0.0,0.1,0.08,0.07,0.02,0.09,0.09,0.13,0.02,0.04,0.09,0.04,0.01,0.06
YML013W,0.04,0.0,0.06,0.11,0.05,0.05,0.04,0.01,0.02,0.12,0.03,0.04,0.13,0.04,0.04,0.05,0.07,0.07,0.02,0.01
YML005W,0.03,0.0,0.06,0.09,0.05,0.04,0.05,0.07,0.1,0.1,0.02,0.08,0.03,0.01,0.03,0.1,0.06,0.07,0.0,0.01
YMR076C,0.1,0.02,0.12,0.03,0.02,0.03,0.02,0.05,0.08,0.17,0.01,0.03,0.03,0.03,0.05,0.07,0.08,0.03,0.0,0.03
YMR077C,0.02,0.0,0.05,0.08,0.03,0.01,0.04,0.07,0.14,0.12,0.04,0.06,0.01,0.06,0.07,0.07,0.05,0.06,0.0,0.02
YMR093W,0.06,0.01,0.04,0.02,0.06,0.02,0.04,0.05,0.05,0.05,0.01,0.02,0.06,0.08,0.09,0.13,0.1,0.07,0.01,0.03
YDR045C,0.03,0.07,0.08,0.06,0.05,0.08,0.0,0.05,0.05,0.07,0.03,0.04,0.06,0.04,0.04,0.07,0.07,0.04,0.01,0.06
YDR049W,0.03,0.02,0.08,0.06,0.03,0.02,0.02,0.02,0.1,0.1,0.06,0.08,0.0,0.06,0.05,0.13,0.05,0.06,0.0,0.03
YMR192W,0.07,0.0,0.07,0.15,0.02,0.04,0.03,0.06,0.06,0.04,0.03,0.06,0.06,0.04,0.05,0.13,0.05,0.03,0.0,0.01
YMR197C,0.07,0.0,0.09,0.08,0.02,0.02,0.01,0.04,0.08,0.12,0.02,0.03,0.03,0.09,0.05,0.12,0.06,0.04,0.01,0.02
YMR017W,0.02,0.03,0.06,0.02,0.03,0.03,0.11,0.04,0.11,0.09,0.02,0.07,0.02,0.03,0.1,0.11,0.04,0.04,0.0,0.03
YMR018W,0.06,0.03,0.07,0.05,0.07,0.07,0.02,0.07,0.08,0.05,0.01,0.09,0.03,0.04,0.04,0.11,0.06,0.02,0.02,0.01
YMR026C,0.05,0.0,0.02,0.05,0.08,0.06,0.02,0.06,0.03,0.11,0.02,0.07,0.05,0.03,0.05,0.13,0.05,0.03,0.02,0.07
YDR496C,0.06,0.0,0.15,0.2,0.0,0.04,0.02,0.03,0.13,0.06,0.01,0.03,0.02,0.0,0.02,0.18,0.03,0.02,0.0,0.0
YDR499W,0.05,0.0,0.07,0.08,0.03,0.03,0.0,0.06,0.07,0.1,0.02,0.09,0.05,0.08,0.06,0.06,0.1,0.05,0.0,0.0
YDR503C,0.01,0.03,0.05,0.06,0.06,0.04,0.01,0.08,0.08,0.14,0.05,0.04,0.04,0.02,0.04,0.08,0.02,0.08,0.01,0.06
YDR511W,0.03,0.0,0.05,0.05,0.03,0.04,0.05,0.05,0.07,0.16,0.03,0.06,0.06,0.05,0.07,0.07,0.03,0.04,0.02,0.04
YDR516C,0.08,0.03,0.05,0.1,0.03,0.08,0.02,0.03,0.05,0.12,0.03,0.06,0.03,0.01,0.02,0.06,0.08,0.1,0.0,0.02
YDR517W,0.05,0.0,0.08,0.05,0.08,0.03,0.01,0.04,0.02,0.1,0.02,0.07,0.05,0.08,0.03,0.11,0.04,0.12,0.01,0.01
YDR531W,0.04,0.02,0.05,0.06,0.07,0.08,0.04,0.13,0.06,0.07,0.04,0.07,0.03,0.02,0.03,0.04,0.07,0.02,0.0,0.06
YDR532C,0.04,0.0,0.06,0.13,0.03,0.02,0.01,0.08,0.09,0.14,0.02,0.09,0.02,0.01,0.02,0.09,0.06,0.07,0.0,0.02
YDR533C,0.07,0.0,0.11,0.07,0.1,0.06,0.02,0.01,0.12,0.07,0.01,0.06,0.03,0.02,0.01,0.05,0.07,0.08,0.01,0.03
YMR106C,0.04,0.03,0.04,0.04,0.04,0.01,0.02,0.06,0.08,0.06,0.04,0.08,0.04,0.05,0.02,0.16,0.08,0.06,0.01,0.04
YMR109W,0.08,0.0,0.05,0.06,0.03,0.05,0.02,0.08,0.14,0.09,0.02,0.07,0.02,0.01,0.06,0.07,0.05,0.06,0.0,0.04
YMR110C,0.02,0.0,0.07,0.11,0.05,0.01,0.04,0.09,0.12,0.12,0.03,0.08,0.02,0.03,0.04,0.06,0.03,0.04,0.0,0.04
YMR111C,0.07,0.0,0.08,0.05,0.02,0.09,0.02,0.06,0.01,0.04,0.02,0.05,0.1,0.02,0.11,0.09,0.1,0.03,0.0,0.04
YMR115W,0.06,0.0,0.01,0.02,0.04,0.03,0.05,0.07,0.07,0.1,0.04,0.07,0.1,0.04,0.08,0.11,0.05,0.02,0.02,0.02
YMR117C,0.04,0.0,0.1,0.15,0.03,0.02,0.02,0.05,0.12,0.11,0.02,0.07,0.01,0.03,0.05,0.09,0.01,0.07,0.0,0.01
YLR208W,0.09,0.02,0.06,0.07,0.02,0.07,0.07,0.08,0.07,0.07,0.01,0.03,0.02,0.01,0.03,0.06,0.06,0.09,0.04,0.03
YML093W,0.05,0.0,0.16,0.09,0.03,0.04,0.01,0.04,0.09,0.08,0.01,0.08,0.0,0.02,0.08,0.15,0.03,0.03,0.0,0.01
YDR118W,0.06,0.0,0.09,0.0,0.08,0.05,0.02,0.15,0.06,0.07,0.01,0.05,0.05,0.0,0.08,0.07,0.06,0.04,0.02,0.04
YDR121W,0.08,0.01,0.07,0.04,0.03,0.04,0.01,0.06,0.1,0.12,0.01,0.05,0.05,0.07,0.04,0.08,0.05,0.06,0.01,0.02
YDR126W,0.01,0.0,0.02,0.03,0.09,0.01,0.02,0.09,0.04,0.19,0.02,0.03,0.07,0.02,0.04,0.06,0.05,0.11,0.03,0.07
YML071C,0.06,0.0,0.13,0.09,0.02,0.02,0.0,0.11,0.05,0.15,0.01,0.05,0.01,0.06,0.05,0.11,0.05,0.01,0.0,0.02
YML069W,0.05,0.01,0.08,0.01,0.07,0.09,0.01,0.07,0.06,0.08,0.01,0.07,0.02,0.07,0.08,0.1,0.05,0.02,0.02,0.03
YML067C,0.03,0.01,0.08,0.06,0.06,0.06,0.0,0.05,0.08,0.12,0.03,0.03,0.01,0.08,0.03,0.03,0.09,0.07,0.02,0.06
YMR048W,0.06,0.0,0.11,0.01,0.03,0.04,0.02,0.06,0.09,0.11,0.01,0.06,0.06,0.05,0.05,0.09,0.05,0.06,0.01,0.03
YMR049C,0.1,0.0,0.19,0.22,0.01,0.03,0.0,0.01,0.09,0.06,0.03,0.03,0.0,0.01,0.01,0.14,0.02,0.03,0.0,0.02
YMR050C,0.1,0.02,0.03,0.04,0.0,0.03,0.05,0.02,0.04,0.02,0.03,0.07,0.13,0.12,0.0,0.15,0.07,0.05,0.0,0.03
YLR005W,0.05,0.0,0.13,0.08,0.01,0.06,0.04,0.03,0.08,0.04,0.02,0.03,0.01,0.08,0.11,0.09,0.02,0.09,0.02,0.01
YML049C,0.08,0.02,0.05,0.06,0.03,0.07,0.06,0.02,0.08,0.09,0.05,0.02,0.01,0.04,0.06,0.07,0.09,0.06,0.01,0.03
YML047C,0.03,0.04,0.03,0.03,0.07,0.02,0.01,0.14,0.06,0.15,0.02,0.04,0.02,0.05,0.02,0.09,0.06,0.03,0.05,0.04
YML045W,0.1,0.02,0.03,0.04,0.0,0.03,0.04,0.02,0.04,0.03,0.03,0.08,0.12,0.12,0.0,0.15,0.07,0.05,0.0,0.03
YML043C,0.04,0.0,0.04,0.11,0.03,0.03,0.01,0.05,0.07,0.04,0.01,0.06,0.03,0.05,0.13,0.1,0.1,0.04,0.01,0.05
YMR062C,0.09,0.0,0.02,0.02,0.04,0.08,0.0,0.05,0.12,0.09,0.01,0.07,0.04,0.02,0.04,0.1,0.09,0.09,0.0,0.03
YER027C,0.09,0.0,0.16,0.07,0.03,0.04,0.04,0.04,0.03,0.05,0.03,0.11,0.06,0.02,0.01,0.13,0.05,0.02,0.0,0.02
YMR065W,0.07,0.04,0.03,0.08,0.07,0.05,0.0,0.08,0.07,0.13,0.02,0.05,0.02,0.03,0.03,0.09,0.05,0.06,0.0,0.03
YMR068W,0.03,0.02,0.03,0.06,0.02,0.06,0.07,0.07,0.06,0.19,0.02,0.05,0.03,0.04,0.07,0.05,0.04,0.04,0.01,0.04
YMR075W,0.01,0.0,0.05,0.11,0.01,0.02,0.02,0.06,0.13,0.07,0.01,0.08,0.06,0.01,0.06,0.23,0.04,0.02,0.0,0.01
YMR247C,0.02,0.01,0.07,0.04,0.08,0.06,0.01,0.08,0.06,0.17,0.02,0.1,0.02,0.04,0.02,0.09,0.04,0.01,0.01,0.05
YMR255W,0.03,0.0,0.03,0.08,0.01,0.02,0.03,0.05,0.19,0.03,0.01,0.15,0.09,0.03,0.03,0.15,0.02,0.03,0.02,0.0
YMR258C,0.03,0.0,0.08,0.02,0.06,0.04,0.04,0.08,0.08,0.14,0.03,0.06,0.02,0.03,0.05,0.09,0.06,0.04,0.01,0.04
YMR312W,0.04,0.01,0.03,0.03,0.07,0.02,0.06,0.04,0.02,0.12,0.03,0.07,0.05,0.07,0.02,0.19,0.05,0.06,0.01,0.01
YMR318C,0.05,0.04,0.06,0.05,0.03,0.12,0.05,0.07,0.12,0.03,0.03,0.03,0.06,0.03,0.01,0.06,0.01,0.1,0.02,0.03
YDR218C,0.03,0.01,0.12,0.05,0.02,0.1,0.03,0.04,0.09,0.14,0.02,0.06,0.04,0.03,0.04,0.08,0.05,0.02,0.0,0.03
YDR221W,0.04,0.04,0.09,0.07,0.03,0.07,0.04,0.06,0.05,0.1,0.02,0.04,0.05,0.06,0.01,0.1,0.01,0.09,0.02,0.01
YDR223W,0.06,0.0,0.04,0.08,0.03,0.02,0.01,0.02,0.12,0.05,0.01,0.08,0.06,0.01,0.05,0.22,0.05,0.05,0.01,0.03
YDR231C,0.06,0.01,0.09,0.04,0.05,0.05,0.0,0.03,0.08,0.09,0.03,0.03,0.05,0.11,0.06,0.1,0.05,0.01,0.05,0.01
YDR233C,0.06,0.03,0.01,0.02,0.07,0.08,0.02,0.07,0.09,0.14,0.01,0.04,0.04,0.1,0.01,0.07,0.06,0.04,0.01,0.03
YMR305C,0.12,0.0,0.01,0.05,0.02,0.04,0.03,0.01,0.02,0.06,0.01,0.05,0.03,0.06,0.03,0.13,0.17,0.16,0.0,0.0
YML059C,0.03,0.02,0.01,0.01,0.08,0.04,0.02,0.05,0.03,0.09,0.04,0.1,0.01,0.04,0.05,0.15,0.1,0.04,0.04,0.05
YML058W,0.07,0.01,0.04,0.08,0.04,0.04,0.01,0.01,0.04,0.07,0.08,0.08,0.05,0.09,0.05,0.13,0.04,0.04,0.01,0.02
YML055W,0.09,0.0,0.04,0.05,0.08,0.04,0.0,0.06,0.06,0.14,0.01,0.03,0.03,0.03,0.04,0.09,0.02,0.09,0.01,0.09
YMR226C,0.13,0.0,0.05,0.1,0.03,0.05,0.01,0.09,0.12,0.12,0.02,0.03,0.03,0.05,0.04,0.03,0.05,0.04,0.0,0.01
YMR227C,0.04,0.0,0.05,0.09,0.0,0.05,0.01,0.09,0.27,0.1,0.01,0.04,0.1,0.01,0.06,0.02,0.02,0.03,0.0,0.01
YMR229C,0.1,0.0,0.05,0.09,0.03,0.03,0.0,0.0,0.12,0.07,0.01,0.04,0.06,0.02,0.06,0.18,0.08,0.06,0.0,0.0
YMR236W,0.08,0.0,0.07,0.05,0.01,0.11,0.03,0.03,0.03,0.12,0.02,0.06,0.03,0.06,0.05,0.09,0.03,0.09,0.0,0.04
YMR237W,0.06,0.01,0.07,0.03,0.03,0.08,0.03,0.08,0.04,0.08,0.02,0.04,0.05,0.06,0.03,0.11,0.12,0.04,0.0,0.02
YMR238W,0.08,0.03,0.06,0.05,0.07,0.09,0.02,0.06,0.03,0.1,0.06,0.03,0.01,0.03,0.01,0.06,0.09,0.02,0.03,0.07
YMR029C,0.06,0.0,0.03,0.14,0.01,0.03,0.06,0.06,0.08,0.1,0.03,0.05,0.04,0.07,0.05,0.05,0.04,0.06,0.01,0.03
YMR031C,0.1,0.0,0.05,0.03,0.0,0.08,0.04,0.05,0.11,0.07,0.01,0.03,0.03,0.04,0.04,0.17,0.06,0.04,0.0,0.05
YMR032W,0.05,0.02,0.07,0.06,0.05,0.07,0.02,0.07,0.07,0.09,0.03,0.06,0.01,0.05,0.06,0.1,0.03,0.04,0.01,0.04
YMR033W,0.04,0.0,0.06,0.06,0.06,0.03,0.01,0.12,0.04,0.08,0.01,0.06,0.05,0.08,0.06,0.07,0.1,0.03,0.0,0.04
YOL155C,0.07,0.0,0.01,0.04,0.02,0.03,0.0,0.05,0.01,0.08,0.01,0.04,0.01,0.03,0.01,0.4,0.1,0.06,0.0,0.03
YDL088C,0.03,0.0,0.01,0.0,0.05,0.09,0.02,0.05,0.01,0.05,0.02,0.2,0.05,0.18,0.02,0.14,0.06,0.01,0.0,0.01
YAR002C-A,0.1,0.03,0.08,0.04,0.07,0.06,0.03,0.03,0.05,0.13,0.01,0.02,0.01,0.08,0.02,0.05,0.07,0.06,0.0,0.06
YDR334W,0.04,0.0,0.1,0.08,0.07,0.05,0.04,0.0,0.09,0.12,0.01,0.04,0.01,0.02,0.1,0.07,0.1,0.04,0.0,0.02
YDR339C,0.04,0.02,0.06,0.03,0.05,0.03,0.0,0.08,0.15,0.09,0.03,0.08,0.05,0.07,0.05,0.03,0.07,0.05,0.0,0.02
YDR346C,0.06,0.0,0.06,0.05,0.09,0.07,0.04,0.09,0.07,0.03,0.02,0.04,0.04,0.04,0.04,0.08,0.06,0.06,0.02,0.04
YDR284C,0.03,0.0,0.03,0.03,0.08,0.02,0.02,0.13,0.02,0.13,0.03,0.07,0.05,0.03,0.06,0.06,0.06,0.07,0.01,0.07
YDR289C,0.06,0.0,0.03,0.07,0.05,0.04,0.01,0.04,0.08,0.11,0.04,0.04,0.04,0.09,0.06,0.09,0.04,0.06,0.02,0.03
YDR291W,0.05,0.03,0.04,0.08,0.1,0.05,0.01,0.06,0.11,0.08,0.04,0.03,0.04,0.03,0.05,0.02,0.1,0.05,0.0,0.03
YDR294C,0.03,0.01,0.02,0.04,0.07,0.06,0.03,0.08,0.05,0.13,0.04,0.06,0.03,0.01,0.07,0.06,0.04,0.06,0.03,0.08
YDR265W,0.05,0.01,0.04,0.06,0.05,0.05,0.01,0.05,0.1,0.16,0.03,0.04,0.03,0.07,0.06,0.05,0.06,0.04,0.0,0.04
YDR266C,0.04,0.06,0.04,0.06,0.03,0.02,0.04,0.02,0.1,0.06,0.01,0.11,0.05,0.04,0.09,0.07,0.1,0.04,0.0,0.02
YDR267C,0.09,0.0,0.09,0.05,0.05,0.03,0.02,0.08,0.1,0.11,0.02,0.01,0.01,0.01,0.04,0.12,0.07,0.05,0.03,0.02
YDR272W,0.04,0.02,0.07,0.09,0.0,0.05,0.04,0.08,0.12,0.07,0.02,0.05,0.07,0.01,0.01,0.08,0.04,0.08,0.02,0.04
YDR280W,0.05,0.02,0.07,0.1,0.08,0.08,0.01,0.09,0.05,0.04,0.03,0.04,0.03,0.05,0.06,0.09,0.04,0.05,0.0,0.02
YLR192C,0.1,0.0,0.15,0.13,0.0,0.04,0.0,0.04,0.14,0.07,0.05,0.04,0.05,0.02,0.02,0.07,0.02,0.03,0.03,0.0
YLR193C,0.03,0.0,0.04,0.03,0.05,0.03,0.04,0.06,0.06,0.09,0.02,0.07,0.07,0.01,0.07,0.09,0.11,0.08,0.02,0.03
YLR194C,0.09,0.01,0.04,0.05,0.01,0.04,0.0,0.03,0.06,0.06,0.01,0.04,0.02,0.08,0.0,0.16,0.18,0.08,0.02,0.02
YLR206W,0.05,0.02,0.11,0.03,0.05,0.03,0.01,0.02,0.07,0.09,0.05,0.05,0.01,0.03,0.08,0.1,0.05,0.08,0.02,0.05
YLR207W,0.08,0.02,0.06,0.09,0.03,0.01,0.02,0.09,0.03,0.09,0.04,0.06,0.06,0.05,0.05,0.07,0.03,0.05,0.02,0.05
YLR211C,0.07,0.01,0.05,0.12,0.01,0.04,0.0,0.1,0.07,0.11,0.03,0.1,0.01,0.08,0.01,0.07,0.05,0.05,0.0,0.02
YLR215C,0.02,0.01,0.08,0.13,0.04,0.01,0.01,0.07,0.06,0.05,0.01,0.03,0.06,0.06,0.03,0.11,0.06,0.07,0.02,0.07
YLR284C,0.06,0.0,0.07,0.08,0.07,0.07,0.01,0.09,0.05,0.07,0.02,0.07,0.03,0.04,0.06,0.09,0.03,0.03,0.01,0.05
YLR298C,0.03,0.03,0.03,0.06,0.0,0.03,0.09,0.05,0.13,0.07,0.03,0.08,0.0,0.03,0.11,0.06,0.07,0.04,0.0,0.06
YLR299W,0.03,0.02,0.12,0.02,0.03,0.05,0.03,0.07,0.06,0.14,0.03,0.06,0.06,0.03,0.07,0.06,0.06,0.05,0.0,0.01
YLR360W,0.02,0.03,0.03,0.05,0.07,0.07,0.02,0.09,0.06,0.16,0.03,0.02,0.03,0.03,0.08,0.11,0.03,0.05,0.0,0.02
YLR368W,0.01,0.03,0.07,0.04,0.02,0.03,0.02,0.1,0.05,0.12,0.02,0.06,0.03,0.01,0.1,0.09,0.06,0.03,0.05,0.06
YLR369W,0.07,0.0,0.06,0.02,0.02,0.05,0.0,0.08,0.1,0.09,0.03,0.1,0.03,0.05,0.05,0.1,0.08,0.05,0.0,0.02
YLR370C,0.07,0.02,0.08,0.03,0.09,0.03,0.02,0.07,0.05,0.1,0.02,0.09,0.07,0.0,0.04,0.06,0.06,0.06,0.0,0.04
YLR373C,0.09,0.02,0.09,0.07,0.01,0.07,0.01,0.02,0.03,0.07,0.05,0.03,0.03,0.03,0.09,0.08,0.1,0.07,0.01,0.03
YLR222C,0.06,0.0,0.05,0.05,0.01,0.06,0.02,0.1,0.1,0.12,0.02,0.04,0.04,0.04,0.02,0.09,0.08,0.06,0.0,0.04
YLR226W,0.07,0.03,0.04,0.06,0.05,0.04,0.01,0.07,0.11,0.06,0.03,0.06,0.08,0.02,0.01,0.09,0.08,0.04,0.02,0.03
YLR228C,0.04,0.06,0.08,0.05,0.03,0.08,0.02,0.02,0.18,0.02,0.02,0.04,0.03,0.02,0.09,0.1,0.05,0.06,0.0,0.01
YLR231C,0.07,0.02,0.07,0.09,0.03,0.06,0.02,0.05,0.06,0.12,0.03,0.04,0.09,0.0,0.03,0.1,0.03,0.05,0.02,0.02
YLR389C,0.07,0.01,0.05,0.02,0.08,0.01,0.01,0.03,0.08,0.16,0.02,0.06,0.07,0.02,0.05,0.1,0.08,0.04,0.0,0.04
YLR394W,0.02,0.07,0.03,0.02,0.03,0.04,0.04,0.1,0.08,0.08,0.03,0.02,0.07,0.05,0.07,0.12,0.05,0.05,0.0,0.03
YLR401C,0.04,0.01,0.06,0.08,0.01,0.07,0.01,0.05,0.13,0.02,0.03,0.12,0.04,0.07,0.08,0.06,0.04,0.06,0.0,0.02
YLR404W,0.02,0.0,0.05,0.0,0.07,0.04,0.01,0.12,0.03,0.16,0.02,0.07,0.07,0.07,0.03,0.09,0.04,0.07,0.01,0.03
YLR409C,0.06,0.01,0.03,0.05,0.07,0.07,0.03,0.08,0.08,0.06,0.01,0.05,0.03,0.01,0.04,0.1,0.07,0.1,0.0,0.05
YPR105C,0.06,0.0,0.03,0.07,0.02,0.02,0.01,0.05,0.08,0.14,0.01,0.07,0.0,0.1,0.03,0.16,0.09,0.03,0.01,0.02
YPR107C,0.01,0.07,0.04,0.07,0.08,0.03,0.04,0.04,0.1,0.09,0.02,0.04,0.11,0.03,0.07,0.06,0.01,0.03,0.01,0.05
YPR108W,0.05,0.01,0.06,0.18,0.03,0.01,0.01,0.03,0.09,0.08,0.02,0.06,0.03,0.05,0.02,0.07,0.02,0.1,0.01,0.07
YPR112C,0.05,0.0,0.08,0.06,0.07,0.07,0.03,0.07,0.06,0.06,0.02,0.06,0.03,0.02,0.1,0.08,0.04,0.07,0.0,0.03
YLR336C,0.05,0.0,0.05,0.07,0.01,0.08,0.01,0.08,0.16,0.05,0.02,0.06,0.03,0.03,0.12,0.1,0.04,0.03,0.0,0.01
YLR343W,0.09,0.02,0.04,0.07,0.09,0.07,0.01,0.1,0.08,0.09,0.02,0.05,0.03,0.05,0.02,0.09,0.02,0.03,0.0,0.03
YLR347C,0.08,0.0,0.04,0.07,0.04,0.02,0.0,0.06,0.08,0.14,0.01,0.08,0.02,0.1,0.03,0.1,0.08,0.04,0.01,0.0
YLR348C,0.12,0.01,0.02,0.05,0.03,0.08,0.01,0.04,0.06,0.11,0.04,0.04,0.06,0.02,0.05,0.05,0.07,0.07,0.02,0.05
YLR350W,0.03,0.0,0.05,0.07,0.05,0.02,0.03,0.06,0.03,0.08,0.03,0.07,0.07,0.05,0.07,0.12,0.06,0.08,0.02,0.01
YLR260W,0.05,0.02,0.05,0.03,0.03,0.02,0.01,0.09,0.08,0.04,0.03,0.06,0.03,0.03,0.1,0.2,0.1,0.01,0.0,0.02
YLR265C,0.02,0.03,0.04,0.05,0.03,0.05,0.0,0.08,0.06,0.17,0.04,0.04,0.04,0.11,0.01,0.1,0.04,0.07,0.01,0.01
YLR270W,0.03,0.02,0.07,0.06,0.05,0.04,0.01,0.08,0.05,0.09,0.02,0.06,0.04,0.05,0.04,0.1,0.08,0.06,0.01,0.04
YLR272C,0.04,0.01,0.08,0.06,0.04,0.01,0.02,0.06,0.04,0.15,0.01,0.05,0.06,0.06,0.03,0.16,0.06,0.03,0.0,0.03
YLR312C,0.04,0.0,0.11,0.13,0.05,0.05,0.02,0.04,0.02,0.07,0.02,0.06,0.01,0.03,0.07,0.17,0.05,0.04,0.01,0.01
YLR313C,0.05,0.0,0.13,0.04,0.02,0.02,0.0,0.06,0.1,0.12,0.02,0.09,0.01,0.06,0.09,0.09,0.05,0.03,0.01,0.01
YLR315W,0.04,0.0,0.05,0.09,0.05,0.0,0.03,0.05,0.03,0.2,0.01,0.03,0.0,0.11,0.06,0.12,0.06,0.02,0.01,0.04
YLR318W,0.04,0.05,0.07,0.05,0.06,0.05,0.03,0.09,0.07,0.15,0.01,0.09,0.03,0.02,0.02,0.04,0.06,0.03,0.0,0.04
YLR320W,0.05,0.01,0.06,0.13,0.01,0.02,0.01,0.08,0.05,0.06,0.02,0.04,0.05,0.04,0.06,0.11,0.08,0.07,0.02,0.03
YLR321C,0.07,0.0,0.08,0.06,0.05,0.04,0.05,0.04,0.03,0.05,0.04,0.15,0.03,0.06,0.03,0.05,0.07,0.05,0.0,0.05
YLR328W,0.06,0.0,0.12,0.06,0.03,0.01,0.1,0.08,0.11,0.04,0.01,0.04,0.15,0.03,0.03,0.09,0.01,0.02,0.0,0.01
YLR455W,0.05,0.03,0.08,0.05,0.07,0.02,0.02,0.03,0.08,0.08,0.01,0.09,0.06,0.04,0.07,0.05,0.03,0.08,0.02,0.04
YLR449W,0.06,0.0,0.09,0.1,0.02,0.03,0.0,0.06,0.09,0.07,0.03,0.06,0.1,0.02,0.05,0.08,0.06,0.04,0.0,0.04
YPR164W,0.0,0.02,0.06,0.08,0.04,0.05,0.04,0.04,0.03,0.11,0.05,0.05,0.08,0.04,0.08,0.07,0.05,0.03,0.03,0.05
YPR168W,0.03,0.0,0.07,0.08,0.03,0.05,0.0,0.07,0.03,0.08,0.02,0.09,0.05,0.08,0.05,0.08,0.07,0.08,0.0,0.04
YLR275W,0.04,0.01,0.04,0.11,0.05,0.03,0.04,0.09,0.09,0.09,0.04,0.07,0.03,0.01,0.09,0.07,0.03,0.06,0.01,0.0
YLR276C,0.09,0.0,0.05,0.07,0.03,0.07,0.02,0.13,0.08,0.11,0.01,0.03,0.03,0.05,0.02,0.06,0.08,0.02,0.0,0.05
YLR277C,0.06,0.01,0.05,0.03,0.08,0.07,0.06,0.05,0.05,0.1,0.04,0.03,0.04,0.04,0.04,0.07,0.08,0.05,0.0,0.05
YLR181C,0.11,0.0,0.07,0.11,0.03,0.05,0.02,0.07,0.07,0.12,0.05,0.03,0.0,0.03,0.02,0.07,0.06,0.05,0.0,0.04
YLR183C,0.05,0.01,0.03,0.03,0.05,0.06,0.0,0.03,0.07,0.02,0.01,0.05,0.16,0.04,0.03,0.23,0.04,0.04,0.0,0.05
YLR186W,0.07,0.02,0.09,0.03,0.0,0.07,0.03,0.05,0.09,0.14,0.04,0.02,0.06,0.04,0.05,0.07,0.05,0.07,0.0,0.01
YLR189C,0.05,0.0,0.09,0.07,0.01,0.04,0.02,0.04,0.07,0.06,0.04,0.06,0.08,0.04,0.07,0.2,0.02,0.01,0.01,0.02
YLR190W,0.01,0.01,0.04,0.03,0.04,0.06,0.0,0.02,0.08,0.14,0.05,0.07,0.09,0.05,0.07,0.15,0.07,0.01,0.0,0.01
YDR352W,0.03,0.04,0.04,0.02,0.07,0.08,0.01,0.08,0.03,0.17,0.01,0.04,0.03,0.04,0.01,0.11,0.05,0.05,0.02,0.07
YDR357C,0.04,0.02,0.11,0.08,0.02,0.03,0.02,0.08,0.08,0.11,0.04,0.07,0.01,0.05,0.02,0.06,0.07,0.04,0.0,0.05
YDR359C,0.07,0.01,0.1,0.07,0.03,0.01,0.01,0.05,0.11,0.13,0.01,0.04,0.05,0.02,0.09,0.12,0.05,0.02,0.0,0.01
YDR362C,0.09,0.0,0.12,0.09,0.03,0.05,0.01,0.03,0.06,0.04,0.01,0.09,0.05,0.02,0.07,0.08,0.03,0.12,0.0,0.01
YDR363W,0.01,0.0,0.16,0.08,0.03,0.01,0.03,0.07,0.04,0.04,0.02,0.07,0.04,0.03,0.03,0.22,0.06,0.05,0.0,0.01
YDR365C,0.07,0.0,0.11,0.11,0.05,0.05,0.02,0.03,0.18,0.03,0.01,0.07,0.02,0.02,0.06,0.05,0.03,0.06,0.0,0.03
YDR367W,0.04,0.03,0.02,0.01,0.09,0.06,0.02,0.1,0.03,0.18,0.03,0.02,0.04,0.03,0.01,0.09,0.07,0.06,0.02,0.05
YDR370C,0.03,0.02,0.05,0.06,0.04,0.05,0.04,0.04,0.09,0.11,0.02,0.05,0.06,0.04,0.07,0.1,0.08,0.03,0.0,0.02
YDR372C,0.06,0.01,0.11,0.05,0.01,0.07,0.01,0.08,0.05,0.09,0.03,0.09,0.02,0.01,0.08,0.1,0.06,0.03,0.01,0.03
YDR373W,0.03,0.02,0.08,0.07,0.12,0.06,0.03,0.04,0.09,0.08,0.01,0.03,0.03,0.05,0.05,0.07,0.08,0.03,0.01,0.02
YDR378C,0.046511627906976744,0.0,0.03488372093023256,0.06976744186046512,0.046511627906976744,0.08139534883720931,0.011627906976744186,0.05813953488372093,0.06976744186046512,0.10465116279069768,0.03488372093023256,0.08139534883720931,0.0,0.023255813953488372,0.023255813953488372,0.13953488372093023,0.06976744186046512,0.06976744186046512,0.0,0.03488372093023256
YDR379W,0.05,0.13,0.12,0.03,0.03,0.02,0.01,0.07,0.08,0.07,0.01,0.06,0.02,0.03,0.03,0.12,0.04,0.03,0.01,0.04
YDR380W,0.07,0.02,0.03,0.07,0.05,0.07,0.01,0.06,0.04,0.1,0.01,0.06,0.04,0.01,0.05,0.1,0.06,0.07,0.01,0.07
YLR422W,0.04,0.02,0.05,0.07,0.05,0.02,0.0,0.03,0.06,0.08,0.02,0.06,0.08,0.05,0.06,0.07,0.01,0.13,0.02,0.08
YLR423C,0.05,0.01,0.04,0.04,0.03,0.04,0.0,0.08,0.11,0.14,0.02,0.06,0.0,0.08,0.03,0.07,0.06,0.08,0.03,0.03
YLR424W,0.04,0.0,0.09,0.04,0.03,0.09,0.01,0.05,0.1,0.05,0.05,0.08,0.03,0.01,0.03,0.14,0.1,0.01,0.0,0.05
YPR154W,0.07,0.01,0.08,0.05,0.02,0.06,0.0,0.04,0.07,0.12,0.01,0.08,0.07,0.05,0.04,0.1,0.03,0.04,0.02,0.04
YLR357W,0.04,0.0,0.09,0.04,0.04,0.01,0.01,0.05,0.09,0.07,0.03,0.09,0.08,0.04,0.03,0.1,0.06,0.05,0.01,0.07
YPR125W,0.04,0.0,0.02,0.05,0.03,0.04,0.03,0.06,0.14,0.08,0.03,0.04,0.09,0.02,0.07,0.12,0.03,0.07,0.02,0.02
YPR128C,0.07,0.01,0.03,0.04,0.06,0.05,0.0,0.07,0.06,0.08,0.04,0.06,0.03,0.04,0.03,0.09,0.08,0.1,0.01,0.05
YPR131C,0.04,0.01,0.04,0.07,0.09,0.02,0.03,0.07,0.06,0.08,0.05,0.06,0.06,0.01,0.03,0.05,0.13,0.05,0.02,0.03
YPR133C,0.08,0.0,0.11,0.16,0.01,0.03,0.02,0.03,0.09,0.01,0.02,0.1,0.04,0.06,0.02,0.1,0.09,0.03,0.0,0.0
YPR137W,0.05,0.0,0.1,0.19,0.01,0.02,0.0,0.02,0.1,0.08,0.01,0.09,0.04,0.04,0.07,0.08,0.05,0.04,0.0,0.01
YPR139C,0.02,0.02,0.02,0.03,0.03,0.08,0.01,0.1,0.12,0.14,0.04,0.06,0.05,0.03,0.04,0.03,0.08,0.04,0.02,0.04
YPR140W,0.03,0.01,0.05,0.07,0.07,0.04,0.01,0.0,0.05,0.17,0.05,0.05,0.04,0.0,0.08,0.09,0.07,0.06,0.02,0.04
YPR144C,0.04,0.01,0.04,0.1,0.06,0.02,0.0,0.08,0.11,0.13,0.02,0.05,0.02,0.04,0.06,0.07,0.06,0.06,0.01,0.02
YPR147C,0.03,0.02,0.04,0.05,0.02,0.05,0.07,0.07,0.07,0.12,0.03,0.07,0.07,0.04,0.0,0.07,0.06,0.06,0.02,0.04
YLR242C,0.05,0.07,0.08,0.03,0.04,0.01,0.03,0.05,0.06,0.16,0.02,0.06,0.03,0.04,0.04,0.03,0.05,0.07,0.01,0.07
YLR246W,0.04,0.01,0.03,0.06,0.07,0.09,0.02,0.06,0.06,0.13,0.02,0.03,0.03,0.01,0.06,0.09,0.07,0.07,0.03,0.02
YLR247C,0.09,0.02,0.04,0.11,0.05,0.04,0.0,0.08,0.05,0.1,0.01,0.1,0.03,0.04,0.03,0.07,0.04,0.09,0.0,0.01
YPR188C,0.03,0.0,0.1,0.13,0.05,0.06,0.01,0.05,0.06,0.11,0.04,0.04,0.03,0.04,0.02,0.09,0.08,0.03,0.01,0.02
YPR194C,0.03,0.0,0.11,0.11,0.04,0.03,0.02,0.08,0.11,0.08,0.03,0.02,0.02,0.02,0.02,0.09,0.06,0.05,0.01,0.07
YPR199C,0.07,0.03,0.02,0.11,0.02,0.03,0.02,0.03,0.13,0.12,0.03,0.06,0.07,0.04,0.11,0.05,0.05,0.01,0.0,0.0
YPR201W,0.02,0.01,0.04,0.04,0.02,0.03,0.03,0.14,0.05,0.08,0.07,0.04,0.07,0.01,0.02,0.13,0.06,0.1,0.02,0.02
YPR171W,0.05,0.01,0.05,0.09,0.02,0.04,0.02,0.02,0.07,0.08,0.04,0.08,0.07,0.0,0.08,0.12,0.05,0.04,0.0,0.07
YPR174C,0.09,0.01,0.02,0.07,0.04,0.04,0.03,0.05,0.11,0.06,0.01,0.05,0.04,0.09,0.08,0.07,0.03,0.08,0.02,0.01
YPR179C,0.02,0.01,0.08,0.04,0.01,0.04,0.04,0.08,0.05,0.15,0.05,0.02,0.05,0.02,0.02,0.09,0.11,0.04,0.01,0.07
YPR184W,0.04,0.03,0.09,0.02,0.03,0.05,0.03,0.05,0.08,0.12,0.01,0.04,0.11,0.01,0.04,0.08,0.06,0.06,0.01,0.04
YPR185W,0.01,0.01,0.08,0.11,0.05,0.01,0.04,0.06,0.05,0.15,0.01,0.02,0.03,0.04,0.04,0.12,0.06,0.06,0.02,0.03
YDR295C,0.07,0.0,0.04,0.03,0.03,0.03,0.04,0.07,0.08,0.12,0.02,0.04,0.09,0.06,0.04,0.1,0.05,0.04,0.0,0.05
YDR296W,0.01,0.03,0.03,0.02,0.06,0.01,0.02,0.05,0.07,0.09,0.02,0.08,0.06,0.08,0.1,0.08,0.02,0.08,0.03,0.06
YDR299W,0.06,0.0,0.09,0.17,0.02,0.05,0.02,0.04,0.11,0.08,0.01,0.08,0.02,0.03,0.02,0.09,0.03,0.04,0.0,0.04
YDR301W,0.03,0.02,0.09,0.03,0.04,0.04,0.03,0.07,0.05,0.16,0.01,0.04,0.03,0.01,0.03,0.08,0.12,0.08,0.0,0.04
YDR303C,0.06,0.06,0.04,0.03,0.01,0.05,0.01,0.04,0.1,0.05,0.04,0.06,0.08,0.05,0.09,0.1,0.02,0.06,0.0,0.05
YDR309C,0.04,0.01,0.05,0.09,0.02,0.04,0.03,0.05,0.06,0.08,0.04,0.1,0.06,0.04,0.03,0.18,0.05,0.01,0.01,0.01
YDR313C,0.04,0.1,0.05,0.06,0.05,0.01,0.05,0.03,0.06,0.08,0.01,0.11,0.02,0.03,0.08,0.08,0.04,0.06,0.01,0.03
YLR431C,0.02,0.02,0.06,0.1,0.0,0.04,0.03,0.07,0.09,0.2,0.01,0.05,0.0,0.07,0.06,0.07,0.03,0.05,0.02,0.01
YLR435W,0.09,0.0,0.09,0.11,0.05,0.05,0.0,0.06,0.06,0.07,0.04,0.04,0.01,0.05,0.02,0.05,0.06,0.09,0.03,0.03
YDR318W,0.06,0.0,0.1,0.14,0.05,0.0,0.01,0.08,0.1,0.1,0.01,0.06,0.07,0.06,0.05,0.07,0.02,0.01,0.0,0.01
YDR319C,0.07,0.01,0.01,0.03,0.09,0.01,0.02,0.08,0.04,0.15,0.02,0.05,0.04,0.05,0.03,0.12,0.04,0.05,0.02,0.07
YDR320C,0.11,0.0,0.09,0.01,0.02,0.01,0.02,0.03,0.06,0.07,0.01,0.08,0.13,0.01,0.01,0.19,0.11,0.04,0.0,0.0
YDR322W,0.03,0.0,0.04,0.04,0.05,0.0,0.03,0.08,0.11,0.08,0.02,0.05,0.07,0.04,0.08,0.16,0.06,0.01,0.01,0.04
YDR324C,0.03,0.01,0.03,0.06,0.04,0.04,0.02,0.09,0.08,0.08,0.04,0.08,0.04,0.02,0.09,0.13,0.05,0.05,0.02,0.0
YDR325W,0.1,0.0,0.06,0.06,0.06,0.05,0.02,0.11,0.13,0.08,0.01,0.05,0.02,0.06,0.03,0.04,0.02,0.07,0.01,0.02
YDR326C,0.07,0.0,0.03,0.04,0.04,0.06,0.03,0.02,0.12,0.05,0.03,0.06,0.03,0.02,0.12,0.15,0.09,0.03,0.0,0.01
YLR410W,0.05,0.0,0.04,0.09,0.02,0.05,0.02,0.06,0.07,0.09,0.04,0.09,0.1,0.06,0.01,0.12,0.07,0.02,0.0,0.0
YLR417W,0.02,0.0,0.07,0.05,0.05,0.07,0.02,0.08,0.06,0.12,0.01,0.02,0.04,0.06,0.07,0.11,0.05,0.03,0.01,0.06
YLR418C,0.05,0.02,0.1,0.07,0.02,0.04,0.02,0.05,0.06,0.12,0.03,0.08,0.01,0.06,0.03,0.1,0.07,0.05,0.01,0.01
YLR308W,0.06,0.03,0.11,0.05,0.07,0.03,0.02,0.08,0.04,0.1,0.01,0.03,0.09,0.07,0.04,0.05,0.04,0.03,0.02,0.03
YLR309C,0.08,0.0,0.08,0.11,0.02,0.03,0.0,0.06,0.14,0.13,0.02,0.04,0.06,0.06,0.01,0.07,0.04,0.02,0.0,0.03
YLR380W,0.07,0.0,0.06,0.05,0.05,0.02,0.07,0.03,0.11,0.09,0.01,0.03,0.04,0.08,0.01,0.12,0.07,0.04,0.04,0.01
YLR384C,0.04,0.01,0.11,0.05,0.07,0.06,0.01,0.05,0.07,0.11,0.03,0.05,0.01,0.04,0.04,0.12,0.08,0.05,0.0,0.0
YLR385C,0.03,0.02,0.1,0.01,0.02,0.04,0.02,0.04,0.06,0.16,0.02,0.05,0.05,0.09,0.04,0.05,0.06,0.12,0.0,0.02
YLR386W,0.13,0.03,0.09,0.06,0.01,0.07,0.01,0.07,0.08,0.14,0.03,0.04,0.03,0.03,0.06,0.02,0.01,0.04,0.0,0.05
YPR075C,0.07,0.08,0.04,0.02,0.01,0.05,0.0,0.02,0.04,0.05,0.02,0.02,0.02,0.02,0.01,0.35,0.1,0.06,0.0,0.02
YPR081C,0.0,0.02,0.06,0.07,0.06,0.08,0.02,0.03,0.04,0.11,0.06,0.05,0.07,0.03,0.07,0.06,0.06,0.04,0.02,0.05
YPR091C,0.07,0.0,0.06,0.07,0.05,0.04,0.03,0.05,0.11,0.16,0.01,0.02,0.02,0.02,0.03,0.06,0.06,0.07,0.01,0.06
YPR093C,0.04,0.07,0.06,0.13,0.03,0.08,0.05,0.08,0.05,0.07,0.03,0.07,0.02,0.05,0.03,0.03,0.04,0.04,0.01,0.02
YPR095C,0.02,0.01,0.07,0.07,0.03,0.06,0.03,0.05,0.13,0.1,0.02,0.09,0.02,0.04,0.07,0.13,0.03,0.02,0.0,0.01
YPL188W,0.02,0.0,0.02,0.04,0.05,0.01,0.03,0.04,0.1,0.09,0.02,0.07,0.08,0.04,0.04,0.14,0.05,0.09,0.03,0.04
YLR006C,0.08,0.01,0.1,0.03,0.04,0.04,0.0,0.06,0.05,0.08,0.01,0.13,0.02,0.04,0.05,0.13,0.05,0.04,0.03,0.01
YDL043C,0.01,0.02,0.03,0.07,0.02,0.12,0.04,0.03,0.1,0.09,0.03,0.07,0.02,0.04,0.06,0.11,0.02,0.07,0.01,0.04
YDL060W,0.07,0.0,0.05,0.04,0.01,0.08,0.04,0.06,0.18,0.1,0.01,0.05,0.04,0.04,0.06,0.08,0.02,0.05,0.0,0.02
YDL065C,0.05,0.0,0.16,0.16,0.03,0.03,0.0,0.0,0.09,0.08,0.04,0.15,0.03,0.03,0.0,0.05,0.02,0.06,0.0,0.02
YDL070W,0.09,0.0,0.06,0.03,0.02,0.06,0.07,0.05,0.02,0.05,0.02,0.11,0.03,0.02,0.04,0.22,0.05,0.04,0.0,0.02
YDL074C,0.1,0.04,0.06,0.1,0.05,0.01,0.0,0.08,0.07,0.1,0.02,0.03,0.03,0.05,0.1,0.05,0.06,0.04,0.0,0.01
YDL077C,0.06,0.01,0.06,0.06,0.04,0.02,0.02,0.05,0.08,0.16,0.01,0.07,0.05,0.06,0.02,0.07,0.07,0.05,0.0,0.04
YDL080C,0.09,0.02,0.03,0.03,0.04,0.1,0.02,0.07,0.03,0.14,0.02,0.09,0.03,0.02,0.04,0.09,0.04,0.02,0.01,0.07
YDL084W,0.1,0.01,0.07,0.12,0.03,0.1,0.05,0.07,0.05,0.05,0.01,0.05,0.03,0.05,0.01,0.09,0.07,0.02,0.0,0.02
YDL087C,0.03,0.03,0.04,0.08,0.05,0.06,0.05,0.03,0.1,0.09,0.04,0.01,0.05,0.08,0.07,0.06,0.05,0.03,0.0,0.05
YDL113C,0.06,0.0,0.04,0.12,0.02,0.1,0.02,0.02,0.12,0.07,0.03,0.08,0.07,0.01,0.02,0.07,0.08,0.06,0.0,0.01
YDL115C,0.05,0.0,0.07,0.1,0.04,0.02,0.03,0.04,0.11,0.08,0.01,0.0,0.02,0.07,0.1,0.14,0.06,0.05,0.0,0.01
YDL117W,0.03,0.01,0.02,0.07,0.06,0.09,0.01,0.05,0.1,0.09,0.02,0.06,0.06,0.02,0.05,0.09,0.05,0.07,0.02,0.03
YDL120W,0.08,0.02,0.06,0.09,0.03,0.04,0.04,0.03,0.05,0.1,0.03,0.04,0.05,0.03,0.07,0.08,0.04,0.09,0.0,0.03
YDL124W,0.08,0.0,0.04,0.06,0.05,0.05,0.02,0.11,0.07,0.07,0.02,0.06,0.06,0.04,0.03,0.07,0.08,0.03,0.01,0.05
YDL142C,0.03,0.02,0.01,0.01,0.05,0.04,0.02,0.1,0.05,0.15,0.02,0.08,0.09,0.02,0.08,0.06,0.09,0.04,0.0,0.04
YDL213C,0.05,0.0,0.05,0.1,0.04,0.11,0.01,0.02,0.21,0.04,0.01,0.06,0.04,0.06,0.08,0.04,0.03,0.05,0.0,0.0
YDL219W,0.05,0.0,0.06,0.05,0.03,0.05,0.02,0.09,0.15,0.1,0.04,0.03,0.01,0.04,0.02,0.12,0.03,0.09,0.01,0.01
YDL222C,0.06,0.02,0.03,0.02,0.11,0.09,0.0,0.02,0.03,0.13,0.01,0.1,0.05,0.02,0.06,0.1,0.05,0.03,0.03,0.04
YDL225W,0.07,0.01,0.01,0.05,0.05,0.06,0.02,0.06,0.1,0.06,0.03,0.08,0.08,0.01,0.04,0.1,0.08,0.05,0.0,0.04
YDL235C,0.05,0.01,0.08,0.06,0.06,0.06,0.02,0.11,0.05,0.1,0.04,0.06,0.02,0.08,0.04,0.07,0.06,0.01,0.02,0.0
YDL239C,0.03,0.01,0.05,0.1,0.02,0.03,0.02,0.04,0.06,0.05,0.02,0.06,0.05,0.05,0.09,0.2,0.06,0.03,0.03,0.0
YDR261W-B,0.09,0.0,0.03,0.05,0.01,0.04,0.07,0.0,0.03,0.04,0.04,0.08,0.12,0.11,0.01,0.14,0.06,0.07,0.0,0.01
YDR261C-D,0.1,0.03,0.02,0.06,0.0,0.03,0.05,0.01,0.04,0.02,0.03,0.06,0.13,0.12,0.0,0.16,0.08,0.05,0.0,0.01
YLL002W,0.04,0.01,0.06,0.06,0.08,0.02,0.03,0.03,0.06,0.1,0.01,0.04,0.04,0.04,0.03,0.11,0.07,0.12,0.01,0.04
YLL010C,0.06,0.02,0.01,0.03,0.02,0.04,0.02,0.03,0.08,0.02,0.01,0.1,0.04,0.05,0.05,0.23,0.15,0.03,0.0,0.01
YLL012W,0.08,0.02,0.07,0.04,0.03,0.02,0.09,0.04,0.06,0.09,0.02,0.06,0.01,0.01,0.08,0.05,0.08,0.12,0.0,0.03
YLL013C,0.11,0.0,0.04,0.05,0.05,0.1,0.02,0.05,0.04,0.07,0.06,0.07,0.03,0.03,0.02,0.17,0.05,0.04,0.0,0.0
YLL027W,0.06,0.0,0.02,0.01,0.07,0.07,0.01,0.05,0.1,0.04,0.02,0.07,0.08,0.02,0.07,0.16,0.07,0.05,0.02,0.01
YLL028W,0.06,0.0,0.06,0.08,0.01,0.09,0.03,0.04,0.03,0.05,0.03,0.06,0.04,0.01,0.05,0.14,0.15,0.06,0.0,0.01
YLL029W,0.07,0.05,0.03,0.02,0.02,0.11,0.04,0.01,0.02,0.09,0.03,0.04,0.06,0.02,0.1,0.2,0.05,0.03,0.0,0.01
YLL031C,0.05,0.0,0.05,0.03,0.1,0.01,0.02,0.15,0.11,0.1,0.01,0.06,0.03,0.03,0.05,0.1,0.03,0.05,0.0,0.02
YLL035W,0.02,0.0,0.13,0.11,0.03,0.06,0.01,0.05,0.06,0.09,0.02,0.05,0.03,0.04,0.01,0.14,0.04,0.08,0.0,0.03
YLL040C,0.02,0.03,0.09,0.06,0.01,0.05,0.01,0.06,0.08,0.19,0.01,0.09,0.05,0.01,0.03,0.09,0.01,0.07,0.02,0.02
YLL042C,0.01,0.01,0.05,0.08,0.01,0.02,0.04,0.08,0.06,0.19,0.03,0.06,0.05,0.07,0.04,0.05,0.05,0.02,0.03,0.05
YLR002C,0.05,0.0,0.09,0.13,0.02,0.04,0.02,0.03,0.12,0.05,0.03,0.07,0.04,0.05,0.08,0.07,0.03,0.05,0.01,0.02
YLR007W,0.1,0.01,0.04,0.06,0.0,0.05,0.03,0.1,0.06,0.13,0.02,0.08,0.01,0.05,0.04,0.04,0.06,0.06,0.02,0.04
YLR008C,0.08,0.0,0.03,0.02,0.05,0.16,0.01,0.05,0.04,0.07,0.03,0.08,0.04,0.07,0.0,0.09,0.09,0.05,0.0,0.04
YLR009W,0.1,0.05,0.02,0.05,0.07,0.03,0.03,0.04,0.1,0.05,0.03,0.04,0.04,0.03,0.14,0.04,0.05,0.05,0.01,0.03
YLR010C,0.03,0.04,0.07,0.06,0.07,0.05,0.04,0.07,0.07,0.1,0.05,0.08,0.02,0.02,0.06,0.06,0.02,0.06,0.0,0.03
YLR011W,0.07,0.01,0.08,0.07,0.01,0.03,0.0,0.12,0.07,0.07,0.02,0.03,0.05,0.06,0.05,0.06,0.03,0.1,0.02,0.05
YLR016C,0.03,0.0,0.11,0.06,0.03,0.06,0.03,0.05,0.1,0.08,0.05,0.07,0.06,0.02,0.08,0.05,0.02,0.02,0.01,0.07
YLR017W,0.04,0.01,0.02,0.04,0.05,0.08,0.04,0.08,0.05,0.09,0.03,0.06,0.08,0.01,0.03,0.08,0.1,0.08,0.01,0.02
YLR020C,0.02,0.0,0.07,0.03,0.03,0.01,0.03,0.06,0.09,0.09,0.02,0.06,0.05,0.05,0.09,0.1,0.09,0.08,0.01,0.02
YLR022C,0.03,0.02,0.06,0.09,0.03,0.05,0.02,0.07,0.12,0.08,0.03,0.06,0.02,0.08,0.05,0.04,0.03,0.1,0.0,0.02
YLR024C,0.03,0.02,0.07,0.09,0.02,0.03,0.04,0.06,0.06,0.13,0.02,0.09,0.01,0.0,0.07,0.09,0.08,0.02,0.04,0.03
YLR033W,0.03,0.02,0.05,0.09,0.07,0.06,0.02,0.07,0.11,0.07,0.01,0.09,0.03,0.02,0.03,0.07,0.03,0.08,0.0,0.05
YLR072W,0.06,0.0,0.08,0.06,0.02,0.12,0.03,0.05,0.06,0.08,0.06,0.07,0.05,0.01,0.04,0.11,0.03,0.06,0.01,0.0
YLR074C,0.06,0.02,0.05,0.05,0.0,0.06,0.04,0.03,0.13,0.11,0.02,0.04,0.03,0.04,0.08,0.04,0.07,0.06,0.0,0.07
YLR103C,0.04,0.03,0.05,0.04,0.06,0.05,0.02,0.09,0.04,0.15,0.02,0.05,0.02,0.06,0.03,0.13,0.01,0.06,0.0,0.05
YOL010W,0.03,0.01,0.02,0.04,0.04,0.1,0.01,0.11,0.06,0.07,0.01,0.03,0.06,0.02,0.05,0.13,0.08,0.08,0.0,0.05
YOL011W,0.09,0.02,0.06,0.05,0.05,0.02,0.0,0.08,0.05,0.09,0.01,0.07,0.04,0.02,0.04,0.15,0.06,0.06,0.02,0.02
YOL013C,0.02,0.01,0.0,0.06,0.1,0.02,0.02,0.07,0.04,0.21,0.03,0.05,0.02,0.03,0.04,0.07,0.09,0.08,0.01,0.03
YOL018C,0.05,0.0,0.11,0.05,0.05,0.03,0.04,0.06,0.05,0.09,0.05,0.06,0.05,0.03,0.09,0.07,0.05,0.03,0.0,0.04
YOL021C,0.07,0.03,0.06,0.03,0.02,0.04,0.02,0.07,0.06,0.1,0.01,0.03,0.08,0.04,0.08,0.09,0.04,0.11,0.0,0.02
YOL027C,0.1,0.02,0.02,0.01,0.03,0.03,0.03,0.02,0.1,0.09,0.02,0.04,0.09,0.04,0.06,0.1,0.08,0.07,0.01,0.04
YOL030W,0.08,0.02,0.08,0.03,0.04,0.07,0.02,0.04,0.02,0.09,0.01,0.06,0.04,0.03,0.05,0.16,0.05,0.08,0.0,0.03
YOL031C,0.04,0.02,0.06,0.08,0.01,0.07,0.03,0.13,0.06,0.12,0.02,0.04,0.07,0.02,0.04,0.11,0.02,0.04,0.01,0.01
YOL034W,0.03,0.02,0.04,0.06,0.04,0.09,0.02,0.08,0.08,0.09,0.02,0.03,0.06,0.02,0.06,0.1,0.07,0.06,0.0,0.03
YOL041C,0.08,0.01,0.1,0.14,0.02,0.02,0.0,0.04,0.16,0.06,0.01,0.04,0.04,0.02,0.05,0.12,0.03,0.06,0.0,0.0
YOL043C,0.02,0.01,0.06,0.14,0.02,0.04,0.01,0.09,0.12,0.03,0.02,0.06,0.05,0.01,0.09,0.06,0.04,0.07,0.03,0.03
YOL044W,0.03,0.03,0.11,0.07,0.07,0.02,0.01,0.08,0.06,0.11,0.06,0.06,0.03,0.02,0.03,0.12,0.03,0.06,0.0,0.0
YOL045W,0.07,0.01,0.07,0.03,0.03,0.02,0.03,0.05,0.04,0.1,0.02,0.05,0.1,0.01,0.04,0.18,0.04,0.07,0.0,0.04
YOL047C,0.05,0.0,0.05,0.05,0.04,0.04,0.05,0.07,0.08,0.08,0.03,0.04,0.08,0.05,0.03,0.08,0.02,0.03,0.05,0.08
YOL070C,0.04,0.0,0.07,0.09,0.02,0.05,0.0,0.06,0.03,0.07,0.04,0.06,0.07,0.03,0.08,0.14,0.07,0.06,0.0,0.02
YOL071W,0.07,0.01,0.07,0.05,0.03,0.05,0.02,0.07,0.11,0.1,0.03,0.04,0.03,0.03,0.08,0.08,0.06,0.02,0.02,0.03
YOL072W,0.06,0.03,0.08,0.05,0.07,0.03,0.03,0.06,0.03,0.13,0.04,0.08,0.03,0.07,0.03,0.07,0.05,0.02,0.02,0.02
YOL077C,0.04,0.01,0.05,0.05,0.03,0.04,0.04,0.04,0.13,0.14,0.02,0.08,0.02,0.07,0.06,0.08,0.02,0.03,0.01,0.04
YOL078W,0.03,0.02,0.06,0.1,0.03,0.04,0.0,0.06,0.07,0.1,0.06,0.07,0.06,0.05,0.06,0.07,0.03,0.06,0.0,0.03
YOL109W,0.13,0.0,0.03,0.2,0.01,0.04,0.0,0.03,0.17,0.03,0.01,0.06,0.01,0.11,0.0,0.05,0.06,0.06,0.0,0.0
YOL133W,0.1,0.07,0.08,0.08,0.03,0.01,0.04,0.07,0.07,0.01,0.04,0.08,0.03,0.04,0.03,0.06,0.04,0.07,0.05,0.0
YOL135C,0.06,0.01,0.04,0.07,0.03,0.05,0.0,0.03,0.09,0.09,0.03,0.07,0.13,0.07,0.01,0.09,0.04,0.03,0.01,0.05
YOL138C,0.02,0.0,0.03,0.03,0.04,0.06,0.03,0.04,0.04,0.05,0.03,0.11,0.1,0.01,0.05,0.22,0.04,0.04,0.0,0.06
YOL141W,0.05,0.01,0.02,0.03,0.05,0.02,0.0,0.08,0.14,0.11,0.02,0.11,0.03,0.04,0.08,0.09,0.04,0.03,0.01,0.04
YOL142W,0.02,0.01,0.06,0.01,0.06,0.08,0.01,0.08,0.05,0.04,0.02,0.04,0.08,0.03,0.02,0.15,0.07,0.11,0.0,0.06
YOL144W,0.06,0.02,0.12,0.06,0.12,0.04,0.04,0.06,0.11,0.05,0.01,0.09,0.01,0.04,0.04,0.04,0.01,0.05,0.02,0.01
YOR005C,0.05,0.02,0.04,0.06,0.05,0.04,0.01,0.11,0.06,0.08,0.02,0.06,0.06,0.02,0.06,0.07,0.04,0.06,0.02,0.07
YOR042W,0.04,0.0,0.11,0.2,0.0,0.04,0.01,0.04,0.13,0.04,0.01,0.06,0.08,0.0,0.02,0.11,0.05,0.06,0.0,0.0
YOR049C,0.07,0.02,0.02,0.02,0.05,0.07,0.02,0.1,0.0,0.15,0.06,0.09,0.02,0.03,0.03,0.07,0.07,0.06,0.03,0.02
YOR056C,0.1,0.0,0.04,0.04,0.03,0.02,0.04,0.06,0.05,0.12,0.01,0.05,0.03,0.07,0.02,0.08,0.12,0.05,0.01,0.06
YOR059C,0.02,0.01,0.07,0.05,0.06,0.08,0.03,0.1,0.08,0.09,0.07,0.03,0.01,0.02,0.04,0.05,0.08,0.05,0.01,0.05
YOR064C,0.03,0.02,0.09,0.1,0.04,0.01,0.04,0.07,0.07,0.15,0.03,0.07,0.02,0.04,0.05,0.08,0.04,0.03,0.0,0.02
YOR070C,0.08,0.0,0.05,0.04,0.01,0.03,0.02,0.01,0.06,0.06,0.05,0.05,0.04,0.02,0.09,0.23,0.08,0.03,0.01,0.04
YOR073W,0.03,0.0,0.04,0.08,0.01,0.0,0.01,0.08,0.1,0.1,0.02,0.08,0.03,0.09,0.08,0.14,0.04,0.05,0.0,0.02
YOR076C,0.06,0.0,0.06,0.06,0.01,0.02,0.03,0.01,0.17,0.16,0.01,0.05,0.01,0.04,0.06,0.16,0.06,0.03,0.0,0.0
YOR078W,0.07,0.0,0.11,0.12,0.01,0.03,0.03,0.03,0.1,0.05,0.01,0.03,0.01,0.09,0.06,0.15,0.02,0.07,0.0,0.01
YOR080W,0.07,0.04,0.07,0.04,0.02,0.04,0.01,0.08,0.07,0.11,0.02,0.06,0.03,0.04,0.08,0.08,0.04,0.04,0.0,0.06
YOR175C,0.03,0.03,0.02,0.01,0.11,0.05,0.01,0.11,0.05,0.13,0.06,0.05,0.04,0.0,0.06,0.08,0.06,0.04,0.0,0.06
YOR177C,0.02,0.0,0.08,0.05,0.05,0.02,0.01,0.06,0.11,0.01,0.02,0.12,0.07,0.01,0.05,0.16,0.07,0.04,0.0,0.05
YOR180C,0.05,0.01,0.06,0.03,0.08,0.05,0.03,0.08,0.08,0.1,0.01,0.07,0.03,0.01,0.01,0.14,0.03,0.1,0.0,0.03
YOR189W,0.06,0.0,0.09,0.1,0.03,0.04,0.0,0.04,0.1,0.03,0.01,0.06,0.06,0.04,0.07,0.14,0.04,0.05,0.02,0.02
YOR191W,0.08,0.0,0.1,0.06,0.06,0.02,0.02,0.07,0.08,0.05,0.02,0.09,0.01,0.04,0.03,0.13,0.09,0.05,0.0,0.0
YOR195W,0.03,0.01,0.07,0.1,0.04,0.03,0.02,0.05,0.05,0.06,0.02,0.13,0.08,0.07,0.06,0.11,0.03,0.03,0.0,0.01
YOR197W,0.07,0.0,0.01,0.02,0.02,0.11,0.0,0.0,0.01,0.01,0.03,0.12,0.16,0.22,0.03,0.03,0.01,0.02,0.0,0.13
YOR239W,0.04,0.0,0.06,0.21,0.02,0.03,0.01,0.04,0.09,0.05,0.02,0.08,0.06,0.03,0.01,0.11,0.08,0.05,0.0,0.01
YOR241W,0.05,0.0,0.04,0.01,0.06,0.03,0.03,0.08,0.1,0.11,0.06,0.1,0.03,0.02,0.08,0.04,0.08,0.03,0.01,0.04
YOR243C,0.06,0.0,0.07,0.09,0.04,0.07,0.03,0.06,0.11,0.07,0.02,0.03,0.06,0.06,0.05,0.06,0.05,0.06,0.0,0.01
YOR245C,0.07,0.02,0.02,0.07,0.09,0.03,0.02,0.07,0.05,0.1,0.02,0.02,0.06,0.03,0.07,0.1,0.09,0.03,0.02,0.02
YOR246C,0.06,0.02,0.07,0.04,0.01,0.11,0.06,0.09,0.05,0.1,0.01,0.02,0.06,0.02,0.05,0.06,0.04,0.06,0.01,0.06
YOR249C,0.03,0.02,0.07,0.01,0.02,0.05,0.02,0.13,0.04,0.16,0.02,0.07,0.1,0.01,0.04,0.09,0.05,0.04,0.01,0.02
YOR250C,0.04,0.01,0.07,0.11,0.03,0.06,0.02,0.09,0.08,0.09,0.01,0.05,0.05,0.02,0.0,0.04,0.1,0.07,0.04,0.02
YOR251C,0.05,0.0,0.12,0.01,0.07,0.02,0.02,0.07,0.11,0.08,0.03,0.03,0.09,0.01,0.03,0.07,0.03,0.11,0.02,0.03
YOR253W,0.08,0.01,0.05,0.04,0.05,0.06,0.02,0.04,0.1,0.13,0.03,0.06,0.05,0.04,0.01,0.06,0.04,0.09,0.0,0.04
YOR258W,0.03,0.02,0.11,0.05,0.07,0.0,0.04,0.07,0.1,0.05,0.02,0.04,0.05,0.02,0.06,0.1,0.06,0.06,0.01,0.04
YOR294W,0.04,0.0,0.09,0.05,0.01,0.05,0.0,0.03,0.06,0.15,0.03,0.07,0.07,0.04,0.03,0.09,0.09,0.08,0.0,0.02
YOR295W,0.06,0.0,0.08,0.12,0.01,0.02,0.01,0.07,0.11,0.13,0.04,0.04,0.01,0.01,0.06,0.08,0.07,0.06,0.0,0.02
YOR297C,0.07,0.0,0.03,0.04,0.07,0.02,0.0,0.06,0.08,0.09,0.03,0.07,0.08,0.03,0.04,0.11,0.05,0.08,0.0,0.05
YOR299W,0.14,0.0,0.07,0.03,0.02,0.04,0.01,0.08,0.02,0.06,0.02,0.08,0.05,0.04,0.04,0.1,0.11,0.05,0.0,0.04
YOR301W,0.02,0.01,0.04,0.07,0.07,0.01,0.01,0.05,0.04,0.12,0.04,0.05,0.04,0.09,0.05,0.08,0.09,0.05,0.02,0.05
YOR304W,0.02,0.0,0.13,0.09,0.02,0.03,0.0,0.02,0.13,0.07,0.01,0.03,0.04,0.06,0.04,0.12,0.07,0.06,0.01,0.05
YOR352W,0.02,0.01,0.17,0.06,0.02,0.01,0.02,0.05,0.03,0.08,0.02,0.17,0.06,0.04,0.04,0.05,0.05,0.07,0.01,0.02
YOR357C,0.01,0.02,0.03,0.11,0.08,0.05,0.04,0.07,0.09,0.06,0.04,0.05,0.06,0.0,0.07,0.11,0.04,0.03,0.0,0.04
YOR359W,0.06,0.0,0.03,0.02,0.02,0.07,0.03,0.01,0.03,0.07,0.05,0.1,0.08,0.17,0.02,0.15,0.04,0.03,0.0,0.02
YOR367W,0.06,0.02,0.08,0.07,0.04,0.03,0.01,0.07,0.1,0.11,0.03,0.03,0.04,0.05,0.02,0.11,0.03,0.05,0.02,0.03
YOR371C,0.05,0.0,0.05,0.07,0.05,0.02,0.05,0.06,0.07,0.07,0.01,0.03,0.04,0.05,0.06,0.18,0.04,0.04,0.0,0.06
YOR372C,0.05,0.0,0.06,0.03,0.05,0.01,0.04,0.03,0.02,0.04,0.02,0.11,0.06,0.12,0.02,0.15,0.12,0.02,0.0,0.05
YOR381W,0.09,0.07,0.04,0.07,0.02,0.06,0.0,0.03,0.06,0.13,0.04,0.02,0.04,0.01,0.01,0.11,0.06,0.04,0.02,0.08
YPL178W,0.02,0.04,0.05,0.09,0.07,0.05,0.01,0.07,0.07,0.09,0.03,0.03,0.04,0.02,0.08,0.1,0.06,0.02,0.0,0.06
YPL180W,0.05,0.01,0.06,0.0,0.05,0.05,0.04,0.01,0.1,0.08,0.02,0.07,0.01,0.04,0.1,0.14,0.1,0.06,0.0,0.01
YPL181W,0.06,0.04,0.06,0.17,0.02,0.1,0.01,0.07,0.03,0.01,0.03,0.0,0.04,0.05,0.01,0.11,0.1,0.08,0.01,0.0
YPL183C,0.06,0.02,0.06,0.05,0.05,0.07,0.05,0.06,0.07,0.11,0.01,0.04,0.02,0.0,0.03,0.09,0.04,0.08,0.01,0.08
YPL184C,0.03,0.0,0.07,0.03,0.09,0.05,0.0,0.02,0.0,0.02,0.04,0.26,0.08,0.05,0.02,0.11,0.03,0.03,0.0,0.07
YPL191C,0.05,0.01,0.05,0.06,0.02,0.04,0.03,0.1,0.05,0.2,0.01,0.08,0.04,0.04,0.04,0.09,0.05,0.04,0.0,0.0
YPL192C,0.08,0.0,0.05,0.05,0.01,0.04,0.03,0.03,0.19,0.06,0.02,0.09,0.02,0.03,0.05,0.11,0.08,0.06,0.0,0.0
YPL194W,0.03,0.01,0.04,0.09,0.08,0.05,0.03,0.09,0.06,0.04,0.02,0.06,0.01,0.05,0.04,0.07,0.1,0.07,0.02,0.04
YPL195W,0.04,0.02,0.05,0.09,0.08,0.04,0.02,0.04,0.08,0.12,0.04,0.06,0.04,0.03,0.05,0.08,0.04,0.04,0.01,0.03
YPL200W,0.04,0.01,0.05,0.08,0.06,0.01,0.01,0.04,0.07,0.15,0.04,0.06,0.0,0.08,0.03,0.07,0.1,0.04,0.04,0.02
YPL202C,0.03,0.01,0.06,0.03,0.03,0.03,0.02,0.09,0.15,0.06,0.05,0.03,0.07,0.03,0.04,0.15,0.03,0.07,0.01,0.01
YPL206C,0.1,0.02,0.07,0.09,0.02,0.07,0.03,0.04,0.06,0.08,0.06,0.03,0.02,0.01,0.05,0.04,0.07,0.09,0.03,0.02
YPL207W,0.08,0.07,0.06,0.02,0.03,0.21,0.0,0.05,0.12,0.06,0.01,0.03,0.01,0.04,0.02,0.08,0.02,0.05,0.0,0.04
YPL211W,0.06,0.01,0.03,0.05,0.05,0.05,0.04,0.06,0.12,0.12,0.02,0.03,0.03,0.02,0.06,0.04,0.07,0.09,0.01,0.04
YPL213W,0.01,0.01,0.11,0.03,0.02,0.03,0.04,0.08,0.05,0.14,0.04,0.08,0.06,0.03,0.05,0.06,0.06,0.07,0.0,0.03
YPL217C,0.09,0.0,0.05,0.04,0.02,0.05,0.04,0.02,0.12,0.05,0.05,0.05,0.08,0.04,0.08,0.05,0.09,0.08,0.0,0.0
YPL221W,0.06,0.06,0.08,0.02,0.05,0.02,0.01,0.05,0.04,0.1,0.04,0.03,0.03,0.04,0.02,0.1,0.08,0.09,0.02,0.06
YPL222W,0.09,0.01,0.05,0.04,0.05,0.02,0.04,0.06,0.1,0.12,0.02,0.05,0.05,0.07,0.03,0.07,0.06,0.05,0.0,0.02
YPL226W,0.05,0.0,0.05,0.0,0.04,0.09,0.0,0.0,0.09,0.03,0.01,0.23,0.06,0.1,0.01,0.08,0.0,0.01,0.01,0.14
YPL273W,0.06,0.0,0.04,0.08,0.05,0.05,0.0,0.06,0.07,0.09,0.03,0.07,0.05,0.03,0.04,0.1,0.08,0.06,0.02,0.02
YPL274W,0.02,0.0,0.06,0.08,0.03,0.08,0.02,0.09,0.08,0.1,0.03,0.04,0.03,0.07,0.05,0.1,0.08,0.02,0.01,0.01
YPL280W,0.07,0.0,0.06,0.08,0.1,0.09,0.03,0.04,0.1,0.05,0.02,0.05,0.03,0.0,0.03,0.07,0.07,0.06,0.01,0.04
YNL045W,0.02,0.0,0.03,0.04,0.06,0.03,0.05,0.07,0.06,0.14,0.02,0.03,0.06,0.03,0.07,0.15,0.06,0.05,0.0,0.03
YPL236C,0.03,0.04,0.03,0.06,0.04,0.06,0.0,0.12,0.06,0.1,0.03,0.06,0.03,0.04,0.07,0.1,0.02,0.06,0.0,0.05
YPR056W,0.12,0.0,0.03,0.1,0.04,0.03,0.02,0.09,0.08,0.09,0.01,0.04,0.04,0.02,0.02,0.11,0.06,0.06,0.01,0.03
YOL003C,0.03,0.07,0.01,0.02,0.07,0.04,0.03,0.09,0.07,0.09,0.02,0.05,0.11,0.03,0.04,0.07,0.04,0.02,0.04,0.06
YDL201W,0.05,0.0,0.05,0.07,0.01,0.03,0.03,0.04,0.14,0.06,0.03,0.06,0.07,0.07,0.06,0.08,0.02,0.04,0.01,0.08
YOL092W,0.05,0.02,0.04,0.04,0.04,0.06,0.01,0.1,0.02,0.16,0.04,0.04,0.03,0.04,0.02,0.1,0.03,0.08,0.03,0.05
YOR223W,0.03,0.01,0.04,0.05,0.05,0.04,0.04,0.07,0.04,0.09,0.02,0.09,0.05,0.06,0.1,0.09,0.06,0.05,0.01,0.01
YOR281C,0.07,0.0,0.1,0.2,0.04,0.02,0.01,0.05,0.08,0.1,0.02,0.04,0.04,0.05,0.06,0.05,0.01,0.04,0.01,0.01
YDL132W,0.03,0.01,0.03,0.07,0.02,0.05,0.01,0.08,0.07,0.08,0.03,0.09,0.03,0.03,0.04,0.12,0.08,0.04,0.01,0.08
YLR106C,0.06,0.0,0.07,0.05,0.07,0.02,0.04,0.12,0.07,0.12,0.01,0.05,0.03,0.02,0.04,0.1,0.04,0.06,0.01,0.02
YOR272W,0.03,0.0,0.05,0.09,0.05,0.04,0.03,0.05,0.07,0.15,0.02,0.03,0.06,0.02,0.05,0.1,0.06,0.05,0.0,0.05
YPR029C,0.07,0.0,0.09,0.06,0.03,0.05,0.03,0.08,0.09,0.16,0.01,0.02,0.01,0.03,0.08,0.07,0.05,0.04,0.0,0.03
YDR167W,0.07,0.0,0.17,0.12,0.05,0.05,0.0,0.05,0.07,0.04,0.04,0.06,0.06,0.03,0.02,0.04,0.05,0.05,0.0,0.03
YOR275C,0.07,0.0,0.06,0.06,0.07,0.02,0.0,0.08,0.07,0.13,0.01,0.04,0.03,0.07,0.03,0.1,0.08,0.04,0.01,0.03
YPR032W,0.09,0.0,0.02,0.05,0.06,0.04,0.0,0.07,0.16,0.06,0.02,0.09,0.03,0.02,0.01,0.18,0.07,0.02,0.0,0.01
YOL095C,0.04,0.01,0.02,0.07,0.02,0.05,0.04,0.13,0.09,0.11,0.01,0.07,0.04,0.02,0.01,0.08,0.08,0.07,0.01,0.03
YDR253C,0.07,0.01,0.07,0.07,0.02,0.04,0.0,0.09,0.13,0.06,0.01,0.1,0.07,0.06,0.07,0.06,0.02,0.05,0.0,0.0
YOR081C,0.03,0.0,0.08,0.04,0.02,0.01,0.03,0.05,0.08,0.17,0.02,0.04,0.02,0.04,0.04,0.15,0.08,0.01,0.03,0.06
YPL253C,0.04,0.0,0.06,0.0,0.04,0.01,0.03,0.06,0.09,0.08,0.05,0.1,0.05,0.05,0.08,0.17,0.06,0.03,0.0,0.0
YDL209C,0.05,0.04,0.05,0.05,0.08,0.09,0.03,0.04,0.07,0.08,0.02,0.04,0.06,0.06,0.03,0.08,0.05,0.03,0.03,0.02
YPL250C,0.05,0.02,0.1,0.09,0.07,0.01,0.02,0.04,0.02,0.05,0.04,0.04,0.07,0.03,0.02,0.17,0.07,0.05,0.0,0.04
YPR045C,0.03,0.0,0.02,0.03,0.04,0.06,0.01,0.02,0.05,0.1,0.03,0.15,0.12,0.07,0.05,0.09,0.05,0.04,0.01,0.03
YOR144C,0.05,0.01,0.15,0.05,0.03,0.02,0.04,0.07,0.11,0.06,0.02,0.04,0.02,0.02,0.06,0.1,0.08,0.07,0.0,0.0
YPL069C,0.03,0.0,0.06,0.05,0.02,0.03,0.03,0.12,0.05,0.14,0.02,0.1,0.06,0.05,0.04,0.09,0.03,0.06,0.01,0.01
YPL157W,0.09,0.02,0.03,0.04,0.07,0.02,0.04,0.07,0.13,0.08,0.03,0.07,0.03,0.0,0.09,0.08,0.04,0.02,0.02,0.03
YDL166C,0.02,0.03,0.11,0.07,0.04,0.07,0.02,0.06,0.08,0.1,0.02,0.06,0.04,0.01,0.05,0.05,0.03,0.08,0.01,0.05
YOR226C,0.1,0.02,0.04,0.02,0.04,0.09,0.04,0.08,0.08,0.05,0.03,0.06,0.05,0.02,0.04,0.08,0.06,0.07,0.0,0.03
YPL254W,0.1,0.0,0.01,0.07,0.01,0.07,0.01,0.07,0.06,0.1,0.03,0.07,0.11,0.05,0.02,0.11,0.06,0.01,0.01,0.03
YDL193W,0.05,0.0,0.07,0.09,0.02,0.05,0.02,0.06,0.15,0.04,0.03,0.07,0.09,0.03,0.04,0.06,0.05,0.06,0.0,0.02
YOL151W,0.08,0.01,0.09,0.06,0.08,0.05,0.04,0.08,0.08,0.08,0.02,0.04,0.04,0.03,0.02,0.08,0.03,0.08,0.0,0.01
YDR027C,0.04,0.0,0.06,0.05,0.04,0.07,0.02,0.05,0.03,0.07,0.01,0.05,0.06,0.02,0.1,0.22,0.07,0.04,0.0,0.0
YPL146C,0.04,0.0,0.08,0.06,0.01,0.03,0.03,0.09,0.19,0.08,0.02,0.05,0.02,0.05,0.03,0.08,0.06,0.05,0.01,0.02
YDL157C,0.04,0.02,0.01,0.08,0.08,0.1,0.01,0.03,0.09,0.08,0.04,0.04,0.06,0.03,0.05,0.07,0.05,0.06,0.04,0.02
YPL164C,0.08,0.01,0.1,0.02,0.01,0.04,0.02,0.07,0.05,0.1,0.04,0.05,0.01,0.04,0.06,0.1,0.08,0.08,0.0,0.04
YLR035C-A,0.1,0.02,0.03,0.04,0.0,0.03,0.05,0.02,0.04,0.02,0.03,0.07,0.13,0.12,0.0,0.15,0.07,0.05,0.0,0.03
YPL166W,0.01,0.0,0.05,0.08,0.06,0.03,0.01,0.04,0.11,0.12,0.03,0.07,0.04,0.08,0.05,0.05,0.06,0.04,0.03,0.04
YDL033C,0.09,0.01,0.07,0.05,0.04,0.05,0.01,0.03,0.04,0.07,0.03,0.07,0.06,0.03,0.1,0.09,0.01,0.09,0.02,0.04
YOR006C,0.02,0.03,0.06,0.05,0.03,0.11,0.04,0.02,0.14,0.06,0.06,0.06,0.06,0.04,0.08,0.06,0.0,0.06,0.01,0.01
YLR135W,0.03,0.01,0.09,0.07,0.02,0.03,0.01,0.01,0.06,0.07,0.04,0.09,0.04,0.1,0.03,0.11,0.1,0.07,0.0,0.02
YDR021W,0.07,0.0,0.07,0.04,0.05,0.06,0.0,0.09,0.11,0.11,0.02,0.01,0.02,0.07,0.04,0.12,0.08,0.02,0.0,0.02
YLR115W,0.02,0.04,0.05,0.04,0.03,0.06,0.02,0.1,0.04,0.08,0.01,0.05,0.05,0.03,0.03,0.09,0.07,0.1,0.02,0.07
YOR228C,0.07,0.02,0.07,0.04,0.04,0.03,0.04,0.06,0.05,0.09,0.04,0.04,0.15,0.01,0.05,0.08,0.02,0.07,0.01,0.02
YNL284C-B,0.1,0.02,0.03,0.04,0.0,0.03,0.06,0.02,0.04,0.02,0.03,0.06,0.09,0.15,0.0,0.17,0.08,0.04,0.0,0.02
YOR192C-B,0.08,0.0,0.03,0.05,0.02,0.04,0.05,0.0,0.03,0.03,0.04,0.08,0.12,0.11,0.01,0.15,0.07,0.07,0.0,0.02
YLR330W,0.05,0.01,0.04,0.07,0.02,0.03,0.04,0.06,0.1,0.12,0.02,0.04,0.05,0.06,0.01,0.08,0.07,0.11,0.01,0.01
YOR007C,0.12,0.01,0.08,0.14,0.04,0.05,0.01,0.09,0.08,0.05,0.02,0.06,0.02,0.01,0.02,0.12,0.01,0.06,0.0,0.01
YOR173W,0.03,0.0,0.08,0.05,0.06,0.07,0.03,0.08,0.05,0.11,0.01,0.03,0.03,0.02,0.06,0.11,0.07,0.06,0.01,0.04
YDL005C,0.02,0.01,0.05,0.05,0.04,0.04,0.02,0.02,0.08,0.12,0.05,0.06,0.01,0.09,0.02,0.13,0.07,0.09,0.0,0.03
YLR110C,0.16,0.03,0.03,0.05,0.01,0.01,0.01,0.03,0.02,0.03,0.01,0.03,0.05,0.03,0.0,0.12,0.23,0.13,0.01,0.01
YDL153C,0.05,0.0,0.15,0.21,0.03,0.07,0.01,0.03,0.07,0.07,0.02,0.05,0.01,0.01,0.05,0.07,0.03,0.05,0.0,0.02
YGR027W-B,0.1,0.03,0.02,0.06,0.0,0.03,0.07,0.01,0.04,0.02,0.03,0.06,0.09,0.13,0.0,0.17,0.09,0.04,0.0,0.01
YDL149W,0.02,0.0,0.11,0.14,0.03,0.05,0.02,0.03,0.01,0.08,0.02,0.07,0.06,0.07,0.05,0.13,0.04,0.05,0.0,0.02
YPL233W,0.04,0.0,0.09,0.1,0.03,0.02,0.03,0.04,0.09,0.12,0.05,0.02,0.02,0.09,0.03,0.07,0.05,0.08,0.0,0.03
YOL146W,0.06,0.01,0.1,0.06,0.04,0.07,0.01,0.07,0.05,0.13,0.03,0.04,0.1,0.01,0.02,0.03,0.05,0.07,0.01,0.04
YOR001W,0.06,0.0,0.13,0.08,0.04,0.02,0.03,0.06,0.07,0.13,0.04,0.09,0.01,0.01,0.03,0.12,0.01,0.05,0.01,0.01
YLR087C,0.03,0.01,0.03,0.04,0.05,0.05,0.03,0.1,0.06,0.15,0.03,0.02,0.01,0.02,0.05,0.07,0.06,0.11,0.04,0.04
YDR213W,0.03,0.06,0.03,0.06,0.01,0.07,0.03,0.04,0.18,0.03,0.02,0.05,0.03,0.02,0.11,0.04,0.08,0.09,0.0,0.02
YDL100C,0.07,0.02,0.07,0.03,0.04,0.08,0.03,0.06,0.08,0.09,0.06,0.06,0.04,0.03,0.01,0.1,0.08,0.04,0.01,0.0
YDR063W,0.04,0.0,0.07,0.11,0.03,0.02,0.0,0.09,0.1,0.09,0.02,0.03,0.07,0.02,0.04,0.07,0.11,0.04,0.01,0.04
YDL003W,0.08,0.01,0.05,0.06,0.01,0.06,0.01,0.09,0.06,0.11,0.02,0.05,0.03,0.05,0.05,0.08,0.1,0.05,0.01,0.02
YDR381W,0.09,0.0,0.05,0.04,0.02,0.1,0.0,0.04,0.07,0.06,0.01,0.08,0.06,0.03,0.15,0.07,0.04,0.09,0.0,0.0
YOL054W,0.04,0.07,0.06,0.04,0.03,0.04,0.04,0.07,0.04,0.12,0.04,0.07,0.04,0.06,0.03,0.05,0.08,0.02,0.01,0.05
YLL023C,0.1,0.0,0.02,0.03,0.07,0.04,0.01,0.07,0.05,0.09,0.03,0.04,0.05,0.07,0.06,0.12,0.04,0.05,0.01,0.05
YOR108W,0.07,0.0,0.05,0.04,0.04,0.02,0.03,0.07,0.13,0.08,0.04,0.03,0.09,0.03,0.07,0.07,0.03,0.06,0.02,0.03
YLR144C,0.05,0.02,0.02,0.03,0.02,0.04,0.01,0.02,0.04,0.05,0.01,0.1,0.2,0.05,0.07,0.14,0.03,0.09,0.0,0.01
YGR109W-A,0.04,0.02,0.05,0.04,0.07,0.06,0.02,0.09,0.03,0.09,0.05,0.08,0.08,0.06,0.05,0.07,0.03,0.03,0.02,0.02
YDR060W,0.09,0.0,0.15,0.08,0.02,0.05,0.01,0.03,0.15,0.09,0.01,0.09,0.01,0.02,0.04,0.12,0.01,0.03,0.0,0.0
YPR062W,0.06,0.04,0.05,0.06,0.01,0.16,0.02,0.06,0.07,0.08,0.06,0.04,0.02,0.02,0.03,0.05,0.08,0.04,0.01,0.04
YPR048W,0.03,0.03,0.04,0.03,0.06,0.06,0.06,0.08,0.06,0.11,0.01,0.06,0.04,0.03,0.06,0.1,0.06,0.03,0.02,0.03
YPL252C,0.06,0.02,0.03,0.06,0.04,0.09,0.05,0.07,0.07,0.12,0.02,0.03,0.04,0.02,0.05,0.07,0.13,0.02,0.0,0.01
YLR116W,0.02,0.0,0.02,0.06,0.05,0.02,0.01,0.06,0.08,0.05,0.03,0.08,0.09,0.03,0.11,0.13,0.04,0.07,0.01,0.04
YPR007C,0.02,0.02,0.05,0.04,0.03,0.04,0.0,0.08,0.12,0.09,0.01,0.12,0.02,0.01,0.01,0.13,0.07,0.06,0.01,0.07
YDL099W,0.03,0.0,0.06,0.2,0.0,0.05,0.0,0.02,0.17,0.03,0.02,0.08,0.03,0.05,0.03,0.12,0.06,0.05,0.0,0.0
YBR012W-B,0.1,0.02,0.03,0.04,0.0,0.03,0.05,0.02,0.04,0.02,0.03,0.07,0.13,0.12,0.0,0.15,0.07,0.05,0.0,0.03
YOR119C,0.09,0.01,0.07,0.05,0.04,0.06,0.03,0.03,0.1,0.09,0.03,0.06,0.01,0.02,0.05,0.11,0.07,0.06,0.0,0.02
YLL058W,0.06,0.03,0.02,0.07,0.07,0.09,0.01,0.04,0.07,0.05,0.02,0.03,0.11,0.03,0.04,0.08,0.03,0.08,0.01,0.06
YPL006W,0.07,0.07,0.03,0.07,0.02,0.06,0.0,0.03,0.06,0.11,0.03,0.04,0.07,0.05,0.04,0.06,0.04,0.11,0.02,0.02
YPR149W,0.09,0.03,0.03,0.01,0.11,0.05,0.03,0.09,0.0,0.15,0.02,0.08,0.02,0.01,0.04,0.07,0.06,0.07,0.01,0.03
YLR132C,0.04,0.02,0.07,0.08,0.04,0.01,0.03,0.1,0.07,0.04,0.03,0.03,0.06,0.06,0.04,0.13,0.06,0.01,0.02,0.06
YPL212C,0.05,0.01,0.11,0.06,0.01,0.07,0.02,0.02,0.14,0.05,0.03,0.07,0.1,0.03,0.07,0.03,0.03,0.05,0.0,0.05
YPL198W,0.17,0.0,0.01,0.1,0.01,0.02,0.01,0.09,0.15,0.04,0.01,0.04,0.04,0.07,0.08,0.03,0.05,0.04,0.0,0.04
YOR156C,0.06,0.02,0.05,0.04,0.02,0.05,0.01,0.11,0.11,0.1,0.04,0.14,0.03,0.04,0.03,0.07,0.03,0.03,0.01,0.01
YLR129W,0.14,0.02,0.08,0.04,0.02,0.1,0.01,0.05,0.05,0.08,0.01,0.05,0.05,0.03,0.02,0.1,0.04,0.06,0.02,0.03
YDL059C,0.06,0.0,0.05,0.04,0.03,0.08,0.03,0.11,0.06,0.06,0.02,0.06,0.04,0.05,0.04,0.09,0.06,0.02,0.03,0.07
YPL089C,0.05,0.01,0.1,0.04,0.05,0.04,0.04,0.09,0.08,0.08,0.01,0.08,0.01,0.04,0.06,0.08,0.03,0.07,0.0,0.04
YDL091C,0.03,0.0,0.07,0.04,0.08,0.05,0.04,0.06,0.03,0.15,0.01,0.08,0.06,0.04,0.11,0.06,0.04,0.02,0.0,0.03
YPL004C,0.14,0.0,0.05,0.06,0.04,0.05,0.01,0.01,0.08,0.08,0.02,0.04,0.07,0.04,0.08,0.11,0.04,0.06,0.01,0.01
YOL100W,0.04,0.0,0.1,0.05,0.03,0.01,0.03,0.04,0.11,0.11,0.05,0.09,0.06,0.05,0.05,0.06,0.07,0.02,0.0,0.03
YOR106W,0.03,0.02,0.04,0.11,0.05,0.03,0.01,0.08,0.12,0.08,0.01,0.07,0.02,0.07,0.04,0.12,0.07,0.02,0.0,0.01
YOR138C,0.07,0.01,0.14,0.1,0.02,0.08,0.01,0.06,0.03,0.05,0.05,0.08,0.06,0.05,0.02,0.05,0.02,0.09,0.0,0.01
YPL144W,0.05,0.01,0.08,0.03,0.02,0.05,0.02,0.09,0.06,0.11,0.04,0.03,0.05,0.02,0.07,0.13,0.05,0.06,0.0,0.03
YOR171C,0.02,0.02,0.08,0.03,0.04,0.09,0.03,0.05,0.07,0.15,0.02,0.08,0.02,0.04,0.03,0.13,0.04,0.05,0.0,0.01
YDR016C,0.031914893617021274,0.0,0.06382978723404255,0.10638297872340426,0.02127659574468085,0.0425531914893617,0.0,0.0851063829787234,0.05319148936170213,0.11702127659574468,0.031914893617021274,0.07446808510638298,0.02127659574468085,0.05319148936170213,0.02127659574468085,0.13829787234042554,0.07446808510638298,0.031914893617021274,0.010638297872340425,0.02127659574468085
YLR093C,0.01,0.03,0.07,0.04,0.07,0.04,0.02,0.08,0.08,0.04,0.06,0.08,0.05,0.03,0.01,0.06,0.08,0.11,0.0,0.04
YOR273C,0.03,0.0,0.12,0.05,0.01,0.05,0.01,0.03,0.06,0.05,0.03,0.1,0.09,0.02,0.03,0.15,0.11,0.02,0.03,0.01
YLR108C,0.03,0.01,0.06,0.08,0.11,0.05,0.03,0.09,0.06,0.08,0.01,0.06,0.04,0.05,0.03,0.04,0.08,0.06,0.0,0.03
YPR046W,0.02,0.0,0.03,0.12,0.01,0.0,0.05,0.07,0.06,0.21,0.01,0.07,0.01,0.08,0.07,0.05,0.06,0.04,0.01,0.03
YDR507C,0.07,0.0,0.03,0.04,0.01,0.12,0.01,0.1,0.06,0.09,0.02,0.08,0.05,0.02,0.03,0.07,0.08,0.08,0.02,0.02
YOL061W,0.05,0.04,0.04,0.06,0.03,0.06,0.02,0.08,0.05,0.08,0.04,0.05,0.04,0.04,0.04,0.12,0.04,0.09,0.0,0.03
YLR086W,0.05,0.0,0.05,0.09,0.01,0.03,0.01,0.0,0.06,0.1,0.01,0.06,0.1,0.06,0.06,0.17,0.07,0.04,0.0,0.03
YGR038C-B,0.1,0.02,0.03,0.04,0.0,0.03,0.06,0.02,0.04,0.02,0.03,0.06,0.12,0.13,0.0,0.16,0.07,0.05,0.0,0.02
YOR109W,0.06,0.02,0.03,0.07,0.05,0.08,0.01,0.09,0.11,0.12,0.01,0.04,0.06,0.02,0.03,0.05,0.03,0.1,0.0,0.02
YOL103W-B,0.1,0.03,0.02,0.06,0.0,0.03,0.04,0.01,0.04,0.02,0.03,0.07,0.13,0.12,0.0,0.15,0.08,0.05,0.0,0.02
YOR093C,0.01,0.0,0.06,0.04,0.02,0.01,0.03,0.07,0.07,0.12,0.02,0.06,0.07,0.04,0.11,0.13,0.09,0.01,0.0,0.04
YDL111C,0.05,0.01,0.09,0.06,0.03,0.04,0.03,0.09,0.03,0.1,0.01,0.03,0.05,0.03,0.05,0.15,0.04,0.09,0.0,0.02
YPL242C,0.04,0.0,0.01,0.02,0.0,0.04,0.01,0.04,0.11,0.1,0.01,0.11,0.08,0.01,0.02,0.22,0.07,0.06,0.0,0.05
YPR037C,0.11,0.0,0.05,0.07,0.04,0.07,0.02,0.1,0.11,0.08,0.04,0.02,0.04,0.03,0.05,0.06,0.03,0.05,0.02,0.01
YOL111C,0.06,0.0,0.05,0.04,0.04,0.03,0.04,0.03,0.14,0.13,0.01,0.03,0.08,0.07,0.01,0.08,0.09,0.04,0.0,0.03
YLL009C,0.028985507246376812,0.10144927536231885,0.057971014492753624,0.18840579710144928,0.043478260869565216,0.043478260869565216,0.014492753623188406,0.028985507246376812,0.15942028985507245,0.014492753623188406,0.028985507246376812,0.043478260869565216,0.057971014492753624,0.043478260869565216,0.014492753623188406,0.028985507246376812,0.043478260869565216,0.028985507246376812,0.0,0.028985507246376812
YOL083W,0.04,0.02,0.06,0.05,0.11,0.05,0.02,0.1,0.11,0.07,0.01,0.09,0.03,0.05,0.02,0.04,0.05,0.05,0.01,0.02
YPL011C,0.09,0.01,0.1,0.04,0.04,0.03,0.0,0.06,0.03,0.16,0.02,0.05,0.02,0.05,0.05,0.1,0.06,0.06,0.0,0.03
YDL138W,0.06,0.03,0.06,0.07,0.01,0.05,0.05,0.05,0.01,0.06,0.04,0.14,0.06,0.05,0.04,0.09,0.07,0.03,0.0,0.03
YLR121C,0.08,0.01,0.04,0.04,0.04,0.1,0.01,0.02,0.09,0.12,0.01,0.06,0.06,0.03,0.02,0.08,0.06,0.09,0.01,0.03
YOR285W,0.07,0.01,0.06,0.07,0.04,0.03,0.03,0.08,0.07,0.04,0.03,0.06,0.08,0.03,0.03,0.11,0.01,0.09,0.02,0.04
YPL007C,0.03,0.03,0.09,0.06,0.06,0.03,0.01,0.04,0.1,0.13,0.02,0.08,0.07,0.04,0.03,0.04,0.04,0.04,0.03,0.03
YLR117C,0.06,0.0,0.08,0.1,0.03,0.04,0.02,0.07,0.05,0.09,0.03,0.02,0.02,0.06,0.13,0.05,0.05,0.04,0.01,0.05
YPR031W,0.01,0.01,0.1,0.09,0.05,0.04,0.01,0.05,0.1,0.09,0.01,0.08,0.05,0.03,0.05,0.06,0.09,0.07,0.0,0.01
YDL207W,0.05,0.02,0.05,0.08,0.05,0.01,0.01,0.07,0.05,0.08,0.02,0.06,0.1,0.02,0.02,0.14,0.09,0.08,0.0,0.0
YGR161C-D,0.1,0.02,0.03,0.04,0.0,0.03,0.05,0.02,0.04,0.02,0.03,0.07,0.13,0.12,0.0,0.15,0.07,0.05,0.0,0.03
YOL112W,0.06,0.0,0.13,0.11,0.06,0.03,0.0,0.04,0.06,0.06,0.04,0.04,0.02,0.01,0.03,0.12,0.07,0.05,0.02,0.05
YLR376C,0.02,0.02,0.03,0.07,0.03,0.03,0.02,0.15,0.07,0.11,0.02,0.09,0.03,0.06,0.03,0.1,0.04,0.04,0.01,0.03
YOR040W,0.04,0.01,0.05,0.06,0.01,0.07,0.06,0.09,0.07,0.11,0.03,0.06,0.04,0.03,0.04,0.1,0.03,0.04,0.02,0.04
YPR070W,0.02,0.01,0.1,0.1,0.05,0.04,0.01,0.07,0.07,0.11,0.02,0.06,0.01,0.04,0.04,0.09,0.06,0.06,0.0,0.04
YOR087W,0.05,0.03,0.06,0.05,0.02,0.05,0.02,0.08,0.08,0.1,0.02,0.08,0.08,0.03,0.03,0.07,0.02,0.09,0.0,0.04
YDL217C,0.1,0.01,0.01,0.06,0.04,0.14,0.01,0.04,0.03,0.06,0.06,0.04,0.07,0.04,0.02,0.06,0.11,0.07,0.0,0.03
YOR159C,0.0425531914893617,0.010638297872340425,0.06382978723404255,0.06382978723404255,0.05319148936170213,0.07446808510638298,0.0,0.1276595744680851,0.09574468085106383,0.06382978723404255,0.031914893617021274,0.06382978723404255,0.05319148936170213,0.0425531914893617,0.010638297872340425,0.031914893617021274,0.06382978723404255,0.09574468085106383,0.010638297872340425,0.0
YOL152W,0.08,0.01,0.03,0.07,0.07,0.02,0.02,0.08,0.09,0.1,0.03,0.03,0.04,0.03,0.03,0.08,0.05,0.07,0.01,0.06
YDL139C,0.03,0.01,0.06,0.07,0.0,0.05,0.06,0.08,0.18,0.07,0.03,0.06,0.05,0.0,0.08,0.08,0.03,0.04,0.0,0.02
YOR004W,0.06,0.04,0.04,0.04,0.05,0.02,0.02,0.03,0.09,0.1,0.02,0.08,0.04,0.08,0.09,0.06,0.04,0.06,0.0,0.04
YPL001W,0.06,0.0,0.1,0.05,0.06,0.04,0.01,0.07,0.09,0.08,0.01,0.05,0.05,0.01,0.02,0.09,0.04,0.1,0.01,0.06
YOR174W,0.06,0.01,0.09,0.09,0.03,0.01,0.01,0.05,0.08,0.12,0.02,0.06,0.01,0.03,0.05,0.11,0.05,0.08,0.0,0.04
YPL249C,0.03,0.0,0.08,0.16,0.0,0.05,0.04,0.09,0.05,0.04,0.02,0.08,0.05,0.06,0.02,0.12,0.07,0.03,0.0,0.01
YLR052W,0.11,0.0,0.07,0.03,0.05,0.03,0.07,0.03,0.1,0.04,0.03,0.08,0.04,0.05,0.01,0.08,0.12,0.04,0.0,0.02
YOL117W,0.04,0.01,0.17,0.18,0.04,0.04,0.03,0.06,0.06,0.04,0.04,0.05,0.0,0.07,0.06,0.04,0.02,0.01,0.0,0.04
YLR295C,0.08,0.01,0.03,0.09,0.02,0.02,0.01,0.04,0.06,0.14,0.01,0.08,0.09,0.05,0.06,0.05,0.07,0.05,0.01,0.03
YDR055W,0.13,0.02,0.05,0.02,0.02,0.06,0.02,0.08,0.03,0.13,0.01,0.05,0.01,0.02,0.01,0.18,0.13,0.02,0.0,0.01
YDL035C,0.07,0.02,0.04,0.02,0.07,0.06,0.01,0.08,0.05,0.17,0.04,0.04,0.04,0.04,0.06,0.07,0.08,0.04,0.0,0.0
YOL066C,0.04,0.01,0.09,0.09,0.06,0.03,0.01,0.04,0.13,0.05,0.01,0.11,0.03,0.01,0.09,0.06,0.06,0.04,0.01,0.03
YOR230W,0.04,0.0,0.06,0.06,0.04,0.03,0.02,0.05,0.09,0.06,0.01,0.05,0.07,0.03,0.03,0.15,0.06,0.1,0.01,0.04
YPL255W,0.02,0.0,0.09,0.06,0.06,0.09,0.01,0.03,0.06,0.07,0.03,0.1,0.02,0.03,0.08,0.12,0.06,0.01,0.02,0.04
YOL104C,0.03,0.04,0.05,0.04,0.05,0.03,0.03,0.02,0.06,0.15,0.02,0.07,0.05,0.07,0.03,0.1,0.04,0.08,0.0,0.04
YLL022C,0.1,0.01,0.09,0.07,0.04,0.07,0.01,0.03,0.07,0.13,0.03,0.04,0.03,0.08,0.04,0.07,0.03,0.05,0.0,0.01
YPL149W,0.03,0.01,0.05,0.05,0.06,0.04,0.01,0.07,0.07,0.12,0.03,0.07,0.08,0.01,0.04,0.07,0.04,0.07,0.04,0.04
YOR311C,0.06,0.0,0.05,0.08,0.04,0.04,0.06,0.09,0.08,0.06,0.01,0.03,0.05,0.03,0.03,0.11,0.08,0.06,0.01,0.03
YOL125W,0.06,0.05,0.03,0.08,0.01,0.03,0.04,0.0,0.15,0.09,0.04,0.09,0.05,0.05,0.07,0.06,0.03,0.04,0.01,0.02
YOR141C,0.04,0.0,0.22,0.24,0.0,0.03,0.0,0.04,0.0,0.04,0.01,0.06,0.05,0.03,0.02,0.11,0.02,0.08,0.0,0.01
YDL031W,0.09,0.0,0.16,0.14,0.02,0.04,0.0,0.06,0.12,0.03,0.03,0.09,0.02,0.03,0.02,0.08,0.0,0.05,0.0,0.02
YLR080W,0.02,0.01,0.03,0.05,0.02,0.09,0.01,0.03,0.15,0.13,0.04,0.05,0.02,0.06,0.02,0.04,0.11,0.06,0.04,0.02
YOL093W,0.03,0.01,0.04,0.14,0.0,0.03,0.01,0.08,0.13,0.04,0.03,0.07,0.07,0.06,0.11,0.04,0.02,0.05,0.02,0.02
YPR028W,0.06,0.0,0.03,0.03,0.07,0.07,0.01,0.06,0.05,0.16,0.02,0.05,0.03,0.05,0.01,0.1,0.07,0.06,0.01,0.06
YOR288C,0.09,0.04,0.06,0.03,0.06,0.03,0.03,0.05,0.11,0.12,0.02,0.08,0.03,0.02,0.02,0.06,0.04,0.06,0.01,0.04
YPR034W,0.06,0.02,0.06,0.08,0.03,0.07,0.02,0.06,0.04,0.07,0.03,0.06,0.04,0.04,0.05,0.06,0.06,0.07,0.02,0.06
YOL091W,0.02,0.01,0.09,0.05,0.02,0.05,0.02,0.04,0.12,0.04,0.06,0.07,0.01,0.02,0.03,0.24,0.07,0.02,0.01,0.01
YPL257W-B,0.1,0.03,0.02,0.06,0.0,0.03,0.05,0.01,0.04,0.02,0.03,0.06,0.13,0.12,0.0,0.16,0.08,0.05,0.0,0.01
YOR110W,0.08,0.01,0.05,0.08,0.02,0.06,0.03,0.06,0.03,0.11,0.01,0.03,0.11,0.04,0.06,0.04,0.03,0.06,0.02,0.07
YOR083W,0.01,0.0,0.02,0.06,0.02,0.06,0.03,0.04,0.05,0.05,0.02,0.05,0.12,0.09,0.1,0.11,0.12,0.05,0.0,0.0
YPL151C,0.05,0.0,0.08,0.06,0.05,0.05,0.05,0.02,0.09,0.06,0.04,0.05,0.03,0.05,0.04,0.12,0.05,0.06,0.01,0.04
YOR308C,0.04,0.0,0.02,0.14,0.03,0.02,0.03,0.07,0.11,0.11,0.03,0.1,0.07,0.04,0.04,0.07,0.06,0.02,0.0,0.0
YDR022C,0.05,0.0,0.13,0.09,0.02,0.05,0.0,0.07,0.07,0.06,0.02,0.12,0.03,0.02,0.01,0.08,0.05,0.08,0.0,0.05
YPR067W,0.04,0.02,0.01,0.06,0.07,0.04,0.02,0.06,0.06,0.14,0.01,0.07,0.06,0.03,0.09,0.09,0.08,0.02,0.0,0.03
YLR143W,0.03,0.02,0.06,0.1,0.07,0.05,0.03,0.09,0.05,0.12,0.02,0.08,0.02,0.03,0.04,0.07,0.04,0.03,0.0,0.05
YPR023C,0.05,0.02,0.06,0.09,0.04,0.09,0.02,0.09,0.09,0.06,0.03,0.02,0.06,0.04,0.03,0.08,0.02,0.02,0.04,0.05
YOR023C,0.03,0.01,0.06,0.05,0.01,0.01,0.07,0.02,0.08,0.07,0.06,0.11,0.06,0.08,0.04,0.11,0.06,0.05,0.0,0.02
YDL010W,0.09,0.0,0.04,0.08,0.04,0.04,0.0,0.07,0.06,0.09,0.04,0.08,0.03,0.04,0.03,0.12,0.08,0.06,0.0,0.01
YLR127C,0.03,0.0,0.05,0.03,0.03,0.01,0.02,0.09,0.05,0.11,0.03,0.13,0.06,0.05,0.03,0.11,0.1,0.04,0.01,0.02
YDL204W,0.08,0.0,0.01,0.03,0.05,0.07,0.01,0.04,0.06,0.11,0.03,0.13,0.02,0.02,0.04,0.1,0.08,0.09,0.01,0.02
YLR018C,0.03,0.01,0.06,0.04,0.08,0.05,0.01,0.04,0.07,0.09,0.04,0.09,0.06,0.06,0.06,0.07,0.06,0.06,0.02,0.0
YDR214W,0.05,0.02,0.06,0.07,0.04,0.08,0.02,0.07,0.13,0.05,0.01,0.07,0.03,0.02,0.01,0.08,0.01,0.13,0.03,0.02
YDL019C,0.05,0.0,0.11,0.06,0.02,0.04,0.04,0.06,0.09,0.16,0.01,0.03,0.04,0.07,0.01,0.08,0.0,0.11,0.01,0.01
YLR100W,0.03,0.0,0.07,0.05,0.05,0.03,0.0,0.09,0.05,0.1,0.02,0.11,0.01,0.02,0.07,0.04,0.08,0.12,0.0,0.06
YDR026C,0.07,0.0,0.1,0.06,0.01,0.03,0.03,0.02,0.17,0.06,0.03,0.08,0.02,0.02,0.03,0.1,0.04,0.09,0.01,0.03
YDR368W,0.12,0.0,0.04,0.07,0.02,0.08,0.02,0.07,0.07,0.09,0.01,0.06,0.04,0.01,0.06,0.07,0.07,0.05,0.02,0.03
YLR197W,0.11,0.0,0.05,0.1,0.06,0.05,0.0,0.08,0.1,0.13,0.01,0.05,0.04,0.04,0.01,0.07,0.03,0.05,0.0,0.02
YPL152W,0.03,0.0,0.08,0.09,0.05,0.02,0.03,0.08,0.1,0.08,0.04,0.04,0.05,0.03,0.06,0.11,0.04,0.04,0.01,0.02
YOL147C,0.1,0.02,0.04,0.01,0.09,0.02,0.02,0.01,0.07,0.16,0.01,0.06,0.02,0.06,0.08,0.05,0.04,0.11,0.0,0.03
YOL124C,0.04,0.0,0.08,0.07,0.06,0.03,0.03,0.06,0.07,0.13,0.02,0.05,0.01,0.09,0.05,0.07,0.03,0.03,0.02,0.06
YPL235W,0.11,0.0,0.04,0.03,0.01,0.11,0.02,0.05,0.04,0.11,0.04,0.03,0.06,0.06,0.04,0.1,0.08,0.07,0.0,0.0
YLR084C,0.05,0.0,0.06,0.07,0.05,0.05,0.02,0.07,0.03,0.12,0.01,0.1,0.03,0.06,0.01,0.1,0.05,0.06,0.01,0.05
YOR086C,0.08,0.0,0.09,0.13,0.02,0.05,0.02,0.06,0.11,0.05,0.03,0.03,0.05,0.02,0.02,0.09,0.08,0.04,0.02,0.01
YDL216C,0.03,0.01,0.02,0.09,0.03,0.04,0.03,0.07,0.09,0.13,0.04,0.02,0.03,0.05,0.04,0.14,0.07,0.04,0.0,0.03
YDR034C-D,0.08,0.0,0.03,0.05,0.01,0.04,0.05,0.0,0.03,0.04,0.04,0.09,0.12,0.11,0.01,0.15,0.06,0.07,0.0,0.02
YLL051C,0.05,0.03,0.05,0.04,0.07,0.02,0.03,0.07,0.05,0.12,0.02,0.06,0.04,0.01,0.02,0.13,0.09,0.04,0.03,0.03
YDL175C,0.09,0.06,0.09,0.05,0.02,0.05,0.04,0.05,0.08,0.04,0.01,0.06,0.09,0.03,0.05,0.06,0.05,0.05,0.0,0.03
YOR287C,0.03,0.0,0.16,0.16,0.04,0.02,0.01,0.04,0.11,0.07,0.02,0.04,0.03,0.02,0.02,0.11,0.06,0.03,0.0,0.03
YPL002C,0.04,0.02,0.08,0.08,0.09,0.03,0.03,0.04,0.1,0.11,0.04,0.04,0.02,0.05,0.04,0.07,0.02,0.07,0.0,0.03
YDR013W,0.04,0.03,0.07,0.06,0.01,0.03,0.01,0.04,0.09,0.16,0.05,0.07,0.01,0.07,0.08,0.03,0.04,0.05,0.0,0.06
YBL005W-B,0.09,0.02,0.02,0.06,0.01,0.03,0.05,0.03,0.03,0.03,0.03,0.05,0.11,0.15,0.01,0.14,0.08,0.05,0.0,0.01
YBL100W-B,0.08,0.0,0.03,0.05,0.01,0.04,0.07,0.0,0.03,0.04,0.04,0.08,0.11,0.11,0.01,0.15,0.06,0.07,0.0,0.02
YDR017C,0.04,0.03,0.09,0.08,0.01,0.05,0.04,0.05,0.08,0.08,0.01,0.06,0.04,0.04,0.06,0.09,0.09,0.05,0.0,0.01
YPR018W,0.03,0.02,0.08,0.08,0.03,0.02,0.01,0.06,0.18,0.07,0.04,0.05,0.05,0.05,0.0,0.07,0.11,0.04,0.0,0.01
YOR310C,0.12,0.0,0.05,0.09,0.03,0.02,0.0,0.08,0.16,0.12,0.01,0.05,0.0,0.02,0.0,0.14,0.04,0.04,0.0,0.03
YOR343W-B,0.08,0.01,0.03,0.06,0.01,0.04,0.07,0.0,0.03,0.03,0.04,0.08,0.13,0.1,0.01,0.13,0.06,0.07,0.0,0.02
YOR322C,0.05,0.01,0.03,0.04,0.03,0.06,0.02,0.01,0.07,0.1,0.02,0.06,0.04,0.02,0.02,0.23,0.09,0.07,0.0,0.03
YDR255C,0.02,0.01,0.05,0.11,0.05,0.0,0.05,0.04,0.19,0.11,0.01,0.04,0.01,0.07,0.03,0.1,0.04,0.03,0.01,0.03
YLR085C,0.03,0.02,0.06,0.07,0.07,0.07,0.04,0.08,0.09,0.1,0.01,0.06,0.06,0.01,0.03,0.08,0.05,0.02,0.02,0.03
YDL156W,0.07,0.0,0.04,0.06,0.01,0.05,0.02,0.03,0.14,0.11,0.02,0.07,0.06,0.04,0.09,0.08,0.07,0.04,0.0,0.0
YOR090C,0.05,0.01,0.02,0.01,0.02,0.04,0.02,0.07,0.1,0.12,0.01,0.05,0.02,0.03,0.04,0.17,0.11,0.03,0.0,0.08
YDL110C,0.08,0.01,0.1,0.11,0.01,0.06,0.01,0.1,0.05,0.09,0.03,0.08,0.01,0.03,0.07,0.08,0.02,0.03,0.0,0.03
YPR072W,0.0,0.0,0.1,0.1,0.03,0.02,0.02,0.06,0.17,0.1,0.04,0.03,0.01,0.07,0.07,0.09,0.03,0.04,0.01,0.01
YOL149W,0.08,0.0,0.06,0.05,0.05,0.04,0.02,0.05,0.07,0.1,0.01,0.09,0.04,0.07,0.03,0.06,0.05,0.06,0.02,0.05
YDL161W,0.06,0.02,0.08,0.05,0.04,0.03,0.02,0.05,0.09,0.1,0.03,0.07,0.0,0.03,0.06,0.1,0.03,0.07,0.02,0.05
YPR016C,0.07,0.01,0.03,0.08,0.04,0.08,0.02,0.07,0.02,0.08,0.02,0.06,0.03,0.05,0.08,0.06,0.11,0.07,0.0,0.02
YLR151C,0.04,0.0,0.02,0.08,0.07,0.06,0.01,0.08,0.07,0.11,0.03,0.02,0.03,0.03,0.11,0.11,0.05,0.04,0.01,0.03
YPR049C,0.06,0.01,0.07,0.04,0.08,0.02,0.0,0.09,0.07,0.11,0.02,0.05,0.06,0.05,0.04,0.06,0.09,0.03,0.01,0.04
YLR145W,0.05,0.01,0.03,0.05,0.05,0.04,0.03,0.05,0.06,0.14,0.03,0.07,0.0,0.08,0.12,0.05,0.02,0.05,0.04,0.03
YPL009C,0.05,0.01,0.07,0.03,0.04,0.03,0.01,0.06,0.11,0.17,0.01,0.04,0.05,0.05,0.08,0.07,0.03,0.06,0.0,0.03
YMR162C,0.03,0.0,0.14,0.1,0.03,0.06,0.02,0.07,0.05,0.05,0.03,0.05,0.01,0.02,0.1,0.1,0.07,0.01,0.0,0.06
YDR093W,0.03,0.0,0.14,0.05,0.05,0.07,0.02,0.05,0.09,0.04,0.03,0.06,0.07,0.02,0.01,0.18,0.04,0.04,0.0,0.01
YDR038C,0.08,0.01,0.05,0.1,0.04,0.07,0.02,0.07,0.04,0.08,0.05,0.06,0.0,0.02,0.03,0.06,0.1,0.09,0.01,0.02
YOL012C,0.13,0.0,0.04,0.03,0.01,0.12,0.03,0.04,0.1,0.11,0.01,0.01,0.02,0.03,0.1,0.09,0.05,0.05,0.0,0.03
YOR291W,0.08,0.0,0.02,0.06,0.04,0.04,0.05,0.03,0.0,0.06,0.03,0.06,0.08,0.06,0.08,0.19,0.08,0.03,0.0,0.01
YPR030W,0.07,0.01,0.06,0.02,0.03,0.07,0.0,0.04,0.02,0.05,0.05,0.08,0.03,0.04,0.1,0.2,0.06,0.05,0.0,0.02
YLR440C,0.03,0.02,0.07,0.15,0.02,0.02,0.0,0.06,0.04,0.18,0.01,0.03,0.04,0.03,0.06,0.1,0.07,0.04,0.01,0.02
YML125C,0.06,0.0,0.04,0.07,0.04,0.04,0.01,0.11,0.06,0.12,0.03,0.02,0.04,0.01,0.07,0.08,0.07,0.05,0.02,0.06
YLR381W,0.03,0.02,0.04,0.06,0.02,0.03,0.01,0.09,0.05,0.19,0.01,0.04,0.05,0.04,0.04,0.08,0.1,0.05,0.0,0.05
YLR383W,0.04,0.01,0.07,0.11,0.06,0.03,0.03,0.05,0.04,0.08,0.03,0.05,0.03,0.1,0.07,0.1,0.06,0.03,0.0,0.01
YPL012W,0.08,0.0,0.08,0.06,0.03,0.01,0.03,0.11,0.08,0.12,0.02,0.06,0.02,0.06,0.01,0.1,0.04,0.06,0.0,0.03
YLL018C-A,0.05102040816326531,0.04081632653061224,0.09183673469387756,0.061224489795918366,0.01020408163265306,0.07142857142857142,0.030612244897959183,0.01020408163265306,0.061224489795918366,0.11224489795918367,0.061224489795918366,0.07142857142857142,0.07142857142857142,0.04081632653061224,0.05102040816326531,0.061224489795918366,0.04081632653061224,0.01020408163265306,0.01020408163265306,0.04081632653061224
YJL136C,0.08045977011494253,0.011494252873563218,0.08045977011494253,0.06896551724137931,0.0,0.06896551724137931,0.011494252873563218,0.05747126436781609,0.05747126436781609,0.08045977011494253,0.011494252873563218,0.06896551724137931,0.022988505747126436,0.034482758620689655,0.08045977011494253,0.09195402298850575,0.022988505747126436,0.08045977011494253,0.011494252873563218,0.05747126436781609
YGR085C,0.06,0.0,0.03,0.08,0.02,0.07,0.01,0.05,0.09,0.09,0.02,0.04,0.03,0.05,0.11,0.07,0.07,0.09,0.0,0.02
YGR169C-A,0.16304347826086957,0.0,0.021739130434782608,0.16304347826086957,0.010869565217391304,0.07608695652173914,0.010869565217391304,0.0,0.1956521739130435,0.06521739130434782,0.03260869565217391,0.010869565217391304,0.0,0.08695652173913043,0.09782608695652174,0.043478260869565216,0.010869565217391304,0.0,0.010869565217391304,0.0
YGR027C,0.12,0.0,0.04,0.04,0.0,0.05,0.03,0.08,0.18,0.09,0.02,0.0,0.04,0.05,0.06,0.09,0.01,0.06,0.01,0.03
YAL044W-A,0.08,0.01,0.04,0.05,0.06,0.08,0.06,0.03,0.09,0.1,0.05,0.04,0.03,0.05,0.06,0.06,0.03,0.05,0.0,0.03
YBL059C-A,0.08,0.04,0.06,0.12,0.03,0.02,0.03,0.07,0.16,0.09,0.01,0.06,0.01,0.04,0.07,0.03,0.01,0.02,0.01,0.04
YJL062W-A,0.07058823529411765,0.0,0.058823529411764705,0.047058823529411764,0.047058823529411764,0.047058823529411764,0.023529411764705882,0.03529411764705882,0.11764705882352941,0.10588235294117647,0.047058823529411764,0.03529411764705882,0.08235294117647059,0.023529411764705882,0.03529411764705882,0.023529411764705882,0.07058823529411765,0.047058823529411764,0.011764705882352941,0.07058823529411765
YCL005W-A,0.0958904109589041,0.0136986301369863,0.0136986301369863,0.0273972602739726,0.0821917808219178,0.0136986301369863,0.0136986301369863,0.0547945205479452,0.0136986301369863,0.1095890410958904,0.0821917808219178,0.0273972602739726,0.0547945205479452,0.0273972602739726,0.0547945205479452,0.0821917808219178,0.0547945205479452,0.1232876712328767,0.0410958904109589,0.0136986301369863
YDR079C-A,0.06944444444444445,0.013888888888888888,0.08333333333333333,0.09722222222222222,0.013888888888888888,0.013888888888888888,0.027777777777777776,0.06944444444444445,0.08333333333333333,0.1388888888888889,0.041666666666666664,0.06944444444444445,0.041666666666666664,0.041666666666666664,0.041666666666666664,0.05555555555555555,0.013888888888888888,0.06944444444444445,0.0,0.013888888888888888
YOR167C,0.029850746268656716,0.0,0.04477611940298507,0.08955223880597014,0.014925373134328358,0.07462686567164178,0.0,0.04477611940298507,0.05970149253731343,0.08955223880597014,0.029850746268656716,0.04477611940298507,0.029850746268656716,0.014925373134328358,0.14925373134328357,0.04477611940298507,0.08955223880597014,0.14925373134328357,0.0,0.0
YKR095W-A,0.03409090909090909,0.0,0.09090909090909091,0.06818181818181818,0.03409090909090909,0.011363636363636364,0.011363636363636364,0.09090909090909091,0.07954545454545454,0.09090909090909091,0.03409090909090909,0.011363636363636364,0.045454545454545456,0.045454545454545456,0.056818181818181816,0.11363636363636363,0.06818181818181818,0.10227272727272728,0.0,0.011363636363636364
YBL071W-A,0.08536585365853659,0.04878048780487805,0.0975609756097561,0.14634146341463414,0.06097560975609756,0.036585365853658534,0.012195121951219513,0.07317073170731707,0.024390243902439025,0.036585365853658534,0.06097560975609756,0.012195121951219513,0.08536585365853659,0.024390243902439025,0.012195121951219513,0.036585365853658534,0.036585365853658534,0.04878048780487805,0.0,0.06097560975609756
YMR244C-A,0.05,0.04,0.07,0.1,0.07,0.03,0.02,0.06,0.15,0.04,0.02,0.04,0.03,0.06,0.07,0.08,0.02,0.02,0.02,0.01
YHR072W-A,0.034482758620689655,0.0,0.05172413793103448,0.034482758620689655,0.034482758620689655,0.08620689655172414,0.034482758620689655,0.034482758620689655,0.1206896551724138,0.08620689655172414,0.034482758620689655,0.0,0.06896551724137931,0.034482758620689655,0.08620689655172414,0.06896551724137931,0.08620689655172414,0.05172413793103448,0.0,0.05172413793103448
YBR111W-A,0.03125,0.0,0.052083333333333336,0.125,0.020833333333333332,0.020833333333333332,0.0,0.0625,0.07291666666666667,0.11458333333333333,0.041666666666666664,0.052083333333333336,0.010416666666666666,0.08333333333333333,0.03125,0.08333333333333333,0.09375,0.07291666666666667,0.010416666666666666,0.020833333333333332
YIL082W-A,0.04,0.02,0.05,0.04,0.07,0.06,0.02,0.09,0.03,0.09,0.05,0.08,0.08,0.06,0.05,0.07,0.03,0.03,0.02,0.02
YGL226C-A,0.06976744186046512,0.011627906976744186,0.011627906976744186,0.023255813953488372,0.11627906976744186,0.05813953488372093,0.023255813953488372,0.06976744186046512,0.06976744186046512,0.11627906976744186,0.011627906976744186,0.011627906976744186,0.023255813953488372,0.03488372093023256,0.0,0.13953488372093023,0.06976744186046512,0.08139534883720931,0.0,0.05813953488372093
YDR397C,0.08,0.0,0.06,0.13,0.05,0.03,0.01,0.12,0.09,0.09,0.06,0.05,0.03,0.03,0.01,0.08,0.03,0.04,0.0,0.01
YOL009C,0.03,0.01,0.12,0.1,0.03,0.02,0.03,0.07,0.04,0.11,0.01,0.1,0.04,0.03,0.05,0.08,0.06,0.03,0.01,0.03
YOR069W,0.07,0.0,0.13,0.13,0.01,0.04,0.02,0.05,0.05,0.1,0.01,0.08,0.06,0.04,0.01,0.1,0.04,0.03,0.02,0.01
YOR142W-B,0.1,0.02,0.03,0.04,0.0,0.03,0.05,0.02,0.04,0.02,0.03,0.07,0.13,0.12,0.0,0.15,0.07,0.05,0.0,0.03
YCL057C-A,0.07216494845360824,0.0,0.041237113402061855,0.020618556701030927,0.07216494845360824,0.1134020618556701,0.0,0.041237113402061855,0.07216494845360824,0.061855670103092786,0.030927835051546393,0.030927835051546393,0.030927835051546393,0.041237113402061855,0.05154639175257732,0.13402061855670103,0.061855670103092786,0.09278350515463918,0.020618556701030927,0.010309278350515464
YLR119W,0.04,0.0,0.05,0.06,0.04,0.04,0.03,0.1,0.13,0.11,0.02,0.06,0.06,0.04,0.07,0.05,0.04,0.05,0.0,0.01
YOL062C,0.05,0.0,0.05,0.04,0.05,0.04,0.03,0.07,0.04,0.12,0.02,0.08,0.01,0.01,0.09,0.11,0.05,0.09,0.02,0.03
YDL015C,0.02,0.01,0.07,0.07,0.06,0.03,0.02,0.09,0.11,0.09,0.02,0.03,0.05,0.03,0.05,0.11,0.04,0.06,0.01,0.03
YDL148C,0.12,0.0,0.03,0.1,0.03,0.07,0.0,0.06,0.18,0.05,0.01,0.06,0.03,0.05,0.1,0.05,0.03,0.02,0.0,0.01
YOR111W,0.02,0.02,0.1,0.07,0.02,0.04,0.02,0.14,0.06,0.07,0.04,0.06,0.06,0.02,0.02,0.08,0.07,0.03,0.01,0.05
YOR145C,0.05,0.0,0.12,0.09,0.02,0.08,0.01,0.06,0.1,0.03,0.02,0.05,0.03,0.03,0.04,0.1,0.09,0.08,0.0,0.0
YIL082W,0.04,0.02,0.05,0.04,0.07,0.06,0.02,0.09,0.03,0.09,0.05,0.08,0.08,0.06,0.05,0.07,0.03,0.03,0.02,0.02
YDR057W,0.07,0.01,0.09,0.06,0.01,0.03,0.01,0.11,0.04,0.12,0.03,0.08,0.03,0.05,0.01,0.13,0.03,0.04,0.01,0.04
YOR129C,0.02,0.0,0.03,0.07,0.07,0.04,0.02,0.09,0.05,0.07,0.03,0.12,0.07,0.04,0.06,0.12,0.03,0.03,0.0,0.04
YDR210C-D,0.1,0.02,0.03,0.04,0.0,0.03,0.05,0.02,0.04,0.02,0.03,0.07,0.13,0.12,0.0,0.15,0.07,0.05,0.0,0.03
YPL169C,0.1,0.0,0.03,0.04,0.04,0.08,0.02,0.06,0.04,0.06,0.06,0.14,0.01,0.06,0.05,0.07,0.02,0.08,0.02,0.02
YDR487C,0.1,0.02,0.1,0.06,0.05,0.06,0.03,0.06,0.04,0.06,0.05,0.05,0.03,0.04,0.04,0.04,0.08,0.07,0.0,0.02
YLR262C,0.03,0.0,0.09,0.03,0.06,0.06,0.01,0.1,0.08,0.08,0.03,0.0,0.01,0.04,0.08,0.09,0.09,0.04,0.01,0.07
YLR138W,0.07,0.03,0.01,0.06,0.05,0.06,0.02,0.09,0.06,0.12,0.02,0.03,0.03,0.02,0.02,0.08,0.03,0.12,0.04,0.04
YMR112C,0.02,0.01,0.04,0.12,0.04,0.04,0.01,0.05,0.09,0.12,0.03,0.06,0.04,0.1,0.05,0.05,0.06,0.05,0.0,0.02
YOR165W,0.05,0.01,0.09,0.04,0.06,0.05,0.03,0.08,0.05,0.07,0.02,0.06,0.02,0.1,0.04,0.06,0.08,0.06,0.01,0.02
YPL158C,0.04,0.0,0.07,0.05,0.05,0.06,0.03,0.04,0.03,0.06,0.02,0.12,0.04,0.02,0.05,0.15,0.1,0.02,0.0,0.05
YOR213C,0.02,0.02,0.02,0.09,0.08,0.06,0.03,0.09,0.08,0.1,0.03,0.05,0.05,0.05,0.06,0.05,0.05,0.04,0.02,0.01
YGR109W-B,0.04,0.02,0.05,0.04,0.07,0.06,0.02,0.09,0.03,0.09,0.05,0.08,0.08,0.06,0.05,0.07,0.03,0.03,0.02,0.02
YOR163W,0.08,0.03,0.04,0.1,0.0,0.1,0.02,0.05,0.08,0.04,0.02,0.04,0.05,0.03,0.06,0.04,0.09,0.09,0.02,0.02
YOR152C,0.06,0.01,0.02,0.02,0.09,0.02,0.01,0.08,0.04,0.19,0.02,0.02,0.05,0.02,0.0,0.12,0.09,0.06,0.02,0.06
YNL054W-B,0.1,0.02,0.04,0.04,0.0,0.02,0.06,0.02,0.04,0.02,0.03,0.06,0.1,0.14,0.0,0.17,0.08,0.04,0.0,0.02
YDL232W,0.05555555555555555,0.0,0.05555555555555555,0.027777777777777776,0.027777777777777776,0.027777777777777776,0.027777777777777776,0.1388888888888889,0.027777777777777776,0.08333333333333333,0.1111111111111111,0.05555555555555555,0.027777777777777776,0.027777777777777776,0.0,0.1111111111111111,0.08333333333333333,0.08333333333333333,0.0,0.027777777777777776
YOL123W,0.06,0.0,0.1,0.11,0.01,0.05,0.0,0.01,0.1,0.06,0.01,0.14,0.02,0.07,0.0,0.17,0.07,0.01,0.0,0.01
YDL128W,0.15,0.0,0.03,0.02,0.06,0.05,0.04,0.06,0.03,0.18,0.01,0.07,0.06,0.02,0.02,0.03,0.09,0.04,0.02,0.02
YOR115C,0.02,0.0,0.03,0.07,0.01,0.05,0.04,0.09,0.03,0.06,0.05,0.09,0.05,0.11,0.04,0.13,0.04,0.07,0.0,0.02
YLR316C,0.0,0.02,0.08,0.07,0.02,0.02,0.01,0.13,0.11,0.09,0.01,0.1,0.04,0.03,0.08,0.05,0.03,0.08,0.01,0.02
YCR020W-B,0.038461538461538464,0.01282051282051282,0.01282051282051282,0.11538461538461539,0.01282051282051282,0.0,0.01282051282051282,0.05128205128205128,0.07692307692307693,0.1282051282051282,0.0641025641025641,0.14102564102564102,0.02564102564102564,0.05128205128205128,0.07692307692307693,0.08974358974358974,0.05128205128205128,0.02564102564102564,0.0,0.01282051282051282
Q0115,0.06,0.01,0.02,0.02,0.07,0.06,0.05,0.09,0.02,0.09,0.09,0.07,0.02,0.02,0.03,0.12,0.01,0.07,0.02,0.06
Q0070,0.11,0.0,0.02,0.01,0.07,0.09,0.02,0.08,0.01,0.15,0.07,0.06,0.04,0.03,0.03,0.05,0.04,0.07,0.01,0.04
YNL083W,0.06,0.02,0.13,0.05,0.05,0.05,0.02,0.06,0.11,0.1,0.03,0.08,0.01,0.04,0.03,0.05,0.03,0.05,0.01,0.02
YLR437C,0.05,0.0,0.06,0.02,0.02,0.03,0.01,0.04,0.02,0.08,0.04,0.02,0.08,0.22,0.07,0.1,0.05,0.06,0.01,0.02
YPL183W-A,0.06451612903225806,0.043010752688172046,0.010752688172043012,0.0,0.053763440860215055,0.03225806451612903,0.021505376344086023,0.03225806451612903,0.0967741935483871,0.0967741935483871,0.043010752688172046,0.03225806451612903,0.07526881720430108,0.043010752688172046,0.10752688172043011,0.06451612903225806,0.06451612903225806,0.08602150537634409,0.0,0.03225806451612903
YOR304C-A,0.06578947368421052,0.0,0.07894736842105263,0.14473684210526316,0.02631578947368421,0.013157894736842105,0.0,0.06578947368421052,0.09210526315789473,0.06578947368421052,0.039473684210526314,0.07894736842105263,0.02631578947368421,0.05263157894736842,0.039473684210526314,0.10526315789473684,0.06578947368421052,0.039473684210526314,0.0,0.0
YEL039C,0.06,0.02,0.04,0.06,0.04,0.12,0.03,0.04,0.15,0.04,0.03,0.06,0.05,0.03,0.02,0.06,0.07,0.03,0.01,0.04
YIL111W,0.07,0.0,0.03,0.08,0.03,0.08,0.01,0.04,0.09,0.12,0.02,0.05,0.05,0.03,0.07,0.03,0.1,0.04,0.04,0.02
YHR051W,0.12,0.01,0.06,0.09,0.07,0.01,0.02,0.04,0.04,0.08,0.01,0.06,0.04,0.02,0.12,0.04,0.06,0.06,0.0,0.05
YHR008C,0.11,0.0,0.04,0.04,0.05,0.05,0.04,0.05,0.09,0.11,0.02,0.06,0.04,0.06,0.03,0.05,0.09,0.03,0.01,0.03
Q0080,0.0,0.0,0.0,0.0,0.14583333333333334,0.020833333333333332,0.0,0.08333333333333333,0.020833333333333332,0.25,0.08333333333333333,0.020833333333333332,0.0625,0.0625,0.041666666666666664,0.0625,0.041666666666666664,0.041666666666666664,0.0,0.0625
YDL130W-A,0.05813953488372093,0.011627906976744186,0.03488372093023256,0.09302325581395349,0.023255813953488372,0.05813953488372093,0.023255813953488372,0.05813953488372093,0.10465116279069768,0.10465116279069768,0.011627906976744186,0.09302325581395349,0.046511627906976744,0.05813953488372093,0.10465116279069768,0.046511627906976744,0.011627906976744186,0.023255813953488372,0.0,0.03488372093023256
Q0140,0.03,0.0,0.02,0.0,0.0,0.03,0.02,0.07,0.1,0.14,0.12,0.3,0.03,0.02,0.02,0.02,0.03,0.02,0.01,0.02
R0040C,0.08,0.01,0.11,0.08,0.03,0.03,0.0,0.07,0.06,0.07,0.04,0.01,0.05,0.0,0.06,0.13,0.05,0.08,0.01,0.03
Q0160,0.03,0.02,0.04,0.07,0.02,0.07,0.03,0.07,0.11,0.12,0.04,0.08,0.03,0.05,0.03,0.04,0.02,0.05,0.03,0.05
YCL018W,0.12,0.0,0.06,0.07,0.02,0.11,0.02,0.07,0.1,0.1,0.01,0.02,0.06,0.02,0.03,0.05,0.03,0.1,0.01,0.0
YJL189W,0.09803921568627451,0.0,0.0,0.0,0.0196078431372549,0.0,0.0,0.0784313725490196,0.1568627450980392,0.0392156862745098,0.058823529411764705,0.11764705882352941,0.0392156862745098,0.0784313725490196,0.17647058823529413,0.0196078431372549,0.058823529411764705,0.0,0.0392156862745098,0.0196078431372549
YIL078W,0.07,0.0,0.07,0.1,0.02,0.03,0.0,0.04,0.15,0.06,0.04,0.04,0.06,0.04,0.03,0.09,0.05,0.08,0.01,0.02
YDR268W,0.08,0.02,0.04,0.05,0.06,0.06,0.04,0.05,0.07,0.1,0.03,0.04,0.04,0.05,0.05,0.06,0.06,0.07,0.02,0.01
YML099C,0.02,0.06,0.05,0.02,0.03,0.09,0.02,0.04,0.09,0.04,0.03,0.05,0.09,0.05,0.09,0.07,0.06,0.04,0.02,0.04
YBR021W,0.02,0.0,0.05,0.1,0.04,0.02,0.01,0.04,0.08,0.08,0.03,0.07,0.03,0.04,0.02,0.19,0.03,0.07,0.01,0.07
YPL078C,0.09,0.01,0.02,0.03,0.03,0.08,0.0,0.09,0.05,0.1,0.05,0.06,0.04,0.02,0.04,0.12,0.07,0.07,0.0,0.03
YGL147C,0.04,0.0,0.02,0.03,0.02,0.07,0.04,0.08,0.12,0.05,0.03,0.06,0.03,0.04,0.05,0.03,0.09,0.15,0.0,0.05
YLR344W,0.09,0.0,0.05,0.04,0.02,0.05,0.01,0.04,0.12,0.09,0.01,0.02,0.04,0.05,0.1,0.11,0.02,0.11,0.0,0.03
YFR032C-A,0.15254237288135594,0.0,0.01694915254237288,0.0,0.01694915254237288,0.05084745762711865,0.1016949152542373,0.01694915254237288,0.22033898305084745,0.05084745762711865,0.01694915254237288,0.06779661016949153,0.05084745762711865,0.01694915254237288,0.06779661016949153,0.03389830508474576,0.06779661016949153,0.01694915254237288,0.0,0.03389830508474576
YLR061W,0.07,0.0,0.05,0.03,0.04,0.06,0.01,0.04,0.13,0.06,0.01,0.05,0.03,0.02,0.03,0.07,0.12,0.12,0.01,0.05
YAL039C,0.05,0.02,0.07,0.05,0.02,0.07,0.01,0.04,0.05,0.03,0.07,0.05,0.12,0.06,0.02,0.16,0.03,0.04,0.03,0.01
YGR191W,0.05,0.0,0.09,0.08,0.05,0.02,0.01,0.03,0.07,0.08,0.01,0.08,0.06,0.02,0.05,0.11,0.12,0.05,0.01,0.01
YKL178C,0.1,0.04,0.06,0.0,0.01,0.05,0.03,0.16,0.05,0.14,0.02,0.05,0.03,0.01,0.01,0.05,0.07,0.05,0.05,0.02
YBR120C,0.03,0.0,0.07,0.07,0.03,0.04,0.02,0.07,0.14,0.09,0.03,0.05,0.04,0.03,0.07,0.1,0.03,0.08,0.0,0.01
YIR021W,0.03,0.03,0.07,0.03,0.08,0.04,0.0,0.05,0.11,0.11,0.03,0.05,0.03,0.01,0.06,0.1,0.07,0.07,0.01,0.02
YHR037W,0.06,0.01,0.04,0.05,0.05,0.02,0.03,0.06,0.09,0.11,0.02,0.08,0.07,0.05,0.07,0.08,0.03,0.05,0.01,0.02
YGR094W,0.04,0.02,0.04,0.06,0.06,0.02,0.02,0.03,0.18,0.13,0.02,0.07,0.07,0.03,0.04,0.06,0.06,0.03,0.01,0.01
YNL277W,0.06,0.01,0.06,0.07,0.04,0.07,0.02,0.06,0.05,0.14,0.01,0.06,0.05,0.04,0.02,0.05,0.06,0.09,0.03,0.01
YLR142W,0.08,0.01,0.0,0.02,0.07,0.03,0.01,0.09,0.07,0.12,0.03,0.09,0.09,0.02,0.02,0.11,0.08,0.04,0.0,0.02
YBL076C,0.05,0.0,0.07,0.09,0.08,0.07,0.08,0.07,0.07,0.06,0.02,0.01,0.07,0.0,0.03,0.07,0.08,0.04,0.02,0.02
YDR298C,0.16,0.0,0.04,0.03,0.05,0.04,0.02,0.03,0.08,0.11,0.01,0.06,0.05,0.03,0.05,0.1,0.05,0.07,0.0,0.02
YNL138W-A,0.03529411764705882,0.0,0.047058823529411764,0.07058823529411765,0.0,0.058823529411764705,0.023529411764705882,0.047058823529411764,0.08235294117647059,0.12941176470588237,0.023529411764705882,0.03529411764705882,0.011764705882352941,0.08235294117647059,0.10588235294117647,0.09411764705882353,0.058823529411764705,0.023529411764705882,0.011764705882352941,0.058823529411764705
YJL190C,0.06,0.01,0.04,0.04,0.04,0.08,0.02,0.1,0.09,0.08,0.02,0.07,0.03,0.05,0.07,0.06,0.03,0.08,0.01,0.02
YHR010W,0.09,0.0,0.02,0.04,0.04,0.07,0.05,0.04,0.17,0.06,0.01,0.02,0.05,0.0,0.05,0.04,0.06,0.15,0.0,0.04
YDL075W,0.08,0.0,0.04,0.08,0.03,0.05,0.03,0.04,0.12,0.1,0.02,0.04,0.04,0.01,0.11,0.04,0.03,0.1,0.01,0.03
YLR406C,0.08,0.0,0.03,0.09,0.03,0.05,0.03,0.04,0.12,0.1,0.02,0.04,0.04,0.01,0.11,0.04,0.03,0.1,0.01,0.03
YLL052C,0.07,0.03,0.06,0.07,0.07,0.07,0.05,0.07,0.02,0.07,0.03,0.08,0.06,0.02,0.03,0.06,0.06,0.05,0.01,0.02
YDL247W,0.1,0.0,0.1,0.09,0.03,0.03,0.02,0.05,0.09,0.05,0.03,0.06,0.06,0.01,0.04,0.09,0.07,0.04,0.02,0.02
YJR160C,0.1,0.0,0.1,0.09,0.03,0.03,0.02,0.05,0.09,0.05,0.03,0.06,0.06,0.01,0.04,0.09,0.07,0.04,0.02,0.02
YKR103W,0.06,0.04,0.03,0.1,0.1,0.05,0.02,0.04,0.06,0.07,0.02,0.08,0.03,0.01,0.09,0.06,0.04,0.03,0.02,0.05
YIL172C,0.07,0.01,0.09,0.08,0.03,0.06,0.02,0.09,0.09,0.04,0.03,0.04,0.06,0.02,0.0,0.07,0.07,0.01,0.05,0.07
YJR094W-A,0.11956521739130435,0.05434782608695652,0.010869565217391304,0.03260869565217391,0.010869565217391304,0.09782608695652174,0.010869565217391304,0.043478260869565216,0.11956521739130435,0.03260869565217391,0.021739130434782608,0.0,0.0,0.03260869565217391,0.10869565217391304,0.06521739130434782,0.09782608695652174,0.08695652173913043,0.010869565217391304,0.043478260869565216
YLR287C-A,0.06349206349206349,0.0,0.0,0.031746031746031744,0.015873015873015872,0.07936507936507936,0.015873015873015872,0.0,0.1746031746031746,0.06349206349206349,0.031746031746031744,0.047619047619047616,0.07936507936507936,0.031746031746031744,0.1111111111111111,0.047619047619047616,0.06349206349206349,0.1111111111111111,0.0,0.031746031746031744
YOR182C,0.06349206349206349,0.0,0.0,0.031746031746031744,0.015873015873015872,0.07936507936507936,0.015873015873015872,0.0,0.1746031746031746,0.06349206349206349,0.031746031746031744,0.047619047619047616,0.07936507936507936,0.031746031746031744,0.1111111111111111,0.047619047619047616,0.06349206349206349,0.1111111111111111,0.0,0.031746031746031744
YBL072C,0.1,0.0,0.01,0.04,0.03,0.09,0.03,0.06,0.12,0.04,0.01,0.06,0.02,0.02,0.14,0.08,0.08,0.04,0.01,0.02
YER102W,0.1,0.0,0.01,0.04,0.03,0.09,0.03,0.06,0.12,0.04,0.01,0.06,0.02,0.02,0.14,0.08,0.08,0.04,0.01,0.02
YDL083C,0.09,0.0,0.03,0.04,0.03,0.09,0.03,0.07,0.1,0.08,0.01,0.02,0.04,0.05,0.04,0.06,0.04,0.14,0.0,0.04
YDL184C,0.08,0.0,0.0,0.0,0.0,0.0,0.0,0.0,0.28,0.04,0.04,0.0,0.0,0.0,0.4,0.04,0.04,0.04,0.04,0.0
YDL133C-A,0.08,0.0,0.0,0.0,0.0,0.0,0.0,0.0,0.28,0.04,0.04,0.0,0.0,0.0,0.4,0.04,0.04,0.04,0.04,0.0
YER153C,0.12,0.01,0.05,0.03,0.01,0.03,0.03,0.03,0.02,0.18,0.06,0.01,0.03,0.07,0.09,0.05,0.07,0.07,0.01,0.03
YJL133W,0.11,0.0,0.03,0.04,0.02,0.05,0.04,0.09,0.04,0.1,0.05,0.05,0.07,0.04,0.02,0.13,0.05,0.04,0.01,0.02
YGR222W,0.04,0.0,0.04,0.06,0.04,0.04,0.01,0.03,0.13,0.12,0.02,0.05,0.04,0.07,0.04,0.11,0.04,0.07,0.0,0.05
YDL044C,0.05,0.03,0.03,0.12,0.03,0.04,0.04,0.07,0.1,0.07,0.02,0.1,0.0,0.02,0.08,0.06,0.05,0.05,0.0,0.04
YJL129C,0.07,0.01,0.03,0.01,0.09,0.05,0.04,0.1,0.06,0.1,0.02,0.04,0.04,0.01,0.06,0.06,0.09,0.05,0.0,0.07
YML021C,0.1,0.01,0.03,0.06,0.03,0.04,0.0,0.03,0.13,0.07,0.04,0.09,0.03,0.01,0.05,0.08,0.13,0.04,0.01,0.02
YML116W,0.04,0.01,0.04,0.09,0.05,0.04,0.0,0.05,0.05,0.09,0.04,0.09,0.02,0.08,0.01,0.11,0.09,0.04,0.02,0.04
YLR081W,0.05,0.02,0.05,0.08,0.04,0.09,0.01,0.04,0.05,0.06,0.04,0.03,0.05,0.07,0.0,0.15,0.04,0.1,0.01,0.02
YFL036W,0.03,0.0,0.05,0.03,0.05,0.03,0.01,0.06,0.1,0.1,0.01,0.05,0.08,0.02,0.04,0.22,0.07,0.02,0.01,0.02
YGL205W,0.06,0.0,0.09,0.06,0.02,0.0,0.03,0.09,0.11,0.06,0.03,0.04,0.04,0.05,0.08,0.05,0.1,0.06,0.0,0.03
YOL108C,0.03,0.0,0.04,0.11,0.01,0.03,0.01,0.11,0.12,0.11,0.01,0.04,0.03,0.05,0.09,0.09,0.03,0.05,0.01,0.03
YKL138C,0.02,0.01,0.03,0.04,0.03,0.05,0.02,0.02,0.14,0.11,0.04,0.03,0.06,0.08,0.08,0.08,0.05,0.05,0.03,0.03
YDL069C,0.02,0.01,0.02,0.07,0.02,0.06,0.0,0.08,0.1,0.1,0.03,0.06,0.04,0.01,0.09,0.04,0.15,0.07,0.0,0.03
YJL151C,0.09,0.01,0.1,0.04,0.05,0.01,0.06,0.05,0.03,0.14,0.04,0.04,0.05,0.0,0.08,0.06,0.03,0.07,0.01,0.04
YPL104W,0.05,0.01,0.06,0.03,0.05,0.07,0.0,0.08,0.12,0.14,0.01,0.05,0.02,0.06,0.07,0.06,0.05,0.06,0.01,0.0
YJR152W,0.09,0.02,0.08,0.12,0.02,0.01,0.0,0.07,0.09,0.08,0.05,0.06,0.04,0.01,0.02,0.08,0.05,0.07,0.01,0.03
YOR348C,0.04,0.01,0.13,0.07,0.01,0.08,0.03,0.05,0.07,0.03,0.03,0.08,0.03,0.02,0.05,0.14,0.04,0.09,0.0,0.0
YGR008C,0.011904761904761904,0.0,0.07142857142857142,0.09523809523809523,0.03571428571428571,0.11904761904761904,0.03571428571428571,0.047619047619047616,0.13095238095238096,0.023809523809523808,0.011904761904761904,0.08333333333333333,0.05952380952380952,0.047619047619047616,0.047619047619047616,0.05952380952380952,0.047619047619047616,0.023809523809523808,0.023809523809523808,0.023809523809523808
YDR389W,0.03,0.0,0.01,0.02,0.03,0.03,0.01,0.03,0.1,0.04,0.02,0.15,0.12,0.04,0.05,0.18,0.08,0.03,0.01,0.02
YCR075C,0.04,0.03,0.06,0.01,0.04,0.05,0.02,0.08,0.03,0.12,0.06,0.03,0.03,0.03,0.02,0.1,0.06,0.09,0.04,0.06
YBL040C,0.04,0.0,0.03,0.02,0.07,0.03,0.04,0.12,0.05,0.15,0.04,0.05,0.01,0.02,0.04,0.06,0.11,0.05,0.01,0.06
YER040W,0.07,0.0,0.11,0.07,0.05,0.07,0.02,0.01,0.03,0.08,0.02,0.06,0.05,0.03,0.03,0.11,0.13,0.04,0.0,0.02
YLR393W,0.04,0.0,0.04,0.04,0.07,0.05,0.02,0.02,0.14,0.09,0.05,0.02,0.05,0.07,0.05,0.08,0.08,0.05,0.0,0.04
YOL140W,0.08,0.02,0.05,0.07,0.05,0.04,0.04,0.05,0.08,0.1,0.01,0.05,0.02,0.02,0.05,0.09,0.08,0.05,0.0,0.05
YBR003W,0.09,0.01,0.0,0.04,0.04,0.04,0.03,0.06,0.09,0.14,0.02,0.06,0.04,0.01,0.06,0.12,0.04,0.08,0.01,0.02
YBR140C,0.04,0.01,0.11,0.06,0.04,0.01,0.02,0.13,0.05,0.13,0.02,0.08,0.04,0.03,0.02,0.08,0.06,0.05,0.0,0.02
YOL081W,0.02,0.01,0.04,0.1,0.02,0.04,0.03,0.08,0.06,0.1,0.03,0.05,0.03,0.02,0.05,0.16,0.07,0.07,0.0,0.02
YMR286W,0.03488372093023256,0.0,0.011627906976744186,0.06976744186046512,0.023255813953488372,0.06976744186046512,0.023255813953488372,0.06976744186046512,0.12790697674418605,0.09302325581395349,0.011627906976744186,0.023255813953488372,0.046511627906976744,0.023255813953488372,0.05813953488372093,0.09302325581395349,0.06976744186046512,0.12790697674418605,0.0,0.023255813953488372
YPL271W,0.1774193548387097,0.0,0.016129032258064516,0.03225806451612903,0.016129032258064516,0.03225806451612903,0.0,0.04838709677419355,0.06451612903225806,0.06451612903225806,0.016129032258064516,0.04838709677419355,0.03225806451612903,0.06451612903225806,0.04838709677419355,0.11290322580645161,0.11290322580645161,0.03225806451612903,0.016129032258064516,0.06451612903225806
YIR023W,0.05,0.0,0.06,0.01,0.01,0.02,0.05,0.03,0.04,0.07,0.01,0.17,0.04,0.23,0.01,0.1,0.07,0.02,0.0,0.01
YOR336W,0.07,0.01,0.08,0.06,0.0,0.04,0.01,0.04,0.01,0.24,0.03,0.04,0.04,0.03,0.05,0.05,0.04,0.08,0.02,0.06
YKR099W,0.03,0.01,0.07,0.06,0.02,0.06,0.03,0.04,0.11,0.09,0.02,0.07,0.01,0.03,0.07,0.12,0.07,0.05,0.02,0.02
YER142C,0.08,0.01,0.04,0.13,0.04,0.02,0.02,0.08,0.1,0.13,0.02,0.04,0.05,0.04,0.04,0.05,0.04,0.03,0.0,0.04
YJL180C,0.04,0.01,0.04,0.04,0.03,0.06,0.0,0.07,0.1,0.15,0.01,0.09,0.05,0.03,0.06,0.07,0.08,0.04,0.01,0.02
YMR282C,0.04,0.03,0.05,0.03,0.03,0.04,0.04,0.08,0.08,0.06,0.02,0.05,0.04,0.0,0.08,0.1,0.06,0.1,0.01,0.06
YJL063C,0.12,0.02,0.03,0.06,0.03,0.02,0.03,0.07,0.09,0.11,0.02,0.03,0.01,0.06,0.09,0.09,0.06,0.04,0.01,0.01
YKR085C,0.08,0.03,0.03,0.02,0.04,0.08,0.02,0.04,0.08,0.02,0.04,0.04,0.07,0.05,0.06,0.11,0.08,0.05,0.01,0.05
YGR171C,0.02,0.02,0.05,0.03,0.07,0.06,0.06,0.05,0.08,0.1,0.01,0.04,0.05,0.05,0.03,0.09,0.05,0.06,0.01,0.07
YHL021C,0.1,0.02,0.03,0.05,0.04,0.03,0.03,0.06,0.04,0.08,0.02,0.06,0.03,0.02,0.08,0.11,0.13,0.04,0.0,0.03
YML063W,0.05,0.01,0.06,0.05,0.05,0.08,0.01,0.01,0.16,0.1,0.01,0.07,0.02,0.02,0.07,0.06,0.05,0.11,0.01,0.0
YGR076C,0.03,0.0,0.03,0.05,0.08,0.01,0.02,0.03,0.13,0.1,0.03,0.05,0.1,0.03,0.05,0.09,0.05,0.04,0.0,0.08
YKR052C,0.15,0.0,0.02,0.06,0.03,0.09,0.04,0.08,0.04,0.1,0.06,0.02,0.04,0.04,0.01,0.11,0.04,0.04,0.01,0.02
YKR053C,0.03,0.0,0.05,0.04,0.07,0.05,0.06,0.04,0.05,0.08,0.05,0.02,0.05,0.07,0.05,0.07,0.1,0.07,0.01,0.04
YHR014W,0.04,0.0,0.03,0.07,0.04,0.04,0.03,0.04,0.16,0.1,0.01,0.06,0.07,0.04,0.08,0.08,0.04,0.05,0.0,0.02
YJR077C,0.1,0.01,0.02,0.03,0.07,0.14,0.01,0.07,0.07,0.06,0.04,0.01,0.05,0.04,0.01,0.09,0.05,0.08,0.0,0.05
YGR148C,0.06,0.0,0.03,0.05,0.06,0.06,0.02,0.06,0.15,0.06,0.01,0.02,0.04,0.03,0.12,0.09,0.05,0.07,0.01,0.01
YMR220W,0.09,0.0,0.03,0.05,0.07,0.1,0.03,0.05,0.09,0.08,0.02,0.02,0.05,0.02,0.03,0.11,0.01,0.09,0.01,0.05
YOL023W,0.03,0.03,0.02,0.03,0.03,0.03,0.03,0.09,0.08,0.17,0.01,0.09,0.05,0.04,0.09,0.05,0.05,0.03,0.02,0.03
YLR069C,0.03,0.02,0.04,0.06,0.06,0.06,0.02,0.08,0.1,0.05,0.04,0.02,0.04,0.02,0.09,0.09,0.07,0.07,0.01,0.03
YOR201C,0.11,0.0,0.04,0.05,0.05,0.01,0.04,0.02,0.18,0.06,0.01,0.05,0.03,0.07,0.06,0.08,0.05,0.04,0.02,0.03
YCR036W,0.07,0.01,0.07,0.03,0.04,0.14,0.03,0.06,0.05,0.07,0.02,0.08,0.02,0.02,0.04,0.05,0.12,0.05,0.0,0.03
YCR069W,0.07,0.02,0.05,0.05,0.03,0.05,0.03,0.05,0.1,0.11,0.03,0.02,0.07,0.03,0.01,0.08,0.06,0.09,0.01,0.04
YCR063W,0.07,0.0,0.07,0.05,0.02,0.02,0.02,0.08,0.16,0.1,0.02,0.01,0.04,0.05,0.08,0.06,0.05,0.0,0.03,0.07
YGL010W,0.03,0.02,0.03,0.02,0.07,0.06,0.05,0.07,0.04,0.23,0.02,0.03,0.03,0.03,0.03,0.08,0.04,0.07,0.0,0.05
YCR024C,0.03,0.0,0.04,0.02,0.06,0.05,0.04,0.09,0.06,0.12,0.01,0.05,0.04,0.05,0.05,0.1,0.1,0.05,0.02,0.02
YCR032W,0.04,0.03,0.09,0.06,0.03,0.03,0.03,0.12,0.07,0.11,0.02,0.09,0.03,0.05,0.02,0.06,0.04,0.06,0.0,0.02
YCR067C,0.05,0.02,0.06,0.04,0.06,0.09,0.03,0.07,0.06,0.09,0.02,0.13,0.03,0.02,0.03,0.08,0.04,0.05,0.0,0.03
YCL028W,0.13,0.0,0.07,0.05,0.02,0.09,0.02,0.04,0.05,0.08,0.05,0.05,0.01,0.07,0.02,0.15,0.06,0.03,0.0,0.01
YCR011C,0.03,0.1,0.05,0.05,0.07,0.08,0.01,0.03,0.05,0.11,0.02,0.04,0.06,0.03,0.04,0.12,0.05,0.02,0.0,0.04
YCL064C,0.1,0.03,0.02,0.01,0.07,0.08,0.0,0.05,0.1,0.07,0.03,0.03,0.06,0.06,0.06,0.1,0.05,0.06,0.0,0.02
YCR045C,0.06,0.01,0.03,0.06,0.09,0.03,0.0,0.06,0.09,0.09,0.02,0.1,0.04,0.04,0.05,0.1,0.03,0.07,0.01,0.02
YCL001W,0.04,0.02,0.06,0.06,0.05,0.07,0.02,0.03,0.05,0.16,0.07,0.06,0.03,0.04,0.02,0.05,0.06,0.04,0.02,0.05
YCL037C,0.11,0.0,0.02,0.06,0.0,0.03,0.0,0.05,0.11,0.04,0.01,0.04,0.11,0.03,0.03,0.14,0.14,0.06,0.02,0.0
YCL004W,0.04,0.01,0.02,0.03,0.06,0.02,0.02,0.08,0.07,0.15,0.02,0.07,0.06,0.09,0.05,0.09,0.08,0.0,0.0,0.04
YCL052C,0.04,0.0,0.05,0.05,0.03,0.06,0.03,0.04,0.01,0.09,0.02,0.07,0.04,0.03,0.11,0.1,0.08,0.1,0.02,0.03
YCL069W,0.08,0.04,0.0,0.02,0.05,0.12,0.01,0.13,0.03,0.1,0.04,0.03,0.03,0.03,0.04,0.05,0.06,0.1,0.02,0.02
YCL073C,0.04,0.02,0.04,0.06,0.05,0.05,0.02,0.07,0.06,0.08,0.03,0.04,0.0,0.02,0.04,0.19,0.09,0.04,0.0,0.06
YCR028C,0.02,0.02,0.04,0.05,0.05,0.05,0.01,0.07,0.08,0.11,0.07,0.06,0.02,0.02,0.04,0.08,0.04,0.12,0.01,0.04
YCR044C,0.02,0.08,0.1,0.08,0.06,0.01,0.03,0.09,0.01,0.08,0.02,0.05,0.05,0.04,0.05,0.04,0.06,0.05,0.02,0.06
YCR046C,0.05,0.01,0.06,0.02,0.01,0.04,0.0,0.08,0.11,0.07,0.03,0.02,0.05,0.03,0.09,0.12,0.04,0.1,0.02,0.05
YCR048W,0.05,0.0,0.04,0.16,0.01,0.02,0.03,0.02,0.07,0.08,0.03,0.03,0.04,0.05,0.06,0.13,0.07,0.08,0.0,0.03
YCR082W,0.03,0.01,0.08,0.07,0.06,0.02,0.03,0.08,0.08,0.1,0.01,0.07,0.02,0.1,0.05,0.03,0.07,0.06,0.01,0.02
YKR034W,0.05,0.05,0.08,0.03,0.02,0.05,0.04,0.02,0.07,0.11,0.01,0.12,0.07,0.01,0.05,0.07,0.09,0.05,0.01,0.0
YPL160W,0.08,0.01,0.04,0.11,0.06,0.05,0.04,0.07,0.06,0.06,0.07,0.03,0.05,0.02,0.05,0.08,0.04,0.03,0.01,0.04
YJL139C,0.03,0.0,0.06,0.03,0.06,0.04,0.01,0.08,0.07,0.1,0.03,0.05,0.02,0.04,0.09,0.08,0.07,0.04,0.01,0.09
YDR123C,0.08,0.0,0.07,0.05,0.03,0.03,0.11,0.06,0.0,0.1,0.03,0.08,0.08,0.07,0.0,0.07,0.09,0.03,0.0,0.02
YMR267W,0.02,0.0,0.02,0.07,0.06,0.05,0.03,0.06,0.08,0.13,0.03,0.08,0.03,0.04,0.07,0.07,0.08,0.05,0.01,0.02
YKR050W,0.09,0.02,0.02,0.0,0.07,0.06,0.03,0.09,0.07,0.13,0.01,0.02,0.05,0.02,0.06,0.1,0.06,0.05,0.01,0.04
YER044C-A,0.05,0.02,0.04,0.09,0.05,0.04,0.02,0.06,0.12,0.1,0.02,0.09,0.04,0.03,0.05,0.07,0.02,0.04,0.03,0.02
YML105C,0.04,0.0,0.09,0.11,0.04,0.02,0.0,0.06,0.08,0.08,0.02,0.11,0.08,0.04,0.05,0.09,0.04,0.05,0.0,0.0
YOL103W,0.04,0.01,0.1,0.07,0.02,0.05,0.04,0.05,0.08,0.02,0.03,0.04,0.04,0.05,0.05,0.16,0.09,0.04,0.01,0.01
YGL143C,0.04,0.01,0.05,0.06,0.06,0.04,0.03,0.04,0.12,0.14,0.01,0.03,0.04,0.04,0.02,0.1,0.08,0.04,0.01,0.04
YGR220C,0.08,0.01,0.01,0.06,0.04,0.04,0.03,0.08,0.07,0.07,0.04,0.05,0.06,0.01,0.07,0.12,0.07,0.06,0.01,0.02
YAL018C,0.04,0.0,0.02,0.02,0.11,0.11,0.01,0.03,0.09,0.1,0.05,0.05,0.03,0.02,0.02,0.1,0.06,0.05,0.0,0.09
YAL022C,0.06,0.01,0.06,0.13,0.02,0.04,0.03,0.07,0.05,0.1,0.01,0.05,0.06,0.02,0.03,0.13,0.07,0.02,0.02,0.02
YIL155C,0.16,0.01,0.07,0.01,0.03,0.1,0.02,0.02,0.02,0.09,0.04,0.02,0.05,0.04,0.08,0.04,0.1,0.07,0.01,0.02
YDR300C,0.07,0.0,0.03,0.05,0.02,0.08,0.02,0.1,0.1,0.1,0.05,0.02,0.02,0.03,0.07,0.09,0.04,0.09,0.01,0.01
YPR058W,0.07,0.01,0.05,0.06,0.04,0.1,0.02,0.03,0.04,0.11,0.02,0.03,0.07,0.06,0.04,0.05,0.09,0.1,0.0,0.01
YLR205C,0.07,0.0,0.07,0.07,0.06,0.04,0.02,0.11,0.03,0.07,0.04,0.06,0.03,0.05,0.07,0.05,0.08,0.03,0.01,0.04
YKL119C,0.03,0.01,0.07,0.12,0.09,0.02,0.02,0.06,0.15,0.13,0.02,0.03,0.03,0.04,0.05,0.06,0.01,0.02,0.0,0.04
YNR041C,0.04,0.0,0.01,0.06,0.03,0.08,0.0,0.06,0.08,0.12,0.02,0.0,0.06,0.01,0.09,0.18,0.04,0.06,0.03,0.03
YGR286C,0.11,0.02,0.02,0.04,0.0,0.03,0.06,0.03,0.07,0.13,0.03,0.02,0.04,0.05,0.03,0.12,0.12,0.02,0.02,0.04
YNL315C,0.02,0.0,0.02,0.11,0.05,0.03,0.02,0.08,0.13,0.08,0.02,0.08,0.04,0.07,0.06,0.08,0.05,0.02,0.01,0.03
YLR172C,0.08,0.01,0.06,0.09,0.02,0.07,0.02,0.07,0.07,0.14,0.02,0.02,0.01,0.02,0.04,0.07,0.06,0.07,0.0,0.06
YNL268W,0.04,0.0,0.07,0.13,0.01,0.05,0.04,0.09,0.07,0.04,0.03,0.09,0.03,0.07,0.02,0.09,0.07,0.03,0.01,0.02
YPL121C,0.02,0.02,0.04,0.11,0.0,0.02,0.03,0.09,0.15,0.09,0.01,0.12,0.01,0.06,0.05,0.04,0.08,0.02,0.02,0.02
YLR067C,0.06,0.02,0.03,0.02,0.02,0.06,0.02,0.04,0.09,0.09,0.02,0.05,0.04,0.03,0.08,0.11,0.09,0.05,0.01,0.07
YJL201W,0.05,0.0,0.07,0.02,0.07,0.04,0.01,0.09,0.08,0.09,0.04,0.05,0.05,0.04,0.03,0.1,0.02,0.07,0.01,0.07
YMR023C,0.08,0.01,0.02,0.0,0.03,0.02,0.02,0.1,0.06,0.08,0.01,0.04,0.07,0.05,0.09,0.16,0.06,0.04,0.0,0.06
YOR190W,0.02,0.02,0.05,0.06,0.06,0.06,0.02,0.08,0.06,0.1,0.01,0.09,0.05,0.02,0.03,0.06,0.08,0.06,0.01,0.06
YEL050C,0.02,0.03,0.05,0.04,0.0,0.02,0.0,0.07,0.1,0.15,0.02,0.04,0.05,0.04,0.08,0.14,0.07,0.05,0.01,0.02
YEL048C,0.04,0.01,0.07,0.08,0.05,0.04,0.01,0.08,0.07,0.14,0.03,0.05,0.04,0.03,0.01,0.12,0.01,0.08,0.01,0.03
YEL038W,0.04,0.01,0.07,0.05,0.04,0.05,0.03,0.07,0.07,0.1,0.01,0.04,0.06,0.09,0.01,0.06,0.05,0.09,0.01,0.05
YER163C,0.06,0.0,0.06,0.02,0.03,0.07,0.04,0.11,0.02,0.06,0.01,0.05,0.09,0.03,0.06,0.07,0.07,0.06,0.02,0.07
YEL011W,0.09,0.0,0.09,0.07,0.05,0.04,0.03,0.03,0.07,0.07,0.01,0.06,0.06,0.01,0.04,0.07,0.06,0.04,0.04,0.07
YBL013W,0.03,0.03,0.03,0.02,0.06,0.04,0.0,0.07,0.05,0.1,0.03,0.08,0.09,0.06,0.08,0.08,0.06,0.06,0.01,0.02
YBL014C,0.05,0.02,0.16,0.06,0.0,0.05,0.01,0.06,0.05,0.11,0.01,0.02,0.04,0.08,0.02,0.09,0.06,0.07,0.01,0.03
YJR144W,0.08,0.02,0.04,0.04,0.04,0.09,0.02,0.03,0.1,0.03,0.02,0.06,0.02,0.03,0.04,0.14,0.11,0.07,0.0,0.02
YBL010C,0.03,0.02,0.13,0.11,0.04,0.02,0.01,0.05,0.05,0.1,0.01,0.08,0.04,0.04,0.02,0.11,0.05,0.07,0.0,0.02
YGL255W,0.05,0.01,0.04,0.02,0.09,0.07,0.0,0.05,0.06,0.08,0.02,0.04,0.05,0.02,0.03,0.07,0.09,0.12,0.04,0.05
YGL254W,0.01,0.07,0.03,0.03,0.03,0.04,0.08,0.03,0.12,0.07,0.01,0.06,0.05,0.08,0.09,0.07,0.06,0.03,0.01,0.03
YOR185C,0.07,0.01,0.05,0.06,0.08,0.11,0.02,0.07,0.07,0.05,0.02,0.04,0.03,0.03,0.03,0.03,0.1,0.08,0.01,0.04
YDL210W,0.07,0.0,0.03,0.05,0.03,0.11,0.0,0.09,0.06,0.09,0.04,0.06,0.01,0.08,0.04,0.13,0.03,0.05,0.0,0.03
YMR133W,0.02,0.04,0.04,0.04,0.04,0.02,0.01,0.1,0.06,0.12,0.03,0.07,0.06,0.07,0.03,0.11,0.03,0.05,0.01,0.05
YMR302C,0.06,0.01,0.04,0.04,0.01,0.05,0.02,0.05,0.04,0.12,0.03,0.07,0.04,0.05,0.06,0.08,0.09,0.08,0.02,0.04
YOR196C,0.07,0.01,0.04,0.03,0.04,0.09,0.0,0.04,0.05,0.05,0.01,0.08,0.03,0.01,0.12,0.13,0.1,0.08,0.01,0.01
YHR147C,0.01,0.0,0.04,0.05,0.03,0.05,0.03,0.08,0.07,0.1,0.04,0.05,0.05,0.07,0.07,0.12,0.04,0.08,0.01,0.01
YNR002C,0.09,0.01,0.05,0.08,0.07,0.09,0.02,0.05,0.05,0.08,0.01,0.08,0.06,0.04,0.04,0.1,0.04,0.01,0.0,0.03
YBL005W,0.07,0.07,0.06,0.02,0.02,0.01,0.03,0.04,0.13,0.07,0.02,0.05,0.05,0.04,0.03,0.1,0.08,0.07,0.0,0.04
YPL270W,0.06,0.03,0.01,0.02,0.02,0.04,0.01,0.05,0.06,0.16,0.02,0.03,0.09,0.03,0.11,0.19,0.04,0.03,0.0,0.0
YGR006W,0.05,0.01,0.09,0.12,0.01,0.02,0.01,0.11,0.09,0.06,0.01,0.05,0.06,0.08,0.04,0.1,0.06,0.03,0.0,0.0
YGR007W,0.05,0.04,0.08,0.06,0.03,0.06,0.06,0.03,0.05,0.03,0.03,0.06,0.04,0.04,0.05,0.05,0.07,0.1,0.03,0.04
YKR061W,0.03,0.03,0.03,0.03,0.06,0.01,0.01,0.03,0.07,0.16,0.03,0.06,0.02,0.07,0.1,0.08,0.07,0.06,0.01,0.04
YOR010C,0.14,0.0,0.07,0.06,0.02,0.03,0.0,0.07,0.03,0.14,0.03,0.03,0.02,0.03,0.0,0.16,0.05,0.06,0.01,0.05
YBL080C,0.11,0.01,0.02,0.03,0.04,0.04,0.05,0.05,0.05,0.15,0.02,0.06,0.05,0.04,0.04,0.1,0.07,0.03,0.0,0.04
YOR219C,0.03,0.0,0.06,0.06,0.08,0.01,0.07,0.04,0.04,0.02,0.03,0.1,0.08,0.07,0.06,0.13,0.08,0.03,0.0,0.01
YNL076W,0.03,0.01,0.04,0.06,0.04,0.03,0.02,0.07,0.12,0.11,0.01,0.12,0.06,0.03,0.06,0.04,0.04,0.07,0.01,0.03
YDR461W,0.1388888888888889,0.027777777777777776,0.05555555555555555,0.05555555555555555,0.027777777777777776,0.027777777777777776,0.0,0.08333333333333333,0.1388888888888889,0.0,0.027777777777777776,0.027777777777777776,0.08333333333333333,0.027777777777777776,0.0,0.08333333333333333,0.08333333333333333,0.05555555555555555,0.027777777777777776,0.027777777777777776
YNL145W,0.10526315789473684,0.02631578947368421,0.07894736842105263,0.02631578947368421,0.02631578947368421,0.02631578947368421,0.0,0.10526315789473684,0.13157894736842105,0.02631578947368421,0.02631578947368421,0.02631578947368421,0.05263157894736842,0.07894736842105263,0.0,0.07894736842105263,0.10526315789473684,0.02631578947368421,0.02631578947368421,0.02631578947368421
YBL057C,0.07,0.0,0.08,0.13,0.02,0.05,0.01,0.05,0.06,0.08,0.05,0.04,0.01,0.02,0.03,0.14,0.09,0.04,0.01,0.02
YKL186C,0.1,0.03,0.05,0.0,0.06,0.03,0.03,0.06,0.03,0.07,0.04,0.13,0.04,0.1,0.01,0.03,0.1,0.07,0.01,0.01
YKL179C,0.06,0.0,0.08,0.11,0.03,0.0,0.01,0.06,0.14,0.12,0.01,0.06,0.01,0.04,0.04,0.08,0.06,0.05,0.01,0.03
YKL175W,0.05,0.03,0.01,0.03,0.07,0.05,0.01,0.06,0.05,0.21,0.03,0.04,0.04,0.01,0.04,0.15,0.02,0.06,0.01,0.03
YKL100C,0.09,0.0,0.03,0.06,0.06,0.01,0.05,0.06,0.05,0.09,0.01,0.1,0.0,0.03,0.03,0.15,0.05,0.09,0.01,0.03
YKL110C,0.03,0.02,0.06,0.04,0.02,0.04,0.04,0.09,0.1,0.12,0.01,0.02,0.03,0.04,0.04,0.13,0.06,0.05,0.0,0.06
YDR087C,0.07,0.0,0.05,0.07,0.07,0.03,0.01,0.02,0.12,0.11,0.02,0.09,0.03,0.05,0.06,0.06,0.06,0.02,0.02,0.04
YBL069W,0.06,0.0,0.05,0.03,0.03,0.03,0.03,0.1,0.14,0.06,0.05,0.05,0.11,0.02,0.05,0.04,0.04,0.09,0.0,0.02
YKL065C,0.05,0.01,0.02,0.01,0.08,0.05,0.01,0.11,0.03,0.14,0.03,0.03,0.03,0.05,0.06,0.1,0.08,0.06,0.01,0.04
YKL061W,0.03,0.01,0.09,0.16,0.04,0.01,0.0,0.03,0.11,0.14,0.03,0.07,0.0,0.04,0.03,0.08,0.01,0.06,0.01,0.05
YKL055C,0.06,0.03,0.06,0.04,0.04,0.08,0.02,0.1,0.09,0.09,0.01,0.0,0.04,0.07,0.05,0.07,0.05,0.02,0.02,0.06
YKL170W,0.08,0.05,0.05,0.01,0.02,0.07,0.01,0.11,0.11,0.04,0.03,0.06,0.03,0.04,0.06,0.06,0.06,0.11,0.0,0.0
YKL132C,0.04,0.0,0.05,0.09,0.01,0.06,0.03,0.12,0.04,0.12,0.01,0.06,0.03,0.06,0.07,0.1,0.06,0.03,0.0,0.02
YKL168C,0.01,0.02,0.02,0.04,0.04,0.02,0.01,0.04,0.06,0.04,0.02,0.03,0.12,0.06,0.15,0.18,0.07,0.05,0.0,0.02
YKL029C,0.09,0.01,0.01,0.07,0.02,0.02,0.03,0.03,0.04,0.08,0.01,0.02,0.07,0.04,0.13,0.12,0.13,0.05,0.01,0.02
YKR064W,0.02,0.06,0.09,0.03,0.01,0.05,0.02,0.03,0.1,0.04,0.01,0.02,0.06,0.06,0.11,0.12,0.08,0.06,0.01,0.02
YKL174C,0.03,0.01,0.07,0.07,0.04,0.11,0.04,0.08,0.01,0.15,0.05,0.07,0.04,0.02,0.02,0.07,0.04,0.06,0.0,0.02
YKL214C,0.04,0.0,0.11,0.07,0.05,0.04,0.02,0.08,0.08,0.07,0.02,0.04,0.07,0.0,0.12,0.11,0.03,0.02,0.0,0.03
YKL207W,0.09,0.0,0.05,0.05,0.02,0.07,0.01,0.05,0.08,0.16,0.03,0.03,0.02,0.09,0.02,0.06,0.05,0.06,0.03,0.03
YKL206C,0.05,0.01,0.07,0.06,0.04,0.04,0.0,0.04,0.05,0.15,0.02,0.07,0.05,0.04,0.03,0.1,0.01,0.09,0.02,0.06
YKL160W,0.01,0.05,0.11,0.05,0.04,0.07,0.01,0.03,0.11,0.06,0.01,0.05,0.02,0.04,0.05,0.13,0.07,0.06,0.01,0.02
YKL151C,0.07,0.05,0.05,0.04,0.02,0.08,0.04,0.06,0.06,0.11,0.05,0.04,0.06,0.02,0.04,0.05,0.06,0.05,0.0,0.05
YKL146W,0.04,0.01,0.02,0.03,0.0,0.15,0.03,0.02,0.06,0.06,0.01,0.16,0.04,0.01,0.05,0.19,0.07,0.05,0.0,0.0
YKL137W,0.06,0.04,0.07,0.08,0.03,0.02,0.01,0.04,0.14,0.08,0.05,0.05,0.04,0.07,0.05,0.05,0.04,0.04,0.01,0.03
YKL128C,0.08,0.0,0.05,0.06,0.02,0.08,0.07,0.04,0.07,0.13,0.02,0.05,0.04,0.02,0.05,0.06,0.03,0.01,0.04,0.08
YKL125W,0.07,0.0,0.1,0.05,0.05,0.02,0.0,0.08,0.09,0.09,0.03,0.07,0.06,0.06,0.04,0.08,0.04,0.06,0.0,0.01
YKL043W,0.09,0.01,0.01,0.03,0.03,0.01,0.03,0.02,0.01,0.07,0.02,0.07,0.13,0.1,0.04,0.08,0.09,0.06,0.0,0.1
YKL033W,0.07,0.03,0.06,0.07,0.06,0.02,0.01,0.06,0.06,0.15,0.01,0.04,0.05,0.02,0.03,0.12,0.05,0.05,0.01,0.03
YKL027W,0.07,0.0,0.06,0.05,0.03,0.07,0.01,0.05,0.1,0.05,0.01,0.05,0.0,0.1,0.01,0.05,0.11,0.1,0.04,0.04
YKL005C,0.06,0.04,0.09,0.12,0.0,0.05,0.01,0.02,0.12,0.03,0.02,0.07,0.02,0.04,0.06,0.09,0.05,0.06,0.0,0.05
YKR013W,0.18,0.0,0.01,0.04,0.03,0.03,0.02,0.05,0.03,0.04,0.01,0.02,0.03,0.07,0.01,0.12,0.13,0.18,0.0,0.0
YKR046C,0.06,0.0,0.02,0.08,0.04,0.05,0.01,0.03,0.07,0.13,0.01,0.03,0.06,0.04,0.03,0.17,0.01,0.12,0.02,0.02
YKR060W,0.04,0.01,0.07,0.08,0.02,0.03,0.02,0.14,0.13,0.13,0.02,0.07,0.05,0.01,0.04,0.05,0.06,0.01,0.0,0.02
YKR062W,0.1,0.0,0.11,0.04,0.02,0.04,0.0,0.05,0.12,0.06,0.01,0.1,0.05,0.02,0.04,0.12,0.06,0.06,0.0,0.0
YKR065C,0.09,0.01,0.04,0.01,0.07,0.03,0.0,0.04,0.02,0.13,0.03,0.02,0.05,0.07,0.07,0.16,0.09,0.03,0.02,0.02
YKR079C,0.02,0.0,0.05,0.04,0.05,0.1,0.04,0.11,0.07,0.12,0.02,0.05,0.04,0.03,0.02,0.08,0.08,0.03,0.02,0.03
YKR088C,0.03,0.0,0.11,0.06,0.07,0.07,0.01,0.06,0.02,0.07,0.05,0.13,0.02,0.07,0.05,0.06,0.01,0.05,0.01,0.05
YKR091W,0.05,0.0,0.04,0.07,0.05,0.02,0.01,0.04,0.05,0.06,0.02,0.08,0.14,0.03,0.03,0.11,0.13,0.03,0.01,0.03
YKR096W,0.03,0.0,0.05,0.05,0.04,0.01,0.01,0.03,0.03,0.07,0.02,0.11,0.08,0.06,0.11,0.17,0.07,0.04,0.0,0.02
YKR100C,0.09,0.02,0.08,0.1,0.05,0.09,0.02,0.05,0.06,0.05,0.01,0.03,0.04,0.02,0.05,0.11,0.03,0.07,0.01,0.02
YKR106W,0.04,0.02,0.04,0.06,0.05,0.05,0.02,0.07,0.06,0.08,0.03,0.04,0.0,0.02,0.04,0.19,0.09,0.04,0.0,0.06
YMR294W,0.05,0.01,0.13,0.15,0.02,0.04,0.01,0.08,0.04,0.07,0.01,0.06,0.02,0.08,0.08,0.09,0.0,0.05,0.0,0.01
YDR237W,0.05,0.02,0.07,0.01,0.04,0.02,0.07,0.03,0.12,0.12,0.01,0.04,0.06,0.03,0.06,0.12,0.03,0.07,0.0,0.03
YDL202W,0.02,0.0,0.03,0.04,0.09,0.06,0.05,0.04,0.11,0.09,0.04,0.06,0.04,0.03,0.07,0.06,0.08,0.05,0.01,0.03
YLR312W-A,0.03,0.03,0.02,0.05,0.03,0.05,0.03,0.06,0.05,0.13,0.03,0.08,0.05,0.04,0.09,0.1,0.04,0.06,0.0,0.03
YBR282W,0.03,0.0,0.02,0.02,0.04,0.1,0.01,0.04,0.13,0.05,0.03,0.07,0.07,0.02,0.06,0.06,0.09,0.08,0.02,0.06
YDR462W,0.05,0.01,0.01,0.06,0.02,0.01,0.02,0.05,0.11,0.12,0.02,0.02,0.03,0.12,0.1,0.1,0.06,0.06,0.01,0.02
YBR268W,0.08,0.01,0.05,0.05,0.0,0.04,0.02,0.05,0.09,0.11,0.01,0.08,0.04,0.03,0.08,0.1,0.03,0.07,0.03,0.03
YML009C,0.08571428571428572,0.0,0.02857142857142857,0.02857142857142857,0.02857142857142857,0.02857142857142857,0.014285714285714285,0.04285714285714286,0.18571428571428572,0.08571428571428572,0.014285714285714285,0.014285714285714285,0.04285714285714286,0.014285714285714285,0.08571428571428572,0.08571428571428572,0.04285714285714286,0.12857142857142856,0.0,0.04285714285714286
YPL173W,0.02,0.0,0.05,0.07,0.07,0.07,0.02,0.05,0.14,0.05,0.04,0.06,0.05,0.01,0.05,0.13,0.03,0.07,0.01,0.01
YNR033W,0.04,0.0,0.09,0.03,0.05,0.06,0.03,0.07,0.01,0.1,0.03,0.07,0.06,0.1,0.01,0.07,0.07,0.09,0.0,0.02
YCL026C-A,0.09,0.01,0.06,0.05,0.03,0.05,0.02,0.07,0.06,0.05,0.02,0.07,0.06,0.02,0.07,0.05,0.09,0.09,0.01,0.03
YCR073W-A,0.13,0.01,0.04,0.07,0.04,0.08,0.04,0.04,0.1,0.04,0.03,0.03,0.04,0.01,0.03,0.15,0.05,0.07,0.0,0.0
YCR087C-A,0.04,0.06,0.04,0.06,0.02,0.02,0.04,0.03,0.18,0.01,0.01,0.06,0.05,0.12,0.01,0.04,0.07,0.07,0.0,0.07
YBR286W,0.12,0.0,0.07,0.06,0.06,0.01,0.03,0.05,0.06,0.09,0.02,0.06,0.08,0.07,0.01,0.06,0.03,0.05,0.01,0.06
YBL038W,0.06,0.0,0.01,0.04,0.05,0.09,0.01,0.07,0.11,0.09,0.04,0.05,0.04,0.05,0.09,0.07,0.06,0.03,0.0,0.04
YBL037W,0.07,0.0,0.04,0.05,0.03,0.05,0.02,0.09,0.13,0.09,0.01,0.07,0.0,0.1,0.05,0.07,0.06,0.03,0.0,0.04
YBR024W,0.07,0.03,0.03,0.04,0.06,0.08,0.0,0.04,0.05,0.12,0.01,0.05,0.04,0.04,0.12,0.11,0.04,0.01,0.01,0.05
YBR066C,0.04,0.03,0.08,0.04,0.07,0.04,0.01,0.07,0.1,0.09,0.05,0.06,0.04,0.03,0.04,0.11,0.08,0.0,0.0,0.02
YBR132C,0.02,0.0,0.1,0.11,0.02,0.07,0.04,0.09,0.06,0.05,0.02,0.04,0.03,0.01,0.07,0.08,0.09,0.04,0.01,0.05
YBR145W,0.04,0.01,0.05,0.06,0.04,0.12,0.05,0.05,0.11,0.07,0.01,0.03,0.07,0.03,0.0,0.04,0.03,0.12,0.04,0.03
YBR150C,0.07,0.0,0.04,0.03,0.04,0.04,0.06,0.02,0.05,0.05,0.09,0.07,0.13,0.05,0.04,0.1,0.05,0.05,0.01,0.01
YBR146W,0.09,0.0,0.03,0.06,0.05,0.03,0.01,0.06,0.07,0.11,0.03,0.06,0.08,0.04,0.11,0.06,0.05,0.01,0.01,0.04
YBR186W,0.02,0.01,0.05,0.08,0.03,0.06,0.02,0.08,0.1,0.11,0.03,0.03,0.03,0.07,0.07,0.12,0.03,0.05,0.0,0.01
YBR199W,0.08,0.0,0.08,0.08,0.03,0.01,0.02,0.07,0.07,0.13,0.02,0.03,0.04,0.02,0.04,0.1,0.05,0.08,0.0,0.05
YBR233W,0.06,0.01,0.08,0.07,0.0,0.03,0.05,0.06,0.09,0.08,0.02,0.03,0.05,0.01,0.05,0.12,0.12,0.07,0.0,0.0
YBR291C,0.13,0.02,0.06,0.02,0.06,0.08,0.01,0.09,0.09,0.09,0.02,0.02,0.04,0.02,0.04,0.08,0.07,0.03,0.0,0.03
YBL107C,0.01,0.03,0.06,0.06,0.06,0.03,0.01,0.08,0.06,0.1,0.01,0.1,0.05,0.04,0.09,0.07,0.08,0.03,0.01,0.02
YBL104C,0.03,0.01,0.07,0.07,0.02,0.08,0.04,0.09,0.06,0.07,0.02,0.07,0.04,0.01,0.02,0.12,0.05,0.07,0.01,0.05
YBL102W,0.05,0.03,0.06,0.05,0.07,0.02,0.0,0.01,0.01,0.11,0.02,0.06,0.04,0.11,0.07,0.12,0.08,0.05,0.03,0.01
YBL090W,0.06,0.01,0.07,0.05,0.02,0.04,0.0,0.1,0.06,0.1,0.05,0.06,0.02,0.06,0.1,0.13,0.05,0.02,0.0,0.0
YBL082C,0.03,0.02,0.07,0.07,0.03,0.07,0.0,0.09,0.07,0.12,0.06,0.01,0.05,0.08,0.04,0.05,0.02,0.06,0.01,0.05
YBL042C,0.04,0.0,0.14,0.11,0.04,0.02,0.01,0.08,0.1,0.02,0.03,0.06,0.04,0.02,0.02,0.09,0.1,0.06,0.01,0.01
YBL025W,0.07,0.02,0.09,0.1,0.04,0.04,0.03,0.1,0.05,0.08,0.01,0.07,0.04,0.01,0.04,0.03,0.05,0.09,0.0,0.04
YBL020W,0.04,0.0,0.06,0.07,0.09,0.06,0.0,0.1,0.03,0.13,0.03,0.04,0.02,0.05,0.06,0.09,0.1,0.02,0.0,0.01
YBL006C,0.1,0.0,0.03,0.07,0.01,0.1,0.03,0.01,0.07,0.11,0.02,0.02,0.02,0.08,0.02,0.13,0.03,0.1,0.0,0.05
YBR025C,0.1,0.02,0.03,0.06,0.04,0.08,0.01,0.06,0.1,0.08,0.01,0.05,0.1,0.02,0.04,0.03,0.06,0.08,0.0,0.03
YBR030W,0.07,0.03,0.07,0.05,0.07,0.06,0.02,0.09,0.05,0.09,0.02,0.07,0.01,0.0,0.04,0.14,0.05,0.05,0.01,0.01
YBR040W,0.03,0.02,0.03,0.04,0.09,0.04,0.0,0.13,0.05,0.09,0.04,0.07,0.04,0.02,0.03,0.11,0.05,0.04,0.01,0.07
YBR042C,0.03,0.02,0.02,0.01,0.06,0.04,0.03,0.1,0.11,0.16,0.01,0.03,0.03,0.04,0.06,0.07,0.06,0.1,0.0,0.02
YBR094W,0.05,0.01,0.05,0.04,0.05,0.04,0.03,0.09,0.08,0.06,0.01,0.06,0.09,0.06,0.04,0.06,0.04,0.07,0.03,0.04
YBR137W,0.05,0.02,0.07,0.07,0.07,0.05,0.02,0.04,0.09,0.12,0.02,0.04,0.04,0.02,0.07,0.04,0.07,0.06,0.01,0.03
YBR141C,0.01,0.02,0.05,0.05,0.03,0.05,0.03,0.09,0.14,0.08,0.02,0.07,0.01,0.05,0.11,0.1,0.03,0.04,0.0,0.02
YBR162C,0.09,0.04,0.05,0.04,0.05,0.07,0.01,0.03,0.01,0.1,0.03,0.05,0.03,0.05,0.01,0.12,0.07,0.08,0.0,0.07
YBR214W,0.1,0.03,0.04,0.05,0.02,0.02,0.02,0.01,0.03,0.07,0.03,0.05,0.16,0.06,0.02,0.13,0.11,0.05,0.0,0.0
YBR216C,0.01,0.0,0.09,0.11,0.04,0.08,0.0,0.07,0.07,0.13,0.03,0.06,0.03,0.04,0.02,0.03,0.09,0.07,0.01,0.02
YBR258C,0.04,0.0,0.07,0.13,0.03,0.06,0.01,0.03,0.12,0.1,0.03,0.09,0.01,0.03,0.05,0.09,0.03,0.04,0.01,0.03
YBR271W,0.04,0.03,0.14,0.1,0.03,0.01,0.0,0.07,0.06,0.12,0.01,0.05,0.09,0.05,0.03,0.04,0.04,0.07,0.0,0.02
YBR273C,0.06,0.0,0.1,0.09,0.05,0.04,0.02,0.08,0.05,0.11,0.01,0.03,0.02,0.05,0.05,0.06,0.03,0.1,0.03,0.02
YBR294W,0.06,0.0,0.07,0.14,0.02,0.04,0.03,0.03,0.08,0.05,0.01,0.08,0.01,0.02,0.04,0.12,0.06,0.06,0.01,0.07
YNL160W,0.09,0.01,0.0,0.02,0.03,0.04,0.02,0.05,0.04,0.08,0.01,0.12,0.03,0.04,0.02,0.15,0.13,0.08,0.01,0.03
YER099C,0.06,0.01,0.03,0.07,0.02,0.07,0.03,0.11,0.04,0.1,0.02,0.05,0.04,0.03,0.05,0.09,0.06,0.07,0.0,0.05
YMR217W,0.07,0.02,0.05,0.06,0.04,0.09,0.03,0.09,0.02,0.1,0.04,0.04,0.05,0.04,0.03,0.06,0.04,0.06,0.02,0.05
YHR178W,0.08,0.06,0.03,0.03,0.01,0.08,0.02,0.01,0.13,0.06,0.03,0.05,0.08,0.03,0.09,0.1,0.05,0.03,0.0,0.03
YHR011W,0.06,0.0,0.05,0.07,0.04,0.01,0.0,0.18,0.12,0.08,0.02,0.03,0.02,0.09,0.07,0.08,0.03,0.02,0.0,0.03
YHL047C,0.05,0.02,0.09,0.07,0.04,0.03,0.0,0.06,0.12,0.07,0.07,0.05,0.02,0.02,0.05,0.1,0.07,0.02,0.01,0.04
YHL044W,0.05,0.03,0.01,0.04,0.04,0.03,0.02,0.17,0.04,0.2,0.01,0.04,0.05,0.01,0.05,0.1,0.05,0.02,0.0,0.04
YHL039W,0.09,0.01,0.05,0.06,0.06,0.03,0.01,0.06,0.06,0.12,0.01,0.06,0.04,0.08,0.03,0.09,0.07,0.05,0.01,0.01
YHL035C,0.06,0.02,0.05,0.07,0.04,0.07,0.0,0.07,0.03,0.12,0.01,0.08,0.02,0.04,0.09,0.08,0.04,0.05,0.01,0.05
YHL010C,0.03,0.01,0.07,0.09,0.05,0.04,0.01,0.11,0.09,0.08,0.02,0.08,0.01,0.08,0.02,0.09,0.05,0.02,0.02,0.03
YHL009C,0.03,0.05,0.1,0.05,0.05,0.03,0.0,0.07,0.04,0.11,0.03,0.09,0.08,0.1,0.02,0.1,0.04,0.0,0.0,0.01
YHL006C,0.05,0.0,0.04,0.06,0.02,0.07,0.02,0.01,0.03,0.13,0.03,0.04,0.02,0.07,0.06,0.07,0.06,0.14,0.02,0.06
YHR003C,0.09,0.03,0.02,0.06,0.03,0.06,0.01,0.06,0.09,0.08,0.03,0.05,0.01,0.05,0.06,0.07,0.06,0.07,0.03,0.04
YHR015W,0.07,0.02,0.05,0.06,0.02,0.05,0.01,0.03,0.17,0.06,0.01,0.09,0.03,0.07,0.03,0.1,0.03,0.08,0.0,0.02
YHR035W,0.06,0.07,0.04,0.05,0.03,0.01,0.01,0.05,0.04,0.1,0.03,0.09,0.05,0.04,0.03,0.11,0.08,0.04,0.01,0.06
YHR040W,0.05,0.07,0.07,0.05,0.01,0.04,0.04,0.02,0.13,0.07,0.04,0.04,0.03,0.06,0.07,0.05,0.04,0.07,0.0,0.05
YHR049W,0.06,0.01,0.09,0.07,0.05,0.04,0.04,0.06,0.11,0.12,0.02,0.04,0.03,0.04,0.02,0.07,0.02,0.07,0.02,0.02
YHR059W,0.05,0.01,0.05,0.03,0.06,0.02,0.02,0.08,0.1,0.08,0.01,0.11,0.07,0.05,0.07,0.08,0.02,0.04,0.02,0.03
YHR077C,0.04,0.01,0.07,0.09,0.03,0.06,0.01,0.07,0.14,0.14,0.01,0.06,0.01,0.0,0.03,0.1,0.04,0.07,0.01,0.01
YHR100C,0.05,0.02,0.09,0.02,0.02,0.02,0.03,0.07,0.08,0.14,0.01,0.08,0.07,0.02,0.02,0.1,0.05,0.05,0.02,0.04
YHR101C,0.06,0.03,0.05,0.08,0.09,0.04,0.0,0.05,0.05,0.13,0.02,0.04,0.04,0.06,0.04,0.04,0.07,0.06,0.0,0.05
YHR106W,0.1,0.0,0.01,0.06,0.04,0.09,0.04,0.09,0.06,0.06,0.07,0.03,0.05,0.02,0.05,0.09,0.08,0.04,0.0,0.02
YHR109W,0.02,0.01,0.06,0.1,0.08,0.03,0.01,0.09,0.1,0.11,0.02,0.06,0.04,0.02,0.06,0.1,0.05,0.02,0.0,0.02
YHR116W,0.04,0.0,0.08,0.02,0.02,0.03,0.0,0.01,0.06,0.02,0.03,0.1,0.11,0.04,0.04,0.19,0.12,0.04,0.0,0.05
YHR133C,0.1,0.0,0.04,0.04,0.03,0.07,0.02,0.04,0.11,0.1,0.02,0.1,0.06,0.02,0.02,0.08,0.08,0.04,0.0,0.03
YHR163W,0.07,0.0,0.08,0.06,0.05,0.05,0.01,0.04,0.08,0.1,0.01,0.01,0.02,0.05,0.04,0.14,0.04,0.1,0.02,0.03
YHR168W,0.04,0.01,0.05,0.06,0.03,0.02,0.05,0.04,0.08,0.07,0.01,0.06,0.06,0.04,0.09,0.08,0.05,0.1,0.02,0.04
YHR175W,0.03,0.03,0.08,0.03,0.04,0.07,0.05,0.04,0.07,0.1,0.08,0.05,0.01,0.01,0.01,0.1,0.08,0.04,0.04,0.04
YHR184W,0.01,0.0,0.05,0.09,0.06,0.07,0.01,0.02,0.07,0.02,0.03,0.13,0.07,0.07,0.05,0.1,0.07,0.05,0.01,0.02
YHR189W,0.04,0.02,0.03,0.06,0.0,0.11,0.05,0.04,0.05,0.1,0.03,0.04,0.04,0.05,0.08,0.04,0.05,0.08,0.02,0.07
YHR191C,0.04,0.0,0.07,0.08,0.04,0.08,0.0,0.05,0.07,0.12,0.04,0.01,0.05,0.08,0.07,0.07,0.07,0.05,0.01,0.0
YHR194W,0.08,0.0,0.03,0.02,0.05,0.01,0.0,0.06,0.1,0.11,0.01,0.06,0.06,0.02,0.11,0.13,0.06,0.03,0.02,0.04
YHR209W,0.05,0.01,0.04,0.08,0.05,0.06,0.02,0.07,0.1,0.07,0.03,0.07,0.06,0.0,0.05,0.09,0.05,0.06,0.0,0.04
YDR464W,0.04,0.0,0.12,0.17,0.03,0.07,0.05,0.06,0.02,0.04,0.02,0.09,0.05,0.08,0.0,0.06,0.01,0.07,0.0,0.02
YOR037W,0.01,0.01,0.02,0.04,0.06,0.02,0.04,0.05,0.1,0.11,0.02,0.04,0.03,0.01,0.07,0.16,0.07,0.06,0.02,0.06
YDL045C,0.05,0.03,0.03,0.07,0.08,0.03,0.01,0.08,0.05,0.12,0.03,0.04,0.02,0.09,0.03,0.11,0.03,0.02,0.02,0.06
YNL003C,0.09,0.0,0.04,0.01,0.08,0.11,0.01,0.06,0.06,0.1,0.03,0.02,0.03,0.03,0.03,0.12,0.08,0.04,0.0,0.06
YDR078C,0.03,0.0,0.11,0.07,0.06,0.02,0.02,0.08,0.07,0.13,0.03,0.06,0.01,0.0,0.04,0.1,0.05,0.06,0.0,0.06
YDR084C,0.04,0.0,0.05,0.01,0.1,0.04,0.02,0.06,0.06,0.12,0.02,0.06,0.06,0.04,0.03,0.08,0.07,0.06,0.02,0.06
YDR089W,0.03,0.01,0.06,0.07,0.07,0.02,0.0,0.09,0.12,0.08,0.02,0.1,0.02,0.03,0.04,0.1,0.03,0.06,0.01,0.04
YGR061C,0.08,0.01,0.09,0.04,0.01,0.03,0.01,0.07,0.03,0.15,0.01,0.1,0.04,0.04,0.03,0.09,0.06,0.05,0.0,0.06
YDR321W,0.07,0.04,0.08,0.04,0.01,0.06,0.01,0.13,0.05,0.06,0.01,0.04,0.05,0.07,0.02,0.11,0.07,0.07,0.0,0.01
YDL198C,0.07,0.0,0.03,0.04,0.07,0.09,0.04,0.05,0.07,0.11,0.03,0.03,0.05,0.04,0.06,0.08,0.05,0.05,0.0,0.04
YER096W,0.04,0.01,0.07,0.07,0.03,0.05,0.01,0.09,0.06,0.05,0.03,0.05,0.06,0.02,0.03,0.2,0.04,0.04,0.01,0.04
YIL142W,0.1,0.01,0.08,0.04,0.02,0.08,0.0,0.05,0.06,0.09,0.03,0.05,0.03,0.04,0.02,0.1,0.08,0.12,0.0,0.0
YJL014W,0.13,0.01,0.06,0.05,0.01,0.07,0.02,0.07,0.04,0.1,0.06,0.03,0.04,0.05,0.05,0.04,0.09,0.08,0.0,0.0
YDR188W,0.11,0.01,0.05,0.06,0.0,0.09,0.0,0.04,0.07,0.15,0.03,0.04,0.03,0.05,0.03,0.05,0.1,0.09,0.0,0.0
YLR090W,0.08,0.0,0.13,0.07,0.05,0.09,0.03,0.04,0.09,0.06,0.02,0.04,0.02,0.02,0.04,0.07,0.04,0.05,0.0,0.06
YML129C,0.05714285714285714,0.0,0.02857142857142857,0.05714285714285714,0.0,0.07142857142857142,0.014285714285714285,0.0,0.05714285714285714,0.12857142857142856,0.04285714285714286,0.02857142857142857,0.04285714285714286,0.1,0.02857142857142857,0.04285714285714286,0.14285714285714285,0.05714285714285714,0.014285714285714285,0.08571428571428572
YER001W,0.05,0.01,0.07,0.03,0.04,0.02,0.01,0.1,0.05,0.14,0.01,0.05,0.07,0.03,0.07,0.09,0.06,0.09,0.0,0.01
YJL198W,0.07,0.0,0.06,0.1,0.06,0.06,0.02,0.04,0.09,0.07,0.03,0.08,0.02,0.04,0.03,0.07,0.07,0.04,0.01,0.04
YJL192C,0.08,0.0,0.05,0.04,0.09,0.06,0.0,0.05,0.02,0.08,0.04,0.07,0.03,0.03,0.04,0.09,0.11,0.05,0.0,0.07
YAR028W,0.08,0.02,0.06,0.06,0.05,0.02,0.04,0.11,0.03,0.11,0.07,0.03,0.04,0.01,0.0,0.09,0.06,0.1,0.0,0.02
YJL102W,0.08,0.0,0.05,0.03,0.01,0.08,0.02,0.12,0.05,0.05,0.02,0.05,0.01,0.02,0.1,0.1,0.09,0.06,0.03,0.03
YFR023W,0.0,0.0,0.06,0.05,0.04,0.03,0.04,0.07,0.15,0.09,0.02,0.08,0.07,0.02,0.03,0.16,0.02,0.05,0.0,0.02
YAL067C,0.02,0.0,0.09,0.1,0.05,0.01,0.03,0.08,0.06,0.04,0.01,0.05,0.04,0.03,0.06,0.1,0.08,0.07,0.03,0.05
YAL063C,0.1,0.04,0.04,0.01,0.02,0.07,0.01,0.04,0.03,0.1,0.03,0.07,0.04,0.03,0.02,0.13,0.08,0.06,0.0,0.08
YAL061W,0.05,0.02,0.06,0.09,0.04,0.11,0.07,0.07,0.05,0.07,0.03,0.04,0.08,0.01,0.02,0.01,0.06,0.09,0.01,0.02
YAL031C,0.08,0.01,0.05,0.03,0.02,0.02,0.02,0.09,0.13,0.15,0.01,0.07,0.06,0.02,0.04,0.07,0.0,0.08,0.0,0.05
YAL028W,0.07,0.0,0.07,0.07,0.0,0.07,0.08,0.04,0.1,0.04,0.03,0.04,0.04,0.06,0.04,0.1,0.06,0.06,0.01,0.02
YEL069C,0.04,0.01,0.11,0.05,0.06,0.12,0.02,0.08,0.04,0.05,0.03,0.06,0.06,0.01,0.02,0.1,0.02,0.06,0.02,0.04
YDR536W,0.06,0.03,0.04,0.03,0.1,0.11,0.03,0.04,0.08,0.09,0.04,0.03,0.01,0.03,0.03,0.08,0.09,0.03,0.01,0.04
YPR186C,0.04,0.04,0.04,0.08,0.04,0.05,0.04,0.03,0.07,0.1,0.02,0.04,0.04,0.04,0.06,0.15,0.06,0.03,0.0,0.03
YGL189C,0.11,0.04,0.03,0.04,0.0,0.03,0.03,0.06,0.12,0.03,0.02,0.06,0.07,0.01,0.14,0.07,0.01,0.09,0.0,0.04
YEL006W,0.14,0.01,0.04,0.02,0.05,0.09,0.02,0.03,0.08,0.1,0.03,0.1,0.03,0.05,0.03,0.06,0.07,0.03,0.0,0.02
YER184C,0.11,0.08,0.03,0.03,0.04,0.05,0.01,0.05,0.14,0.07,0.01,0.06,0.05,0.05,0.06,0.09,0.04,0.01,0.0,0.02
YER045C,0.03,0.0,0.08,0.02,0.08,0.05,0.05,0.04,0.03,0.1,0.02,0.07,0.11,0.07,0.02,0.11,0.03,0.04,0.0,0.05
YEL065W,0.09,0.0,0.04,0.1,0.05,0.05,0.02,0.08,0.03,0.08,0.03,0.04,0.08,0.01,0.03,0.05,0.06,0.08,0.0,0.08
YEL029C,0.05,0.04,0.06,0.02,0.06,0.09,0.03,0.01,0.05,0.12,0.02,0.06,0.03,0.05,0.03,0.07,0.07,0.07,0.01,0.06
YEL020C,0.12,0.01,0.03,0.01,0.03,0.11,0.02,0.11,0.03,0.09,0.03,0.04,0.05,0.05,0.02,0.06,0.06,0.07,0.01,0.05
YEL004W,0.02,0.04,0.01,0.03,0.11,0.04,0.03,0.08,0.04,0.1,0.02,0.09,0.06,0.03,0.0,0.07,0.09,0.09,0.01,0.04
YER002W,0.07,0.0,0.09,0.07,0.0,0.05,0.0,0.05,0.13,0.07,0.03,0.07,0.04,0.05,0.08,0.06,0.05,0.05,0.01,0.03
YER014W,0.03,0.02,0.05,0.04,0.03,0.11,0.0,0.06,0.07,0.13,0.04,0.03,0.05,0.02,0.06,0.07,0.08,0.08,0.01,0.02
YER024W,0.01,0.02,0.08,0.11,0.02,0.03,0.04,0.04,0.08,0.15,0.01,0.01,0.07,0.05,0.04,0.12,0.04,0.02,0.0,0.06
YER030W,0.07,0.0,0.12,0.19,0.0,0.04,0.01,0.02,0.12,0.05,0.03,0.07,0.02,0.01,0.06,0.1,0.04,0.03,0.0,0.02
YER032W,0.02,0.03,0.05,0.07,0.02,0.01,0.04,0.07,0.07,0.06,0.02,0.07,0.09,0.06,0.08,0.12,0.05,0.07,0.0,0.0
YER038C,0.03,0.0,0.14,0.09,0.06,0.05,0.01,0.06,0.05,0.06,0.01,0.07,0.08,0.01,0.03,0.17,0.03,0.04,0.0,0.01
YER044C,0.04,0.01,0.01,0.05,0.08,0.04,0.02,0.07,0.05,0.1,0.05,0.02,0.04,0.02,0.04,0.08,0.13,0.07,0.02,0.06
YER046W,0.03,0.0,0.05,0.07,0.06,0.05,0.02,0.07,0.06,0.14,0.03,0.06,0.07,0.03,0.03,0.1,0.06,0.03,0.01,0.03
YER053C,0.05,0.03,0.01,0.04,0.05,0.12,0.02,0.06,0.1,0.09,0.01,0.04,0.04,0.05,0.03,0.05,0.08,0.04,0.01,0.08
YER059W,0.05,0.0,0.08,0.06,0.01,0.04,0.01,0.05,0.03,0.02,0.03,0.1,0.03,0.05,0.07,0.22,0.06,0.07,0.0,0.02
YER067W,0.04,0.01,0.1,0.11,0.06,0.02,0.09,0.04,0.13,0.07,0.01,0.03,0.03,0.04,0.01,0.04,0.07,0.08,0.0,0.02
YER071C,0.03,0.0,0.06,0.11,0.01,0.03,0.01,0.08,0.1,0.14,0.02,0.09,0.02,0.02,0.02,0.14,0.05,0.03,0.01,0.03
YER113C,0.02,0.01,0.04,0.03,0.03,0.04,0.03,0.06,0.06,0.11,0.04,0.04,0.09,0.04,0.07,0.08,0.06,0.08,0.01,0.06
YER119C,0.13,0.04,0.01,0.0,0.06,0.1,0.01,0.11,0.03,0.11,0.05,0.02,0.05,0.03,0.04,0.06,0.03,0.09,0.0,0.03
YER124C,0.02,0.0,0.08,0.03,0.02,0.01,0.0,0.08,0.13,0.08,0.05,0.08,0.04,0.04,0.04,0.11,0.08,0.02,0.02,0.07
YER127W,0.07,0.01,0.07,0.09,0.01,0.05,0.02,0.06,0.06,0.16,0.04,0.07,0.03,0.01,0.04,0.14,0.03,0.01,0.0,0.03
YER128W,0.07,0.03,0.05,0.05,0.02,0.04,0.01,0.05,0.1,0.09,0.03,0.04,0.05,0.06,0.01,0.08,0.07,0.07,0.03,0.05
YER140W,0.08,0.01,0.08,0.1,0.05,0.0,0.04,0.07,0.08,0.13,0.04,0.04,0.02,0.03,0.06,0.08,0.04,0.02,0.02,0.01
YER145C,0.09,0.03,0.03,0.05,0.09,0.08,0.01,0.13,0.04,0.11,0.03,0.02,0.01,0.03,0.04,0.04,0.01,0.11,0.02,0.03
YER150W,0.14,0.01,0.02,0.04,0.04,0.03,0.0,0.04,0.01,0.08,0.02,0.05,0.08,0.01,0.0,0.14,0.18,0.08,0.0,0.03
YNL200C,0.07,0.02,0.02,0.07,0.06,0.11,0.02,0.03,0.08,0.1,0.03,0.03,0.05,0.05,0.05,0.05,0.05,0.09,0.0,0.02
YNL194C,0.07,0.02,0.01,0.01,0.12,0.08,0.0,0.03,0.04,0.09,0.03,0.07,0.05,0.02,0.04,0.12,0.07,0.04,0.04,0.05
YIL051C,0.1,0.0,0.03,0.03,0.04,0.03,0.0,0.05,0.06,0.08,0.03,0.09,0.07,0.05,0.04,0.1,0.06,0.11,0.0,0.03
YMR134W,0.01,0.0,0.05,0.11,0.04,0.05,0.04,0.08,0.08,0.17,0.03,0.04,0.01,0.03,0.06,0.07,0.04,0.04,0.0,0.05
YMR142C,0.17,0.0,0.03,0.02,0.03,0.05,0.04,0.05,0.1,0.07,0.01,0.04,0.05,0.02,0.14,0.02,0.04,0.09,0.01,0.02
YMR145C,0.11,0.0,0.01,0.02,0.05,0.04,0.01,0.02,0.11,0.11,0.02,0.04,0.02,0.05,0.06,0.12,0.07,0.08,0.01,0.05
YGR121C,0.09,0.0,0.02,0.02,0.09,0.11,0.0,0.04,0.04,0.13,0.04,0.04,0.04,0.01,0.04,0.07,0.07,0.07,0.03,0.05
YJL093C,0.11,0.03,0.03,0.06,0.07,0.04,0.01,0.05,0.04,0.06,0.03,0.06,0.04,0.04,0.04,0.1,0.07,0.09,0.01,0.02
YNL111C,0.03,0.0,0.11,0.1,0.03,0.1,0.03,0.07,0.07,0.05,0.02,0.03,0.03,0.04,0.02,0.1,0.03,0.09,0.01,0.04
YPR073C,0.04,0.03,0.05,0.08,0.06,0.06,0.06,0.11,0.11,0.02,0.03,0.08,0.03,0.02,0.03,0.07,0.04,0.05,0.0,0.03
YPL227C,0.05,0.0,0.04,0.09,0.06,0.02,0.03,0.07,0.03,0.18,0.02,0.05,0.06,0.01,0.06,0.06,0.05,0.07,0.0,0.05
YOR067C,0.05,0.0,0.06,0.05,0.05,0.03,0.02,0.04,0.13,0.11,0.02,0.05,0.05,0.02,0.04,0.07,0.08,0.03,0.05,0.05
YJL068C,0.06,0.02,0.06,0.04,0.07,0.06,0.02,0.04,0.08,0.05,0.02,0.07,0.07,0.03,0.04,0.08,0.06,0.07,0.01,0.05
YJL065C,0.09,0.01,0.08,0.07,0.04,0.02,0.04,0.03,0.04,0.08,0.02,0.03,0.07,0.11,0.02,0.09,0.07,0.07,0.0,0.02
YJR064W,0.09,0.0,0.07,0.06,0.01,0.07,0.02,0.12,0.07,0.08,0.05,0.04,0.07,0.06,0.05,0.07,0.04,0.03,0.0,0.0
YIL169C,0.08,0.0,0.01,0.01,0.02,0.04,0.0,0.05,0.01,0.06,0.01,0.04,0.01,0.05,0.01,0.43,0.06,0.08,0.0,0.03
YIL157C,0.09,0.0,0.04,0.06,0.05,0.04,0.01,0.05,0.08,0.13,0.02,0.04,0.06,0.0,0.09,0.1,0.06,0.07,0.0,0.01
YIL145C,0.04,0.01,0.05,0.08,0.06,0.03,0.04,0.05,0.04,0.09,0.02,0.04,0.06,0.04,0.05,0.07,0.09,0.11,0.01,0.02
YIL120W,0.06,0.01,0.07,0.07,0.06,0.03,0.02,0.06,0.05,0.03,0.04,0.08,0.02,0.04,0.06,0.15,0.05,0.07,0.0,0.03
YIL114C,0.04,0.0,0.05,0.05,0.08,0.08,0.01,0.05,0.05,0.07,0.01,0.11,0.03,0.04,0.07,0.09,0.08,0.06,0.02,0.01
YIL110W,0.03,0.0,0.09,0.11,0.09,0.03,0.01,0.04,0.05,0.11,0.02,0.05,0.05,0.05,0.03,0.09,0.06,0.07,0.0,0.02
YIL104C,0.04,0.01,0.07,0.09,0.08,0.01,0.02,0.13,0.06,0.11,0.02,0.05,0.04,0.04,0.06,0.06,0.04,0.03,0.0,0.04
YIL098C,0.05,0.0,0.06,0.05,0.01,0.03,0.01,0.08,0.13,0.11,0.02,0.07,0.03,0.05,0.11,0.07,0.03,0.03,0.03,0.03
YIL096C,0.05,0.01,0.03,0.08,0.04,0.07,0.02,0.05,0.17,0.1,0.03,0.08,0.01,0.05,0.06,0.07,0.02,0.05,0.0,0.01
YIL090W,0.04,0.04,0.01,0.02,0.12,0.07,0.02,0.07,0.02,0.18,0.02,0.03,0.01,0.02,0.04,0.11,0.09,0.03,0.0,0.06
YIL085C,0.05,0.04,0.07,0.03,0.09,0.04,0.01,0.04,0.07,0.11,0.04,0.06,0.06,0.03,0.07,0.04,0.05,0.03,0.01,0.06
YIL064W,0.05,0.01,0.1,0.09,0.05,0.09,0.02,0.04,0.05,0.1,0.03,0.05,0.01,0.05,0.03,0.07,0.06,0.04,0.02,0.04
YIL063C,0.05,0.0,0.12,0.17,0.02,0.06,0.01,0.03,0.17,0.01,0.01,0.06,0.05,0.04,0.03,0.06,0.05,0.06,0.0,0.0
YIL062C,0.1,0.0,0.09,0.06,0.02,0.04,0.0,0.04,0.03,0.12,0.02,0.03,0.07,0.07,0.06,0.06,0.09,0.06,0.01,0.03
YIL056W,0.05,0.01,0.03,0.07,0.07,0.04,0.01,0.06,0.1,0.07,0.01,0.07,0.03,0.08,0.08,0.08,0.06,0.04,0.01,0.03
YIL049W,0.04,0.02,0.01,0.05,0.12,0.03,0.02,0.08,0.09,0.11,0.01,0.01,0.05,0.02,0.03,0.09,0.05,0.04,0.01,0.12
YIL047C,0.07,0.0,0.09,0.09,0.05,0.04,0.01,0.03,0.11,0.05,0.02,0.0,0.04,0.05,0.08,0.11,0.02,0.04,0.03,0.07
YIL044C,0.09,0.04,0.05,0.04,0.02,0.04,0.05,0.05,0.1,0.12,0.01,0.04,0.03,0.03,0.04,0.1,0.04,0.06,0.03,0.02
YIL040W,0.02,0.02,0.03,0.01,0.12,0.02,0.01,0.08,0.04,0.15,0.03,0.03,0.03,0.08,0.02,0.05,0.09,0.1,0.01,0.06
YIL039W,0.08,0.03,0.06,0.03,0.07,0.04,0.04,0.07,0.08,0.05,0.01,0.06,0.06,0.04,0.02,0.06,0.05,0.06,0.03,0.06
YIL014W,0.05,0.0,0.0,0.05,0.06,0.01,0.03,0.03,0.06,0.18,0.02,0.09,0.01,0.03,0.11,0.16,0.03,0.05,0.01,0.02
YIL013C,0.06,0.0,0.05,0.1,0.07,0.08,0.04,0.04,0.07,0.09,0.01,0.06,0.04,0.03,0.02,0.1,0.04,0.07,0.0,0.03
YIL011W,0.14,0.0,0.07,0.05,0.05,0.02,0.01,0.04,0.02,0.08,0.06,0.03,0.03,0.06,0.0,0.08,0.1,0.09,0.01,0.06
YIR009W,0.07,0.0,0.03,0.06,0.07,0.04,0.02,0.05,0.09,0.1,0.04,0.06,0.03,0.07,0.08,0.04,0.07,0.07,0.0,0.01
YIR018W,0.06,0.0,0.03,0.13,0.0,0.0,0.05,0.03,0.13,0.12,0.01,0.06,0.05,0.05,0.11,0.06,0.02,0.05,0.01,0.03
YIR024C,0.09,0.0,0.06,0.03,0.05,0.04,0.01,0.1,0.12,0.12,0.05,0.06,0.02,0.01,0.1,0.04,0.03,0.06,0.0,0.01
YIR035C,0.06,0.0,0.08,0.05,0.03,0.1,0.01,0.06,0.1,0.09,0.01,0.04,0.02,0.02,0.03,0.06,0.03,0.18,0.0,0.03
YIR038C,0.06,0.0,0.07,0.07,0.05,0.03,0.07,0.07,0.07,0.15,0.02,0.02,0.06,0.03,0.06,0.06,0.01,0.05,0.02,0.03
YIR039C,0.04,0.02,0.05,0.02,0.02,0.05,0.0,0.1,0.04,0.12,0.04,0.06,0.03,0.05,0.01,0.12,0.08,0.11,0.0,0.04
YJL096W,0.05,0.0,0.04,0.03,0.05,0.03,0.02,0.08,0.08,0.11,0.02,0.04,0.07,0.02,0.06,0.08,0.13,0.05,0.01,0.03
YJL219W,0.07,0.01,0.07,0.03,0.06,0.07,0.01,0.06,0.04,0.08,0.02,0.11,0.05,0.02,0.02,0.12,0.09,0.05,0.01,0.01
YJL214W,0.06,0.03,0.06,0.14,0.07,0.07,0.01,0.04,0.03,0.04,0.04,0.05,0.06,0.01,0.03,0.09,0.07,0.07,0.01,0.02
YJL212C,0.03,0.0,0.11,0.14,0.02,0.02,0.01,0.07,0.05,0.04,0.02,0.05,0.1,0.03,0.04,0.1,0.08,0.05,0.01,0.03
YDR488C,0.04,0.0,0.03,0.16,0.01,0.04,0.04,0.04,0.08,0.07,0.04,0.02,0.03,0.1,0.08,0.06,0.09,0.05,0.0,0.02
YDR034C,0.04,0.01,0.04,0.07,0.05,0.09,0.01,0.02,0.03,0.09,0.02,0.11,0.07,0.01,0.02,0.22,0.06,0.03,0.0,0.01
YEL017C-A,0.06976744186046512,0.023255813953488372,0.0,0.0,0.046511627906976744,0.09302325581395349,0.0,0.16279069767441862,0.023255813953488372,0.13953488372093023,0.046511627906976744,0.0,0.023255813953488372,0.06976744186046512,0.09302325581395349,0.046511627906976744,0.046511627906976744,0.06976744186046512,0.023255813953488372,0.023255813953488372
YJR036C,0.06,0.05,0.05,0.04,0.03,0.06,0.02,0.02,0.11,0.1,0.01,0.06,0.03,0.0,0.07,0.2,0.03,0.06,0.0,0.0
YDR182W,0.04,0.01,0.05,0.04,0.01,0.03,0.03,0.06,0.14,0.06,0.03,0.01,0.02,0.02,0.09,0.15,0.02,0.07,0.06,0.06
YLR388W,0.03571428571428571,0.07142857142857142,0.017857142857142856,0.03571428571428571,0.07142857142857142,0.08928571428571429,0.05357142857142857,0.05357142857142857,0.07142857142857142,0.03571428571428571,0.017857142857142856,0.07142857142857142,0.017857142857142856,0.03571428571428571,0.14285714285714285,0.07142857142857142,0.017857142857142856,0.03571428571428571,0.017857142857142856,0.03571428571428571
YDL061C,0.03571428571428571,0.07142857142857142,0.03571428571428571,0.03571428571428571,0.07142857142857142,0.07142857142857142,0.07142857142857142,0.03571428571428571,0.07142857142857142,0.03571428571428571,0.017857142857142856,0.05357142857142857,0.017857142857142856,0.03571428571428571,0.14285714285714285,0.07142857142857142,0.017857142857142856,0.05357142857142857,0.017857142857142856,0.03571428571428571
YJL004C,0.04,0.02,0.04,0.03,0.07,0.03,0.0,0.11,0.05,0.17,0.01,0.04,0.03,0.04,0.03,0.09,0.04,0.06,0.04,0.06
YLR459W,0.06,0.01,0.04,0.02,0.06,0.04,0.03,0.1,0.01,0.17,0.01,0.05,0.04,0.07,0.04,0.1,0.04,0.07,0.0,0.04
YGR105W,0.11688311688311688,0.0,0.06493506493506493,0.03896103896103896,0.06493506493506493,0.03896103896103896,0.012987012987012988,0.07792207792207792,0.05194805194805195,0.09090909090909091,0.05194805194805195,0.05194805194805195,0.03896103896103896,0.025974025974025976,0.025974025974025976,0.012987012987012988,0.06493506493506493,0.15584415584415584,0.0,0.012987012987012988
YNL062C,0.02,0.0,0.09,0.07,0.05,0.07,0.01,0.09,0.1,0.07,0.01,0.09,0.05,0.02,0.03,0.07,0.04,0.08,0.0,0.04
YDR046C,0.04,0.0,0.06,0.11,0.04,0.02,0.04,0.02,0.08,0.07,0.06,0.07,0.02,0.01,0.06,0.16,0.07,0.06,0.0,0.01
YPL177C,0.06,0.01,0.01,0.07,0.02,0.03,0.03,0.06,0.03,0.06,0.02,0.11,0.08,0.05,0.03,0.15,0.09,0.05,0.0,0.04
YPL266W,0.1,0.0,0.04,0.05,0.02,0.08,0.02,0.04,0.11,0.08,0.03,0.04,0.04,0.05,0.05,0.07,0.05,0.12,0.0,0.01
YOL110W,0.06,0.02,0.07,0.12,0.08,0.03,0.05,0.01,0.03,0.05,0.01,0.04,0.06,0.04,0.07,0.11,0.06,0.05,0.0,0.04
YPL092W,0.07,0.02,0.02,0.02,0.11,0.04,0.02,0.1,0.03,0.1,0.08,0.05,0.04,0.03,0.05,0.05,0.02,0.06,0.03,0.06
YGR194C,0.04,0.03,0.06,0.07,0.03,0.03,0.04,0.05,0.08,0.13,0.03,0.03,0.03,0.05,0.03,0.07,0.06,0.08,0.01,0.05
YNL318C,0.05,0.01,0.05,0.05,0.05,0.11,0.05,0.12,0.04,0.07,0.03,0.07,0.02,0.04,0.02,0.07,0.06,0.04,0.01,0.04
YNL313C,0.07,0.0,0.03,0.09,0.07,0.05,0.02,0.08,0.08,0.13,0.03,0.04,0.0,0.07,0.0,0.11,0.04,0.07,0.0,0.02
YNL311C,0.04,0.03,0.04,0.08,0.07,0.02,0.02,0.03,0.07,0.17,0.02,0.06,0.01,0.03,0.06,0.12,0.06,0.05,0.0,0.02
YNL306W,0.0,0.01,0.04,0.05,0.06,0.05,0.02,0.05,0.09,0.05,0.01,0.08,0.05,0.03,0.05,0.13,0.08,0.09,0.03,0.03
YLR139C,0.02,0.0,0.04,0.02,0.04,0.05,0.03,0.01,0.16,0.14,0.01,0.08,0.07,0.05,0.06,0.12,0.03,0.04,0.01,0.02
YGR199W,0.05,0.01,0.08,0.1,0.06,0.04,0.03,0.06,0.08,0.09,0.01,0.06,0.02,0.06,0.05,0.05,0.06,0.04,0.01,0.04
YGR203W,0.04,0.01,0.07,0.06,0.02,0.08,0.06,0.03,0.05,0.1,0.04,0.02,0.04,0.06,0.08,0.06,0.05,0.05,0.02,0.06
YGR205W,0.01,0.02,0.06,0.07,0.08,0.1,0.02,0.07,0.1,0.1,0.02,0.05,0.04,0.05,0.01,0.07,0.05,0.01,0.01,0.06
YJL110C,0.09,0.0,0.03,0.08,0.03,0.06,0.03,0.03,0.05,0.06,0.03,0.1,0.04,0.05,0.06,0.15,0.05,0.03,0.01,0.02
YJL103C,0.01,0.06,0.05,0.03,0.03,0.04,0.05,0.05,0.14,0.08,0.01,0.03,0.05,0.07,0.09,0.09,0.06,0.05,0.0,0.01
YFL054C,0.03,0.0,0.03,0.11,0.01,0.06,0.0,0.02,0.1,0.08,0.02,0.05,0.07,0.02,0.08,0.17,0.07,0.05,0.01,0.02
YFL052W,0.03,0.11,0.08,0.0,0.01,0.03,0.01,0.04,0.14,0.11,0.02,0.04,0.06,0.05,0.09,0.04,0.01,0.08,0.01,0.04
YFL050C,0.06,0.0,0.07,0.09,0.03,0.07,0.02,0.02,0.08,0.05,0.03,0.06,0.03,0.02,0.05,0.18,0.06,0.04,0.0,0.04
YFL049W,0.03,0.0,0.07,0.1,0.02,0.06,0.01,0.08,0.12,0.12,0.02,0.04,0.06,0.06,0.03,0.02,0.04,0.08,0.0,0.04
YFL042C,0.05,0.0,0.1,0.09,0.04,0.03,0.03,0.03,0.04,0.04,0.02,0.1,0.05,0.04,0.02,0.16,0.08,0.07,0.01,0.0
YFL028C,0.03,0.01,0.08,0.04,0.03,0.07,0.01,0.04,0.06,0.13,0.02,0.07,0.04,0.04,0.02,0.11,0.07,0.09,0.01,0.03
YFL021W,0.03,0.03,0.05,0.01,0.05,0.0,0.05,0.11,0.02,0.11,0.03,0.1,0.06,0.02,0.08,0.09,0.05,0.05,0.02,0.04
YFL011W,0.05,0.01,0.06,0.04,0.07,0.1,0.0,0.09,0.05,0.08,0.03,0.01,0.03,0.03,0.06,0.12,0.09,0.04,0.02,0.02
YFL010C,0.07,0.0,0.04,0.03,0.01,0.05,0.0,0.0,0.04,0.01,0.01,0.04,0.17,0.17,0.04,0.11,0.05,0.05,0.04,0.07
YFR005C,0.03,0.05,0.05,0.1,0.04,0.02,0.06,0.05,0.09,0.1,0.02,0.05,0.04,0.03,0.04,0.07,0.03,0.07,0.0,0.06
YFR013W,0.07,0.0,0.07,0.06,0.0,0.01,0.02,0.02,0.09,0.05,0.03,0.05,0.09,0.09,0.09,0.17,0.03,0.04,0.0,0.02
YFR017C,0.07,0.01,0.06,0.08,0.03,0.04,0.02,0.03,0.01,0.04,0.04,0.05,0.13,0.05,0.09,0.13,0.07,0.04,0.0,0.01
YFR029W,0.04,0.07,0.09,0.05,0.01,0.05,0.04,0.06,0.04,0.12,0.01,0.03,0.03,0.06,0.08,0.08,0.06,0.05,0.01,0.02
YFR042W,0.04,0.0,0.03,0.03,0.09,0.06,0.05,0.09,0.04,0.19,0.04,0.01,0.02,0.02,0.04,0.06,0.03,0.04,0.02,0.1
YFR047C,0.05,0.03,0.06,0.08,0.06,0.09,0.01,0.02,0.07,0.09,0.02,0.05,0.06,0.05,0.01,0.06,0.02,0.11,0.03,0.03
YLR098C,0.02,0.06,0.03,0.05,0.02,0.0,0.0,0.02,0.09,0.08,0.03,0.09,0.08,0.07,0.11,0.09,0.09,0.05,0.0,0.02
YJL042W,0.08,0.01,0.08,0.03,0.01,0.04,0.02,0.04,0.07,0.06,0.03,0.04,0.06,0.03,0.07,0.2,0.05,0.07,0.01,0.0
YPL241C,0.06,0.0,0.03,0.11,0.04,0.01,0.03,0.04,0.14,0.11,0.01,0.07,0.01,0.02,0.04,0.15,0.07,0.03,0.0,0.03
YGR197C,0.09,0.0,0.07,0.1,0.04,0.14,0.01,0.02,0.04,0.06,0.01,0.04,0.06,0.03,0.06,0.14,0.03,0.03,0.0,0.03
YJL089W,0.05,0.07,0.08,0.03,0.02,0.05,0.01,0.04,0.13,0.09,0.01,0.04,0.04,0.01,0.08,0.11,0.06,0.05,0.0,0.03
YJL117W,0.09,0.0,0.06,0.03,0.04,0.03,0.01,0.08,0.08,0.12,0.01,0.05,0.09,0.05,0.05,0.05,0.04,0.08,0.0,0.04
YPL076W,0.05,0.0,0.05,0.04,0.08,0.01,0.0,0.12,0.05,0.09,0.01,0.03,0.06,0.05,0.08,0.09,0.09,0.0,0.02,0.08
YJL121C,0.09,0.04,0.09,0.04,0.05,0.06,0.04,0.07,0.06,0.05,0.04,0.05,0.08,0.02,0.03,0.05,0.04,0.08,0.02,0.0
YJR132W,0.11,0.03,0.08,0.06,0.03,0.05,0.03,0.06,0.08,0.11,0.02,0.06,0.04,0.02,0.02,0.06,0.05,0.06,0.01,0.02
YJR127C,0.1,0.04,0.04,0.04,0.14,0.03,0.02,0.06,0.07,0.09,0.01,0.05,0.06,0.01,0.08,0.05,0.06,0.02,0.02,0.01
YJL186W,0.07,0.02,0.06,0.02,0.04,0.04,0.04,0.05,0.08,0.13,0.01,0.07,0.03,0.02,0.04,0.12,0.03,0.1,0.01,0.02
YJL171C,0.05,0.03,0.05,0.02,0.09,0.07,0.02,0.02,0.06,0.08,0.03,0.07,0.04,0.04,0.02,0.09,0.07,0.1,0.01,0.04
YJL123C,0.05,0.0,0.09,0.13,0.04,0.11,0.0,0.01,0.15,0.06,0.02,0.09,0.02,0.02,0.0,0.1,0.03,0.08,0.0,0.0
YJL122W,0.08,0.0,0.01,0.04,0.01,0.02,0.03,0.04,0.14,0.09,0.01,0.1,0.04,0.04,0.08,0.16,0.06,0.04,0.0,0.01
YJL082W,0.08,0.0,0.06,0.1,0.07,0.08,0.0,0.04,0.09,0.11,0.04,0.03,0.0,0.06,0.04,0.07,0.09,0.04,0.0,0.0
YJL059W,0.05,0.04,0.04,0.0,0.09,0.04,0.01,0.11,0.05,0.16,0.03,0.03,0.04,0.01,0.02,0.11,0.02,0.08,0.02,0.05
YJL054W,0.08,0.0,0.04,0.05,0.02,0.05,0.01,0.09,0.09,0.09,0.03,0.03,0.11,0.02,0.05,0.08,0.04,0.06,0.02,0.04
YJL045W,0.12,0.02,0.02,0.04,0.03,0.11,0.04,0.06,0.08,0.08,0.02,0.02,0.03,0.03,0.04,0.09,0.06,0.07,0.0,0.04
YJL038C,0.05,0.0,0.04,0.09,0.06,0.05,0.01,0.11,0.05,0.1,0.01,0.08,0.01,0.06,0.04,0.05,0.08,0.05,0.0,0.06
YJL037W,0.04,0.02,0.02,0.09,0.03,0.05,0.01,0.09,0.06,0.12,0.05,0.06,0.0,0.05,0.05,0.09,0.04,0.11,0.0,0.02
YJL008C,0.08,0.02,0.05,0.03,0.01,0.08,0.03,0.11,0.06,0.09,0.06,0.07,0.04,0.06,0.04,0.05,0.05,0.05,0.0,0.02
YJR013W,0.04,0.0,0.06,0.03,0.11,0.08,0.03,0.06,0.05,0.11,0.02,0.02,0.03,0.01,0.04,0.03,0.06,0.1,0.03,0.09
YJR014W,0.06,0.04,0.04,0.14,0.01,0.04,0.01,0.05,0.13,0.11,0.01,0.04,0.02,0.04,0.05,0.07,0.03,0.05,0.01,0.05
YJR024C,0.05,0.06,0.06,0.03,0.04,0.05,0.03,0.05,0.08,0.1,0.03,0.05,0.08,0.05,0.01,0.07,0.06,0.03,0.01,0.06
YJR067C,0.04,0.0,0.11,0.09,0.03,0.1,0.01,0.06,0.08,0.1,0.02,0.04,0.02,0.03,0.06,0.08,0.04,0.05,0.02,0.02
YJR074W,0.04,0.01,0.08,0.11,0.02,0.06,0.02,0.07,0.04,0.08,0.02,0.04,0.05,0.04,0.03,0.08,0.09,0.09,0.0,0.03
YJR097W,0.03,0.01,0.1,0.05,0.03,0.03,0.04,0.09,0.08,0.11,0.01,0.08,0.02,0.03,0.07,0.08,0.06,0.03,0.0,0.05
YJR101W,0.06,0.01,0.02,0.02,0.06,0.05,0.04,0.06,0.06,0.15,0.01,0.09,0.06,0.04,0.02,0.1,0.04,0.06,0.01,0.04
YJR110W,0.02,0.0,0.02,0.04,0.04,0.07,0.05,0.07,0.08,0.12,0.01,0.05,0.04,0.06,0.02,0.08,0.1,0.06,0.02,0.05
YJR122W,0.02,0.01,0.03,0.07,0.07,0.05,0.01,0.07,0.08,0.1,0.01,0.06,0.05,0.0,0.08,0.09,0.12,0.05,0.01,0.02
YJR126C,0.04,0.0,0.07,0.13,0.02,0.05,0.01,0.05,0.06,0.08,0.07,0.06,0.01,0.04,0.09,0.09,0.07,0.03,0.0,0.03
YJR136C,0.02,0.03,0.09,0.06,0.01,0.02,0.02,0.1,0.05,0.14,0.02,0.04,0.02,0.05,0.05,0.11,0.08,0.06,0.0,0.03
YJR151C,0.12,0.0,0.05,0.05,0.04,0.05,0.03,0.1,0.01,0.05,0.02,0.03,0.03,0.01,0.05,0.07,0.12,0.09,0.01,0.07
YJR158W,0.06,0.01,0.07,0.05,0.07,0.11,0.02,0.06,0.05,0.06,0.03,0.08,0.07,0.02,0.01,0.1,0.02,0.04,0.02,0.05
YMR170C,0.08,0.01,0.06,0.09,0.04,0.04,0.0,0.08,0.08,0.09,0.01,0.06,0.06,0.05,0.02,0.08,0.08,0.04,0.01,0.02
YOR337W,0.07,0.06,0.03,0.04,0.01,0.06,0.01,0.01,0.06,0.08,0.02,0.15,0.03,0.0,0.09,0.13,0.1,0.04,0.01,0.0
YDR019C,0.04,0.0,0.03,0.01,0.05,0.08,0.06,0.04,0.08,0.11,0.04,0.04,0.05,0.03,0.03,0.1,0.09,0.08,0.01,0.03
YGR154C,0.08,0.01,0.03,0.07,0.05,0.09,0.04,0.04,0.1,0.11,0.01,0.0,0.06,0.01,0.06,0.09,0.05,0.04,0.01,0.05
YDL234C,0.06,0.02,0.02,0.06,0.06,0.04,0.03,0.08,0.07,0.15,0.01,0.06,0.04,0.04,0.01,0.13,0.07,0.04,0.0,0.01
YOL033W,0.04,0.01,0.03,0.05,0.03,0.06,0.02,0.07,0.08,0.17,0.02,0.04,0.07,0.02,0.08,0.09,0.06,0.02,0.0,0.04
YPL097W,0.03,0.02,0.05,0.04,0.02,0.05,0.01,0.03,0.05,0.15,0.01,0.05,0.05,0.06,0.07,0.16,0.05,0.07,0.0,0.03
YNL294C,0.07,0.03,0.05,0.06,0.03,0.04,0.02,0.06,0.02,0.09,0.02,0.05,0.05,0.03,0.05,0.1,0.02,0.1,0.02,0.09
YOR369C,0.1,0.0,0.05,0.14,0.0,0.05,0.01,0.04,0.06,0.13,0.01,0.03,0.02,0.03,0.04,0.04,0.07,0.17,0.01,0.0
YOR265W,0.07,0.0,0.1,0.12,0.02,0.02,0.01,0.03,0.14,0.12,0.01,0.0,0.03,0.08,0.04,0.04,0.07,0.05,0.0,0.05
YLR325C,0.07692307692307693,0.0,0.038461538461538464,0.02564102564102564,0.038461538461538464,0.038461538461538464,0.0,0.0641025641025641,0.16666666666666666,0.11538461538461539,0.01282051282051282,0.05128205128205128,0.038461538461538464,0.038461538461538464,0.07692307692307693,0.05128205128205128,0.08974358974358974,0.0641025641025641,0.0,0.01282051282051282
YGR055W,0.06,0.03,0.04,0.06,0.06,0.1,0.0,0.05,0.04,0.1,0.03,0.06,0.0,0.06,0.02,0.12,0.08,0.06,0.01,0.02
YNR034W,0.1,0.0,0.02,0.07,0.04,0.1,0.03,0.02,0.11,0.04,0.03,0.06,0.01,0.02,0.06,0.13,0.08,0.08,0.0,0.0
YDR505C,0.02,0.0,0.11,0.02,0.04,0.06,0.0,0.03,0.05,0.11,0.03,0.15,0.07,0.03,0.05,0.11,0.05,0.04,0.0,0.03
YNL101W,0.01,0.01,0.06,0.03,0.03,0.04,0.03,0.05,0.03,0.07,0.04,0.12,0.06,0.02,0.12,0.14,0.05,0.06,0.0,0.03
YNL099C,0.01,0.01,0.09,0.2,0.03,0.03,0.02,0.03,0.04,0.08,0.01,0.05,0.09,0.02,0.05,0.07,0.03,0.1,0.0,0.04
YNL067W,0.04,0.0,0.03,0.03,0.02,0.06,0.04,0.09,0.12,0.05,0.03,0.06,0.03,0.04,0.05,0.03,0.09,0.14,0.0,0.05
YOR328W,0.1,0.0,0.07,0.06,0.01,0.07,0.0,0.05,0.03,0.11,0.01,0.07,0.08,0.06,0.03,0.15,0.07,0.02,0.0,0.01
YOR035C,0.06,0.02,0.1,0.06,0.03,0.02,0.02,0.08,0.09,0.09,0.02,0.05,0.05,0.06,0.04,0.11,0.06,0.02,0.0,0.02
YML025C,0.11,0.0,0.02,0.04,0.03,0.03,0.01,0.04,0.03,0.09,0.01,0.07,0.11,0.02,0.09,0.07,0.1,0.09,0.01,0.03
YDL093W,0.02,0.02,0.04,0.04,0.06,0.04,0.03,0.07,0.06,0.13,0.02,0.07,0.07,0.01,0.04,0.08,0.07,0.12,0.0,0.01
YGL128C,0.03,0.0,0.1,0.05,0.02,0.01,0.07,0.08,0.06,0.14,0.01,0.07,0.08,0.02,0.07,0.02,0.07,0.04,0.01,0.05
YDR111C,0.08,0.0,0.08,0.07,0.04,0.05,0.01,0.07,0.11,0.1,0.02,0.05,0.07,0.06,0.03,0.0,0.09,0.05,0.0,0.02
YDR261C,0.05,0.02,0.02,0.06,0.07,0.05,0.0,0.07,0.06,0.12,0.01,0.06,0.04,0.04,0.01,0.12,0.1,0.05,0.01,0.04
YGL209W,0.03,0.04,0.03,0.05,0.06,0.07,0.09,0.02,0.1,0.05,0.02,0.03,0.06,0.05,0.11,0.07,0.08,0.04,0.0,0.0
YGL257C,0.01,0.02,0.06,0.03,0.04,0.07,0.01,0.07,0.03,0.13,0.01,0.08,0.04,0.06,0.06,0.07,0.03,0.11,0.02,0.05
YGL247W,0.06,0.01,0.04,0.09,0.05,0.05,0.02,0.11,0.04,0.14,0.02,0.05,0.04,0.04,0.09,0.07,0.02,0.03,0.01,0.02
YGL236C,0.09,0.04,0.03,0.02,0.02,0.1,0.02,0.07,0.04,0.11,0.02,0.01,0.04,0.03,0.05,0.11,0.13,0.07,0.0,0.0
YGL232W,0.04,0.01,0.07,0.16,0.04,0.09,0.01,0.04,0.13,0.08,0.01,0.05,0.01,0.07,0.06,0.07,0.03,0.01,0.0,0.02
YGL231C,0.06,0.0,0.02,0.05,0.02,0.04,0.01,0.07,0.08,0.07,0.04,0.07,0.06,0.12,0.01,0.11,0.08,0.03,0.02,0.04
YGL228W,0.05,0.05,0.04,0.03,0.04,0.03,0.02,0.07,0.09,0.08,0.01,0.06,0.04,0.03,0.04,0.06,0.09,0.11,0.01,0.05
YGL222C,0.05,0.0,0.02,0.0,0.03,0.05,0.02,0.03,0.11,0.05,0.02,0.18,0.1,0.05,0.06,0.12,0.09,0.0,0.0,0.02
YGL197W,0.03,0.03,0.03,0.05,0.06,0.04,0.01,0.04,0.06,0.16,0.02,0.08,0.08,0.03,0.05,0.09,0.07,0.04,0.01,0.02
YGL184C,0.04,0.0,0.07,0.02,0.01,0.06,0.03,0.03,0.03,0.11,0.02,0.09,0.05,0.06,0.05,0.09,0.08,0.12,0.0,0.04
YGL164C,0.11,0.0,0.08,0.05,0.04,0.03,0.0,0.13,0.1,0.1,0.02,0.03,0.01,0.04,0.06,0.07,0.07,0.05,0.0,0.01
YGL161C,0.05,0.0,0.13,0.04,0.04,0.11,0.0,0.03,0.03,0.06,0.03,0.12,0.09,0.04,0.02,0.09,0.04,0.03,0.0,0.05
YGL157W,0.07,0.0,0.06,0.07,0.08,0.07,0.04,0.07,0.1,0.08,0.03,0.07,0.03,0.01,0.01,0.05,0.09,0.06,0.0,0.01
YGL139W,0.08,0.02,0.09,0.02,0.05,0.02,0.01,0.09,0.06,0.12,0.03,0.06,0.01,0.03,0.03,0.11,0.04,0.08,0.0,0.05
YGL136C,0.06,0.0,0.05,0.01,0.02,0.03,0.01,0.08,0.06,0.09,0.03,0.08,0.03,0.07,0.13,0.12,0.02,0.04,0.02,0.05
YGL134W,0.04,0.01,0.1,0.1,0.04,0.05,0.02,0.03,0.06,0.08,0.03,0.08,0.05,0.04,0.03,0.1,0.09,0.03,0.01,0.01
YGL111W,0.07,0.02,0.07,0.09,0.01,0.05,0.03,0.05,0.08,0.12,0.02,0.04,0.03,0.03,0.03,0.11,0.02,0.11,0.01,0.01
YGL085W,0.03,0.0,0.06,0.02,0.05,0.1,0.03,0.07,0.08,0.08,0.03,0.04,0.04,0.02,0.08,0.07,0.08,0.05,0.03,0.04
YGL079W,0.03,0.0,0.12,0.1,0.04,0.03,0.02,0.06,0.0,0.04,0.03,0.09,0.04,0.04,0.0,0.22,0.07,0.06,0.0,0.01
YGL063W,0.09,0.01,0.03,0.06,0.03,0.08,0.02,0.06,0.09,0.12,0.04,0.06,0.06,0.02,0.03,0.05,0.05,0.05,0.01,0.04
YGL060W,0.03,0.03,0.03,0.08,0.04,0.04,0.02,0.07,0.09,0.16,0.02,0.09,0.04,0.02,0.02,0.07,0.04,0.08,0.01,0.02
YGL053W,0.05,0.02,0.04,0.06,0.05,0.06,0.03,0.12,0.02,0.14,0.02,0.05,0.05,0.02,0.01,0.09,0.03,0.09,0.01,0.04
YGL036W,0.12,0.01,0.07,0.04,0.04,0.02,0.03,0.08,0.06,0.12,0.01,0.05,0.04,0.04,0.02,0.12,0.03,0.07,0.01,0.02
YGL033W,0.07,0.01,0.06,0.07,0.04,0.02,0.01,0.08,0.11,0.07,0.01,0.08,0.04,0.06,0.02,0.08,0.07,0.07,0.0,0.03
YGL029W,0.09,0.0,0.02,0.15,0.01,0.03,0.01,0.01,0.22,0.08,0.03,0.03,0.02,0.04,0.09,0.04,0.05,0.05,0.02,0.01
YGL028C,0.05,0.01,0.02,0.05,0.04,0.01,0.01,0.07,0.04,0.11,0.02,0.02,0.07,0.01,0.02,0.11,0.21,0.11,0.0,0.02
YGL002W,0.05,0.01,0.09,0.05,0.09,0.07,0.03,0.03,0.05,0.13,0.01,0.04,0.03,0.02,0.03,0.09,0.01,0.08,0.0,0.09
YGR012W,0.1,0.03,0.02,0.07,0.01,0.05,0.0,0.09,0.1,0.1,0.01,0.05,0.04,0.01,0.05,0.09,0.06,0.06,0.01,0.05
YGR023W,0.09,0.01,0.01,0.02,0.03,0.0,0.0,0.03,0.02,0.13,0.03,0.02,0.06,0.02,0.02,0.31,0.15,0.04,0.01,0.0
YGR033C,0.04,0.0,0.02,0.01,0.05,0.07,0.02,0.07,0.07,0.13,0.01,0.04,0.06,0.01,0.07,0.14,0.09,0.06,0.01,0.03
YGR034W,0.09,0.0,0.05,0.05,0.02,0.05,0.01,0.04,0.12,0.09,0.01,0.02,0.04,0.04,0.1,0.11,0.02,0.11,0.0,0.03
YGR052W,0.04,0.04,0.07,0.04,0.03,0.03,0.02,0.06,0.08,0.07,0.05,0.05,0.04,0.02,0.02,0.11,0.08,0.04,0.01,0.1
YGR062C,0.04,0.01,0.01,0.02,0.06,0.03,0.02,0.07,0.04,0.13,0.02,0.03,0.06,0.06,0.1,0.1,0.1,0.07,0.02,0.01
YGR071C,0.03,0.0,0.12,0.14,0.02,0.03,0.06,0.12,0.07,0.1,0.02,0.08,0.02,0.01,0.01,0.09,0.04,0.02,0.02,0.0
YGR100W,0.07,0.01,0.09,0.04,0.1,0.04,0.03,0.02,0.09,0.1,0.01,0.05,0.04,0.01,0.07,0.09,0.07,0.04,0.0,0.03
YGR102C,0.05,0.02,0.03,0.08,0.02,0.09,0.04,0.05,0.1,0.11,0.03,0.03,0.04,0.03,0.07,0.06,0.05,0.05,0.02,0.03
YGR112W,0.06,0.0,0.03,0.01,0.04,0.07,0.0,0.09,0.1,0.08,0.03,0.03,0.04,0.03,0.09,0.11,0.08,0.03,0.04,0.04
YGR125W,0.04,0.02,0.02,0.03,0.03,0.06,0.04,0.06,0.04,0.07,0.05,0.09,0.05,0.04,0.08,0.2,0.03,0.04,0.0,0.01
YGR134W,0.06,0.01,0.05,0.08,0.04,0.02,0.01,0.07,0.11,0.14,0.02,0.07,0.02,0.04,0.03,0.1,0.07,0.03,0.0,0.03
YGR138C,0.06,0.0,0.04,0.06,0.02,0.04,0.0,0.02,0.05,0.06,0.04,0.07,0.08,0.1,0.02,0.11,0.11,0.1,0.0,0.02
YGR173W,0.1,0.0,0.03,0.07,0.02,0.14,0.03,0.07,0.1,0.1,0.02,0.01,0.01,0.03,0.04,0.08,0.08,0.04,0.0,0.03
YGR215W,0.09,0.0,0.05,0.06,0.04,0.06,0.01,0.05,0.14,0.1,0.03,0.05,0.06,0.02,0.07,0.06,0.02,0.05,0.0,0.04
YGR216C,0.07,0.02,0.02,0.07,0.07,0.04,0.02,0.07,0.05,0.06,0.02,0.06,0.1,0.04,0.02,0.08,0.02,0.09,0.02,0.06
YGR244C,0.11,0.01,0.01,0.06,0.04,0.1,0.04,0.05,0.08,0.11,0.02,0.03,0.03,0.05,0.07,0.08,0.05,0.02,0.0,0.04
YGR245C,0.08,0.02,0.04,0.05,0.03,0.1,0.01,0.04,0.01,0.11,0.05,0.06,0.02,0.06,0.05,0.11,0.08,0.05,0.0,0.03
YGR257C,0.07,0.04,0.04,0.04,0.03,0.06,0.01,0.04,0.05,0.1,0.05,0.08,0.03,0.06,0.04,0.13,0.06,0.06,0.01,0.0
YGR277C,0.02,0.01,0.03,0.05,0.05,0.05,0.01,0.12,0.03,0.12,0.03,0.06,0.06,0.06,0.04,0.08,0.05,0.09,0.01,0.03
YGR284C,0.04,0.0,0.03,0.03,0.09,0.09,0.01,0.07,0.05,0.06,0.03,0.04,0.05,0.07,0.05,0.15,0.03,0.03,0.02,0.06
YPL265W,0.05,0.0,0.1,0.05,0.03,0.03,0.02,0.05,0.08,0.06,0.04,0.07,0.06,0.02,0.06,0.17,0.05,0.03,0.0,0.03
YNR055C,0.08,0.0,0.07,0.03,0.04,0.06,0.02,0.08,0.05,0.07,0.02,0.08,0.06,0.03,0.02,0.12,0.06,0.02,0.02,0.07
YPR138C,0.1,0.0,0.03,0.01,0.09,0.11,0.01,0.06,0.04,0.12,0.04,0.04,0.01,0.01,0.04,0.07,0.06,0.07,0.04,0.05
YMR270C,0.05,0.0,0.08,0.1,0.02,0.01,0.04,0.06,0.08,0.13,0.01,0.06,0.03,0.04,0.03,0.09,0.08,0.03,0.02,0.04
YPL010W,0.03,0.0,0.05,0.1,0.04,0.03,0.04,0.08,0.08,0.13,0.01,0.02,0.02,0.1,0.03,0.07,0.03,0.06,0.0,0.08
YNR019W,0.08,0.0,0.09,0.1,0.03,0.07,0.03,0.06,0.06,0.06,0.02,0.08,0.02,0.04,0.02,0.05,0.12,0.06,0.0,0.01
YNR072W,0.03,0.01,0.11,0.06,0.06,0.12,0.02,0.08,0.04,0.05,0.03,0.06,0.07,0.02,0.02,0.08,0.03,0.05,0.02,0.04
YNR009W,0.06,0.03,0.03,0.06,0.01,0.07,0.01,0.06,0.07,0.08,0.05,0.06,0.06,0.02,0.04,0.17,0.05,0.05,0.0,0.02
YNR027W,0.06,0.01,0.04,0.03,0.04,0.08,0.05,0.05,0.07,0.1,0.01,0.04,0.02,0.05,0.02,0.08,0.08,0.11,0.01,0.05
YNR030W,0.04,0.0,0.05,0.02,0.06,0.03,0.03,0.11,0.02,0.11,0.02,0.01,0.05,0.05,0.05,0.1,0.07,0.13,0.01,0.04
YNR037C,0.07692307692307693,0.0,0.01098901098901099,0.054945054945054944,0.04395604395604396,0.06593406593406594,0.02197802197802198,0.07692307692307693,0.08791208791208792,0.06593406593406594,0.03296703296703297,0.04395604395604396,0.08791208791208792,0.04395604395604396,0.07692307692307693,0.04395604395604396,0.07692307692307693,0.054945054945054944,0.01098901098901099,0.02197802197802198
YNR070W,0.05,0.03,0.03,0.06,0.04,0.13,0.01,0.08,0.08,0.1,0.03,0.03,0.03,0.03,0.04,0.09,0.06,0.06,0.01,0.01
YNL281W,0.01,0.01,0.12,0.03,0.01,0.06,0.01,0.05,0.1,0.11,0.02,0.09,0.03,0.03,0.01,0.11,0.07,0.08,0.03,0.02
YNL278W,0.04,0.0,0.05,0.03,0.04,0.07,0.04,0.03,0.07,0.11,0.03,0.09,0.07,0.01,0.05,0.13,0.05,0.07,0.01,0.01
YNL255C,0.02,0.14,0.03,0.07,0.03,0.08,0.04,0.02,0.08,0.02,0.02,0.05,0.05,0.05,0.06,0.07,0.07,0.06,0.0,0.04
YNL253W,0.05,0.0,0.05,0.03,0.06,0.04,0.04,0.08,0.07,0.05,0.03,0.03,0.02,0.02,0.04,0.2,0.1,0.06,0.01,0.02
YNL245C,0.02,0.0,0.08,0.13,0.0,0.04,0.0,0.02,0.18,0.18,0.03,0.07,0.02,0.04,0.03,0.06,0.04,0.01,0.03,0.02
YNL185C,0.1,0.01,0.03,0.02,0.04,0.1,0.01,0.06,0.1,0.08,0.04,0.04,0.11,0.04,0.02,0.05,0.05,0.08,0.0,0.02
YNL177C,0.06,0.0,0.05,0.06,0.03,0.08,0.03,0.1,0.04,0.07,0.01,0.08,0.03,0.03,0.07,0.16,0.04,0.05,0.01,0.0
YNL175C,0.07,0.0,0.08,0.17,0.0,0.03,0.0,0.05,0.2,0.09,0.01,0.03,0.03,0.03,0.04,0.08,0.04,0.03,0.0,0.02
YNL168C,0.06,0.01,0.01,0.04,0.05,0.05,0.04,0.09,0.08,0.09,0.01,0.09,0.08,0.01,0.04,0.1,0.07,0.05,0.0,0.03
YNL149C,0.09,0.0,0.08,0.08,0.02,0.04,0.01,0.05,0.13,0.09,0.02,0.02,0.01,0.04,0.09,0.04,0.06,0.07,0.03,0.03
YNL122C,0.04,0.0,0.01,0.0,0.05,0.1,0.04,0.06,0.13,0.09,0.03,0.1,0.01,0.03,0.1,0.07,0.08,0.04,0.02,0.0
YNL081C,0.07,0.01,0.02,0.05,0.03,0.09,0.04,0.11,0.11,0.08,0.06,0.01,0.03,0.02,0.05,0.08,0.05,0.05,0.01,0.03
YNL080C,0.07,0.01,0.03,0.03,0.04,0.02,0.04,0.04,0.08,0.13,0.06,0.02,0.04,0.03,0.06,0.1,0.11,0.01,0.03,0.05
YNL063W,0.06,0.03,0.02,0.08,0.01,0.03,0.02,0.09,0.06,0.15,0.02,0.0,0.09,0.04,0.1,0.05,0.04,0.04,0.04,0.03
YNL023C,0.04,0.07,0.1,0.12,0.02,0.06,0.03,0.05,0.01,0.03,0.05,0.03,0.01,0.06,0.05,0.1,0.04,0.04,0.01,0.08
YMR169C,0.08,0.01,0.06,0.09,0.04,0.04,0.0,0.08,0.08,0.09,0.01,0.06,0.06,0.05,0.02,0.08,0.08,0.04,0.01,0.02
YMR067C,0.01,0.01,0.05,0.02,0.07,0.01,0.03,0.06,0.07,0.14,0.02,0.1,0.08,0.05,0.03,0.09,0.06,0.07,0.02,0.01
YLR059C,0.06,0.03,0.06,0.04,0.03,0.04,0.03,0.08,0.05,0.11,0.03,0.03,0.06,0.05,0.08,0.06,0.06,0.05,0.02,0.03
YFL034C-A,0.05,0.0,0.06,0.03,0.03,0.06,0.01,0.07,0.12,0.07,0.01,0.05,0.03,0.03,0.04,0.1,0.07,0.11,0.01,0.05
YJR135W-A,0.022988505747126436,0.04597701149425287,0.05747126436781609,0.06896551724137931,0.04597701149425287,0.022988505747126436,0.011494252873563218,0.05747126436781609,0.06896551724137931,0.09195402298850575,0.022988505747126436,0.10344827586206896,0.0,0.06896551724137931,0.034482758620689655,0.14942528735632185,0.06896551724137931,0.05747126436781609,0.0,0.0
YAR035W,0.07,0.0,0.08,0.08,0.02,0.0,0.01,0.02,0.01,0.17,0.01,0.08,0.07,0.06,0.1,0.04,0.05,0.05,0.01,0.07
YOL077W-A,0.08823529411764706,0.0,0.058823529411764705,0.058823529411764705,0.04411764705882353,0.07352941176470588,0.04411764705882353,0.058823529411764705,0.14705882352941177,0.10294117647058823,0.029411764705882353,0.04411764705882353,0.07352941176470588,0.029411764705882353,0.0,0.029411764705882353,0.04411764705882353,0.04411764705882353,0.0,0.029411764705882353
YDR276C,0.09090909090909091,0.01818181818181818,0.07272727272727272,0.0,0.05454545454545454,0.05454545454545454,0.0,0.16363636363636364,0.01818181818181818,0.16363636363636364,0.03636363636363636,0.01818181818181818,0.05454545454545454,0.01818181818181818,0.01818181818181818,0.03636363636363636,0.03636363636363636,0.07272727272727272,0.03636363636363636,0.03636363636363636
YHR079C-A,0.03296703296703297,0.01098901098901099,0.054945054945054944,0.13186813186813187,0.02197802197802198,0.03296703296703297,0.0,0.08791208791208792,0.16483516483516483,0.08791208791208792,0.04395604395604396,0.06593406593406594,0.01098901098901099,0.07692307692307693,0.02197802197802198,0.054945054945054944,0.03296703296703297,0.01098901098901099,0.0,0.054945054945054944
YER007C-A,0.03,0.01,0.07,0.08,0.06,0.02,0.02,0.09,0.15,0.09,0.01,0.0,0.05,0.06,0.04,0.07,0.03,0.09,0.0,0.03
YGR075C,0.02,0.01,0.01,0.06,0.04,0.07,0.03,0.09,0.07,0.11,0.07,0.1,0.03,0.05,0.04,0.07,0.03,0.08,0.0,0.02
YKL106W,0.03,0.01,0.03,0.05,0.03,0.05,0.02,0.04,0.11,0.12,0.02,0.06,0.06,0.02,0.05,0.09,0.07,0.08,0.02,0.04
YML104C,0.02,0.01,0.05,0.05,0.11,0.04,0.0,0.11,0.06,0.12,0.02,0.04,0.07,0.05,0.02,0.08,0.02,0.1,0.01,0.02
YEL053C,0.07,0.02,0.12,0.09,0.05,0.02,0.01,0.07,0.04,0.14,0.01,0.03,0.04,0.01,0.03,0.11,0.04,0.09,0.0,0.01
YKR006C,0.04,0.03,0.03,0.09,0.03,0.05,0.03,0.06,0.11,0.08,0.02,0.06,0.04,0.06,0.07,0.13,0.02,0.02,0.02,0.01
YKR010C,0.02,0.02,0.06,0.02,0.04,0.01,0.02,0.09,0.03,0.09,0.03,0.12,0.08,0.07,0.03,0.14,0.06,0.04,0.01,0.02
YOR358W,0.03,0.0,0.04,0.15,0.02,0.11,0.01,0.02,0.0,0.06,0.05,0.07,0.09,0.15,0.06,0.08,0.03,0.02,0.0,0.01
YPL030W,0.07,0.0,0.06,0.07,0.06,0.05,0.04,0.08,0.1,0.06,0.03,0.08,0.03,0.05,0.03,0.08,0.04,0.05,0.01,0.01
YLR329W,0.04,0.01,0.04,0.1,0.06,0.05,0.0,0.06,0.05,0.13,0.03,0.05,0.04,0.04,0.05,0.08,0.07,0.06,0.02,0.02
YBR191W,0.02,0.0,0.03,0.02,0.03,0.1,0.06,0.06,0.13,0.05,0.04,0.05,0.01,0.03,0.08,0.07,0.04,0.11,0.0,0.07
YPL064C,0.05,0.03,0.03,0.09,0.06,0.06,0.0,0.05,0.07,0.08,0.03,0.08,0.04,0.02,0.08,0.05,0.11,0.01,0.04,0.02
YPL060W,0.04,0.01,0.05,0.02,0.05,0.06,0.02,0.04,0.05,0.13,0.04,0.06,0.05,0.04,0.11,0.1,0.05,0.05,0.0,0.03
YPL083C,0.06,0.0,0.07,0.12,0.03,0.06,0.02,0.02,0.08,0.09,0.02,0.04,0.04,0.06,0.03,0.09,0.07,0.05,0.01,0.04
YPL070W,0.02,0.01,0.09,0.09,0.04,0.04,0.01,0.07,0.04,0.09,0.02,0.11,0.07,0.07,0.05,0.07,0.09,0.01,0.0,0.01
YPL103C,0.04,0.03,0.01,0.06,0.04,0.01,0.02,0.03,0.05,0.14,0.03,0.05,0.03,0.07,0.12,0.07,0.07,0.08,0.0,0.05
YPL125W,0.07,0.0,0.03,0.06,0.03,0.03,0.02,0.07,0.05,0.13,0.02,0.07,0.02,0.11,0.07,0.09,0.02,0.05,0.03,0.03
YPL112C,0.08,0.0,0.12,0.05,0.02,0.07,0.03,0.07,0.07,0.06,0.02,0.02,0.03,0.04,0.02,0.17,0.07,0.02,0.0,0.04
YLR141W,0.07,0.01,0.03,0.12,0.04,0.06,0.05,0.04,0.07,0.06,0.02,0.04,0.03,0.02,0.06,0.1,0.02,0.08,0.03,0.05
YPL137C,0.05,0.01,0.08,0.02,0.01,0.04,0.0,0.02,0.08,0.05,0.01,0.11,0.08,0.0,0.07,0.21,0.11,0.03,0.01,0.01
YPL134C,0.1,0.01,0.04,0.03,0.04,0.06,0.03,0.07,0.09,0.08,0.05,0.01,0.06,0.03,0.03,0.05,0.08,0.1,0.0,0.04
YPL032C,0.06,0.01,0.04,0.09,0.06,0.02,0.03,0.08,0.05,0.12,0.02,0.06,0.02,0.03,0.03,0.17,0.04,0.03,0.0,0.04
YMR101C,0.06,0.01,0.01,0.04,0.07,0.05,0.02,0.07,0.08,0.12,0.05,0.03,0.04,0.05,0.07,0.07,0.02,0.1,0.02,0.02
YDR041W,0.05,0.0,0.05,0.04,0.04,0.04,0.01,0.07,0.06,0.11,0.01,0.04,0.09,0.02,0.09,0.06,0.07,0.06,0.01,0.08
YMR171C,0.04,0.02,0.07,0.04,0.07,0.09,0.01,0.12,0.02,0.09,0.03,0.04,0.02,0.03,0.05,0.09,0.05,0.06,0.0,0.06
YMR176W,0.06,0.0,0.03,0.1,0.05,0.04,0.04,0.08,0.06,0.05,0.02,0.05,0.09,0.04,0.03,0.12,0.04,0.08,0.01,0.01
YMR177W,0.06,0.02,0.02,0.12,0.01,0.01,0.04,0.09,0.12,0.09,0.01,0.06,0.04,0.06,0.07,0.06,0.02,0.09,0.0,0.01
YMR180C,0.08,0.02,0.04,0.06,0.03,0.03,0.05,0.06,0.11,0.05,0.02,0.06,0.03,0.01,0.06,0.12,0.1,0.04,0.01,0.02
YMR188C,0.07,0.0,0.03,0.11,0.06,0.05,0.02,0.06,0.11,0.08,0.02,0.04,0.01,0.06,0.09,0.05,0.03,0.09,0.0,0.02
YMR277W,0.02,0.0,0.1,0.07,0.03,0.1,0.02,0.06,0.03,0.08,0.01,0.03,0.08,0.04,0.04,0.11,0.04,0.07,0.02,0.05
YDR458C,0.06,0.0,0.05,0.08,0.02,0.01,0.01,0.01,0.16,0.09,0.01,0.05,0.04,0.04,0.08,0.12,0.05,0.12,0.0,0.0
YDR459C,0.05,0.05,0.02,0.03,0.05,0.05,0.02,0.12,0.04,0.13,0.01,0.01,0.05,0.04,0.07,0.05,0.03,0.11,0.04,0.03
YDR470C,0.07,0.0,0.05,0.05,0.04,0.07,0.01,0.04,0.06,0.06,0.03,0.13,0.06,0.01,0.03,0.12,0.06,0.06,0.01,0.04
YDR479C,0.05,0.0,0.05,0.02,0.03,0.1,0.0,0.05,0.1,0.04,0.04,0.05,0.07,0.04,0.03,0.17,0.11,0.03,0.01,0.01
YDR493W,0.09,0.01,0.07,0.06,0.02,0.05,0.04,0.04,0.07,0.11,0.03,0.05,0.04,0.03,0.1,0.04,0.08,0.05,0.0,0.02
YDR494W,0.08,0.01,0.03,0.06,0.02,0.05,0.01,0.02,0.08,0.04,0.06,0.13,0.0,0.06,0.14,0.13,0.03,0.03,0.01,0.01
YDR003W,0.05,0.01,0.08,0.04,0.07,0.05,0.01,0.1,0.02,0.07,0.02,0.06,0.04,0.05,0.12,0.06,0.06,0.03,0.04,0.02
YMR274C,0.04,0.0,0.02,0.01,0.08,0.04,0.01,0.08,0.05,0.15,0.03,0.03,0.07,0.07,0.03,0.13,0.06,0.04,0.01,0.05
YMR219W,0.05,0.0,0.07,0.04,0.01,0.02,0.07,0.04,0.13,0.1,0.02,0.04,0.03,0.02,0.09,0.15,0.06,0.03,0.01,0.02
YMR204C,0.02,0.0,0.02,0.02,0.04,0.04,0.02,0.02,0.17,0.07,0.02,0.09,0.02,0.09,0.05,0.13,0.11,0.06,0.0,0.01
YML034W,0.06,0.0,0.07,0.06,0.03,0.03,0.0,0.04,0.07,0.08,0.04,0.07,0.09,0.02,0.12,0.12,0.01,0.07,0.0,0.02
YML023C,0.05,0.02,0.04,0.08,0.06,0.03,0.04,0.05,0.03,0.18,0.03,0.07,0.04,0.01,0.03,0.07,0.05,0.06,0.0,0.06
YML117W,0.08,0.0,0.03,0.0,0.04,0.08,0.03,0.01,0.02,0.04,0.07,0.11,0.13,0.06,0.01,0.12,0.03,0.05,0.0,0.09
YML107C,0.02,0.02,0.05,0.05,0.02,0.04,0.06,0.04,0.13,0.14,0.02,0.04,0.02,0.03,0.09,0.09,0.04,0.05,0.01,0.04
YDR147W,0.06,0.02,0.07,0.06,0.01,0.02,0.02,0.04,0.07,0.08,0.04,0.07,0.06,0.02,0.04,0.12,0.11,0.04,0.01,0.04
YDR163W,0.09,0.01,0.05,0.13,0.01,0.05,0.03,0.01,0.08,0.1,0.02,0.05,0.03,0.06,0.07,0.07,0.08,0.04,0.0,0.02
YMR163C,0.02,0.01,0.06,0.05,0.06,0.05,0.01,0.06,0.04,0.08,0.03,0.06,0.05,0.03,0.04,0.17,0.1,0.04,0.02,0.02
YMR166C,0.03,0.01,0.09,0.02,0.0,0.08,0.06,0.08,0.08,0.04,0.03,0.07,0.08,0.03,0.05,0.11,0.06,0.04,0.02,0.02
YDR100W,0.07,0.01,0.01,0.01,0.1,0.07,0.0,0.14,0.03,0.15,0.02,0.05,0.04,0.01,0.02,0.1,0.03,0.06,0.0,0.08
YDR259C,0.03,0.0,0.04,0.02,0.0,0.03,0.04,0.08,0.02,0.06,0.05,0.1,0.17,0.07,0.03,0.14,0.06,0.01,0.0,0.05
YDR014W-A,0.06,0.02,0.02,0.07,0.01,0.09,0.01,0.04,0.07,0.08,0.01,0.1,0.05,0.07,0.09,0.08,0.04,0.06,0.0,0.03
YDR202C,0.02,0.02,0.09,0.07,0.07,0.04,0.01,0.09,0.08,0.05,0.03,0.08,0.06,0.05,0.03,0.07,0.02,0.09,0.01,0.02
YDR183W,0.04,0.02,0.15,0.12,0.01,0.03,0.03,0.04,0.08,0.11,0.01,0.06,0.0,0.05,0.05,0.07,0.05,0.04,0.0,0.04
YDR185C,0.03,0.01,0.05,0.06,0.03,0.02,0.03,0.05,0.06,0.08,0.05,0.06,0.03,0.02,0.09,0.07,0.1,0.09,0.03,0.04
YDR421W,0.06,0.06,0.05,0.03,0.02,0.04,0.01,0.06,0.11,0.07,0.01,0.07,0.1,0.03,0.08,0.14,0.03,0.02,0.0,0.01
YDR451C,0.04,0.01,0.05,0.03,0.03,0.02,0.03,0.05,0.06,0.09,0.02,0.06,0.13,0.04,0.06,0.13,0.08,0.06,0.0,0.01
YDR391C,0.09,0.02,0.05,0.06,0.06,0.02,0.02,0.08,0.06,0.08,0.02,0.07,0.09,0.0,0.03,0.08,0.1,0.05,0.01,0.01
YDR393W,0.04,0.0,0.03,0.04,0.06,0.03,0.03,0.03,0.1,0.11,0.02,0.11,0.04,0.05,0.07,0.09,0.05,0.03,0.02,0.05
YOR149C,0.05,0.02,0.02,0.05,0.06,0.05,0.02,0.08,0.04,0.14,0.07,0.02,0.07,0.05,0.03,0.05,0.02,0.04,0.03,0.09
YDR406W,0.08,0.0,0.06,0.06,0.03,0.04,0.04,0.02,0.0,0.04,0.02,0.1,0.04,0.03,0.07,0.24,0.06,0.05,0.0,0.02
YMR131C,0.05,0.0,0.13,0.19,0.01,0.03,0.02,0.07,0.08,0.06,0.01,0.04,0.04,0.07,0.03,0.09,0.02,0.05,0.0,0.01
YMR086W,0.09,0.0,0.04,0.04,0.01,0.07,0.0,0.04,0.08,0.05,0.06,0.05,0.06,0.04,0.11,0.18,0.06,0.01,0.0,0.01
YMR014W,0.01,0.02,0.03,0.09,0.01,0.01,0.03,0.07,0.2,0.14,0.01,0.05,0.03,0.05,0.01,0.1,0.04,0.01,0.0,0.09
YMR025W,0.02,0.03,0.09,0.09,0.04,0.03,0.02,0.15,0.06,0.12,0.02,0.06,0.02,0.05,0.04,0.08,0.02,0.02,0.02,0.02
YDR501W,0.05,0.0,0.04,0.09,0.01,0.05,0.01,0.04,0.08,0.1,0.01,0.03,0.13,0.03,0.04,0.17,0.05,0.04,0.0,0.03
YDR524C,0.07,0.04,0.04,0.03,0.06,0.03,0.0,0.06,0.08,0.13,0.02,0.06,0.06,0.03,0.05,0.09,0.06,0.05,0.01,0.03
YDR534C,0.2,0.0,0.02,0.07,0.02,0.07,0.01,0.05,0.03,0.03,0.01,0.01,0.01,0.02,0.0,0.15,0.18,0.1,0.01,0.01
YMR114C,0.06,0.01,0.1,0.02,0.05,0.03,0.02,0.03,0.07,0.06,0.02,0.05,0.08,0.05,0.05,0.09,0.08,0.05,0.03,0.05
YMR118C,0.02,0.0,0.02,0.06,0.05,0.04,0.04,0.06,0.06,0.09,0.03,0.04,0.06,0.02,0.08,0.15,0.04,0.09,0.02,0.03
YML081W,0.06,0.06,0.04,0.04,0.06,0.05,0.04,0.07,0.09,0.06,0.01,0.02,0.1,0.03,0.1,0.06,0.06,0.04,0.0,0.01
YDR106W,0.06,0.04,0.03,0.1,0.06,0.04,0.02,0.16,0.06,0.06,0.01,0.06,0.02,0.03,0.06,0.06,0.02,0.08,0.01,0.02
YDR107C,0.01,0.02,0.06,0.07,0.06,0.08,0.05,0.05,0.05,0.1,0.01,0.03,0.06,0.03,0.05,0.08,0.05,0.05,0.01,0.08
YDR116C,0.15,0.02,0.03,0.03,0.02,0.02,0.01,0.03,0.11,0.09,0.03,0.02,0.08,0.05,0.09,0.06,0.06,0.06,0.0,0.04
YML066C,0.04,0.02,0.05,0.05,0.07,0.05,0.0,0.07,0.03,0.14,0.02,0.04,0.05,0.03,0.04,0.09,0.09,0.07,0.02,0.03
YMR059W,0.01,0.02,0.05,0.08,0.04,0.02,0.03,0.05,0.04,0.16,0.03,0.07,0.06,0.04,0.04,0.11,0.08,0.03,0.02,0.02
YML048W,0.04,0.01,0.07,0.11,0.05,0.04,0.04,0.08,0.08,0.1,0.03,0.07,0.06,0.02,0.02,0.06,0.02,0.04,0.01,0.05
YMR069W,0.03,0.03,0.08,0.09,0.04,0.03,0.04,0.08,0.06,0.06,0.03,0.06,0.03,0.02,0.07,0.09,0.07,0.05,0.0,0.04
YIR028W,0.03,0.0,0.07,0.07,0.04,0.02,0.0,0.09,0.08,0.06,0.01,0.13,0.04,0.01,0.01,0.13,0.06,0.09,0.01,0.05
YMR322C,0.07,0.0,0.06,0.08,0.1,0.09,0.03,0.04,0.1,0.05,0.02,0.05,0.03,0.0,0.03,0.07,0.07,0.06,0.01,0.04
YDR229W,0.05,0.0,0.1,0.03,0.02,0.04,0.04,0.04,0.03,0.07,0.02,0.09,0.06,0.04,0.07,0.16,0.05,0.05,0.01,0.03
YMR299C,0.05,0.02,0.08,0.05,0.03,0.02,0.02,0.1,0.04,0.11,0.01,0.1,0.03,0.03,0.01,0.1,0.12,0.02,0.02,0.04
YMR306W,0.07,0.01,0.08,0.07,0.06,0.05,0.03,0.04,0.04,0.08,0.07,0.03,0.03,0.07,0.04,0.08,0.03,0.05,0.02,0.05
YMR233W,0.03,0.0,0.07,0.08,0.01,0.02,0.0,0.1,0.09,0.13,0.02,0.06,0.06,0.05,0.11,0.09,0.01,0.05,0.0,0.02
YMR030W,0.06,0.0,0.06,0.06,0.04,0.05,0.01,0.02,0.06,0.07,0.07,0.09,0.12,0.02,0.04,0.08,0.08,0.05,0.0,0.02
YMR034C,0.09,0.02,0.01,0.01,0.07,0.07,0.02,0.12,0.05,0.12,0.04,0.03,0.01,0.04,0.05,0.1,0.04,0.04,0.04,0.03
YDR333C,0.09,0.0,0.07,0.07,0.01,0.05,0.0,0.03,0.08,0.07,0.05,0.11,0.01,0.06,0.09,0.15,0.05,0.01,0.0,0.0
YDR336W,0.09,0.02,0.02,0.06,0.05,0.0,0.02,0.04,0.16,0.08,0.01,0.1,0.05,0.03,0.05,0.05,0.06,0.07,0.02,0.02
YDR341C,0.09,0.01,0.07,0.05,0.03,0.04,0.01,0.09,0.07,0.11,0.04,0.05,0.07,0.03,0.04,0.09,0.03,0.05,0.02,0.01
YDR348C,0.04,0.0,0.05,0.05,0.07,0.03,0.0,0.02,0.02,0.04,0.02,0.12,0.08,0.09,0.07,0.2,0.05,0.02,0.01,0.02
YDR288W,0.08,0.0,0.06,0.07,0.03,0.04,0.01,0.09,0.07,0.07,0.05,0.1,0.03,0.03,0.05,0.1,0.02,0.07,0.0,0.03
YDR273W,0.03,0.01,0.07,0.1,0.03,0.04,0.01,0.05,0.14,0.09,0.01,0.09,0.05,0.01,0.01,0.08,0.09,0.07,0.0,0.02
YDR279W,0.01,0.0,0.06,0.09,0.05,0.06,0.03,0.1,0.07,0.06,0.01,0.08,0.08,0.01,0.03,0.09,0.1,0.02,0.0,0.05
YMR232W,0.01,0.0,0.08,0.04,0.04,0.0,0.03,0.06,0.14,0.11,0.01,0.12,0.06,0.01,0.05,0.09,0.05,0.04,0.0,0.06
YLR199C,0.01,0.01,0.05,0.06,0.04,0.02,0.02,0.05,0.09,0.14,0.02,0.06,0.11,0.06,0.0,0.09,0.07,0.06,0.02,0.02
YLR201C,0.04,0.02,0.0,0.07,0.06,0.05,0.05,0.07,0.07,0.09,0.03,0.04,0.08,0.02,0.04,0.14,0.04,0.05,0.0,0.04
YLR213C,0.06,0.08,0.01,0.06,0.04,0.07,0.0,0.07,0.05,0.06,0.01,0.06,0.13,0.03,0.02,0.1,0.01,0.09,0.01,0.04
YLR218C,0.041666666666666664,0.041666666666666664,0.08333333333333333,0.14583333333333334,0.020833333333333332,0.052083333333333336,0.010416666666666666,0.010416666666666666,0.09375,0.052083333333333336,0.020833333333333332,0.041666666666666664,0.010416666666666666,0.041666666666666664,0.052083333333333336,0.0625,0.08333333333333333,0.0625,0.03125,0.041666666666666664
YLR285W,0.09,0.01,0.05,0.09,0.03,0.07,0.05,0.06,0.07,0.13,0.01,0.02,0.09,0.01,0.02,0.08,0.04,0.04,0.02,0.02
YLR290C,0.05,0.01,0.04,0.06,0.03,0.07,0.03,0.05,0.07,0.09,0.02,0.08,0.04,0.06,0.02,0.09,0.05,0.08,0.02,0.04
YLR361C,0.03,0.02,0.06,0.06,0.09,0.07,0.05,0.06,0.03,0.14,0.01,0.05,0.03,0.04,0.06,0.03,0.02,0.08,0.01,0.06
YLR364W,0.06,0.02,0.03,0.08,0.07,0.05,0.02,0.05,0.08,0.06,0.02,0.06,0.04,0.05,0.04,0.08,0.04,0.09,0.04,0.02
YLR221C,0.05,0.0,0.11,0.13,0.01,0.05,0.02,0.07,0.12,0.03,0.01,0.06,0.01,0.02,0.05,0.18,0.02,0.06,0.0,0.0
YLR237W,0.07,0.01,0.03,0.02,0.08,0.09,0.0,0.06,0.04,0.08,0.03,0.04,0.05,0.02,0.03,0.14,0.06,0.08,0.04,0.03
YLR238W,0.02,0.0,0.04,0.05,0.03,0.06,0.03,0.09,0.12,0.05,0.01,0.06,0.11,0.01,0.05,0.11,0.08,0.03,0.0,0.05
YLR239C,0.05,0.04,0.04,0.07,0.04,0.02,0.02,0.09,0.08,0.08,0.02,0.05,0.03,0.09,0.09,0.06,0.08,0.03,0.0,0.02
YLR408C,0.03,0.02,0.04,0.09,0.03,0.01,0.03,0.07,0.09,0.13,0.05,0.08,0.04,0.04,0.04,0.07,0.05,0.04,0.01,0.04
YPR100W,0.04,0.03,0.02,0.06,0.06,0.09,0.01,0.06,0.09,0.08,0.03,0.08,0.03,0.03,0.09,0.05,0.03,0.08,0.03,0.01
YPR101W,0.04,0.0,0.11,0.07,0.04,0.05,0.01,0.06,0.12,0.08,0.01,0.07,0.05,0.02,0.09,0.03,0.06,0.04,0.0,0.05
YPR109W,0.06,0.0,0.04,0.04,0.04,0.07,0.0,0.06,0.04,0.13,0.01,0.09,0.03,0.02,0.09,0.09,0.08,0.06,0.01,0.04
YPR116W,0.04,0.03,0.04,0.07,0.04,0.03,0.01,0.05,0.15,0.14,0.03,0.07,0.05,0.02,0.06,0.06,0.02,0.05,0.01,0.03
YLR345W,0.05,0.0,0.05,0.05,0.01,0.09,0.03,0.04,0.05,0.12,0.03,0.08,0.05,0.02,0.05,0.09,0.07,0.09,0.01,0.02
YLR266C,0.03,0.06,0.02,0.07,0.04,0.04,0.01,0.03,0.12,0.08,0.03,0.07,0.06,0.07,0.06,0.07,0.05,0.07,0.0,0.02
YLR324W,0.07,0.0,0.03,0.08,0.02,0.06,0.01,0.06,0.07,0.1,0.01,0.09,0.05,0.01,0.03,0.07,0.12,0.08,0.02,0.02
YLR454W,0.02,0.02,0.03,0.08,0.08,0.04,0.01,0.1,0.1,0.17,0.02,0.04,0.02,0.0,0.07,0.06,0.05,0.05,0.03,0.01
YLR453C,0.03,0.01,0.07,0.04,0.05,0.01,0.02,0.05,0.14,0.09,0.02,0.03,0.06,0.03,0.04,0.14,0.02,0.12,0.0,0.03
YLR164W,0.06,0.01,0.02,0.02,0.06,0.07,0.03,0.07,0.04,0.12,0.02,0.01,0.1,0.02,0.05,0.12,0.09,0.06,0.01,0.02
YLR165C,0.02,0.03,0.04,0.04,0.05,0.07,0.05,0.07,0.08,0.08,0.02,0.05,0.09,0.03,0.07,0.05,0.07,0.05,0.01,0.03
YLR187W,0.05,0.0,0.04,0.03,0.05,0.05,0.03,0.07,0.06,0.11,0.01,0.03,0.11,0.03,0.05,0.18,0.04,0.04,0.0,0.02
YDR349C,0.05,0.01,0.02,0.05,0.04,0.08,0.03,0.05,0.03,0.09,0.01,0.05,0.04,0.04,0.03,0.11,0.13,0.06,0.02,0.06
YDR358W,0.08,0.02,0.05,0.06,0.01,0.04,0.01,0.06,0.05,0.14,0.01,0.05,0.06,0.05,0.08,0.09,0.05,0.07,0.0,0.02
YDR361C,0.03,0.0,0.08,0.14,0.05,0.06,0.01,0.08,0.05,0.1,0.01,0.09,0.03,0.05,0.04,0.09,0.05,0.04,0.0,0.0
YDR371W,0.02,0.01,0.05,0.02,0.06,0.05,0.08,0.11,0.05,0.07,0.02,0.09,0.04,0.04,0.06,0.1,0.02,0.06,0.01,0.04
YDR377W,0.13,0.0,0.02,0.03,0.06,0.07,0.05,0.07,0.1,0.06,0.02,0.05,0.07,0.01,0.05,0.07,0.02,0.05,0.01,0.06
YLR426W,0.05,0.03,0.03,0.01,0.02,0.06,0.0,0.11,0.04,0.2,0.01,0.05,0.02,0.03,0.06,0.1,0.04,0.07,0.03,0.04
YLR427W,0.03,0.0,0.07,0.06,0.0,0.1,0.02,0.04,0.11,0.03,0.03,0.09,0.04,0.06,0.07,0.14,0.05,0.04,0.0,0.02
YPR156C,0.04,0.0,0.04,0.08,0.02,0.03,0.01,0.03,0.06,0.07,0.03,0.07,0.09,0.08,0.02,0.16,0.08,0.07,0.0,0.02
YPR118W,0.05,0.0,0.06,0.05,0.01,0.03,0.02,0.07,0.06,0.12,0.02,0.04,0.05,0.03,0.03,0.1,0.08,0.13,0.01,0.04
YPR143W,0.03,0.0,0.16,0.18,0.02,0.05,0.02,0.03,0.13,0.01,0.02,0.07,0.02,0.03,0.06,0.12,0.04,0.01,0.0,0.0
YPR152C,0.02,0.01,0.06,0.1,0.04,0.05,0.01,0.04,0.13,0.08,0.01,0.09,0.03,0.04,0.05,0.1,0.05,0.01,0.03,0.05
YLR241W,0.06,0.0,0.06,0.04,0.04,0.03,0.02,0.06,0.07,0.15,0.01,0.02,0.04,0.03,0.07,0.1,0.08,0.04,0.03,0.05
YLR253W,0.08,0.01,0.02,0.04,0.07,0.03,0.03,0.03,0.1,0.06,0.02,0.05,0.03,0.02,0.1,0.06,0.11,0.09,0.0,0.05
YLR254C,0.02,0.01,0.06,0.16,0.0,0.01,0.01,0.08,0.07,0.17,0.01,0.08,0.01,0.1,0.04,0.07,0.05,0.04,0.0,0.01
YDR314C,0.03,0.0,0.11,0.12,0.05,0.03,0.02,0.03,0.12,0.08,0.01,0.06,0.0,0.04,0.07,0.1,0.03,0.04,0.01,0.05
YDR315C,0.02,0.03,0.09,0.02,0.01,0.05,0.01,0.14,0.06,0.13,0.02,0.08,0.05,0.01,0.04,0.06,0.04,0.06,0.03,0.05
YDR316W,0.04,0.01,0.03,0.07,0.06,0.01,0.03,0.05,0.11,0.09,0.02,0.05,0.03,0.05,0.13,0.12,0.03,0.04,0.01,0.02
YDR330W,0.15,0.0,0.1,0.07,0.04,0.05,0.0,0.04,0.01,0.06,0.04,0.06,0.07,0.08,0.03,0.08,0.07,0.03,0.0,0.02
YDR332W,0.06,0.02,0.03,0.02,0.03,0.06,0.01,0.11,0.06,0.11,0.01,0.05,0.01,0.07,0.1,0.09,0.07,0.05,0.0,0.04
YLR307W,0.04,0.05,0.06,0.06,0.07,0.05,0.0,0.07,0.03,0.09,0.03,0.06,0.09,0.06,0.02,0.05,0.07,0.03,0.02,0.05
YLR387C,0.05,0.03,0.02,0.07,0.06,0.04,0.02,0.05,0.12,0.06,0.03,0.06,0.06,0.09,0.06,0.06,0.04,0.05,0.01,0.02
YPR079W,0.04,0.02,0.04,0.06,0.01,0.05,0.05,0.07,0.08,0.12,0.01,0.08,0.06,0.04,0.04,0.11,0.05,0.04,0.0,0.03
YPR082C,0.04,0.03,0.09,0.06,0.06,0.04,0.03,0.06,0.03,0.08,0.08,0.05,0.02,0.03,0.07,0.04,0.06,0.09,0.01,0.03
YPR094W,0.02,0.13,0.07,0.03,0.03,0.08,0.02,0.05,0.09,0.09,0.02,0.07,0.04,0.04,0.08,0.04,0.01,0.06,0.01,0.02
YPR097W,0.03,0.01,0.06,0.05,0.06,0.05,0.02,0.04,0.04,0.14,0.02,0.07,0.1,0.05,0.03,0.08,0.06,0.04,0.0,0.05
YLR414C,0.08,0.04,0.02,0.01,0.06,0.05,0.02,0.09,0.03,0.12,0.02,0.07,0.04,0.03,0.01,0.17,0.05,0.04,0.01,0.04
YDL063C,0.04,0.01,0.06,0.03,0.01,0.03,0.01,0.05,0.09,0.16,0.02,0.11,0.04,0.03,0.07,0.15,0.01,0.08,0.0,0.0
YDL076C,0.04,0.0,0.02,0.09,0.04,0.04,0.03,0.01,0.07,0.08,0.02,0.1,0.04,0.09,0.05,0.11,0.06,0.03,0.0,0.08
YDL085W,0.06,0.0,0.0,0.04,0.08,0.06,0.02,0.02,0.13,0.1,0.02,0.02,0.07,0.05,0.05,0.08,0.09,0.05,0.01,0.05
YDL112W,0.07,0.03,0.05,0.12,0.02,0.03,0.0,0.1,0.04,0.13,0.03,0.03,0.04,0.04,0.05,0.09,0.06,0.04,0.01,0.02
YDL119C,0.08,0.01,0.03,0.02,0.02,0.06,0.01,0.04,0.07,0.18,0.02,0.05,0.05,0.05,0.07,0.11,0.08,0.02,0.02,0.01
YDL121C,0.08,0.0,0.05,0.04,0.06,0.07,0.02,0.06,0.13,0.15,0.01,0.02,0.02,0.01,0.04,0.11,0.07,0.03,0.0,0.03
YDL238C,0.0,0.01,0.12,0.03,0.1,0.07,0.03,0.05,0.09,0.09,0.01,0.06,0.04,0.0,0.05,0.07,0.07,0.1,0.0,0.01
YLL007C,0.05,0.05,0.05,0.06,0.01,0.01,0.02,0.05,0.12,0.15,0.02,0.09,0.04,0.03,0.03,0.08,0.05,0.04,0.01,0.04
YLL034C,0.02,0.01,0.08,0.12,0.05,0.04,0.0,0.05,0.12,0.13,0.03,0.04,0.0,0.04,0.06,0.08,0.06,0.06,0.0,0.01
YLR019W,0.05,0.02,0.04,0.03,0.01,0.08,0.04,0.03,0.08,0.05,0.03,0.12,0.05,0.07,0.07,0.15,0.07,0.0,0.0,0.01
YLR035C,0.04,0.02,0.09,0.05,0.03,0.09,0.01,0.1,0.05,0.07,0.03,0.01,0.03,0.02,0.03,0.15,0.07,0.07,0.01,0.03
YLR073C,0.07,0.03,0.05,0.04,0.04,0.01,0.02,0.07,0.08,0.14,0.02,0.03,0.04,0.05,0.06,0.12,0.02,0.04,0.0,0.07
YOL008W,0.07,0.01,0.03,0.03,0.06,0.05,0.01,0.08,0.07,0.09,0.02,0.05,0.08,0.03,0.09,0.05,0.04,0.09,0.0,0.05
YOL017W,0.04,0.01,0.09,0.1,0.03,0.02,0.01,0.06,0.13,0.05,0.05,0.06,0.03,0.05,0.05,0.08,0.06,0.06,0.0,0.02
YOL019W,0.06,0.02,0.04,0.03,0.07,0.08,0.01,0.11,0.08,0.07,0.02,0.06,0.03,0.02,0.01,0.13,0.05,0.04,0.01,0.06
YOL026C,0.04,0.03,0.05,0.1,0.07,0.06,0.02,0.03,0.05,0.1,0.04,0.06,0.03,0.02,0.03,0.11,0.02,0.09,0.03,0.02
YOL048C,0.06,0.0,0.01,0.08,0.09,0.03,0.03,0.09,0.09,0.07,0.03,0.04,0.04,0.04,0.07,0.1,0.04,0.03,0.02,0.04
YOL073C,0.07,0.01,0.02,0.03,0.05,0.02,0.04,0.08,0.03,0.18,0.04,0.01,0.05,0.04,0.03,0.06,0.07,0.07,0.02,0.08
YOL080C,0.05,0.0,0.02,0.06,0.02,0.03,0.01,0.04,0.16,0.04,0.04,0.13,0.04,0.03,0.04,0.12,0.07,0.07,0.01,0.02
YOL130W,0.03,0.0,0.06,0.06,0.01,0.05,0.05,0.02,0.07,0.05,0.04,0.05,0.08,0.04,0.06,0.2,0.06,0.05,0.0,0.02
YOL132W,0.04,0.03,0.09,0.04,0.07,0.05,0.03,0.09,0.05,0.09,0.03,0.04,0.05,0.04,0.02,0.08,0.05,0.09,0.0,0.02
YOL158C,0.06,0.02,0.07,0.03,0.05,0.07,0.02,0.03,0.06,0.1,0.01,0.05,0.0,0.05,0.03,0.15,0.1,0.06,0.0,0.04
YOR011W,0.08,0.0,0.05,0.05,0.08,0.08,0.01,0.04,0.08,0.07,0.03,0.07,0.06,0.04,0.0,0.12,0.07,0.03,0.0,0.04
YOR051C,0.03,0.01,0.12,0.12,0.01,0.04,0.02,0.02,0.12,0.12,0.02,0.02,0.03,0.03,0.08,0.1,0.02,0.06,0.01,0.02
YOR060C,0.06,0.02,0.04,0.02,0.04,0.04,0.0,0.05,0.07,0.11,0.02,0.06,0.02,0.06,0.09,0.11,0.08,0.05,0.02,0.04
YOR071C,0.09,0.0,0.01,0.02,0.07,0.07,0.0,0.06,0.03,0.1,0.03,0.07,0.05,0.02,0.03,0.13,0.07,0.06,0.04,0.05
YOR179C,0.05,0.02,0.08,0.06,0.01,0.04,0.02,0.11,0.05,0.09,0.04,0.06,0.01,0.04,0.03,0.11,0.1,0.06,0.01,0.01
YOR192C,0.08,0.01,0.02,0.02,0.08,0.09,0.0,0.08,0.02,0.11,0.02,0.07,0.04,0.02,0.05,0.11,0.05,0.06,0.04,0.03
YOR193W,0.04,0.0,0.1,0.06,0.05,0.04,0.0,0.04,0.1,0.07,0.02,0.09,0.03,0.03,0.04,0.11,0.13,0.04,0.01,0.0
YOR205C,0.04,0.06,0.09,0.0,0.02,0.02,0.01,0.04,0.12,0.15,0.01,0.04,0.06,0.08,0.05,0.1,0.03,0.05,0.0,0.03
YOR247W,0.09,0.0,0.02,0.03,0.06,0.01,0.01,0.04,0.0,0.06,0.01,0.03,0.03,0.02,0.0,0.24,0.22,0.08,0.01,0.04
YOR262W,0.06,0.03,0.06,0.07,0.05,0.08,0.01,0.09,0.03,0.08,0.04,0.06,0.07,0.07,0.02,0.07,0.02,0.06,0.0,0.03
YOR267C,0.01,0.0,0.04,0.03,0.03,0.02,0.09,0.03,0.04,0.06,0.02,0.2,0.04,0.02,0.05,0.16,0.13,0.0,0.0,0.03
YOR286W,0.05,0.0,0.05,0.05,0.06,0.03,0.04,0.04,0.12,0.08,0.02,0.04,0.1,0.02,0.05,0.05,0.09,0.09,0.0,0.02
YOR293W,0.03,0.0,0.03,0.1,0.03,0.04,0.03,0.05,0.09,0.09,0.02,0.05,0.04,0.08,0.04,0.03,0.07,0.07,0.01,0.1
YOR353C,0.05,0.0,0.05,0.06,0.01,0.02,0.03,0.06,0.08,0.14,0.01,0.08,0.03,0.03,0.05,0.16,0.09,0.03,0.0,0.02
YOR356W,0.07,0.02,0.04,0.07,0.03,0.08,0.01,0.06,0.08,0.13,0.03,0.06,0.02,0.02,0.08,0.06,0.07,0.06,0.0,0.01
YOR378W,0.1,0.01,0.04,0.05,0.05,0.07,0.01,0.05,0.05,0.13,0.02,0.04,0.02,0.06,0.01,0.13,0.08,0.05,0.02,0.01
YOR382W,0.08,0.0,0.04,0.02,0.02,0.05,0.0,0.04,0.06,0.03,0.03,0.06,0.02,0.0,0.01,0.13,0.26,0.12,0.0,0.03
YOR384W,0.1,0.04,0.07,0.04,0.04,0.03,0.04,0.04,0.13,0.12,0.01,0.01,0.03,0.03,0.04,0.07,0.06,0.04,0.02,0.04
YOR388C,0.06,0.02,0.05,0.13,0.03,0.08,0.01,0.08,0.07,0.1,0.01,0.04,0.05,0.02,0.04,0.04,0.07,0.07,0.0,0.03
YOR390W,0.06,0.05,0.01,0.01,0.07,0.05,0.04,0.06,0.02,0.1,0.06,0.04,0.03,0.03,0.01,0.11,0.13,0.06,0.02,0.04
YOR391C,0.07,0.0,0.06,0.08,0.1,0.09,0.03,0.04,0.1,0.05,0.02,0.05,0.03,0.0,0.03,0.07,0.07,0.06,0.01,0.04
YPL189W,0.06,0.01,0.02,0.05,0.07,0.01,0.01,0.07,0.04,0.07,0.03,0.06,0.06,0.02,0.07,0.17,0.05,0.08,0.03,0.02
YPL196W,0.04,0.01,0.05,0.07,0.03,0.04,0.01,0.06,0.07,0.09,0.03,0.05,0.07,0.02,0.06,0.11,0.12,0.03,0.01,0.03
YPL199C,0.09,0.0,0.08,0.1,0.02,0.05,0.04,0.01,0.08,0.07,0.02,0.06,0.01,0.08,0.05,0.08,0.05,0.06,0.0,0.05
YPL208W,0.04,0.02,0.08,0.05,0.07,0.05,0.0,0.11,0.1,0.1,0.02,0.07,0.05,0.01,0.03,0.07,0.03,0.07,0.02,0.01
YPL219W,0.03,0.01,0.17,0.05,0.05,0.03,0.03,0.01,0.05,0.08,0.03,0.09,0.04,0.1,0.04,0.1,0.02,0.06,0.0,0.01
YPL224C,0.05,0.01,0.01,0.07,0.02,0.08,0.02,0.06,0.08,0.08,0.03,0.08,0.02,0.05,0.06,0.19,0.03,0.02,0.0,0.04
YPL260W,0.06,0.0,0.06,0.07,0.02,0.01,0.05,0.04,0.07,0.13,0.01,0.05,0.03,0.08,0.05,0.09,0.07,0.08,0.0,0.03
YPL279C,0.06,0.05,0.01,0.01,0.07,0.05,0.04,0.06,0.02,0.1,0.06,0.04,0.03,0.03,0.01,0.11,0.13,0.06,0.02,0.04
YOR091W,0.09,0.01,0.05,0.08,0.03,0.05,0.0,0.01,0.2,0.05,0.04,0.05,0.05,0.07,0.08,0.04,0.02,0.07,0.0,0.01
YOR002W,0.05,0.02,0.04,0.05,0.05,0.08,0.02,0.06,0.04,0.11,0.03,0.02,0.09,0.04,0.04,0.05,0.02,0.04,0.05,0.1
YDL021W,0.05,0.03,0.02,0.09,0.04,0.04,0.03,0.07,0.07,0.11,0.03,0.06,0.03,0.08,0.05,0.05,0.08,0.03,0.01,0.03
YOR034C,0.1,0.01,0.13,0.05,0.02,0.06,0.02,0.07,0.06,0.05,0.02,0.09,0.0,0.02,0.02,0.09,0.04,0.13,0.01,0.01
YOL129W,0.07,0.01,0.06,0.02,0.09,0.11,0.02,0.07,0.03,0.12,0.01,0.03,0.03,0.01,0.05,0.1,0.04,0.07,0.02,0.04
YDR056C,0.05,0.03,0.12,0.05,0.03,0.04,0.0,0.07,0.04,0.13,0.04,0.04,0.03,0.03,0.03,0.07,0.06,0.1,0.0,0.04
YOR271C,0.06,0.01,0.06,0.07,0.02,0.04,0.04,0.05,0.05,0.11,0.03,0.02,0.07,0.01,0.07,0.1,0.09,0.05,0.02,0.03
YPR006C,0.05,0.0,0.03,0.06,0.06,0.03,0.01,0.04,0.1,0.08,0.02,0.07,0.03,0.01,0.07,0.16,0.08,0.05,0.02,0.03
YLR051C,0.06,0.0,0.1,0.12,0.03,0.03,0.0,0.03,0.15,0.1,0.01,0.08,0.03,0.06,0.02,0.08,0.03,0.07,0.0,0.0
YDL089W,0.06,0.0,0.07,0.07,0.04,0.04,0.0,0.07,0.08,0.16,0.03,0.08,0.03,0.03,0.03,0.07,0.02,0.04,0.03,0.05
YOR079C,0.06,0.01,0.07,0.03,0.06,0.08,0.01,0.12,0.05,0.12,0.03,0.03,0.02,0.04,0.01,0.09,0.07,0.07,0.0,0.03
YDL036C,0.06,0.0,0.03,0.09,0.04,0.03,0.02,0.06,0.12,0.08,0.02,0.08,0.03,0.07,0.1,0.07,0.05,0.04,0.0,0.01
YLR095C,0.09,0.02,0.06,0.06,0.02,0.05,0.03,0.05,0.06,0.06,0.03,0.07,0.02,0.04,0.04,0.08,0.09,0.04,0.04,0.05
YLR034C,0.09,0.03,0.02,0.02,0.06,0.07,0.01,0.09,0.06,0.13,0.03,0.05,0.03,0.04,0.02,0.06,0.05,0.06,0.0,0.08
YDR020C,0.05,0.01,0.1,0.05,0.02,0.06,0.03,0.14,0.05,0.07,0.03,0.12,0.01,0.03,0.03,0.05,0.03,0.07,0.0,0.05
YDR263C,0.05,0.02,0.03,0.04,0.05,0.04,0.02,0.06,0.13,0.14,0.03,0.04,0.04,0.06,0.08,0.03,0.04,0.04,0.01,0.05
YLR107W,0.05,0.0,0.04,0.03,0.03,0.07,0.03,0.05,0.13,0.16,0.02,0.05,0.04,0.06,0.06,0.06,0.03,0.05,0.0,0.04
YOR320C,0.02,0.0,0.04,0.07,0.08,0.03,0.02,0.1,0.1,0.09,0.01,0.05,0.02,0.05,0.07,0.03,0.04,0.1,0.01,0.07
YOR166C,0.03,0.02,0.1,0.09,0.02,0.07,0.05,0.1,0.05,0.03,0.03,0.08,0.03,0.02,0.04,0.15,0.04,0.03,0.0,0.02
YLR102C,0.02,0.01,0.09,0.09,0.05,0.04,0.01,0.04,0.06,0.08,0.03,0.11,0.07,0.03,0.06,0.05,0.07,0.04,0.01,0.04
YDL131W,0.09,0.02,0.07,0.1,0.06,0.04,0.0,0.05,0.06,0.07,0.01,0.07,0.05,0.04,0.03,0.09,0.08,0.04,0.0,0.03
YOR164C,0.12,0.0,0.05,0.07,0.03,0.05,0.02,0.06,0.08,0.11,0.01,0.03,0.01,0.05,0.06,0.07,0.04,0.08,0.0,0.06
YPL230W,0.09,0.04,0.02,0.04,0.06,0.05,0.07,0.01,0.09,0.04,0.02,0.08,0.03,0.02,0.09,0.09,0.11,0.04,0.0,0.01
YLR066W,0.05,0.0,0.03,0.02,0.1,0.03,0.0,0.06,0.06,0.06,0.05,0.12,0.02,0.06,0.04,0.09,0.06,0.1,0.01,0.04
YDR312W,0.05,0.01,0.03,0.04,0.04,0.04,0.04,0.05,0.12,0.08,0.05,0.04,0.04,0.08,0.08,0.06,0.07,0.08,0.0,0.0
YDR162C,0.06,0.0,0.1,0.1,0.01,0.08,0.01,0.05,0.06,0.05,0.04,0.08,0.01,0.03,0.02,0.07,0.12,0.05,0.0,0.06
YDL004W,0.11,0.0,0.0,0.06,0.05,0.09,0.02,0.04,0.06,0.1,0.02,0.04,0.04,0.04,0.04,0.13,0.04,0.1,0.0,0.02
YOR147W,0.05,0.02,0.02,0.03,0.05,0.01,0.04,0.09,0.07,0.11,0.01,0.07,0.07,0.02,0.11,0.06,0.1,0.05,0.0,0.02
YOR162C,0.06,0.06,0.03,0.03,0.03,0.08,0.0,0.03,0.1,0.05,0.02,0.09,0.05,0.04,0.08,0.12,0.1,0.01,0.0,0.02
YOL089C,0.03,0.0,0.03,0.05,0.02,0.07,0.02,0.06,0.0,0.03,0.07,0.14,0.1,0.06,0.03,0.1,0.1,0.05,0.01,0.03
YDR018C,0.03,0.03,0.0,0.02,0.06,0.05,0.01,0.1,0.08,0.13,0.03,0.07,0.04,0.06,0.05,0.11,0.03,0.06,0.01,0.03
YOR279C,0.01,0.0,0.06,0.07,0.04,0.04,0.01,0.12,0.12,0.06,0.01,0.08,0.03,0.03,0.05,0.15,0.05,0.02,0.0,0.05
YPR040W,0.08,0.03,0.02,0.02,0.0,0.03,0.03,0.1,0.01,0.04,0.04,0.09,0.15,0.04,0.08,0.1,0.1,0.03,0.01,0.0
YOR022C,0.02,0.0,0.05,0.05,0.07,0.01,0.04,0.03,0.07,0.1,0.02,0.05,0.09,0.02,0.09,0.09,0.05,0.07,0.02,0.06
YLR057W,0.05,0.0,0.08,0.05,0.04,0.03,0.01,0.07,0.03,0.14,0.01,0.09,0.04,0.01,0.06,0.13,0.06,0.05,0.0,0.05
YLR047C,0.0,0.05,0.04,0.01,0.09,0.0,0.09,0.1,0.09,0.13,0.03,0.03,0.02,0.03,0.05,0.07,0.04,0.08,0.02,0.03
YOL105C,0.07,0.06,0.03,0.03,0.05,0.07,0.0,0.07,0.04,0.12,0.01,0.07,0.01,0.05,0.01,0.14,0.03,0.06,0.01,0.07
YOR009W,0.14,0.0,0.08,0.03,0.02,0.02,0.01,0.07,0.02,0.1,0.05,0.05,0.04,0.05,0.0,0.09,0.08,0.07,0.01,0.07
YOR114W,0.05,0.01,0.04,0.03,0.07,0.01,0.02,0.04,0.1,0.1,0.03,0.07,0.02,0.07,0.06,0.1,0.06,0.05,0.01,0.06
YOR154W,0.08,0.0,0.06,0.04,0.02,0.06,0.03,0.08,0.05,0.09,0.01,0.06,0.03,0.06,0.08,0.08,0.11,0.04,0.01,0.01
YPR020W,0.06,0.01,0.0,0.04,0.03,0.07,0.0,0.06,0.11,0.15,0.01,0.06,0.03,0.07,0.01,0.11,0.03,0.06,0.0,0.09
YOR216C,0.04,0.0,0.12,0.12,0.0,0.07,0.02,0.05,0.15,0.04,0.03,0.06,0.07,0.01,0.01,0.05,0.06,0.1,0.0,0.0
YLL055W,0.07,0.0,0.08,0.07,0.06,0.03,0.0,0.07,0.07,0.12,0.03,0.05,0.03,0.02,0.02,0.09,0.09,0.07,0.0,0.03
YPL246C,0.08,0.0,0.01,0.04,0.08,0.05,0.04,0.04,0.02,0.22,0.02,0.04,0.07,0.01,0.02,0.08,0.06,0.06,0.02,0.04
YOR227W,0.09,0.0,0.03,0.03,0.0,0.03,0.0,0.02,0.1,0.06,0.01,0.05,0.07,0.05,0.08,0.14,0.14,0.07,0.01,0.02
YOR221C,0.03,0.02,0.06,0.03,0.04,0.04,0.0,0.1,0.08,0.09,0.02,0.08,0.07,0.1,0.02,0.13,0.04,0.01,0.0,0.04
YPR009W,0.04,0.05,0.06,0.03,0.02,0.06,0.01,0.04,0.08,0.12,0.02,0.07,0.08,0.06,0.03,0.13,0.04,0.02,0.01,0.03
YOR100C,0.05,0.02,0.02,0.05,0.05,0.09,0.02,0.06,0.1,0.06,0.01,0.06,0.04,0.03,0.03,0.13,0.08,0.09,0.0,0.01
YOL060C,0.04,0.0,0.04,0.02,0.03,0.1,0.04,0.1,0.02,0.14,0.02,0.01,0.04,0.01,0.04,0.14,0.05,0.09,0.01,0.06
YLR092W,0.02,0.0,0.11,0.12,0.05,0.03,0.01,0.02,0.07,0.06,0.01,0.13,0.04,0.03,0.01,0.11,0.05,0.08,0.0,0.05
YDR032C,0.15,0.0,0.05,0.07,0.05,0.1,0.01,0.07,0.06,0.06,0.01,0.01,0.07,0.03,0.03,0.02,0.08,0.05,0.03,0.05
YLR154C,0.05,0.0,0.06,0.1,0.06,0.06,0.0,0.04,0.07,0.05,0.02,0.08,0.03,0.02,0.05,0.09,0.12,0.04,0.0,0.06
YDL146W,0.03,0.01,0.07,0.11,0.06,0.0,0.02,0.09,0.07,0.16,0.02,0.07,0.03,0.02,0.02,0.11,0.04,0.03,0.01,0.03
YLR118C,0.1,0.0,0.06,0.03,0.08,0.09,0.03,0.05,0.03,0.09,0.03,0.06,0.06,0.06,0.03,0.06,0.05,0.05,0.03,0.01
YDR384C,0.06,0.02,0.06,0.06,0.04,0.09,0.01,0.05,0.02,0.11,0.01,0.06,0.06,0.06,0.05,0.12,0.06,0.03,0.0,0.03
YDL098C,0.05,0.02,0.08,0.05,0.05,0.05,0.02,0.04,0.11,0.12,0.01,0.06,0.01,0.03,0.07,0.08,0.08,0.0,0.01,0.06
YLL003W,0.02,0.0,0.07,0.09,0.05,0.07,0.02,0.06,0.07,0.09,0.01,0.07,0.1,0.02,0.02,0.06,0.11,0.05,0.0,0.02
YLL061W,0.04,0.0,0.04,0.09,0.05,0.08,0.02,0.06,0.07,0.13,0.02,0.06,0.03,0.05,0.03,0.11,0.06,0.03,0.01,0.02
YOR130C,0.08,0.04,0.03,0.06,0.08,0.09,0.0,0.09,0.08,0.07,0.01,0.05,0.03,0.05,0.02,0.07,0.06,0.06,0.01,0.02
YDR066C,0.06,0.04,0.02,0.07,0.04,0.04,0.03,0.1,0.05,0.09,0.06,0.04,0.02,0.05,0.04,0.11,0.05,0.04,0.0,0.05
YOL076W,0.03,0.01,0.04,0.09,0.08,0.07,0.02,0.04,0.11,0.13,0.01,0.04,0.03,0.06,0.03,0.05,0.05,0.04,0.0,0.07
YOR032C,0.04,0.01,0.05,0.03,0.05,0.06,0.03,0.02,0.03,0.04,0.04,0.12,0.13,0.08,0.01,0.08,0.04,0.08,0.0,0.06
YDL018C,0.06,0.03,0.05,0.1,0.12,0.06,0.01,0.07,0.05,0.07,0.01,0.05,0.04,0.06,0.03,0.06,0.04,0.03,0.01,0.05
YOR084W,0.09,0.02,0.06,0.06,0.02,0.04,0.02,0.02,0.05,0.1,0.02,0.04,0.03,0.04,0.09,0.08,0.08,0.07,0.02,0.05
YDL046W,0.08,0.01,0.04,0.09,0.04,0.07,0.01,0.09,0.04,0.12,0.01,0.08,0.08,0.02,0.02,0.03,0.05,0.08,0.0,0.04
YDR169C,0.08,0.02,0.03,0.06,0.02,0.04,0.01,0.07,0.08,0.1,0.04,0.01,0.07,0.05,0.04,0.18,0.05,0.05,0.0,0.0
YLL014W,0.05,0.01,0.03,0.05,0.11,0.05,0.02,0.1,0.03,0.11,0.02,0.06,0.02,0.06,0.02,0.07,0.03,0.1,0.03,0.03
YDL135C,0.05,0.0,0.08,0.13,0.04,0.02,0.0,0.03,0.12,0.1,0.01,0.06,0.04,0.04,0.03,0.08,0.06,0.07,0.01,0.03
YOL002C,0.07,0.0,0.04,0.08,0.06,0.03,0.03,0.05,0.09,0.13,0.01,0.04,0.03,0.02,0.05,0.09,0.06,0.06,0.02,0.04
YDR071C,0.02,0.02,0.01,0.13,0.03,0.06,0.03,0.14,0.06,0.11,0.04,0.03,0.06,0.03,0.04,0.11,0.04,0.02,0.0,0.02
YOR016C,0.05,0.02,0.07,0.03,0.09,0.06,0.02,0.07,0.06,0.11,0.01,0.02,0.03,0.02,0.02,0.12,0.07,0.08,0.0,0.05
YOR112W,0.05,0.02,0.04,0.07,0.09,0.02,0.01,0.08,0.07,0.07,0.01,0.04,0.07,0.03,0.03,0.1,0.1,0.07,0.02,0.01
YPL168W,0.08,0.02,0.02,0.02,0.06,0.1,0.01,0.06,0.13,0.05,0.06,0.07,0.01,0.01,0.05,0.09,0.07,0.06,0.0,0.03
YPR021C,0.02,0.0,0.06,0.06,0.05,0.04,0.01,0.08,0.12,0.09,0.03,0.08,0.04,0.04,0.01,0.12,0.08,0.04,0.0,0.03
YOR150W,0.07,0.02,0.05,0.01,0.02,0.09,0.06,0.05,0.1,0.07,0.02,0.02,0.03,0.06,0.07,0.06,0.06,0.09,0.02,0.03
YDR383C,0.05,0.01,0.09,0.1,0.01,0.04,0.0,0.06,0.06,0.14,0.04,0.06,0.02,0.05,0.06,0.11,0.03,0.03,0.0,0.04
YOR315W,0.03,0.01,0.04,0.04,0.04,0.05,0.01,0.06,0.14,0.07,0.03,0.05,0.06,0.03,0.04,0.13,0.09,0.04,0.0,0.04
YPL244C,0.08,0.01,0.01,0.02,0.04,0.05,0.01,0.07,0.06,0.1,0.07,0.03,0.06,0.05,0.02,0.11,0.08,0.05,0.04,0.04
YLL062C,0.07,0.0,0.02,0.1,0.04,0.06,0.01,0.11,0.05,0.06,0.04,0.06,0.05,0.04,0.04,0.09,0.06,0.05,0.02,0.03
YMR113W,0.03,0.02,0.01,0.05,0.01,0.06,0.05,0.08,0.07,0.15,0.01,0.07,0.04,0.06,0.04,0.09,0.08,0.05,0.0,0.03
YDR411C,0.04,0.01,0.02,0.02,0.04,0.06,0.01,0.08,0.03,0.12,0.06,0.08,0.06,0.01,0.08,0.06,0.07,0.07,0.04,0.04
YMR185W,0.03,0.01,0.08,0.07,0.04,0.01,0.03,0.08,0.08,0.13,0.01,0.09,0.03,0.06,0.03,0.1,0.04,0.06,0.0,0.02
YPR008W,0.07,0.1,0.03,0.07,0.0,0.06,0.02,0.04,0.16,0.05,0.03,0.05,0.04,0.05,0.08,0.01,0.08,0.04,0.0,0.02
YIL156W-B,0.0410958904109589,0.0273972602739726,0.0410958904109589,0.0273972602739726,0.0136986301369863,0.0684931506849315,0.0136986301369863,0.0410958904109589,0.0684931506849315,0.136986301369863,0.0410958904109589,0.0547945205479452,0.0136986301369863,0.0136986301369863,0.0547945205479452,0.0821917808219178,0.1095890410958904,0.0821917808219178,0.0,0.0684931506849315
YDR119W-A,0.10606060606060606,0.015151515151515152,0.0,0.045454545454545456,0.07575757575757576,0.09090909090909091,0.0,0.07575757575757576,0.045454545454545456,0.06060606060606061,0.015151515151515152,0.0,0.045454545454545456,0.030303030303030304,0.10606060606060606,0.10606060606060606,0.030303030303030304,0.07575757575757576,0.045454545454545456,0.030303030303030304
YGR271C-A,0.07,0.0,0.03,0.07,0.02,0.02,0.01,0.07,0.19,0.14,0.04,0.07,0.01,0.04,0.11,0.05,0.02,0.02,0.0,0.02
YDR379C-A,0.0379746835443038,0.0,0.012658227848101266,0.0759493670886076,0.05063291139240506,0.0379746835443038,0.0759493670886076,0.06329113924050633,0.10126582278481013,0.10126582278481013,0.012658227848101266,0.0759493670886076,0.05063291139240506,0.02531645569620253,0.0759493670886076,0.0379746835443038,0.0759493670886076,0.05063291139240506,0.0,0.0379746835443038
YBR058C-A,0.025,0.0125,0.0125,0.0625,0.125,0.0375,0.0375,0.075,0.075,0.1125,0.0375,0.025,0.025,0.0125,0.025,0.0875,0.075,0.05,0.0125,0.075
YLR099W-A,0.04597701149425287,0.0,0.08045977011494253,0.10344827586206896,0.022988505747126436,0.05747126436781609,0.011494252873563218,0.05747126436781609,0.034482758620689655,0.16091954022988506,0.022988505747126436,0.04597701149425287,0.011494252873563218,0.05747126436781609,0.04597701149425287,0.09195402298850575,0.04597701149425287,0.04597701149425287,0.034482758620689655,0.022988505747126436
YLR367W,0.06,0.01,0.04,0.04,0.04,0.08,0.02,0.09,0.09,0.09,0.02,0.07,0.03,0.05,0.07,0.06,0.03,0.08,0.01,0.02
YHR199C-A,0.0547945205479452,0.0,0.0136986301369863,0.1780821917808219,0.0,0.0136986301369863,0.0136986301369863,0.0821917808219178,0.0821917808219178,0.1643835616438356,0.0273972602739726,0.0273972602739726,0.0547945205479452,0.0821917808219178,0.0821917808219178,0.0410958904109589,0.0684931506849315,0.0136986301369863,0.0,0.0
YJR005C-A,0.12903225806451613,0.0,0.021505376344086023,0.13978494623655913,0.0,0.07526881720430108,0.010752688172043012,0.010752688172043012,0.16129032258064516,0.07526881720430108,0.021505376344086023,0.021505376344086023,0.010752688172043012,0.0967741935483871,0.11827956989247312,0.010752688172043012,0.043010752688172046,0.010752688172043012,0.010752688172043012,0.03225806451612903
YER074W-A,0.03529411764705882,0.0,0.023529411764705882,0.047058823529411764,0.047058823529411764,0.09411764705882353,0.0,0.10588235294117647,0.023529411764705882,0.2,0.011764705882352941,0.047058823529411764,0.023529411764705882,0.047058823529411764,0.07058823529411765,0.03529411764705882,0.047058823529411764,0.11764705882352941,0.0,0.023529411764705882
YER048W-A,0.031914893617021274,0.0,0.031914893617021274,0.0425531914893617,0.0851063829787234,0.031914893617021274,0.010638297872340425,0.02127659574468085,0.09574468085106383,0.09574468085106383,0.0425531914893617,0.09574468085106383,0.0425531914893617,0.07446808510638298,0.0851063829787234,0.0425531914893617,0.06382978723404255,0.06382978723404255,0.0,0.0425531914893617
YBL091C-A,0.07,0.01,0.06,0.07,0.04,0.03,0.01,0.08,0.1,0.07,0.02,0.05,0.07,0.04,0.05,0.04,0.05,0.11,0.0,0.03
YPR057W,0.08,0.0,0.06,0.06,0.03,0.03,0.03,0.07,0.06,0.07,0.03,0.06,0.03,0.05,0.1,0.12,0.02,0.06,0.02,0.02
YOR319W,0.05,0.0,0.05,0.03,0.03,0.05,0.0,0.1,0.06,0.07,0.02,0.1,0.04,0.07,0.05,0.05,0.07,0.07,0.0,0.09
YOR107W,0.04,0.02,0.03,0.1,0.05,0.02,0.04,0.07,0.1,0.12,0.02,0.05,0.03,0.05,0.06,0.1,0.02,0.03,0.01,0.04
YOR160W,0.07,0.02,0.07,0.06,0.04,0.0,0.01,0.05,0.05,0.17,0.01,0.09,0.02,0.1,0.02,0.1,0.07,0.03,0.01,0.01
YOR030W,0.05,0.01,0.07,0.03,0.02,0.07,0.06,0.08,0.07,0.14,0.01,0.05,0.1,0.01,0.05,0.02,0.04,0.04,0.0,0.08
YOL087C,0.06,0.01,0.09,0.02,0.01,0.05,0.04,0.1,0.05,0.08,0.03,0.07,0.06,0.04,0.02,0.1,0.09,0.03,0.01,0.04
YDR051C,0.05,0.01,0.06,0.08,0.01,0.06,0.05,0.07,0.06,0.11,0.01,0.08,0.03,0.03,0.07,0.08,0.04,0.08,0.0,0.02
YOR222W,0.09,0.02,0.03,0.05,0.05,0.06,0.0,0.06,0.09,0.07,0.04,0.03,0.06,0.03,0.05,0.08,0.06,0.09,0.0,0.04
YOL088C,0.06,0.06,0.04,0.07,0.06,0.03,0.02,0.05,0.07,0.1,0.03,0.05,0.04,0.02,0.01,0.06,0.08,0.07,0.01,0.07
YOR324C,0.05,0.02,0.03,0.06,0.03,0.06,0.01,0.03,0.06,0.1,0.02,0.07,0.12,0.05,0.08,0.11,0.03,0.07,0.0,0.0
YDR014W,0.04,0.0,0.12,0.04,0.03,0.05,0.01,0.06,0.06,0.05,0.01,0.05,0.07,0.03,0.06,0.21,0.04,0.06,0.0,0.01
YLR065C,0.07,0.0,0.04,0.0,0.05,0.08,0.0,0.11,0.09,0.12,0.03,0.06,0.02,0.05,0.04,0.07,0.02,0.09,0.01,0.05
YOL101C,0.03,0.02,0.04,0.08,0.07,0.03,0.01,0.04,0.09,0.12,0.03,0.05,0.04,0.03,0.02,0.09,0.15,0.03,0.0,0.03
YHR132W-A,0.02,0.0,0.09,0.04,0.02,0.06,0.02,0.03,0.11,0.12,0.03,0.06,0.06,0.03,0.04,0.14,0.03,0.06,0.0,0.04
YDR261C-C,0.1,0.03,0.02,0.06,0.0,0.03,0.05,0.01,0.04,0.02,0.03,0.06,0.13,0.12,0.0,0.16,0.08,0.05,0.0,0.01
YER055C,0.07,0.02,0.1,0.02,0.05,0.07,0.02,0.07,0.05,0.14,0.01,0.04,0.04,0.03,0.05,0.07,0.05,0.09,0.0,0.01
YML024W,0.05,0.01,0.04,0.07,0.02,0.05,0.01,0.06,0.11,0.1,0.02,0.03,0.03,0.05,0.12,0.06,0.07,0.06,0.0,0.04
YHL038C,0.03,0.02,0.04,0.04,0.05,0.02,0.03,0.05,0.09,0.11,0.03,0.06,0.02,0.07,0.09,0.08,0.06,0.05,0.01,0.05
Q0050,0.12,0.01,0.01,0.01,0.04,0.07,0.03,0.07,0.03,0.12,0.07,0.06,0.02,0.03,0.04,0.08,0.08,0.04,0.02,0.05
Q0055,0.09,0.02,0.02,0.03,0.07,0.05,0.04,0.1,0.02,0.12,0.05,0.05,0.02,0.03,0.03,0.08,0.03,0.09,0.01,0.05
YKL194C,0.07,0.01,0.02,0.02,0.09,0.03,0.01,0.04,0.1,0.09,0.06,0.06,0.05,0.05,0.05,0.08,0.08,0.04,0.03,0.02
YJL209W,0.04,0.0,0.06,0.05,0.04,0.0,0.02,0.09,0.1,0.11,0.03,0.07,0.03,0.03,0.11,0.09,0.05,0.04,0.01,0.03
YNR045W,0.02,0.01,0.01,0.01,0.07,0.05,0.02,0.04,0.07,0.1,0.04,0.09,0.03,0.0,0.09,0.09,0.12,0.07,0.03,0.04
YDR522C,0.03,0.0,0.04,0.05,0.06,0.02,0.01,0.1,0.1,0.09,0.03,0.08,0.05,0.07,0.01,0.07,0.11,0.07,0.01,0.0
YMR257C,0.01,0.0,0.08,0.05,0.04,0.03,0.03,0.08,0.14,0.08,0.03,0.04,0.01,0.03,0.06,0.13,0.04,0.06,0.02,0.04
YCR018C,0.04,0.01,0.07,0.08,0.03,0.02,0.0,0.06,0.12,0.07,0.02,0.09,0.01,0.02,0.08,0.11,0.05,0.07,0.01,0.04
YDL227C,0.09,0.02,0.03,0.05,0.01,0.06,0.02,0.06,0.07,0.08,0.03,0.06,0.04,0.06,0.08,0.05,0.08,0.07,0.0,0.04
YNL097C-B,0.025,0.0,0.0,0.025,0.025,0.075,0.025,0.075,0.125,0.025,0.025,0.075,0.05,0.1,0.0,0.1,0.125,0.025,0.075,0.025
YDR471W,0.09,0.0,0.02,0.04,0.04,0.07,0.05,0.04,0.17,0.05,0.01,0.02,0.05,0.0,0.05,0.05,0.06,0.15,0.0,0.04
YHR214C-C,0.1,0.02,0.03,0.04,0.0,0.03,0.05,0.02,0.04,0.03,0.03,0.07,0.12,0.12,0.0,0.15,0.07,0.05,0.0,0.03
YLR256W-A,0.1,0.03,0.02,0.06,0.0,0.03,0.06,0.01,0.04,0.02,0.03,0.06,0.13,0.12,0.0,0.15,0.08,0.05,0.0,0.01
YLR410W-A,0.08,0.0,0.03,0.05,0.01,0.04,0.07,0.0,0.03,0.04,0.04,0.08,0.12,0.11,0.01,0.14,0.06,0.07,0.0,0.02
YER039C,0.06,0.01,0.03,0.05,0.06,0.05,0.0,0.11,0.04,0.12,0.05,0.03,0.02,0.04,0.0,0.1,0.08,0.08,0.02,0.05
YML132W,0.01,0.03,0.02,0.05,0.07,0.02,0.0,0.07,0.08,0.19,0.02,0.04,0.04,0.03,0.04,0.12,0.01,0.08,0.05,0.03
YMR242C,0.05,0.0,0.02,0.07,0.05,0.04,0.04,0.07,0.1,0.04,0.03,0.05,0.04,0.03,0.09,0.08,0.03,0.1,0.02,0.05
YOR312C,0.05,0.0,0.02,0.07,0.05,0.04,0.04,0.07,0.1,0.04,0.03,0.05,0.04,0.03,0.09,0.08,0.03,0.1,0.02,0.05
YAR010C,0.1,0.03,0.02,0.06,0.0,0.03,0.06,0.01,0.04,0.02,0.03,0.06,0.1,0.13,0.0,0.17,0.09,0.04,0.0,0.01
YPR137C-A,0.1,0.03,0.02,0.06,0.0,0.03,0.06,0.01,0.04,0.02,0.03,0.06,0.1,0.13,0.0,0.17,0.09,0.04,0.0,0.01
YOR142W-A,0.1,0.02,0.03,0.04,0.0,0.03,0.05,0.02,0.04,0.02,0.03,0.07,0.13,0.12,0.0,0.15,0.07,0.05,0.0,0.03
YPR158W-A,0.1,0.02,0.03,0.04,0.0,0.03,0.05,0.02,0.04,0.02,0.03,0.07,0.13,0.12,0.0,0.15,0.07,0.05,0.0,0.03
YFL002W-B,0.08,0.0,0.03,0.05,0.01,0.04,0.07,0.0,0.03,0.04,0.04,0.08,0.12,0.11,0.01,0.14,0.06,0.07,0.0,0.02
YGR161W-A,0.08,0.0,0.03,0.05,0.01,0.04,0.07,0.0,0.03,0.04,0.04,0.08,0.12,0.11,0.01,0.14,0.06,0.07,0.0,0.02
YDR316W-A,0.1,0.02,0.03,0.04,0.0,0.03,0.05,0.02,0.04,0.02,0.03,0.07,0.13,0.12,0.0,0.15,0.07,0.05,0.0,0.03
YER159C-A,0.1,0.02,0.03,0.04,0.0,0.03,0.05,0.02,0.04,0.02,0.03,0.07,0.13,0.12,0.0,0.15,0.07,0.05,0.0,0.03
YGR161C-C,0.1,0.02,0.03,0.04,0.0,0.03,0.05,0.02,0.04,0.02,0.03,0.07,0.13,0.12,0.0,0.15,0.07,0.05,0.0,0.03
YLR035C-B,0.1,0.02,0.03,0.04,0.0,0.03,0.05,0.02,0.04,0.02,0.03,0.07,0.13,0.12,0.0,0.15,0.07,0.05,0.0,0.03
YMR051C,0.1,0.02,0.03,0.04,0.0,0.03,0.05,0.02,0.04,0.02,0.03,0.07,0.13,0.12,0.0,0.15,0.07,0.05,0.0,0.03
YDR365W-A,0.1,0.03,0.02,0.06,0.0,0.03,0.05,0.01,0.04,0.02,0.03,0.06,0.13,0.12,0.0,0.16,0.08,0.05,0.0,0.01
YER137C-A,0.1,0.03,0.02,0.06,0.0,0.03,0.05,0.01,0.04,0.02,0.03,0.06,0.13,0.12,0.0,0.16,0.08,0.05,0.0,0.01
YLR157C-A,0.1,0.03,0.02,0.06,0.0,0.03,0.05,0.01,0.04,0.02,0.03,0.06,0.13,0.12,0.0,0.16,0.08,0.05,0.0,0.01
YPL257W-A,0.1,0.03,0.02,0.06,0.0,0.03,0.05,0.01,0.04,0.02,0.03,0.06,0.13,0.12,0.0,0.16,0.08,0.05,0.0,0.01
YJR026W,0.1,0.03,0.02,0.06,0.0,0.03,0.06,0.01,0.04,0.02,0.03,0.06,0.12,0.12,0.0,0.16,0.08,0.05,0.0,0.01
YLR227W-A,0.1,0.03,0.02,0.06,0.0,0.03,0.06,0.01,0.04,0.02,0.03,0.06,0.12,0.12,0.0,0.16,0.08,0.05,0.0,0.01
YML040W,0.1,0.03,0.02,0.06,0.0,0.03,0.06,0.01,0.04,0.02,0.03,0.06,0.12,0.12,0.0,0.16,0.08,0.05,0.0,0.01
YCL066W,0.06,0.01,0.01,0.02,0.08,0.01,0.02,0.09,0.16,0.05,0.02,0.07,0.05,0.05,0.08,0.13,0.04,0.03,0.0,0.02
YCL067C,0.01,0.02,0.06,0.1,0.03,0.01,0.0,0.1,0.11,0.14,0.02,0.07,0.04,0.03,0.05,0.09,0.09,0.03,0.0,0.0
YCR097W,0.03,0.01,0.03,0.09,0.04,0.02,0.04,0.1,0.1,0.09,0.03,0.13,0.02,0.04,0.05,0.09,0.05,0.02,0.0,0.02
YPR166C,0.05,0.02,0.03,0.04,0.09,0.03,0.01,0.06,0.09,0.12,0.03,0.09,0.05,0.05,0.12,0.04,0.03,0.03,0.0,0.02
YNL188W,0.03,0.0,0.09,0.04,0.05,0.03,0.02,0.06,0.08,0.02,0.02,0.17,0.04,0.03,0.06,0.12,0.08,0.02,0.0,0.04
YDR447C,0.05,0.01,0.04,0.07,0.02,0.05,0.01,0.06,0.11,0.1,0.02,0.03,0.03,0.05,0.12,0.06,0.07,0.06,0.0,0.04
YDR197W,0.05,0.01,0.03,0.03,0.02,0.02,0.01,0.08,0.07,0.12,0.03,0.1,0.08,0.04,0.04,0.15,0.02,0.07,0.0,0.03
YDR414C,0.04,0.0,0.02,0.04,0.09,0.02,0.04,0.12,0.03,0.14,0.02,0.05,0.06,0.05,0.06,0.05,0.06,0.06,0.03,0.02
YIL136W,0.14,0.0,0.03,0.08,0.0,0.08,0.01,0.07,0.09,0.07,0.02,0.03,0.04,0.07,0.06,0.1,0.02,0.06,0.0,0.03
YGL017W,0.06,0.06,0.07,0.03,0.05,0.07,0.04,0.04,0.06,0.05,0.08,0.07,0.03,0.01,0.07,0.05,0.03,0.06,0.02,0.05
YAL008W,0.07,0.0,0.01,0.03,0.06,0.11,0.0,0.04,0.07,0.11,0.04,0.1,0.05,0.04,0.08,0.04,0.05,0.08,0.01,0.01
YLR392C,0.03,0.0,0.05,0.04,0.06,0.06,0.01,0.07,0.07,0.08,0.07,0.07,0.06,0.07,0.02,0.12,0.04,0.04,0.01,0.03
YHR028C,0.0,0.0,0.06,0.09,0.03,0.05,0.04,0.08,0.09,0.12,0.01,0.08,0.05,0.03,0.03,0.07,0.05,0.07,0.02,0.03
YMR225C,0.05102040816326531,0.0,0.05102040816326531,0.061224489795918366,0.05102040816326531,0.02040816326530612,0.04081632653061224,0.061224489795918366,0.12244897959183673,0.07142857142857142,0.061224489795918366,0.061224489795918366,0.05102040816326531,0.05102040816326531,0.04081632653061224,0.05102040816326531,0.04081632653061224,0.08163265306122448,0.0,0.030612244897959183
YMR013C,0.03,0.04,0.03,0.05,0.09,0.05,0.01,0.1,0.05,0.05,0.04,0.04,0.03,0.05,0.04,0.06,0.09,0.11,0.01,0.03
YOR307C,0.01,0.01,0.03,0.04,0.06,0.04,0.02,0.1,0.07,0.07,0.01,0.05,0.06,0.08,0.05,0.13,0.07,0.04,0.01,0.05
YIL119C,0.01,0.01,0.04,0.07,0.02,0.02,0.0,0.06,0.05,0.07,0.02,0.18,0.05,0.02,0.03,0.25,0.05,0.01,0.01,0.03
YMR281W,0.04,0.01,0.03,0.03,0.07,0.03,0.03,0.12,0.08,0.1,0.03,0.07,0.06,0.02,0.04,0.07,0.05,0.06,0.0,0.06
YCR023C,0.06,0.02,0.03,0.03,0.09,0.06,0.02,0.05,0.05,0.08,0.03,0.02,0.04,0.05,0.05,0.12,0.04,0.09,0.02,0.05
YCR007C,0.04,0.01,0.06,0.04,0.09,0.02,0.03,0.08,0.04,0.13,0.04,0.07,0.04,0.02,0.0,0.1,0.06,0.09,0.0,0.04
YCL048W,0.06,0.03,0.04,0.06,0.08,0.03,0.06,0.08,0.05,0.12,0.01,0.08,0.06,0.03,0.06,0.08,0.03,0.04,0.0,0.0
YCL020W,0.08,0.0,0.03,0.05,0.01,0.04,0.06,0.0,0.03,0.04,0.04,0.08,0.12,0.11,0.02,0.14,0.06,0.07,0.0,0.02
YCL038C,0.05,0.02,0.05,0.03,0.06,0.05,0.02,0.07,0.05,0.07,0.02,0.08,0.03,0.03,0.02,0.14,0.05,0.09,0.01,0.06
YCL056C,0.03,0.04,0.06,0.04,0.04,0.06,0.0,0.08,0.16,0.13,0.01,0.06,0.0,0.01,0.02,0.08,0.01,0.11,0.04,0.02
YCL058C,0.05,0.04,0.02,0.02,0.11,0.02,0.01,0.09,0.03,0.1,0.02,0.02,0.02,0.01,0.03,0.2,0.05,0.1,0.01,0.05
YCR106W,0.05,0.06,0.05,0.06,0.02,0.03,0.01,0.03,0.08,0.11,0.01,0.07,0.04,0.07,0.08,0.09,0.04,0.07,0.01,0.02
YCR021C,0.1,0.01,0.04,0.04,0.14,0.07,0.03,0.04,0.02,0.12,0.03,0.06,0.03,0.01,0.04,0.05,0.06,0.05,0.03,0.03
YMR152W,0.04,0.02,0.09,0.04,0.02,0.05,0.02,0.08,0.07,0.04,0.02,0.07,0.03,0.02,0.03,0.09,0.08,0.11,0.01,0.07
YKL003C,0.05,0.0,0.05,0.05,0.03,0.04,0.02,0.11,0.1,0.11,0.04,0.03,0.04,0.03,0.08,0.08,0.03,0.08,0.0,0.03
YGL142C,0.08,0.0,0.01,0.06,0.1,0.04,0.04,0.05,0.05,0.16,0.02,0.01,0.03,0.03,0.06,0.05,0.06,0.06,0.05,0.04
YKL167C,0.03,0.01,0.04,0.04,0.05,0.04,0.04,0.06,0.11,0.1,0.03,0.06,0.05,0.06,0.05,0.06,0.06,0.07,0.01,0.03
YNL316C,0.08,0.01,0.07,0.04,0.04,0.03,0.01,0.05,0.04,0.11,0.02,0.05,0.07,0.07,0.04,0.1,0.07,0.06,0.0,0.04
YMR064W,0.06,0.02,0.04,0.05,0.03,0.02,0.04,0.11,0.11,0.08,0.02,0.02,0.09,0.04,0.04,0.05,0.07,0.06,0.02,0.03
YOR017W,0.07,0.02,0.06,0.08,0.03,0.07,0.02,0.05,0.07,0.08,0.03,0.05,0.03,0.03,0.08,0.09,0.06,0.03,0.0,0.05
YEL045C,0.12,0.07,0.0,0.0,0.16,0.03,0.04,0.04,0.04,0.11,0.01,0.01,0.04,0.02,0.06,0.08,0.07,0.03,0.01,0.06
YER132C,0.06,0.02,0.04,0.05,0.05,0.05,0.01,0.06,0.06,0.16,0.01,0.06,0.08,0.04,0.04,0.05,0.07,0.06,0.01,0.02
YDL167C,0.06,0.02,0.09,0.04,0.02,0.04,0.05,0.07,0.03,0.1,0.02,0.05,0.04,0.05,0.04,0.06,0.07,0.11,0.01,0.03
YJL044C,0.04,0.02,0.1,0.05,0.03,0.06,0.04,0.03,0.07,0.14,0.02,0.11,0.03,0.04,0.03,0.03,0.02,0.07,0.04,0.03
YKL039W,0.03,0.05,0.07,0.06,0.09,0.05,0.01,0.06,0.09,0.09,0.03,0.03,0.04,0.06,0.02,0.06,0.01,0.07,0.01,0.07
YKL037W,0.1,0.04,0.02,0.01,0.08,0.05,0.02,0.06,0.03,0.14,0.02,0.02,0.07,0.02,0.07,0.1,0.07,0.04,0.0,0.04
YCR024C-A,0.1,0.025,0.0,0.0,0.05,0.1,0.0,0.175,0.025,0.125,0.025,0.0,0.025,0.075,0.1,0.0,0.05,0.075,0.025,0.025
YJR095W,0.09,0.02,0.01,0.04,0.05,0.1,0.03,0.1,0.09,0.09,0.04,0.01,0.05,0.03,0.06,0.04,0.05,0.05,0.0,0.05
YER009W,0.04,0.0,0.08,0.05,0.07,0.04,0.01,0.04,0.03,0.12,0.03,0.07,0.04,0.11,0.04,0.07,0.08,0.05,0.0,0.03
YPR198W,0.07,0.02,0.03,0.03,0.05,0.07,0.01,0.12,0.03,0.2,0.04,0.03,0.0,0.0,0.01,0.09,0.08,0.08,0.02,0.02
YBL066C,0.02,0.06,0.08,0.03,0.04,0.02,0.1,0.05,0.09,0.02,0.02,0.04,0.07,0.15,0.07,0.1,0.02,0.02,0.0,0.0
YKL187C,0.08,0.01,0.04,0.02,0.03,0.06,0.02,0.16,0.06,0.11,0.03,0.05,0.05,0.01,0.02,0.07,0.1,0.05,0.01,0.02
YKL183W,0.03,0.03,0.03,0.04,0.06,0.08,0.01,0.09,0.07,0.09,0.02,0.1,0.06,0.05,0.03,0.09,0.05,0.02,0.01,0.04
YKL105C,0.09,0.0,0.02,0.01,0.01,0.06,0.02,0.05,0.04,0.06,0.04,0.12,0.03,0.06,0.1,0.15,0.08,0.02,0.0,0.04
YBL001C,0.05,0.02,0.09,0.06,0.02,0.08,0.05,0.1,0.08,0.06,0.03,0.0,0.04,0.02,0.04,0.06,0.08,0.09,0.01,0.02
YKL142W,0.03,0.0,0.08,0.11,0.05,0.03,0.01,0.06,0.11,0.13,0.01,0.03,0.0,0.08,0.04,0.11,0.05,0.07,0.0,0.0
YKL064W,0.01,0.0,0.12,0.03,0.03,0.05,0.05,0.05,0.1,0.09,0.02,0.05,0.05,0.07,0.06,0.14,0.04,0.02,0.01,0.01
YKL051W,0.06,0.02,0.02,0.02,0.09,0.08,0.02,0.11,0.04,0.09,0.04,0.02,0.08,0.06,0.02,0.06,0.02,0.04,0.06,0.05
YKL221W,0.08,0.01,0.06,0.06,0.07,0.12,0.04,0.07,0.03,0.1,0.01,0.09,0.02,0.0,0.02,0.08,0.03,0.03,0.02,0.06
YKL208W,0.03,0.0,0.03,0.07,0.04,0.06,0.01,0.04,0.11,0.1,0.01,0.07,0.03,0.02,0.04,0.14,0.03,0.07,0.02,0.08
YKL084W,0.05,0.1,0.08,0.06,0.04,0.03,0.06,0.07,0.06,0.07,0.02,0.05,0.05,0.02,0.04,0.05,0.03,0.04,0.01,0.07
YKL047W,0.05,0.02,0.06,0.06,0.05,0.07,0.01,0.11,0.09,0.06,0.02,0.09,0.05,0.03,0.0,0.07,0.07,0.06,0.01,0.02
YKR030W,0.06,0.0,0.05,0.03,0.06,0.05,0.02,0.06,0.04,0.07,0.03,0.07,0.07,0.09,0.1,0.06,0.04,0.02,0.02,0.06
YKR044W,0.05,0.0,0.07,0.03,0.05,0.05,0.05,0.09,0.04,0.12,0.01,0.05,0.03,0.07,0.07,0.08,0.06,0.05,0.01,0.02
YKR049C,0.02,0.03,0.07,0.01,0.05,0.03,0.02,0.05,0.08,0.1,0.03,0.03,0.06,0.11,0.07,0.08,0.07,0.05,0.02,0.02
YKR105C,0.08,0.02,0.04,0.05,0.03,0.1,0.0,0.1,0.02,0.14,0.02,0.04,0.02,0.03,0.02,0.12,0.06,0.05,0.02,0.04
YDR441C,0.07,0.01,0.03,0.1,0.11,0.1,0.02,0.09,0.08,0.1,0.01,0.01,0.06,0.03,0.04,0.04,0.05,0.04,0.0,0.01
YGR174C,0.03,0.0,0.05,0.07,0.03,0.06,0.01,0.06,0.07,0.11,0.02,0.02,0.06,0.1,0.07,0.08,0.05,0.04,0.04,0.03
YBL092W,0.06,0.0,0.03,0.03,0.04,0.05,0.08,0.06,0.15,0.05,0.02,0.05,0.04,0.02,0.08,0.07,0.07,0.06,0.01,0.03
YBR033W,0.04,0.07,0.03,0.06,0.02,0.08,0.05,0.03,0.12,0.03,0.02,0.04,0.05,0.05,0.13,0.08,0.03,0.06,0.0,0.01
YBR054W,0.07,0.01,0.04,0.02,0.08,0.06,0.02,0.07,0.05,0.09,0.04,0.06,0.06,0.01,0.05,0.05,0.06,0.09,0.02,0.05
YBR056W,0.04,0.01,0.07,0.07,0.05,0.06,0.02,0.06,0.11,0.1,0.02,0.04,0.04,0.03,0.03,0.1,0.05,0.04,0.01,0.05
YBR104W,0.05,0.0,0.04,0.08,0.05,0.08,0.0,0.04,0.06,0.13,0.01,0.04,0.05,0.06,0.05,0.03,0.13,0.09,0.0,0.01
YBR008C,0.01,0.03,0.1,0.1,0.01,0.04,0.01,0.04,0.05,0.07,0.01,0.07,0.08,0.03,0.05,0.12,0.07,0.05,0.02,0.04
YBR240C,0.04,0.07,0.03,0.03,0.02,0.03,0.02,0.05,0.15,0.06,0.02,0.04,0.04,0.04,0.11,0.14,0.03,0.04,0.02,0.02
YBR241C,0.07,0.03,0.04,0.07,0.04,0.11,0.03,0.1,0.02,0.1,0.02,0.03,0.04,0.05,0.03,0.08,0.07,0.02,0.01,0.04
YBR298C,0.07,0.0,0.1,0.13,0.02,0.06,0.02,0.04,0.08,0.1,0.05,0.08,0.05,0.02,0.03,0.08,0.03,0.02,0.0,0.02
YBR297W,0.05,0.08,0.06,0.02,0.02,0.03,0.02,0.07,0.14,0.08,0.03,0.03,0.06,0.03,0.07,0.04,0.04,0.06,0.01,0.06
YBL095W,0.09,0.0,0.05,0.06,0.05,0.05,0.02,0.06,0.07,0.11,0.03,0.03,0.07,0.05,0.04,0.07,0.05,0.08,0.01,0.01
YBL089W,0.09,0.05,0.01,0.01,0.08,0.09,0.01,0.06,0.05,0.14,0.03,0.03,0.06,0.02,0.02,0.08,0.06,0.09,0.0,0.02
YBL036C,0.06,0.01,0.06,0.09,0.02,0.05,0.03,0.08,0.1,0.1,0.01,0.06,0.02,0.05,0.03,0.05,0.04,0.09,0.01,0.04
YBR016W,0.03,0.0,0.01,0.02,0.0,0.12,0.03,0.0,0.02,0.0,0.01,0.1,0.08,0.31,0.02,0.06,0.02,0.02,0.0,0.15
YBR052C,0.11,0.0,0.05,0.12,0.06,0.06,0.0,0.09,0.1,0.05,0.01,0.03,0.04,0.01,0.01,0.04,0.07,0.06,0.02,0.07
YBR151W,0.08,0.04,0.07,0.11,0.04,0.04,0.04,0.08,0.11,0.06,0.01,0.03,0.04,0.06,0.02,0.1,0.04,0.02,0.01,0.0
YBR194W,0.02,0.0,0.05,0.08,0.01,0.07,0.03,0.03,0.1,0.08,0.01,0.1,0.06,0.05,0.1,0.09,0.03,0.05,0.01,0.03
YBR210W,0.07,0.03,0.04,0.03,0.07,0.05,0.01,0.09,0.04,0.17,0.01,0.07,0.02,0.02,0.02,0.07,0.05,0.07,0.01,0.06
YBR230C,0.12,0.05,0.04,0.04,0.04,0.04,0.06,0.01,0.07,0.11,0.01,0.1,0.02,0.03,0.02,0.1,0.02,0.08,0.0,0.04
YBR238C,0.09,0.0,0.0,0.02,0.05,0.05,0.1,0.04,0.04,0.05,0.03,0.18,0.1,0.06,0.01,0.04,0.07,0.04,0.0,0.03
YBR255W,0.04,0.0,0.06,0.07,0.02,0.05,0.03,0.06,0.08,0.09,0.03,0.07,0.05,0.06,0.04,0.09,0.11,0.04,0.0,0.01
YBR266C,0.03,0.08,0.0,0.01,0.13,0.04,0.01,0.05,0.02,0.13,0.02,0.04,0.01,0.01,0.04,0.32,0.03,0.02,0.01,0.0
YBR293W,0.07,0.03,0.02,0.0,0.09,0.11,0.0,0.1,0.02,0.12,0.03,0.06,0.02,0.03,0.04,0.12,0.08,0.02,0.01,0.03
YBR162W-A,0.06153846153846154,0.0,0.0,0.046153846153846156,0.03076923076923077,0.09230769230769231,0.0,0.06153846153846154,0.15384615384615385,0.13846153846153847,0.015384615384615385,0.06153846153846154,0.03076923076923077,0.046153846153846156,0.046153846153846156,0.03076923076923077,0.06153846153846154,0.06153846153846154,0.015384615384615385,0.046153846153846156
YHR039C,0.07,0.01,0.02,0.02,0.03,0.02,0.01,0.09,0.09,0.09,0.03,0.08,0.05,0.07,0.02,0.12,0.05,0.07,0.02,0.04
YHR002W,0.06,0.01,0.07,0.01,0.05,0.09,0.04,0.09,0.07,0.06,0.01,0.06,0.03,0.03,0.05,0.11,0.08,0.03,0.01,0.04
YHR019C,0.13,0.01,0.05,0.1,0.04,0.04,0.01,0.02,0.17,0.08,0.01,0.02,0.03,0.09,0.01,0.07,0.06,0.03,0.0,0.03
YHR091C,0.02,0.01,0.06,0.03,0.06,0.05,0.02,0.08,0.07,0.12,0.02,0.07,0.06,0.03,0.06,0.11,0.05,0.02,0.0,0.06
YHL036W,0.06,0.0,0.04,0.05,0.07,0.1,0.01,0.07,0.04,0.07,0.04,0.05,0.04,0.03,0.03,0.1,0.08,0.11,0.0,0.01
YHL029C,0.04,0.02,0.06,0.01,0.04,0.01,0.06,0.08,0.09,0.11,0.03,0.09,0.08,0.03,0.03,0.07,0.06,0.04,0.02,0.03
YHL028W,0.06,0.1,0.04,0.02,0.03,0.09,0.01,0.03,0.01,0.02,0.03,0.06,0.02,0.08,0.02,0.16,0.08,0.09,0.03,0.02
YHL017W,0.03,0.03,0.12,0.08,0.04,0.08,0.02,0.05,0.03,0.12,0.02,0.04,0.02,0.05,0.02,0.06,0.03,0.08,0.02,0.06
YHL014C,0.09,0.02,0.02,0.01,0.04,0.13,0.01,0.09,0.05,0.09,0.01,0.09,0.06,0.03,0.03,0.08,0.07,0.05,0.0,0.03
YHL008C,0.09,0.0,0.06,0.02,0.07,0.07,0.01,0.06,0.02,0.14,0.05,0.07,0.03,0.01,0.02,0.08,0.05,0.12,0.0,0.03
YHR032W,0.04,0.0,0.07,0.15,0.02,0.07,0.03,0.04,0.03,0.07,0.01,0.05,0.03,0.07,0.06,0.12,0.07,0.01,0.01,0.05
YHR038W,0.03,0.01,0.03,0.08,0.08,0.01,0.0,0.07,0.14,0.08,0.02,0.09,0.04,0.05,0.05,0.06,0.1,0.06,0.0,0.0
YHR048W,0.09,0.01,0.06,0.09,0.03,0.01,0.04,0.09,0.04,0.06,0.04,0.03,0.02,0.03,0.04,0.16,0.1,0.03,0.01,0.02
YHR067W,0.03,0.02,0.06,0.04,0.07,0.05,0.04,0.02,0.06,0.14,0.01,0.03,0.06,0.05,0.09,0.07,0.05,0.04,0.02,0.05
YHR087W,0.06,0.0,0.04,0.13,0.05,0.09,0.0,0.05,0.1,0.09,0.01,0.05,0.03,0.02,0.02,0.08,0.07,0.08,0.0,0.03
YHR097C,0.04,0.0,0.04,0.07,0.02,0.06,0.04,0.02,0.04,0.02,0.01,0.12,0.09,0.06,0.1,0.13,0.06,0.05,0.0,0.03
YHR103W,0.05,0.01,0.03,0.05,0.01,0.09,0.03,0.04,0.03,0.09,0.05,0.1,0.05,0.04,0.08,0.17,0.05,0.03,0.0,0.0
YHR110W,0.05,0.02,0.09,0.08,0.06,0.08,0.05,0.05,0.05,0.11,0.01,0.05,0.01,0.02,0.02,0.05,0.09,0.07,0.0,0.04
YHR136C,0.03,0.01,0.01,0.06,0.02,0.08,0.04,0.05,0.07,0.08,0.03,0.04,0.04,0.09,0.07,0.11,0.07,0.03,0.01,0.06
YHR140W,0.05,0.02,0.01,0.02,0.04,0.02,0.02,0.1,0.06,0.12,0.03,0.08,0.04,0.02,0.04,0.11,0.11,0.08,0.01,0.02
YHR150W,0.11,0.0,0.03,0.07,0.02,0.05,0.02,0.05,0.08,0.08,0.02,0.02,0.02,0.03,0.03,0.26,0.06,0.03,0.0,0.02
YHR151C,0.03,0.0,0.05,0.03,0.03,0.04,0.0,0.05,0.01,0.13,0.06,0.08,0.03,0.03,0.06,0.09,0.12,0.1,0.04,0.02
YHR156C,0.02,0.0,0.13,0.15,0.01,0.01,0.04,0.03,0.13,0.06,0.02,0.06,0.01,0.03,0.06,0.14,0.03,0.02,0.0,0.05
YHR159W,0.05,0.0,0.07,0.04,0.02,0.03,0.05,0.04,0.05,0.05,0.05,0.06,0.05,0.03,0.11,0.16,0.07,0.06,0.0,0.01
YHR185C,0.04,0.02,0.02,0.06,0.03,0.03,0.02,0.07,0.07,0.09,0.03,0.09,0.12,0.06,0.05,0.08,0.07,0.01,0.01,0.03
YHR198C,0.07,0.03,0.07,0.01,0.06,0.02,0.03,0.02,0.06,0.06,0.02,0.05,0.05,0.05,0.08,0.13,0.09,0.03,0.03,0.04
YHR199C,0.11,0.01,0.04,0.02,0.03,0.05,0.01,0.04,0.11,0.06,0.03,0.03,0.06,0.04,0.04,0.1,0.06,0.09,0.03,0.04
YDR079W,0.06,0.01,0.04,0.13,0.08,0.04,0.0,0.05,0.12,0.12,0.03,0.04,0.06,0.03,0.06,0.01,0.04,0.03,0.01,0.04
YOR266W,0.07,0.0,0.06,0.03,0.02,0.03,0.01,0.05,0.11,0.12,0.02,0.04,0.07,0.05,0.05,0.1,0.05,0.08,0.02,0.02
YNL270C,0.06,0.0,0.04,0.14,0.01,0.1,0.02,0.11,0.08,0.04,0.03,0.03,0.03,0.05,0.05,0.07,0.07,0.05,0.0,0.02
YJL174W,0.06,0.03,0.05,0.02,0.05,0.05,0.0,0.06,0.04,0.08,0.02,0.06,0.06,0.02,0.02,0.15,0.08,0.11,0.01,0.03
YER061C,0.02,0.01,0.02,0.07,0.03,0.06,0.0,0.07,0.06,0.12,0.01,0.08,0.05,0.02,0.07,0.13,0.1,0.04,0.01,0.03
YAR031W,0.04,0.01,0.06,0.05,0.07,0.02,0.04,0.04,0.1,0.09,0.03,0.05,0.04,0.04,0.05,0.11,0.04,0.04,0.01,0.07
YAL055W,0.07,0.01,0.04,0.06,0.0,0.06,0.01,0.08,0.11,0.05,0.03,0.03,0.07,0.03,0.05,0.1,0.07,0.08,0.01,0.04
YER007W,0.02,0.01,0.07,0.05,0.05,0.11,0.03,0.11,0.09,0.04,0.01,0.04,0.04,0.01,0.04,0.11,0.04,0.05,0.02,0.06
YER130C,0.04,0.01,0.06,0.07,0.04,0.02,0.01,0.06,0.03,0.09,0.01,0.17,0.02,0.04,0.05,0.09,0.1,0.04,0.0,0.05
YER087W,0.05,0.01,0.03,0.04,0.04,0.05,0.02,0.04,0.05,0.14,0.02,0.07,0.02,0.05,0.08,0.14,0.06,0.05,0.03,0.01
YEL064C,0.05,0.0,0.09,0.07,0.05,0.09,0.0,0.07,0.05,0.1,0.05,0.1,0.04,0.03,0.03,0.08,0.07,0.02,0.0,0.01
YEL059W,0.07,0.07,0.02,0.03,0.09,0.03,0.04,0.05,0.02,0.15,0.01,0.0,0.04,0.01,0.04,0.17,0.04,0.08,0.03,0.01
YEL017W,0.04,0.01,0.13,0.07,0.04,0.07,0.02,0.03,0.09,0.07,0.03,0.06,0.04,0.01,0.03,0.13,0.05,0.02,0.01,0.05
YEL007W,0.05,0.0,0.07,0.09,0.04,0.08,0.01,0.12,0.07,0.08,0.01,0.03,0.05,0.01,0.05,0.11,0.04,0.03,0.02,0.04
YEL001C,0.1,0.01,0.05,0.1,0.06,0.04,0.02,0.07,0.02,0.06,0.02,0.1,0.03,0.01,0.01,0.08,0.08,0.09,0.01,0.04
YER057C,0.12,0.01,0.04,0.05,0.05,0.02,0.02,0.08,0.06,0.07,0.02,0.1,0.04,0.03,0.01,0.09,0.05,0.11,0.0,0.03
YER060W,0.1,0.0,0.07,0.12,0.03,0.04,0.03,0.04,0.06,0.1,0.04,0.05,0.04,0.02,0.02,0.09,0.08,0.03,0.01,0.03
YER064C,0.06,0.0,0.07,0.09,0.06,0.05,0.04,0.07,0.1,0.07,0.01,0.04,0.01,0.05,0.05,0.09,0.08,0.02,0.01,0.03
YER077C,0.01,0.01,0.02,0.05,0.03,0.04,0.04,0.07,0.1,0.14,0.02,0.06,0.01,0.07,0.11,0.11,0.09,0.02,0.0,0.0
YER134C,0.06,0.03,0.08,0.04,0.03,0.07,0.02,0.09,0.08,0.09,0.02,0.02,0.07,0.01,0.03,0.03,0.08,0.07,0.02,0.06
YER185W,0.11,0.01,0.05,0.04,0.09,0.04,0.01,0.08,0.07,0.07,0.03,0.02,0.04,0.02,0.02,0.08,0.08,0.09,0.0,0.05
YNL214W,0.04,0.0,0.02,0.03,0.07,0.06,0.0,0.1,0.05,0.11,0.03,0.08,0.05,0.07,0.06,0.07,0.05,0.06,0.01,0.04
YNL213C,0.03,0.03,0.02,0.07,0.04,0.04,0.01,0.06,0.15,0.11,0.03,0.07,0.05,0.05,0.08,0.07,0.03,0.03,0.03,0.0
YIL057C,0.03,0.01,0.09,0.09,0.05,0.03,0.1,0.03,0.17,0.08,0.02,0.01,0.04,0.03,0.01,0.05,0.08,0.05,0.0,0.03
YMR140W,0.05,0.01,0.05,0.07,0.01,0.04,0.02,0.03,0.07,0.05,0.01,0.09,0.02,0.03,0.1,0.15,0.1,0.08,0.0,0.02
YJL094C,0.03,0.02,0.0,0.01,0.09,0.08,0.02,0.13,0.01,0.13,0.04,0.08,0.08,0.03,0.01,0.09,0.06,0.07,0.0,0.02
YDR006C,0.1,0.0,0.08,0.01,0.0,0.04,0.01,0.04,0.07,0.03,0.03,0.06,0.09,0.06,0.03,0.24,0.08,0.02,0.0,0.01
YNR004W,0.06,0.02,0.05,0.07,0.02,0.04,0.02,0.08,0.1,0.13,0.01,0.1,0.06,0.01,0.06,0.04,0.02,0.03,0.02,0.06
YJR061W,0.04,0.0,0.05,0.01,0.09,0.04,0.02,0.09,0.08,0.14,0.05,0.07,0.01,0.01,0.07,0.09,0.06,0.03,0.02,0.03
YIL166C,0.05,0.0,0.08,0.11,0.08,0.02,0.02,0.06,0.11,0.08,0.03,0.02,0.02,0.02,0.04,0.11,0.03,0.06,0.03,0.03
YIL158W,0.12,0.02,0.04,0.1,0.02,0.06,0.0,0.08,0.09,0.04,0.03,0.04,0.03,0.03,0.05,0.06,0.04,0.1,0.01,0.04
YIL135C,0.05,0.0,0.05,0.04,0.03,0.0,0.06,0.01,0.01,0.06,0.04,0.17,0.05,0.05,0.07,0.2,0.04,0.04,0.0,0.03
YIL134W,0.07,0.0,0.02,0.04,0.03,0.09,0.03,0.06,0.05,0.12,0.02,0.04,0.03,0.04,0.04,0.1,0.06,0.1,0.02,0.04
YIL108W,0.03,0.04,0.03,0.03,0.04,0.04,0.04,0.08,0.06,0.09,0.01,0.08,0.09,0.07,0.02,0.02,0.11,0.09,0.0,0.03
YIL052C,0.08,0.04,0.01,0.03,0.02,0.07,0.02,0.06,0.1,0.05,0.01,0.04,0.04,0.05,0.13,0.06,0.08,0.08,0.0,0.03
YIL041W,0.04,0.0,0.04,0.1,0.04,0.03,0.01,0.06,0.06,0.09,0.02,0.05,0.03,0.07,0.04,0.13,0.07,0.06,0.0,0.06
YIL023C,0.06,0.03,0.02,0.03,0.06,0.04,0.08,0.08,0.04,0.16,0.02,0.05,0.04,0.04,0.04,0.09,0.01,0.08,0.0,0.03
YIL020C,0.05,0.03,0.07,0.05,0.03,0.09,0.03,0.05,0.1,0.08,0.01,0.06,0.04,0.06,0.02,0.06,0.05,0.07,0.02,0.03
YIL019W,0.02,0.0,0.15,0.11,0.05,0.06,0.01,0.05,0.08,0.03,0.03,0.07,0.02,0.05,0.04,0.13,0.07,0.02,0.0,0.01
YIR001C,0.04,0.01,0.08,0.12,0.02,0.04,0.03,0.07,0.12,0.09,0.01,0.05,0.03,0.07,0.03,0.07,0.06,0.05,0.0,0.01
YIR014W,0.03,0.03,0.08,0.06,0.04,0.05,0.01,0.11,0.05,0.16,0.02,0.05,0.01,0.04,0.08,0.05,0.02,0.04,0.01,0.06
YDL107W,0.01,0.0,0.04,0.05,0.07,0.0,0.02,0.07,0.1,0.08,0.05,0.06,0.07,0.07,0.07,0.05,0.07,0.07,0.01,0.04
YDR351W,0.03,0.01,0.04,0.05,0.03,0.05,0.01,0.03,0.1,0.1,0.02,0.08,0.05,0.03,0.06,0.18,0.08,0.04,0.0,0.01
YNL328C,0.08,0.0,0.03,0.06,0.02,0.06,0.01,0.1,0.06,0.15,0.03,0.07,0.05,0.02,0.05,0.06,0.06,0.05,0.01,0.03
YGR207C,0.07,0.02,0.06,0.06,0.03,0.05,0.01,0.12,0.11,0.07,0.01,0.04,0.03,0.04,0.05,0.09,0.05,0.09,0.0,0.0
YJL111W,0.09,0.01,0.07,0.03,0.01,0.09,0.01,0.09,0.06,0.09,0.01,0.05,0.04,0.06,0.01,0.08,0.11,0.09,0.0,0.0
YFL055W,0.1,0.01,0.07,0.05,0.03,0.11,0.01,0.09,0.07,0.12,0.01,0.05,0.05,0.01,0.04,0.05,0.03,0.08,0.0,0.02
YFL046W,0.06,0.01,0.07,0.05,0.06,0.05,0.04,0.06,0.06,0.12,0.02,0.04,0.02,0.07,0.08,0.05,0.07,0.06,0.0,0.01
YFL040W,0.04,0.03,0.01,0.03,0.07,0.07,0.0,0.1,0.08,0.1,0.07,0.03,0.06,0.04,0.03,0.04,0.11,0.04,0.01,0.04
YFR041C,0.03,0.0,0.02,0.05,0.04,0.03,0.01,0.05,0.13,0.14,0.02,0.09,0.05,0.04,0.03,0.09,0.07,0.03,0.01,0.07
YFR048W,0.09,0.0,0.05,0.02,0.03,0.07,0.02,0.06,0.05,0.03,0.04,0.06,0.09,0.03,0.09,0.19,0.04,0.03,0.0,0.01
YGL170C,0.04,0.0,0.09,0.1,0.03,0.06,0.04,0.03,0.11,0.07,0.03,0.1,0.06,0.03,0.02,0.13,0.04,0.01,0.0,0.01
YGL168W,0.01,0.01,0.01,0.04,0.09,0.04,0.03,0.09,0.08,0.12,0.05,0.07,0.02,0.02,0.0,0.13,0.08,0.08,0.0,0.03
YJL116C,0.12,0.01,0.08,0.05,0.03,0.04,0.04,0.04,0.06,0.05,0.01,0.02,0.05,0.03,0.01,0.17,0.1,0.08,0.0,0.01
YJL185C,0.06,0.02,0.07,0.13,0.05,0.02,0.02,0.08,0.01,0.08,0.01,0.08,0.04,0.02,0.06,0.15,0.03,0.06,0.0,0.01
YJL170C,0.05,0.05,0.03,0.09,0.08,0.02,0.04,0.03,0.07,0.1,0.03,0.03,0.08,0.05,0.01,0.04,0.04,0.05,0.06,0.05
YJL162C,0.05,0.01,0.07,0.06,0.02,0.02,0.06,0.05,0.14,0.12,0.01,0.02,0.03,0.04,0.04,0.09,0.08,0.04,0.0,0.05
YJL160C,0.07,0.0,0.03,0.03,0.03,0.06,0.02,0.06,0.07,0.07,0.02,0.02,0.08,0.08,0.02,0.09,0.12,0.09,0.01,0.03
YJL147C,0.02,0.0,0.03,0.08,0.03,0.03,0.04,0.03,0.1,0.17,0.01,0.09,0.03,0.04,0.06,0.11,0.05,0.06,0.0,0.02
YJL131C,0.08,0.01,0.04,0.03,0.06,0.02,0.02,0.04,0.12,0.08,0.03,0.07,0.04,0.03,0.1,0.08,0.07,0.04,0.01,0.03
YJL051W,0.09,0.04,0.02,0.02,0.09,0.08,0.04,0.11,0.04,0.12,0.02,0.04,0.03,0.0,0.01,0.08,0.06,0.07,0.0,0.04
YJL023C,0.04,0.01,0.05,0.05,0.04,0.05,0.01,0.07,0.1,0.11,0.01,0.05,0.06,0.03,0.04,0.12,0.08,0.06,0.01,0.01
YJL003W,0.05,0.01,0.03,0.1,0.09,0.06,0.01,0.06,0.1,0.1,0.01,0.02,0.02,0.06,0.08,0.09,0.02,0.03,0.01,0.05
YJR003C,0.05,0.0,0.06,0.04,0.02,0.01,0.07,0.09,0.07,0.12,0.04,0.09,0.05,0.01,0.05,0.12,0.04,0.04,0.0,0.03
YJR008W,0.08,0.02,0.01,0.03,0.03,0.05,0.06,0.1,0.04,0.1,0.02,0.05,0.06,0.04,0.06,0.1,0.05,0.02,0.01,0.07
YJR028W,0.1,0.03,0.02,0.06,0.0,0.03,0.07,0.01,0.04,0.02,0.03,0.06,0.09,0.13,0.0,0.17,0.09,0.04,0.0,0.01
YJR044C,0.06,0.02,0.04,0.01,0.1,0.06,0.04,0.08,0.03,0.16,0.04,0.05,0.05,0.02,0.0,0.09,0.06,0.05,0.0,0.04
YJR080C,0.04,0.02,0.04,0.04,0.02,0.01,0.02,0.11,0.08,0.1,0.01,0.08,0.04,0.03,0.06,0.12,0.06,0.07,0.03,0.02
YJR100C,0.05,0.01,0.01,0.06,0.07,0.04,0.02,0.11,0.07,0.05,0.03,0.08,0.04,0.03,0.08,0.08,0.09,0.07,0.0,0.01
YJR111C,0.08,0.01,0.02,0.04,0.06,0.0,0.03,0.06,0.06,0.14,0.04,0.08,0.05,0.1,0.04,0.05,0.06,0.02,0.01,0.05
YJR116W,0.06,0.0,0.02,0.02,0.1,0.01,0.05,0.07,0.04,0.12,0.03,0.06,0.06,0.02,0.02,0.09,0.11,0.1,0.0,0.02
YJR118C,0.07,0.01,0.01,0.01,0.12,0.03,0.01,0.07,0.02,0.19,0.02,0.09,0.03,0.06,0.03,0.05,0.07,0.08,0.0,0.03
YJR129C,0.04,0.03,0.08,0.11,0.04,0.03,0.03,0.06,0.09,0.12,0.03,0.04,0.02,0.02,0.03,0.04,0.05,0.05,0.01,0.08
YJR133W,0.07,0.01,0.04,0.06,0.02,0.09,0.02,0.15,0.06,0.09,0.03,0.07,0.03,0.05,0.06,0.04,0.04,0.03,0.01,0.03
YJR134C,0.09,0.0,0.11,0.07,0.0,0.04,0.02,0.04,0.08,0.06,0.01,0.07,0.04,0.01,0.06,0.15,0.06,0.09,0.0,0.0
YJR147W,0.05,0.01,0.06,0.03,0.09,0.04,0.03,0.07,0.07,0.08,0.02,0.07,0.03,0.07,0.03,0.09,0.04,0.07,0.02,0.03
YJR149W,0.09,0.02,0.07,0.05,0.05,0.03,0.01,0.07,0.06,0.11,0.06,0.05,0.03,0.06,0.05,0.08,0.02,0.07,0.0,0.02
YJR161C,0.01,0.03,0.02,0.05,0.07,0.02,0.0,0.07,0.08,0.19,0.02,0.04,0.05,0.03,0.03,0.12,0.01,0.08,0.05,0.03
YPL040C,0.03,0.0,0.03,0.09,0.07,0.02,0.03,0.07,0.12,0.14,0.01,0.05,0.06,0.04,0.06,0.07,0.05,0.02,0.0,0.04
YNL300W,0.16,0.0,0.03,0.01,0.03,0.06,0.01,0.05,0.04,0.02,0.04,0.01,0.02,0.02,0.0,0.16,0.22,0.09,0.0,0.03
YNL295W,0.06,0.03,0.07,0.07,0.01,0.1,0.03,0.02,0.08,0.07,0.04,0.04,0.03,0.05,0.11,0.09,0.03,0.04,0.0,0.03
YGR224W,0.08,0.0,0.03,0.08,0.03,0.04,0.0,0.06,0.08,0.1,0.03,0.05,0.02,0.09,0.02,0.13,0.04,0.07,0.0,0.05
YMR019W,0.08,0.03,0.05,0.06,0.04,0.04,0.03,0.09,0.09,0.08,0.02,0.05,0.0,0.03,0.1,0.05,0.06,0.07,0.01,0.02
YDL049C,0.09,0.03,0.06,0.05,0.06,0.02,0.01,0.05,0.03,0.09,0.04,0.06,0.03,0.03,0.02,0.07,0.12,0.1,0.01,0.03
YDR350C,0.02,0.04,0.01,0.04,0.04,0.05,0.02,0.04,0.09,0.12,0.03,0.04,0.06,0.06,0.07,0.11,0.07,0.06,0.0,0.03
YNR075W,0.04,0.02,0.01,0.05,0.04,0.04,0.01,0.08,0.02,0.18,0.02,0.03,0.04,0.04,0.04,0.13,0.06,0.05,0.07,0.03
YGR213C,0.07,0.03,0.02,0.03,0.1,0.08,0.01,0.05,0.06,0.11,0.02,0.02,0.04,0.01,0.05,0.08,0.05,0.1,0.0,0.07
YGL258W,0.06,0.02,0.03,0.04,0.09,0.09,0.02,0.04,0.03,0.1,0.02,0.04,0.03,0.03,0.03,0.08,0.13,0.09,0.01,0.02
YGL250W,0.05,0.01,0.11,0.18,0.03,0.03,0.01,0.03,0.05,0.09,0.04,0.05,0.04,0.03,0.03,0.05,0.06,0.08,0.0,0.03
YGL186C,0.09,0.0,0.05,0.07,0.02,0.06,0.03,0.07,0.08,0.06,0.03,0.05,0.02,0.02,0.07,0.1,0.1,0.04,0.02,0.02
YGL121C,0.06,0.0,0.07,0.12,0.03,0.02,0.02,0.03,0.03,0.15,0.03,0.04,0.03,0.02,0.06,0.07,0.08,0.08,0.02,0.04
YGL108C,0.06,0.01,0.04,0.07,0.01,0.03,0.01,0.01,0.2,0.05,0.02,0.03,0.06,0.06,0.06,0.08,0.13,0.06,0.0,0.01
YGL104C,0.05,0.04,0.03,0.04,0.03,0.06,0.02,0.11,0.05,0.09,0.03,0.05,0.05,0.06,0.04,0.11,0.03,0.05,0.01,0.05
YGL096W,0.02,0.0,0.0,0.06,0.05,0.03,0.02,0.09,0.02,0.05,0.02,0.13,0.13,0.07,0.07,0.08,0.04,0.09,0.0,0.03
YGL082W,0.07,0.01,0.04,0.04,0.02,0.07,0.01,0.07,0.04,0.16,0.02,0.08,0.03,0.11,0.03,0.03,0.07,0.08,0.0,0.02
YGL056C,0.01,0.0,0.04,0.06,0.0,0.01,0.04,0.02,0.04,0.13,0.02,0.13,0.05,0.06,0.02,0.22,0.11,0.02,0.01,0.01
YGR001C,0.12,0.0,0.12,0.13,0.05,0.02,0.01,0.04,0.08,0.09,0.02,0.02,0.01,0.07,0.01,0.09,0.04,0.03,0.02,0.03
YGR004W,0.05,0.0,0.03,0.08,0.02,0.02,0.01,0.07,0.05,0.13,0.01,0.08,0.04,0.02,0.06,0.15,0.08,0.06,0.01,0.03
YGR065C,0.04,0.0,0.09,0.11,0.03,0.01,0.06,0.03,0.09,0.06,0.01,0.04,0.05,0.01,0.06,0.1,0.06,0.05,0.03,0.07
YGR067C,0.05,0.04,0.06,0.03,0.05,0.05,0.06,0.05,0.08,0.07,0.03,0.0,0.04,0.04,0.09,0.11,0.05,0.08,0.0,0.02
YGR077C,0.05,0.0,0.06,0.06,0.06,0.01,0.02,0.06,0.04,0.15,0.01,0.02,0.06,0.04,0.06,0.06,0.04,0.12,0.02,0.06
YGR089W,0.05,0.03,0.03,0.05,0.11,0.01,0.05,0.06,0.11,0.12,0.02,0.04,0.02,0.04,0.03,0.1,0.07,0.06,0.0,0.0
YGR096W,0.09,0.0,0.02,0.04,0.05,0.09,0.0,0.06,0.07,0.11,0.04,0.04,0.04,0.04,0.05,0.11,0.05,0.05,0.02,0.03
YGR131W,0.11,0.03,0.03,0.0,0.09,0.06,0.02,0.1,0.02,0.14,0.02,0.06,0.01,0.01,0.03,0.08,0.07,0.08,0.01,0.03
YGR141W,0.02,0.01,0.07,0.07,0.03,0.02,0.03,0.07,0.05,0.12,0.02,0.04,0.09,0.03,0.06,0.1,0.05,0.06,0.02,0.04
YGR161C,0.09,0.01,0.02,0.11,0.0,0.0,0.01,0.05,0.08,0.06,0.05,0.05,0.05,0.04,0.14,0.13,0.05,0.06,0.0,0.0
YGR212W,0.03,0.03,0.04,0.09,0.07,0.02,0.05,0.07,0.08,0.15,0.01,0.07,0.02,0.05,0.04,0.05,0.03,0.04,0.01,0.05
YGR248W,0.05,0.01,0.06,0.07,0.09,0.05,0.02,0.07,0.09,0.09,0.02,0.05,0.05,0.06,0.03,0.07,0.02,0.06,0.02,0.02
YGR283C,0.07,0.02,0.05,0.08,0.02,0.02,0.03,0.09,0.16,0.07,0.02,0.05,0.01,0.04,0.02,0.08,0.07,0.08,0.0,0.02
YGR288W,0.05,0.09,0.05,0.02,0.0,0.03,0.01,0.06,0.1,0.1,0.01,0.03,0.06,0.06,0.12,0.07,0.06,0.04,0.0,0.04
YPR003C,0.03,0.01,0.08,0.02,0.04,0.05,0.0,0.01,0.02,0.02,0.02,0.19,0.05,0.01,0.08,0.16,0.14,0.04,0.0,0.03
YMR016C,0.01,0.0,0.01,0.04,0.01,0.03,0.0,0.04,0.01,0.03,0.05,0.06,0.09,0.28,0.02,0.15,0.03,0.06,0.01,0.07
YNR021W,0.06,0.01,0.03,0.03,0.11,0.06,0.01,0.04,0.05,0.12,0.02,0.09,0.02,0.05,0.04,0.1,0.03,0.06,0.02,0.05
YNR022C,0.04,0.02,0.03,0.09,0.03,0.02,0.06,0.02,0.1,0.13,0.03,0.06,0.02,0.09,0.05,0.04,0.06,0.07,0.0,0.04
YNR039C,0.1,0.0,0.04,0.07,0.07,0.04,0.0,0.05,0.02,0.04,0.03,0.14,0.07,0.04,0.02,0.18,0.04,0.03,0.0,0.02
YNR056C,0.07,0.02,0.03,0.04,0.09,0.09,0.02,0.1,0.02,0.1,0.04,0.03,0.02,0.0,0.06,0.14,0.01,0.07,0.03,0.02
YNR065C,0.02,0.0,0.1,0.07,0.05,0.11,0.02,0.06,0.02,0.07,0.02,0.05,0.05,0.03,0.03,0.09,0.07,0.04,0.03,0.07
YNR066C,0.03,0.02,0.06,0.1,0.06,0.03,0.03,0.1,0.03,0.13,0.01,0.04,0.04,0.03,0.02,0.11,0.04,0.08,0.03,0.01
YNL279W,0.03,0.02,0.03,0.06,0.03,0.05,0.02,0.08,0.07,0.18,0.05,0.04,0.01,0.03,0.01,0.1,0.07,0.04,0.01,0.07
YNL254C,0.06,0.0,0.09,0.05,0.03,0.09,0.03,0.05,0.12,0.08,0.02,0.04,0.03,0.02,0.07,0.11,0.04,0.06,0.0,0.01
YNL187W,0.02,0.03,0.08,0.04,0.08,0.06,0.01,0.06,0.04,0.1,0.02,0.08,0.04,0.04,0.06,0.08,0.04,0.07,0.01,0.04
YNL181W,0.08,0.01,0.03,0.07,0.0,0.09,0.01,0.07,0.07,0.1,0.03,0.02,0.04,0.03,0.04,0.04,0.1,0.07,0.04,0.06
YNL176C,0.02,0.0,0.05,0.04,0.02,0.03,0.01,0.03,0.0,0.09,0.01,0.03,0.05,0.03,0.02,0.3,0.18,0.06,0.0,0.03
YNL173C,0.02,0.0,0.08,0.07,0.09,0.07,0.0,0.07,0.09,0.05,0.02,0.04,0.08,0.04,0.01,0.09,0.07,0.06,0.03,0.02
YNL164C,0.09,0.0,0.06,0.07,0.02,0.06,0.01,0.04,0.06,0.11,0.06,0.07,0.05,0.08,0.03,0.09,0.05,0.05,0.0,0.0
YNL156C,0.03,0.01,0.08,0.08,0.02,0.03,0.02,0.06,0.06,0.08,0.01,0.06,0.05,0.02,0.06,0.17,0.06,0.05,0.0,0.05
YNL133C,0.05,0.0,0.04,0.11,0.03,0.03,0.0,0.02,0.15,0.08,0.01,0.07,0.01,0.07,0.1,0.11,0.03,0.05,0.0,0.04
YNL125C,0.07,0.01,0.09,0.05,0.03,0.01,0.02,0.05,0.06,0.06,0.02,0.08,0.03,0.02,0.04,0.23,0.06,0.06,0.0,0.01
YNL056W,0.0,0.0,0.06,0.06,0.04,0.03,0.04,0.09,0.06,0.11,0.04,0.04,0.07,0.04,0.05,0.09,0.02,0.07,0.0,0.09
YNL042W,0.04,0.0,0.04,0.07,0.05,0.03,0.03,0.06,0.1,0.1,0.03,0.12,0.03,0.05,0.01,0.13,0.04,0.03,0.01,0.03
YNL038W,0.01,0.01,0.02,0.06,0.08,0.04,0.02,0.12,0.09,0.1,0.02,0.08,0.01,0.04,0.08,0.05,0.05,0.08,0.0,0.04
YNL029C,0.06,0.04,0.05,0.03,0.06,0.04,0.01,0.07,0.03,0.12,0.05,0.08,0.04,0.02,0.05,0.06,0.08,0.07,0.0,0.04
YNL024C,0.02,0.04,0.04,0.08,0.04,0.18,0.02,0.04,0.09,0.17,0.01,0.01,0.03,0.02,0.01,0.06,0.04,0.08,0.01,0.01
YML052W,0.06,0.02,0.06,0.01,0.04,0.07,0.03,0.07,0.02,0.11,0.02,0.09,0.06,0.02,0.03,0.04,0.09,0.09,0.04,0.03
YMR316W,0.04,0.02,0.05,0.09,0.08,0.07,0.01,0.08,0.08,0.08,0.04,0.06,0.06,0.04,0.06,0.09,0.02,0.01,0.0,0.02
YDR525W-A,0.0759493670886076,0.012658227848101266,0.05063291139240506,0.0379746835443038,0.11392405063291139,0.05063291139240506,0.05063291139240506,0.0759493670886076,0.02531645569620253,0.16455696202531644,0.012658227848101266,0.0379746835443038,0.05063291139240506,0.0,0.0379746835443038,0.0759493670886076,0.012658227848101266,0.0379746835443038,0.02531645569620253,0.05063291139240506
YER056C-A,0.08,0.04,0.01,0.03,0.02,0.07,0.02,0.07,0.1,0.05,0.01,0.04,0.04,0.05,0.13,0.06,0.08,0.07,0.0,0.03
YER093C-A,0.12,0.01,0.01,0.05,0.09,0.03,0.0,0.08,0.08,0.08,0.04,0.02,0.03,0.04,0.08,0.08,0.07,0.04,0.01,0.04
YMR182C,0.05,0.04,0.06,0.02,0.04,0.03,0.05,0.03,0.07,0.06,0.04,0.1,0.04,0.06,0.12,0.09,0.04,0.04,0.0,0.02
YKL087C,0.05,0.02,0.08,0.09,0.01,0.04,0.03,0.02,0.07,0.04,0.04,0.08,0.08,0.06,0.04,0.09,0.07,0.03,0.03,0.03
YPR005C,0.02,0.02,0.09,0.07,0.09,0.09,0.03,0.02,0.06,0.06,0.02,0.07,0.02,0.01,0.01,0.09,0.07,0.09,0.0,0.07
YPL013C,0.07,0.01,0.05,0.03,0.02,0.07,0.0,0.06,0.1,0.08,0.01,0.04,0.07,0.01,0.1,0.04,0.06,0.13,0.02,0.03
YER058W,0.07,0.01,0.03,0.13,0.02,0.05,0.03,0.03,0.11,0.06,0.04,0.02,0.03,0.04,0.08,0.06,0.08,0.08,0.0,0.03
YJR034W,0.06,0.07,0.07,0.08,0.03,0.04,0.01,0.04,0.12,0.09,0.05,0.05,0.06,0.06,0.05,0.03,0.03,0.04,0.0,0.02
YPL105C,0.14,0.0,0.05,0.02,0.04,0.04,0.01,0.06,0.01,0.07,0.03,0.12,0.08,0.04,0.02,0.16,0.05,0.05,0.0,0.01
YPL098C,0.06,0.01,0.03,0.02,0.05,0.14,0.01,0.06,0.03,0.08,0.06,0.04,0.08,0.08,0.03,0.09,0.06,0.04,0.01,0.02
YPL109C,0.03,0.01,0.03,0.05,0.08,0.02,0.02,0.08,0.1,0.08,0.02,0.06,0.05,0.04,0.07,0.12,0.05,0.01,0.01,0.07
YPL130W,0.05,0.01,0.09,0.09,0.04,0.04,0.0,0.1,0.09,0.12,0.03,0.04,0.02,0.03,0.02,0.08,0.06,0.06,0.0,0.03
YPL041C,0.01,0.01,0.03,0.03,0.09,0.06,0.01,0.03,0.06,0.13,0.05,0.05,0.07,0.04,0.11,0.08,0.1,0.03,0.0,0.01
YMR097C,0.03,0.0,0.05,0.04,0.05,0.03,0.03,0.07,0.1,0.08,0.06,0.05,0.07,0.02,0.09,0.05,0.06,0.08,0.0,0.04
YMR098C,0.02,0.01,0.02,0.07,0.06,0.05,0.06,0.06,0.13,0.08,0.03,0.07,0.06,0.01,0.03,0.07,0.08,0.04,0.01,0.04
YMR285C,0.08,0.01,0.09,0.07,0.02,0.03,0.04,0.04,0.16,0.05,0.03,0.02,0.08,0.05,0.06,0.04,0.03,0.1,0.0,0.0
YMR289W,0.05,0.01,0.11,0.09,0.04,0.06,0.02,0.05,0.04,0.08,0.03,0.06,0.05,0.04,0.07,0.07,0.03,0.04,0.02,0.04
YDR492W,0.05,0.03,0.04,0.06,0.05,0.02,0.02,0.06,0.08,0.08,0.01,0.06,0.02,0.04,0.05,0.06,0.1,0.09,0.03,0.05
YDL001W,0.05,0.0,0.07,0.05,0.01,0.03,0.02,0.02,0.07,0.09,0.02,0.06,0.07,0.09,0.09,0.12,0.09,0.03,0.0,0.02
YDR210W,0.0,0.09333333333333334,0.02666666666666667,0.04,0.013333333333333334,0.10666666666666667,0.0,0.0,0.02666666666666667,0.08,0.013333333333333334,0.013333333333333334,0.12,0.28,0.0,0.04,0.0,0.04,0.0,0.10666666666666667
YDR210W-A,0.08,0.0,0.03,0.06,0.01,0.04,0.07,0.0,0.03,0.03,0.04,0.08,0.12,0.11,0.01,0.14,0.06,0.07,0.0,0.02
YMR266W,0.03,0.0,0.02,0.04,0.07,0.05,0.0,0.07,0.08,0.1,0.01,0.08,0.05,0.06,0.02,0.1,0.11,0.07,0.02,0.02
YMR269W,0.06,0.0,0.06,0.08,0.04,0.12,0.02,0.03,0.11,0.08,0.01,0.06,0.03,0.01,0.05,0.09,0.03,0.05,0.04,0.03
YMR211W,0.04,0.0,0.05,0.06,0.05,0.05,0.04,0.05,0.07,0.07,0.01,0.06,0.01,0.09,0.03,0.1,0.08,0.08,0.01,0.05
YMR002W,0.15,0.0,0.01,0.01,0.02,0.11,0.03,0.03,0.0,0.01,0.05,0.02,0.09,0.13,0.07,0.14,0.08,0.04,0.0,0.01
YMR003W,0.03,0.01,0.02,0.02,0.05,0.06,0.03,0.05,0.09,0.16,0.02,0.03,0.04,0.07,0.07,0.12,0.05,0.05,0.0,0.03
YML038C,0.06,0.01,0.03,0.0,0.1,0.08,0.02,0.06,0.06,0.13,0.02,0.07,0.04,0.01,0.04,0.06,0.05,0.08,0.04,0.04
YDR248C,0.09,0.01,0.08,0.07,0.03,0.07,0.04,0.07,0.12,0.08,0.03,0.02,0.04,0.0,0.02,0.06,0.08,0.06,0.02,0.01
YMR156C,0.03,0.01,0.08,0.01,0.08,0.03,0.04,0.12,0.07,0.07,0.01,0.07,0.07,0.03,0.02,0.11,0.07,0.05,0.01,0.02
YMR157C,0.04,0.03,0.04,0.04,0.06,0.04,0.01,0.05,0.12,0.12,0.01,0.03,0.06,0.03,0.06,0.11,0.06,0.08,0.0,0.01
YMR158W,0.04,0.03,0.04,0.01,0.03,0.04,0.02,0.04,0.09,0.13,0.02,0.06,0.05,0.06,0.05,0.11,0.06,0.07,0.01,0.04
YDR098C-A,0.1,0.02,0.03,0.04,0.0,0.03,0.05,0.02,0.04,0.02,0.03,0.07,0.13,0.12,0.0,0.15,0.07,0.05,0.0,0.03
YMR123W,0.07,0.01,0.08,0.06,0.07,0.02,0.03,0.1,0.07,0.14,0.01,0.06,0.02,0.01,0.01,0.07,0.05,0.06,0.04,0.02
YDR131C,0.02,0.02,0.08,0.06,0.08,0.02,0.02,0.09,0.07,0.06,0.02,0.08,0.03,0.03,0.05,0.08,0.05,0.03,0.02,0.09
YDR170W-A,0.1,0.02,0.02,0.06,0.01,0.03,0.05,0.03,0.03,0.03,0.03,0.04,0.12,0.15,0.01,0.13,0.08,0.05,0.0,0.01
YDR184C,0.04,0.01,0.16,0.05,0.03,0.02,0.05,0.04,0.03,0.13,0.04,0.11,0.01,0.06,0.02,0.08,0.1,0.02,0.0,0.0
YDR186C,0.07,0.0,0.07,0.02,0.03,0.01,0.02,0.07,0.07,0.11,0.03,0.07,0.03,0.05,0.07,0.11,0.07,0.05,0.0,0.05
YDR438W,0.04,0.01,0.03,0.06,0.06,0.03,0.02,0.06,0.02,0.16,0.02,0.05,0.05,0.03,0.06,0.09,0.08,0.08,0.02,0.03
YML101C,0.08,0.01,0.06,0.05,0.02,0.03,0.03,0.03,0.05,0.04,0.05,0.04,0.1,0.04,0.08,0.07,0.06,0.15,0.0,0.01
YMR040W,0.05,0.0,0.02,0.01,0.05,0.03,0.0,0.12,0.04,0.12,0.05,0.05,0.04,0.03,0.09,0.08,0.04,0.09,0.02,0.07
YMR046C,0.09,0.02,0.02,0.06,0.0,0.03,0.05,0.03,0.03,0.04,0.03,0.05,0.1,0.15,0.01,0.15,0.08,0.05,0.0,0.01
YMR126C,0.08,0.02,0.03,0.02,0.09,0.05,0.02,0.12,0.06,0.11,0.02,0.03,0.05,0.01,0.05,0.11,0.02,0.08,0.01,0.02
YML011C,0.01,0.02,0.09,0.12,0.04,0.01,0.01,0.08,0.06,0.12,0.03,0.06,0.04,0.02,0.04,0.05,0.07,0.1,0.01,0.02
YML006C,0.01,0.0,0.08,0.07,0.06,0.05,0.04,0.09,0.07,0.15,0.01,0.09,0.02,0.03,0.04,0.06,0.02,0.04,0.02,0.05
YMR088C,0.07,0.0,0.03,0.09,0.07,0.03,0.01,0.05,0.05,0.15,0.02,0.05,0.08,0.04,0.02,0.11,0.07,0.02,0.02,0.02
YMR195W,0.08,0.01,0.08,0.06,0.06,0.03,0.03,0.0,0.04,0.07,0.03,0.12,0.05,0.04,0.02,0.1,0.06,0.07,0.0,0.05
YDR031W,0.02,0.08,0.08,0.1,0.02,0.04,0.01,0.09,0.08,0.07,0.05,0.06,0.04,0.04,0.06,0.06,0.03,0.05,0.0,0.02
YDR520C,0.05,0.05,0.06,0.04,0.03,0.05,0.01,0.05,0.1,0.03,0.02,0.1,0.07,0.01,0.11,0.11,0.05,0.04,0.0,0.02
YDR527W,0.04,0.01,0.08,0.1,0.01,0.06,0.01,0.05,0.13,0.07,0.02,0.06,0.03,0.06,0.03,0.11,0.07,0.04,0.01,0.01
YDR528W,0.06,0.01,0.04,0.06,0.07,0.02,0.02,0.03,0.03,0.05,0.04,0.05,0.15,0.03,0.07,0.17,0.05,0.03,0.0,0.02
YML087C,0.03,0.04,0.01,0.02,0.08,0.03,0.0,0.06,0.07,0.12,0.01,0.05,0.05,0.02,0.05,0.09,0.09,0.1,0.02,0.06
YDR115W,0.04,0.01,0.0,0.0,0.07,0.08,0.0,0.03,0.1,0.13,0.03,0.02,0.07,0.06,0.13,0.14,0.06,0.01,0.01,0.01
YDR119W,0.06,0.0,0.07,0.09,0.01,0.03,0.01,0.07,0.13,0.08,0.01,0.07,0.07,0.07,0.08,0.07,0.03,0.05,0.0,0.0
YDR125C,0.02,0.01,0.01,0.11,0.02,0.01,0.04,0.05,0.11,0.13,0.06,0.05,0.03,0.03,0.13,0.07,0.01,0.05,0.02,0.04
YML045W-A,0.1,0.02,0.03,0.04,0.0,0.03,0.04,0.02,0.04,0.03,0.03,0.08,0.12,0.12,0.0,0.15,0.07,0.05,0.0,0.03
YMR063W,0.02,0.02,0.03,0.02,0.05,0.05,0.04,0.07,0.04,0.13,0.05,0.04,0.04,0.02,0.02,0.11,0.07,0.13,0.01,0.04
YMR071C,0.04,0.03,0.02,0.03,0.12,0.1,0.01,0.17,0.04,0.12,0.02,0.06,0.02,0.02,0.03,0.06,0.01,0.06,0.02,0.02
YMR251W,0.1,0.02,0.05,0.06,0.04,0.08,0.04,0.07,0.08,0.07,0.01,0.03,0.06,0.02,0.07,0.07,0.03,0.02,0.05,0.03
YMR310C,0.05,0.02,0.03,0.04,0.05,0.0,0.02,0.05,0.11,0.11,0.01,0.05,0.04,0.05,0.04,0.1,0.09,0.1,0.0,0.04
YDR219C,0.03,0.02,0.04,0.03,0.04,0.03,0.02,0.05,0.04,0.17,0.06,0.14,0.02,0.02,0.05,0.07,0.06,0.08,0.02,0.01
YMR222C,0.08,0.0,0.07,0.07,0.05,0.1,0.02,0.03,0.05,0.1,0.03,0.06,0.08,0.02,0.01,0.03,0.07,0.05,0.01,0.07
YDR282C,0.01,0.0,0.05,0.05,0.05,0.05,0.02,0.04,0.11,0.1,0.03,0.07,0.02,0.04,0.11,0.11,0.08,0.04,0.01,0.01
YDL189W,0.04,0.01,0.03,0.08,0.06,0.04,0.03,0.08,0.04,0.12,0.03,0.08,0.04,0.07,0.05,0.08,0.05,0.03,0.01,0.03
YEL059C-A,0.0945945945945946,0.05405405405405406,0.05405405405405406,0.06756756756756757,0.04054054054054054,0.013513513513513514,0.013513513513513514,0.02702702702702703,0.05405405405405406,0.08108108108108109,0.013513513513513514,0.04054054054054054,0.06756756756756757,0.05405405405405406,0.05405405405405406,0.05405405405405406,0.12162162162162163,0.04054054054054054,0.013513513513513514,0.04054054054054054
YLR281C,0.08,0.03,0.01,0.08,0.02,0.07,0.02,0.04,0.11,0.09,0.03,0.04,0.06,0.05,0.1,0.07,0.05,0.04,0.0,0.01
YLR283W,0.0,0.03,0.03,0.06,0.04,0.05,0.01,0.05,0.11,0.15,0.03,0.05,0.05,0.06,0.08,0.14,0.05,0.0,0.0,0.01
YLR297W,0.03,0.01,0.08,0.06,0.05,0.08,0.03,0.1,0.05,0.14,0.03,0.07,0.02,0.01,0.0,0.11,0.03,0.1,0.0,0.0
YLR301W,0.04,0.0,0.05,0.05,0.08,0.07,0.03,0.01,0.04,0.09,0.01,0.09,0.07,0.03,0.04,0.06,0.1,0.09,0.03,0.02
YLR227C,0.07,0.0,0.06,0.02,0.05,0.03,0.02,0.09,0.16,0.13,0.04,0.08,0.04,0.03,0.03,0.03,0.03,0.04,0.0,0.05
YLR390W,0.03,0.02,0.08,0.03,0.03,0.05,0.02,0.07,0.08,0.09,0.03,0.06,0.06,0.02,0.06,0.06,0.1,0.08,0.01,0.02
YPR114W,0.04,0.0,0.04,0.04,0.07,0.01,0.05,0.09,0.12,0.12,0.01,0.05,0.04,0.05,0.02,0.07,0.05,0.05,0.03,0.05
YPR115W,0.04,0.0,0.08,0.06,0.03,0.08,0.0,0.04,0.08,0.08,0.05,0.07,0.08,0.04,0.03,0.14,0.05,0.0,0.0,0.05
YPR117W,0.03,0.0,0.04,0.0,0.09,0.07,0.03,0.16,0.07,0.12,0.05,0.01,0.02,0.03,0.06,0.1,0.04,0.03,0.03,0.02
YLR341W,0.02,0.0,0.09,0.06,0.08,0.06,0.03,0.05,0.08,0.05,0.01,0.1,0.04,0.04,0.06,0.12,0.04,0.04,0.01,0.02
YLR327C,0.011627906976744186,0.0,0.046511627906976744,0.05813953488372093,0.03488372093023256,0.11627906976744186,0.046511627906976744,0.046511627906976744,0.09302325581395349,0.03488372093023256,0.011627906976744186,0.11627906976744186,0.03488372093023256,0.03488372093023256,0.06976744186046512,0.08139534883720931,0.06976744186046512,0.03488372093023256,0.023255813953488372,0.03488372093023256
YLR443W,0.04,0.0,0.03,0.06,0.03,0.06,0.0,0.06,0.01,0.16,0.04,0.03,0.03,0.03,0.07,0.1,0.15,0.06,0.01,0.03
YPR169W,0.05,0.02,0.09,0.03,0.03,0.06,0.04,0.09,0.1,0.13,0.01,0.01,0.06,0.02,0.06,0.05,0.08,0.05,0.01,0.01
YPR157W,0.03,0.02,0.08,0.04,0.02,0.03,0.04,0.06,0.04,0.15,0.04,0.03,0.1,0.03,0.06,0.06,0.03,0.08,0.02,0.04
YPR158W,0.04,0.04,0.04,0.06,0.01,0.02,0.02,0.12,0.1,0.09,0.02,0.05,0.07,0.09,0.06,0.07,0.01,0.05,0.01,0.03
YLR356W,0.12,0.03,0.0,0.01,0.06,0.08,0.01,0.04,0.02,0.17,0.02,0.02,0.06,0.0,0.01,0.14,0.11,0.06,0.0,0.04
YPR121W,0.09,0.05,0.02,0.02,0.02,0.07,0.01,0.08,0.05,0.08,0.04,0.04,0.08,0.02,0.02,0.07,0.14,0.07,0.0,0.03
YPR127W,0.08,0.01,0.07,0.05,0.07,0.07,0.04,0.04,0.06,0.08,0.03,0.05,0.05,0.02,0.06,0.06,0.04,0.07,0.01,0.04
YPR153W,0.05,0.0,0.02,0.0,0.08,0.09,0.01,0.06,0.05,0.08,0.03,0.06,0.04,0.01,0.02,0.07,0.09,0.1,0.04,0.1
YLR251W,0.07,0.0,0.04,0.01,0.04,0.06,0.02,0.07,0.09,0.11,0.04,0.06,0.03,0.03,0.07,0.06,0.05,0.06,0.02,0.07
YDR302W,0.03,0.01,0.04,0.01,0.06,0.01,0.03,0.02,0.11,0.1,0.02,0.06,0.06,0.03,0.05,0.05,0.12,0.12,0.0,0.07
YDR307W,0.02,0.01,0.04,0.03,0.09,0.03,0.03,0.13,0.06,0.11,0.01,0.05,0.05,0.07,0.05,0.07,0.04,0.01,0.03,0.07
YLR436C,0.05,0.01,0.13,0.02,0.07,0.02,0.01,0.05,0.04,0.11,0.01,0.06,0.08,0.01,0.02,0.2,0.03,0.07,0.0,0.01
YLR411W,0.09,0.05,0.04,0.05,0.05,0.06,0.01,0.05,0.1,0.06,0.03,0.03,0.01,0.03,0.05,0.1,0.06,0.06,0.04,0.03
YLR412W,0.07,0.01,0.08,0.07,0.07,0.03,0.01,0.06,0.13,0.1,0.01,0.05,0.04,0.03,0.03,0.05,0.05,0.08,0.0,0.03
YLR413W,0.1,0.01,0.03,0.01,0.03,0.05,0.01,0.12,0.05,0.16,0.02,0.06,0.06,0.01,0.0,0.07,0.14,0.05,0.0,0.02
YLR419W,0.08,0.01,0.05,0.05,0.02,0.06,0.02,0.04,0.2,0.03,0.02,0.05,0.05,0.04,0.03,0.07,0.1,0.05,0.02,0.01
YPR085C,0.03,0.0,0.04,0.04,0.05,0.05,0.03,0.11,0.05,0.11,0.03,0.05,0.03,0.01,0.06,0.08,0.08,0.08,0.03,0.04
YDL027C,0.05,0.02,0.0,0.02,0.07,0.06,0.02,0.04,0.07,0.1,0.03,0.06,0.07,0.02,0.07,0.16,0.06,0.05,0.0,0.03
YDL048C,0.03,0.01,0.03,0.02,0.02,0.01,0.03,0.05,0.01,0.09,0.04,0.05,0.14,0.01,0.03,0.27,0.12,0.02,0.0,0.02
YDL053C,0.15,0.0,0.03,0.0,0.0,0.06,0.0,0.02,0.08,0.05,0.01,0.05,0.09,0.1,0.03,0.13,0.15,0.04,0.01,0.0
YDL054C,0.05,0.0,0.01,0.01,0.02,0.04,0.06,0.08,0.02,0.18,0.04,0.03,0.06,0.04,0.02,0.15,0.07,0.04,0.02,0.06
YDL072C,0.06,0.02,0.03,0.03,0.06,0.02,0.0,0.12,0.05,0.17,0.02,0.03,0.04,0.04,0.06,0.1,0.03,0.08,0.0,0.04
YDL123W,0.05,0.06,0.03,0.02,0.07,0.04,0.01,0.04,0.0,0.12,0.02,0.06,0.08,0.05,0.05,0.08,0.05,0.08,0.01,0.08
YDL223C,0.05,0.0,0.06,0.11,0.03,0.05,0.02,0.02,0.12,0.04,0.02,0.11,0.06,0.04,0.04,0.12,0.07,0.01,0.01,0.02
YDL224C,0.06,0.0,0.03,0.07,0.04,0.05,0.03,0.03,0.05,0.07,0.05,0.1,0.07,0.02,0.03,0.14,0.08,0.06,0.0,0.02
YDL231C,0.06,0.0,0.08,0.08,0.05,0.06,0.02,0.02,0.07,0.09,0.02,0.03,0.07,0.04,0.07,0.13,0.03,0.04,0.01,0.03
YDL233W,0.04,0.0,0.0,0.01,0.05,0.09,0.01,0.03,0.0,0.01,0.03,0.11,0.23,0.17,0.0,0.05,0.07,0.06,0.0,0.04
YDL248W,0.01,0.03,0.03,0.05,0.07,0.02,0.0,0.07,0.08,0.18,0.02,0.03,0.04,0.03,0.04,0.12,0.01,0.09,0.05,0.03
YLL005C,0.06,0.01,0.01,0.02,0.13,0.06,0.02,0.08,0.12,0.14,0.01,0.05,0.02,0.05,0.04,0.08,0.03,0.03,0.01,0.03
YLR003C,0.05,0.0,0.17,0.09,0.02,0.03,0.01,0.06,0.16,0.05,0.01,0.03,0.05,0.06,0.05,0.09,0.01,0.04,0.0,0.02
YLR004C,0.09,0.03,0.1,0.06,0.05,0.03,0.01,0.02,0.07,0.13,0.04,0.06,0.02,0.02,0.03,0.11,0.03,0.08,0.0,0.02
YLR023C,0.0,0.0,0.05,0.06,0.03,0.05,0.02,0.05,0.13,0.05,0.03,0.05,0.05,0.03,0.04,0.19,0.05,0.06,0.0,0.06
YLR037C,0.16,0.0,0.04,0.06,0.03,0.06,0.02,0.06,0.01,0.06,0.03,0.02,0.06,0.02,0.03,0.04,0.11,0.13,0.01,0.05
YLR040C,0.13,0.0,0.1,0.01,0.09,0.0,0.03,0.05,0.02,0.11,0.06,0.04,0.04,0.04,0.01,0.12,0.07,0.03,0.0,0.05
YLR042C,0.08,0.0,0.04,0.0,0.05,0.05,0.01,0.08,0.03,0.13,0.01,0.06,0.03,0.08,0.0,0.18,0.1,0.05,0.0,0.02
YOL028C,0.04,0.0,0.05,0.01,0.01,0.08,0.02,0.02,0.15,0.04,0.03,0.05,0.09,0.06,0.06,0.16,0.06,0.06,0.01,0.0
YOL032W,0.06,0.0,0.04,0.04,0.07,0.05,0.02,0.07,0.08,0.1,0.01,0.04,0.08,0.05,0.01,0.12,0.06,0.06,0.0,0.04
YOL053W,0.05,0.04,0.0,0.04,0.05,0.03,0.03,0.05,0.15,0.1,0.02,0.08,0.04,0.04,0.06,0.08,0.08,0.04,0.01,0.01
YOL057W,0.06,0.0,0.06,0.06,0.06,0.04,0.06,0.04,0.07,0.1,0.04,0.03,0.04,0.07,0.02,0.11,0.04,0.05,0.0,0.05
YOL065C,0.04,0.03,0.06,0.06,0.05,0.06,0.0,0.05,0.06,0.09,0.01,0.07,0.04,0.07,0.02,0.06,0.07,0.11,0.02,0.03
YOL075C,0.04,0.0,0.04,0.05,0.02,0.1,0.02,0.06,0.03,0.11,0.04,0.06,0.03,0.02,0.05,0.15,0.09,0.08,0.0,0.01
YOL119C,0.07,0.0,0.11,0.06,0.04,0.04,0.02,0.05,0.06,0.1,0.01,0.09,0.05,0.02,0.05,0.08,0.05,0.07,0.01,0.02
YOL137W,0.03,0.01,0.08,0.05,0.02,0.04,0.02,0.06,0.06,0.09,0.04,0.08,0.06,0.05,0.02,0.09,0.06,0.09,0.01,0.04
YOR044W,0.03,0.03,0.04,0.02,0.06,0.04,0.02,0.09,0.04,0.19,0.04,0.03,0.03,0.04,0.08,0.07,0.03,0.05,0.0,0.07
YOR052C,0.05,0.02,0.07,0.05,0.02,0.04,0.02,0.08,0.14,0.02,0.02,0.04,0.04,0.02,0.05,0.17,0.09,0.04,0.0,0.02
YOR242C,0.04,0.01,0.05,0.04,0.08,0.07,0.03,0.02,0.12,0.05,0.01,0.08,0.01,0.03,0.1,0.13,0.03,0.03,0.01,0.06
YOR256C,0.02,0.0,0.07,0.09,0.04,0.01,0.06,0.08,0.02,0.08,0.03,0.07,0.12,0.04,0.04,0.13,0.06,0.02,0.0,0.02
YOR264W,0.02,0.0,0.09,0.07,0.06,0.05,0.01,0.04,0.13,0.12,0.02,0.04,0.07,0.02,0.09,0.06,0.05,0.05,0.0,0.01
YOR298W,0.02,0.01,0.04,0.02,0.12,0.04,0.03,0.09,0.04,0.16,0.02,0.03,0.03,0.04,0.06,0.08,0.05,0.04,0.02,0.06
YOR306C,0.04,0.0,0.12,0.14,0.01,0.02,0.03,0.04,0.06,0.05,0.01,0.04,0.06,0.04,0.01,0.15,0.1,0.04,0.01,0.03
YOR354C,0.05,0.02,0.08,0.07,0.04,0.02,0.04,0.05,0.08,0.09,0.02,0.07,0.04,0.05,0.06,0.13,0.03,0.05,0.0,0.01
YOR380W,0.05,0.06,0.02,0.05,0.01,0.06,0.03,0.04,0.05,0.02,0.02,0.05,0.11,0.08,0.09,0.08,0.05,0.1,0.0,0.03
YOR383C,0.26,0.0,0.03,0.08,0.02,0.04,0.01,0.02,0.03,0.03,0.01,0.01,0.0,0.01,0.0,0.18,0.19,0.05,0.01,0.02
YPL176C,0.06,0.01,0.04,0.13,0.06,0.03,0.0,0.03,0.04,0.06,0.06,0.08,0.09,0.06,0.03,0.07,0.03,0.1,0.0,0.02
YPL186C,0.05,0.0,0.1,0.12,0.07,0.07,0.04,0.04,0.09,0.02,0.02,0.1,0.04,0.01,0.0,0.06,0.05,0.07,0.03,0.02
YPL193W,0.04,0.0,0.04,0.04,0.03,0.06,0.06,0.02,0.05,0.03,0.02,0.1,0.11,0.05,0.02,0.11,0.08,0.01,0.01,0.12
YPL201C,0.01,0.0,0.12,0.1,0.05,0.1,0.02,0.05,0.04,0.04,0.02,0.09,0.03,0.06,0.05,0.04,0.04,0.07,0.0,0.07
YPL225W,0.06,0.0,0.06,0.17,0.09,0.01,0.0,0.04,0.13,0.06,0.02,0.04,0.02,0.02,0.05,0.03,0.08,0.06,0.02,0.04
YLR082C,0.03,0.01,0.04,0.07,0.06,0.02,0.02,0.06,0.14,0.05,0.03,0.09,0.05,0.04,0.01,0.12,0.08,0.05,0.0,0.03
YDR030C,0.0,0.01,0.09,0.1,0.05,0.09,0.01,0.06,0.04,0.12,0.02,0.07,0.03,0.04,0.06,0.1,0.04,0.03,0.01,0.03
YPL148C,0.06,0.06,0.03,0.07,0.06,0.05,0.05,0.07,0.08,0.11,0.02,0.04,0.04,0.0,0.07,0.07,0.03,0.05,0.01,0.03
YOR283W,0.02,0.02,0.06,0.05,0.02,0.06,0.06,0.07,0.09,0.08,0.01,0.06,0.03,0.05,0.06,0.07,0.09,0.06,0.0,0.04
YOR104W,0.03,0.09,0.04,0.02,0.06,0.1,0.0,0.1,0.05,0.07,0.03,0.07,0.03,0.02,0.05,0.06,0.06,0.09,0.03,0.0
YGR027W-A,0.1,0.03,0.02,0.06,0.0,0.03,0.07,0.01,0.04,0.02,0.03,0.06,0.09,0.13,0.0,0.17,0.09,0.04,0.0,0.01
YPL005W,0.04,0.01,0.05,0.09,0.02,0.05,0.01,0.07,0.11,0.09,0.01,0.03,0.05,0.04,0.08,0.08,0.06,0.07,0.0,0.04
YOR118W,0.04,0.01,0.02,0.05,0.05,0.04,0.03,0.07,0.07,0.09,0.04,0.1,0.04,0.06,0.01,0.16,0.04,0.05,0.0,0.03
YOL097C,0.01,0.0,0.08,0.11,0.06,0.07,0.02,0.03,0.1,0.07,0.01,0.03,0.03,0.08,0.05,0.04,0.08,0.1,0.01,0.02
YDR033W,0.06,0.04,0.03,0.02,0.12,0.07,0.02,0.08,0.05,0.08,0.04,0.06,0.05,0.01,0.04,0.04,0.09,0.03,0.03,0.04
YER060W-A,0.13,0.0,0.09,0.1,0.04,0.04,0.01,0.07,0.06,0.07,0.04,0.07,0.03,0.0,0.03,0.08,0.05,0.06,0.01,0.02
YLR363C,0.06,0.02,0.09,0.07,0.1,0.02,0.01,0.08,0.06,0.1,0.02,0.06,0.02,0.03,0.05,0.08,0.05,0.04,0.02,0.02
YPR022C,0.03,0.04,0.03,0.07,0.03,0.02,0.07,0.02,0.1,0.09,0.01,0.08,0.07,0.01,0.12,0.1,0.04,0.04,0.01,0.02
YLR064W,0.03,0.01,0.02,0.01,0.13,0.02,0.02,0.09,0.07,0.1,0.03,0.05,0.04,0.09,0.06,0.07,0.06,0.03,0.01,0.06
YPR013C,0.01,0.02,0.03,0.04,0.04,0.04,0.01,0.03,0.07,0.07,0.02,0.12,0.09,0.06,0.03,0.16,0.06,0.05,0.0,0.05
YLR050C,0.03,0.0,0.03,0.05,0.08,0.02,0.04,0.08,0.07,0.13,0.01,0.04,0.04,0.07,0.02,0.07,0.02,0.11,0.05,0.04
YDR065W,0.02,0.03,0.01,0.04,0.04,0.02,0.04,0.06,0.17,0.15,0.03,0.06,0.03,0.05,0.02,0.09,0.05,0.03,0.01,0.05
YLR054C,0.06,0.02,0.03,0.06,0.04,0.04,0.03,0.08,0.06,0.13,0.01,0.06,0.02,0.04,0.02,0.11,0.08,0.06,0.02,0.03
YPR068C,0.05,0.01,0.08,0.05,0.05,0.01,0.03,0.05,0.06,0.13,0.04,0.08,0.03,0.06,0.02,0.11,0.03,0.05,0.01,0.05
YBR012W-A,0.1,0.02,0.03,0.04,0.0,0.03,0.05,0.02,0.04,0.02,0.03,0.07,0.13,0.12,0.0,0.15,0.07,0.05,0.0,0.03
YPR042C,0.03,0.0,0.06,0.03,0.01,0.05,0.02,0.08,0.06,0.06,0.02,0.08,0.08,0.01,0.1,0.13,0.08,0.07,0.0,0.03
YOL107W,0.03,0.02,0.05,0.02,0.05,0.0,0.0,0.09,0.05,0.16,0.02,0.08,0.06,0.03,0.04,0.08,0.08,0.07,0.02,0.05
YLR068W,0.06,0.0,0.03,0.13,0.01,0.03,0.0,0.05,0.25,0.05,0.02,0.04,0.02,0.07,0.1,0.02,0.05,0.04,0.0,0.03
YPR011C,0.06,0.01,0.02,0.05,0.07,0.08,0.01,0.07,0.04,0.08,0.01,0.05,0.03,0.06,0.06,0.1,0.05,0.12,0.0,0.03
YOL084W,0.03,0.0,0.03,0.07,0.06,0.06,0.02,0.08,0.03,0.13,0.01,0.01,0.06,0.02,0.06,0.11,0.06,0.08,0.02,0.06
YBL100W-A,0.08,0.0,0.03,0.05,0.01,0.04,0.07,0.0,0.03,0.04,0.04,0.08,0.11,0.11,0.01,0.15,0.06,0.07,0.0,0.02
YBL005W-A,0.09,0.02,0.02,0.06,0.01,0.03,0.05,0.03,0.03,0.03,0.03,0.05,0.11,0.15,0.01,0.14,0.08,0.05,0.0,0.01
YOR214C,0.07,0.0,0.07,0.09,0.09,0.03,0.02,0.02,0.03,0.15,0.03,0.04,0.07,0.04,0.01,0.08,0.06,0.06,0.0,0.04
YLR126C,0.03,0.01,0.08,0.11,0.05,0.03,0.01,0.08,0.09,0.1,0.04,0.05,0.02,0.04,0.02,0.05,0.05,0.06,0.03,0.05
YLR063W,0.05,0.0,0.05,0.05,0.07,0.0,0.02,0.07,0.08,0.1,0.03,0.06,0.08,0.07,0.03,0.08,0.04,0.04,0.0,0.08
YOR343W-A,0.08,0.01,0.03,0.06,0.01,0.04,0.07,0.0,0.03,0.03,0.04,0.08,0.13,0.1,0.01,0.13,0.06,0.07,0.0,0.02
YOR021C,0.03,0.01,0.09,0.12,0.03,0.05,0.01,0.08,0.08,0.16,0.02,0.02,0.04,0.03,0.05,0.05,0.06,0.03,0.02,0.02
YOR172W,0.03,0.06,0.05,0.09,0.03,0.04,0.01,0.04,0.16,0.09,0.02,0.01,0.04,0.04,0.11,0.08,0.08,0.01,0.0,0.01
YPR061C,0.05,0.02,0.07,0.03,0.05,0.04,0.06,0.06,0.14,0.08,0.01,0.05,0.09,0.03,0.03,0.04,0.04,0.03,0.02,0.06
YPR155C,0.02,0.03,0.1,0.11,0.04,0.01,0.01,0.13,0.04,0.11,0.01,0.04,0.02,0.08,0.06,0.12,0.01,0.04,0.0,0.02
YNL284C-A,0.1,0.02,0.03,0.04,0.0,0.03,0.06,0.02,0.04,0.02,0.03,0.06,0.09,0.15,0.0,0.17,0.08,0.04,0.0,0.02
YDR034C-C,0.08,0.0,0.03,0.05,0.01,0.04,0.05,0.0,0.03,0.04,0.04,0.09,0.12,0.11,0.01,0.15,0.06,0.07,0.0,0.02
YLR091W,0.08,0.0,0.02,0.04,0.04,0.0,0.06,0.05,0.08,0.16,0.01,0.03,0.05,0.09,0.04,0.07,0.09,0.04,0.01,0.04
YDL199C,0.07,0.0,0.09,0.03,0.03,0.01,0.05,0.03,0.04,0.11,0.03,0.07,0.08,0.06,0.08,0.12,0.06,0.02,0.0,0.02
YOR161C,0.09,0.01,0.06,0.05,0.07,0.05,0.02,0.05,0.03,0.03,0.01,0.1,0.14,0.04,0.04,0.07,0.05,0.02,0.02,0.05
YDL206W,0.03,0.02,0.03,0.02,0.04,0.06,0.03,0.1,0.02,0.14,0.03,0.04,0.03,0.01,0.02,0.18,0.06,0.08,0.01,0.05
YLR130C,0.11,0.03,0.05,0.03,0.09,0.1,0.02,0.09,0.01,0.11,0.01,0.03,0.03,0.02,0.04,0.08,0.03,0.07,0.01,0.04
YOR192C-A,0.08,0.0,0.03,0.05,0.02,0.04,0.05,0.0,0.03,0.03,0.04,0.08,0.12,0.11,0.01,0.15,0.07,0.07,0.0,0.02
YDR210C-C,0.1,0.02,0.03,0.04,0.0,0.03,0.05,0.02,0.04,0.02,0.03,0.07,0.13,0.12,0.0,0.15,0.07,0.05,0.0,0.03
YDR067C,0.01,0.03,0.03,0.06,0.03,0.01,0.01,0.07,0.13,0.11,0.02,0.04,0.09,0.03,0.07,0.05,0.09,0.08,0.0,0.04
YNL054W-A,0.1,0.02,0.04,0.04,0.0,0.02,0.06,0.02,0.04,0.02,0.03,0.06,0.1,0.14,0.0,0.17,0.08,0.04,0.0,0.02
YPR004C,0.13,0.02,0.03,0.06,0.04,0.02,0.0,0.04,0.11,0.14,0.01,0.03,0.03,0.03,0.02,0.17,0.06,0.04,0.0,0.02
YGR038C-A,0.1,0.02,0.03,0.04,0.0,0.03,0.06,0.02,0.04,0.02,0.03,0.06,0.12,0.13,0.0,0.16,0.07,0.05,0.0,0.02
YDL012C,0.08,0.04,0.02,0.02,0.0,0.06,0.01,0.01,0.01,0.04,0.01,0.03,0.12,0.27,0.02,0.11,0.01,0.01,0.0,0.13
YLR114C,0.05,0.02,0.08,0.1,0.07,0.06,0.04,0.05,0.01,0.09,0.01,0.04,0.07,0.03,0.05,0.08,0.07,0.02,0.02,0.04
YDR257C,0.03,0.04,0.08,0.09,0.04,0.03,0.0,0.09,0.1,0.09,0.02,0.03,0.03,0.03,0.03,0.08,0.08,0.07,0.02,0.02
YDL173W,0.07,0.0,0.03,0.04,0.03,0.09,0.03,0.04,0.06,0.05,0.03,0.16,0.06,0.06,0.05,0.09,0.04,0.05,0.0,0.02
YDL133W,0.06,0.0,0.08,0.04,0.02,0.04,0.02,0.02,0.07,0.1,0.01,0.08,0.06,0.07,0.03,0.1,0.09,0.07,0.0,0.04
YPL079W,0.02,0.0,0.03,0.02,0.03,0.1,0.06,0.07,0.13,0.04,0.05,0.05,0.01,0.03,0.08,0.07,0.04,0.1,0.0,0.07
YDL082W,0.16,0.0,0.03,0.02,0.03,0.05,0.04,0.05,0.1,0.07,0.01,0.04,0.05,0.02,0.14,0.02,0.05,0.09,0.01,0.02
YDR374W-A,0.12359550561797752,0.011235955056179775,0.06741573033707865,0.11235955056179775,0.02247191011235955,0.02247191011235955,0.011235955056179775,0.033707865168539325,0.0449438202247191,0.1797752808988764,0.011235955056179775,0.0449438202247191,0.011235955056179775,0.0898876404494382,0.06741573033707865,0.0449438202247191,0.0449438202247191,0.011235955056179775,0.0,0.0449438202247191
YCL058W-A,0.05,0.01,0.03,0.11,0.0,0.05,0.0,0.04,0.21,0.07,0.03,0.03,0.02,0.05,0.06,0.09,0.09,0.06,0.0,0.0
YDR381C-A,0.08,0.01,0.06,0.04,0.03,0.09,0.01,0.08,0.11,0.05,0.01,0.09,0.05,0.03,0.05,0.07,0.02,0.07,0.0,0.05
YPR036W-A,0.11940298507462686,0.0,0.07462686567164178,0.014925373134328358,0.029850746268656716,0.0,0.014925373134328358,0.029850746268656716,0.029850746268656716,0.14925373134328357,0.014925373134328358,0.07462686567164178,0.05970149253731343,0.029850746268656716,0.04477611940298507,0.22388059701492538,0.014925373134328358,0.07462686567164178,0.0,0.0
YLR262C-A,0.109375,0.0,0.0625,0.03125,0.015625,0.109375,0.0,0.03125,0.265625,0.0625,0.0625,0.015625,0.046875,0.09375,0.015625,0.0625,0.0,0.015625,0.0,0.0
YOR020W-A,0.1111111111111111,0.0,0.07777777777777778,0.044444444444444446,0.044444444444444446,0.06666666666666667,0.011111111111111112,0.03333333333333333,0.12222222222222222,0.044444444444444446,0.022222222222222223,0.05555555555555555,0.022222222222222223,0.044444444444444446,0.011111111111111112,0.1111111111111111,0.08888888888888889,0.06666666666666667,0.0,0.022222222222222223
YJL127C-B,0.07692307692307693,0.019230769230769232,0.0,0.0,0.1346153846153846,0.038461538461538464,0.019230769230769232,0.09615384615384616,0.019230769230769232,0.09615384615384616,0.019230769230769232,0.019230769230769232,0.019230769230769232,0.1346153846153846,0.057692307692307696,0.09615384615384616,0.057692307692307696,0.057692307692307696,0.0,0.038461538461538464
YPR158C-C,0.1,0.03,0.02,0.06,0.0,0.03,0.04,0.01,0.04,0.02,0.03,0.07,0.13,0.11,0.0,0.16,0.08,0.05,0.0,0.02
YML058W-A,0.029411764705882353,0.014705882352941176,0.08823529411764706,0.014705882352941176,0.04411764705882353,0.07352941176470588,0.014705882352941176,0.04411764705882353,0.07352941176470588,0.08823529411764706,0.04411764705882353,0.08823529411764706,0.04411764705882353,0.04411764705882353,0.04411764705882353,0.08823529411764706,0.058823529411764705,0.08823529411764706,0.0,0.014705882352941176
YDR034W-B,0.0196078431372549,0.17647058823529413,0.0196078431372549,0.0196078431372549,0.0392156862745098,0.0392156862745098,0.0784313725490196,0.0196078431372549,0.0,0.0784313725490196,0.0392156862745098,0.0392156862745098,0.09803921568627451,0.11764705882352941,0.0784313725490196,0.0196078431372549,0.0196078431372549,0.058823529411764705,0.0,0.0392156862745098
YNL024C-A,0.08333333333333333,0.041666666666666664,0.013888888888888888,0.027777777777777776,0.05555555555555555,0.041666666666666664,0.027777777777777776,0.05555555555555555,0.027777777777777776,0.1527777777777778,0.041666666666666664,0.041666666666666664,0.027777777777777776,0.041666666666666664,0.05555555555555555,0.125,0.0,0.06944444444444445,0.027777777777777776,0.041666666666666664
YLR154W-C,0.04,0.03,0.03,0.02,0.12,0.02,0.07,0.01,0.04,0.06,0.04,0.06,0.07,0.04,0.08,0.13,0.1,0.01,0.0,0.03
YGR031C-A,0.1,0.02,0.04,0.01,0.04,0.04,0.02,0.07,0.0,0.1,0.03,0.04,0.04,0.0,0.11,0.2,0.06,0.06,0.0,0.02
YOL103W-A,0.1,0.03,0.02,0.06,0.0,0.03,0.04,0.01,0.04,0.02,0.03,0.07,0.13,0.12,0.0,0.15,0.08,0.05,0.0,0.02
YOR092W,0.06,0.03,0.04,0.01,0.05,0.07,0.01,0.18,0.04,0.12,0.02,0.04,0.03,0.02,0.03,0.06,0.07,0.1,0.01,0.01
YDR261W-A,0.09,0.0,0.03,0.05,0.01,0.04,0.07,0.0,0.03,0.04,0.04,0.08,0.12,0.11,0.01,0.14,0.06,0.07,0.0,0.01
YPL159C,0.05,0.0,0.02,0.03,0.05,0.03,0.05,0.05,0.15,0.09,0.02,0.05,0.06,0.05,0.08,0.14,0.05,0.02,0.0,0.01
YPR010C-A,0.06944444444444445,0.013888888888888888,0.05555555555555555,0.05555555555555555,0.027777777777777776,0.06944444444444445,0.0,0.013888888888888888,0.09722222222222222,0.18055555555555555,0.013888888888888888,0.027777777777777776,0.05555555555555555,0.013888888888888888,0.041666666666666664,0.05555555555555555,0.1111111111111111,0.05555555555555555,0.0,0.041666666666666664
YAR023C,0.04,0.02,0.0,0.03,0.08,0.05,0.02,0.1,0.05,0.13,0.04,0.05,0.04,0.02,0.04,0.07,0.09,0.06,0.04,0.03
YAL065C,0.1,0.0,0.01,0.06,0.01,0.06,0.02,0.06,0.02,0.03,0.02,0.04,0.02,0.03,0.02,0.23,0.21,0.06,0.0,0.0
YAL064W-B,0.05,0.05,0.04,0.09,0.02,0.04,0.06,0.06,0.0,0.05,0.02,0.0,0.03,0.02,0.0,0.1,0.08,0.28,0.0,0.01
YHR021W-A,0.03,0.01,0.02,0.01,0.18,0.04,0.04,0.07,0.04,0.1,0.02,0.01,0.06,0.03,0.03,0.1,0.02,0.15,0.01,0.03
YPR099C,0.02,0.03,0.02,0.04,0.12,0.03,0.03,0.04,0.04,0.11,0.04,0.09,0.1,0.03,0.02,0.13,0.06,0.03,0.01,0.01
YPR089W,0.05,0.02,0.12,0.1,0.04,0.02,0.02,0.05,0.08,0.09,0.01,0.03,0.02,0.03,0.06,0.06,0.05,0.11,0.02,0.02
YBR085C-A,0.07058823529411765,0.0,0.047058823529411764,0.08235294117647059,0.03529411764705882,0.07058823529411765,0.023529411764705882,0.047058823529411764,0.09411764705882353,0.10588235294117647,0.011764705882352941,0.03529411764705882,0.011764705882352941,0.07058823529411765,0.0,0.10588235294117647,0.07058823529411765,0.058823529411764705,0.0,0.058823529411764705
Q0255,0.0,0.0,0.06,0.01,0.04,0.04,0.01,0.12,0.11,0.09,0.06,0.22,0.01,0.02,0.01,0.04,0.04,0.02,0.02,0.08
YPR134W,0.06,0.01,0.02,0.06,0.06,0.03,0.0,0.05,0.08,0.14,0.02,0.09,0.06,0.02,0.06,0.04,0.09,0.06,0.01,0.04
YDR034C-A,0.017241379310344827,0.017241379310344827,0.05172413793103448,0.017241379310344827,0.05172413793103448,0.0,0.034482758620689655,0.1206896551724138,0.0,0.08620689655172414,0.017241379310344827,0.08620689655172414,0.034482758620689655,0.0,0.0,0.1896551724137931,0.06896551724137931,0.1206896551724138,0.0,0.08620689655172414
YER039C-A,0.05555555555555555,0.041666666666666664,0.013888888888888888,0.027777777777777776,0.06944444444444445,0.027777777777777776,0.027777777777777776,0.05555555555555555,0.041666666666666664,0.09722222222222222,0.05555555555555555,0.09722222222222222,0.013888888888888888,0.013888888888888888,0.013888888888888888,0.1111111111111111,0.06944444444444445,0.1388888888888889,0.013888888888888888,0.013888888888888888
YLL053C,0.16,0.02,0.0,0.03,0.06,0.13,0.01,0.04,0.02,0.12,0.08,0.03,0.04,0.01,0.04,0.05,0.09,0.05,0.01,0.01
YOL162W,0.06,0.01,0.01,0.01,0.06,0.06,0.01,0.07,0.03,0.23,0.02,0.07,0.05,0.02,0.03,0.03,0.11,0.05,0.03,0.04
YOL163W,0.06,0.02,0.01,0.03,0.1,0.09,0.01,0.08,0.02,0.13,0.06,0.0,0.0,0.03,0.04,0.11,0.07,0.06,0.05,0.03
YBR302C,0.01,0.03,0.02,0.05,0.07,0.02,0.0,0.07,0.08,0.19,0.02,0.04,0.04,0.03,0.04,0.12,0.01,0.08,0.05,0.03
YAR066W,0.14,0.0,0.06,0.03,0.03,0.08,0.0,0.03,0.04,0.11,0.01,0.03,0.01,0.01,0.02,0.19,0.11,0.07,0.0,0.03
YHR214W,0.14,0.0,0.06,0.03,0.03,0.08,0.0,0.03,0.04,0.11,0.01,0.03,0.01,0.01,0.02,0.19,0.11,0.07,0.0,0.03
YFL068W,0.07,0.03,0.03,0.02,0.09,0.01,0.04,0.04,0.04,0.17,0.02,0.04,0.07,0.08,0.07,0.05,0.05,0.06,0.0,0.02
YCR096C,0.02,0.0,0.04,0.06,0.03,0.03,0.01,0.07,0.11,0.07,0.03,0.12,0.02,0.04,0.09,0.08,0.08,0.05,0.02,0.03
YKL093W,0.09,0.07,0.12,0.1,0.04,0.02,0.0,0.03,0.05,0.08,0.03,0.06,0.08,0.04,0.05,0.08,0.04,0.01,0.0,0.01
YCR054C,0.04,0.02,0.06,0.09,0.06,0.01,0.01,0.06,0.02,0.12,0.08,0.11,0.05,0.02,0.08,0.06,0.05,0.03,0.01,0.02
YCL002C,0.04,0.07,0.04,0.01,0.07,0.05,0.02,0.08,0.03,0.19,0.02,0.03,0.03,0.04,0.05,0.1,0.0,0.05,0.0,0.08
YCR104W,0.17,0.0,0.03,0.06,0.03,0.06,0.02,0.07,0.01,0.07,0.02,0.02,0.06,0.03,0.03,0.04,0.11,0.11,0.01,0.05
YCR061W,0.06,0.01,0.1,0.03,0.03,0.03,0.04,0.05,0.01,0.08,0.08,0.04,0.06,0.03,0.03,0.1,0.12,0.06,0.01,0.03
YNL074C,0.04,0.01,0.02,0.03,0.04,0.01,0.01,0.05,0.02,0.06,0.01,0.13,0.08,0.03,0.05,0.26,0.07,0.06,0.0,0.02
YGR049W,0.1,0.03,0.0,0.01,0.02,0.11,0.01,0.06,0.02,0.18,0.01,0.03,0.05,0.02,0.01,0.1,0.08,0.09,0.01,0.06
YEL049W,0.16,0.0,0.04,0.05,0.03,0.05,0.02,0.06,0.01,0.06,0.03,0.02,0.04,0.04,0.03,0.07,0.12,0.1,0.01,0.06
YEL033W,0.07,0.04,0.0,0.02,0.16,0.02,0.04,0.1,0.05,0.11,0.03,0.04,0.07,0.02,0.04,0.08,0.03,0.04,0.0,0.04
YHR017W,0.04,0.01,0.06,0.05,0.03,0.08,0.02,0.08,0.1,0.11,0.01,0.04,0.02,0.03,0.04,0.12,0.04,0.05,0.03,0.04
YBL059W,0.03,0.02,0.05,0.04,0.08,0.01,0.02,0.11,0.11,0.06,0.05,0.06,0.03,0.02,0.09,0.05,0.1,0.05,0.01,0.01
YKL107W,0.05,0.01,0.08,0.07,0.06,0.06,0.02,0.09,0.07,0.07,0.01,0.05,0.02,0.02,0.08,0.07,0.07,0.07,0.02,0.01
YKL222C,0.03,0.07,0.03,0.09,0.02,0.02,0.02,0.02,0.14,0.07,0.03,0.04,0.03,0.08,0.14,0.1,0.03,0.02,0.0,0.02
YKL219W,0.01,0.02,0.05,0.02,0.1,0.03,0.02,0.08,0.06,0.13,0.05,0.06,0.05,0.04,0.06,0.09,0.03,0.05,0.04,0.01
YKL162C,0.03,0.02,0.04,0.06,0.08,0.02,0.02,0.06,0.08,0.11,0.03,0.06,0.06,0.06,0.07,0.05,0.07,0.03,0.02,0.03
YKL133C,0.03,0.0,0.0,0.05,0.08,0.04,0.05,0.06,0.12,0.09,0.01,0.06,0.04,0.02,0.07,0.07,0.06,0.06,0.06,0.03
YKL071W,0.05,0.01,0.06,0.03,0.05,0.08,0.01,0.16,0.08,0.07,0.01,0.06,0.03,0.02,0.04,0.11,0.07,0.05,0.0,0.01
YKL023W,0.07,0.01,0.08,0.1,0.01,0.07,0.01,0.05,0.13,0.1,0.01,0.07,0.01,0.06,0.04,0.1,0.05,0.01,0.01,0.01
YKR018C,0.17,0.0,0.08,0.15,0.06,0.05,0.01,0.04,0.09,0.11,0.03,0.02,0.01,0.04,0.02,0.04,0.04,0.03,0.0,0.01
YKR045C,0.04,0.0,0.07,0.04,0.0,0.06,0.03,0.03,0.06,0.05,0.01,0.05,0.06,0.03,0.12,0.15,0.11,0.07,0.02,0.0
YKR070W,0.07,0.0,0.05,0.02,0.07,0.08,0.01,0.1,0.1,0.1,0.01,0.04,0.04,0.03,0.06,0.09,0.05,0.05,0.0,0.03
YKR074W,0.04,0.0,0.08,0.03,0.06,0.02,0.04,0.06,0.11,0.09,0.02,0.09,0.04,0.01,0.06,0.07,0.08,0.06,0.0,0.04
YCR041W,0.05,0.07,0.02,0.01,0.07,0.01,0.02,0.1,0.03,0.15,0.03,0.04,0.04,0.03,0.05,0.04,0.07,0.09,0.03,0.05
YGR147C,0.04,0.02,0.03,0.04,0.06,0.05,0.03,0.05,0.11,0.07,0.04,0.04,0.06,0.03,0.08,0.12,0.04,0.06,0.01,0.02
YBR063C,0.04,0.0,0.06,0.08,0.07,0.03,0.0,0.14,0.07,0.08,0.03,0.05,0.01,0.02,0.04,0.11,0.1,0.02,0.02,0.03
YBR284W,0.06,0.01,0.14,0.05,0.05,0.05,0.01,0.03,0.02,0.07,0.07,0.06,0.06,0.05,0.04,0.09,0.04,0.09,0.0,0.01
YBR301W,0.15,0.0,0.04,0.05,0.03,0.05,0.02,0.06,0.01,0.06,0.03,0.02,0.04,0.04,0.03,0.07,0.12,0.11,0.01,0.06
YBL048W,0.02,0.03,0.01,0.02,0.14,0.01,0.0,0.13,0.04,0.12,0.01,0.04,0.03,0.02,0.03,0.11,0.01,0.11,0.04,0.08
YBR047W,0.03,0.0,0.04,0.08,0.06,0.01,0.05,0.08,0.11,0.09,0.01,0.07,0.06,0.03,0.04,0.09,0.03,0.08,0.0,0.04
YBR090C,0.05,0.0,0.01,0.03,0.1,0.07,0.0,0.02,0.07,0.09,0.01,0.05,0.09,0.08,0.11,0.03,0.06,0.06,0.04,0.03
YBR138C,0.02,0.0,0.05,0.05,0.03,0.01,0.0,0.06,0.06,0.09,0.03,0.11,0.07,0.08,0.03,0.18,0.06,0.05,0.01,0.01
YBR168W,0.05,0.01,0.04,0.03,0.08,0.01,0.04,0.12,0.09,0.12,0.03,0.05,0.06,0.03,0.0,0.08,0.1,0.02,0.02,0.02
YBR220C,0.05,0.0,0.02,0.02,0.07,0.07,0.01,0.09,0.07,0.13,0.03,0.01,0.07,0.03,0.05,0.11,0.04,0.06,0.02,0.05
YBR287W,0.08,0.01,0.02,0.03,0.1,0.05,0.01,0.14,0.06,0.14,0.03,0.01,0.03,0.03,0.01,0.13,0.04,0.06,0.01,0.01
YHR033W,0.08,0.0,0.02,0.05,0.01,0.08,0.02,0.1,0.08,0.1,0.04,0.03,0.03,0.05,0.03,0.09,0.07,0.09,0.01,0.02
YHL050C,0.1,0.04,0.07,0.04,0.05,0.08,0.01,0.05,0.02,0.11,0.02,0.04,0.06,0.01,0.04,0.04,0.06,0.1,0.01,0.05
YHL048W,0.01,0.02,0.03,0.06,0.08,0.02,0.01,0.05,0.08,0.18,0.02,0.03,0.04,0.03,0.04,0.1,0.02,0.1,0.06,0.02
YHL043W,0.05,0.03,0.04,0.06,0.06,0.07,0.03,0.05,0.07,0.08,0.02,0.06,0.04,0.01,0.08,0.1,0.04,0.06,0.03,0.02
YHL026C,0.1,0.01,0.04,0.04,0.09,0.07,0.02,0.12,0.02,0.09,0.02,0.01,0.05,0.02,0.04,0.09,0.05,0.05,0.03,0.04
YHR045W,0.04,0.0,0.03,0.03,0.05,0.08,0.0,0.07,0.06,0.17,0.02,0.06,0.02,0.03,0.04,0.11,0.06,0.07,0.03,0.03
YHR126C,0.12,0.01,0.06,0.02,0.04,0.05,0.02,0.04,0.06,0.06,0.01,0.09,0.01,0.06,0.02,0.15,0.06,0.07,0.02,0.03
YHR131C,0.07,0.02,0.04,0.07,0.01,0.03,0.02,0.09,0.04,0.1,0.04,0.05,0.07,0.03,0.04,0.18,0.04,0.03,0.0,0.03
YHR180W,0.06,0.0,0.05,0.03,0.09,0.08,0.02,0.09,0.0,0.09,0.03,0.11,0.05,0.0,0.04,0.05,0.1,0.07,0.01,0.03
YJL206C,0.07,0.07,0.05,0.04,0.01,0.05,0.01,0.04,0.12,0.06,0.02,0.04,0.06,0.02,0.12,0.11,0.04,0.04,0.0,0.03
YJL193W,0.08,0.03,0.02,0.04,0.11,0.03,0.02,0.09,0.03,0.09,0.01,0.02,0.05,0.05,0.05,0.09,0.06,0.04,0.02,0.07
YAR029W,0.02702702702702703,0.04054054054054054,0.04054054054054054,0.13513513513513514,0.10810810810810811,0.04054054054054054,0.02702702702702703,0.04054054054054054,0.04054054054054054,0.06756756756756757,0.013513513513513514,0.06756756756756757,0.05405405405405406,0.04054054054054054,0.05405405405405406,0.05405405405405406,0.06756756756756757,0.013513513513513514,0.013513513513513514,0.05405405405405406
YAL049C,0.08,0.03,0.09,0.04,0.07,0.09,0.02,0.06,0.07,0.05,0.02,0.04,0.05,0.02,0.04,0.07,0.05,0.07,0.01,0.03
YEL072W,0.02,0.02,0.06,0.06,0.04,0.04,0.03,0.07,0.08,0.14,0.01,0.07,0.06,0.01,0.03,0.09,0.06,0.05,0.0,0.06
YEL025C,0.07,0.05,0.06,0.06,0.08,0.05,0.03,0.02,0.07,0.11,0.04,0.04,0.03,0.01,0.02,0.11,0.05,0.05,0.0,0.05
YER004W,0.13,0.01,0.05,0.04,0.04,0.08,0.02,0.04,0.05,0.13,0.02,0.05,0.04,0.07,0.05,0.03,0.06,0.06,0.01,0.02
YER080W,0.06,0.02,0.05,0.05,0.06,0.05,0.01,0.08,0.12,0.04,0.02,0.08,0.02,0.02,0.08,0.06,0.07,0.06,0.02,0.03
YER084W,0.03,0.03,0.02,0.02,0.09,0.02,0.04,0.02,0.06,0.14,0.03,0.03,0.15,0.0,0.06,0.13,0.06,0.03,0.01,0.03
YER181C,0.03,0.02,0.0,0.03,0.08,0.03,0.04,0.16,0.02,0.26,0.03,0.04,0.04,0.03,0.04,0.07,0.03,0.03,0.0,0.02
YER182W,0.09,0.0,0.04,0.02,0.06,0.07,0.02,0.07,0.07,0.09,0.02,0.05,0.04,0.04,0.07,0.02,0.07,0.07,0.04,0.05
YNL212W,0.05,0.01,0.06,0.13,0.04,0.06,0.0,0.06,0.1,0.08,0.02,0.07,0.03,0.02,0.03,0.1,0.05,0.05,0.01,0.03
YNL208W,0.09,0.0,0.02,0.06,0.03,0.17,0.02,0.03,0.05,0.04,0.01,0.13,0.02,0.1,0.03,0.1,0.02,0.03,0.0,0.05
YNL195C,0.09,0.03,0.06,0.02,0.01,0.12,0.03,0.03,0.05,0.07,0.02,0.07,0.06,0.04,0.05,0.11,0.06,0.04,0.0,0.04
YMR132C,0.01,0.04,0.06,0.07,0.03,0.03,0.03,0.08,0.09,0.08,0.03,0.04,0.06,0.05,0.02,0.07,0.05,0.05,0.03,0.08
YGR269W,0.03,0.03,0.05,0.04,0.05,0.1,0.03,0.04,0.09,0.1,0.05,0.04,0.02,0.03,0.07,0.05,0.05,0.09,0.01,0.03
YJL066C,0.08,0.02,0.11,0.04,0.09,0.06,0.0,0.04,0.09,0.09,0.02,0.07,0.07,0.04,0.02,0.03,0.05,0.02,0.03,0.03
YIL127C,0.04,0.01,0.03,0.02,0.0,0.04,0.03,0.03,0.22,0.13,0.01,0.08,0.02,0.08,0.04,0.09,0.03,0.09,0.0,0.01
YIL117C,0.05,0.0,0.02,0.0,0.02,0.07,0.0,0.12,0.02,0.09,0.02,0.04,0.07,0.0,0.02,0.21,0.15,0.07,0.02,0.01
YIL092W,0.06,0.02,0.11,0.04,0.04,0.05,0.02,0.06,0.08,0.05,0.04,0.09,0.03,0.04,0.06,0.08,0.06,0.04,0.01,0.02
YIL089W,0.04,0.0,0.05,0.04,0.09,0.02,0.04,0.07,0.11,0.13,0.02,0.01,0.05,0.05,0.07,0.05,0.05,0.09,0.0,0.02
YIL087C,0.14,0.0,0.05,0.01,0.05,0.02,0.0,0.05,0.05,0.11,0.04,0.02,0.1,0.02,0.05,0.12,0.1,0.03,0.0,0.04
YIL077C,0.09,0.0,0.03,0.11,0.07,0.08,0.01,0.03,0.12,0.08,0.04,0.04,0.04,0.03,0.06,0.03,0.02,0.03,0.03,0.06
YIL067C,0.02,0.01,0.08,0.09,0.04,0.06,0.03,0.04,0.08,0.06,0.03,0.06,0.07,0.04,0.05,0.09,0.05,0.05,0.05,0.0
YIL054W,0.07,0.04,0.04,0.0,0.13,0.04,0.04,0.13,0.02,0.1,0.03,0.04,0.07,0.02,0.03,0.04,0.06,0.06,0.01,0.03
YIL037C,0.11,0.01,0.02,0.0,0.07,0.01,0.04,0.1,0.03,0.06,0.04,0.04,0.03,0.03,0.02,0.12,0.18,0.06,0.01,0.02
YJL217W,0.05,0.0,0.07,0.09,0.06,0.11,0.02,0.04,0.06,0.06,0.02,0.02,0.01,0.05,0.04,0.08,0.09,0.07,0.03,0.03
YOR077W,0.07,0.03,0.07,0.04,0.03,0.05,0.04,0.04,0.1,0.05,0.01,0.05,0.01,0.11,0.09,0.06,0.02,0.04,0.02,0.07
YNL320W,0.06,0.01,0.05,0.03,0.02,0.06,0.03,0.11,0.05,0.12,0.02,0.06,0.04,0.03,0.03,0.06,0.08,0.06,0.03,0.05
YJL108C,0.09,0.04,0.06,0.02,0.05,0.07,0.03,0.03,0.02,0.13,0.04,0.04,0.03,0.04,0.03,0.04,0.07,0.1,0.03,0.04
YFL067W,0.08,0.0,0.07,0.01,0.02,0.21,0.0,0.1,0.0,0.03,0.01,0.0,0.04,0.0,0.03,0.26,0.06,0.08,0.0,0.0
YFL062W,0.01,0.01,0.02,0.05,0.08,0.01,0.0,0.05,0.08,0.18,0.03,0.04,0.04,0.03,0.05,0.12,0.01,0.09,0.07,0.03
YFL051C,0.06,0.03,0.02,0.07,0.03,0.05,0.01,0.04,0.04,0.09,0.03,0.05,0.06,0.02,0.02,0.1,0.13,0.06,0.0,0.09
YFL020C,0.17,0.0,0.04,0.06,0.03,0.06,0.02,0.06,0.01,0.06,0.02,0.02,0.04,0.03,0.03,0.06,0.11,0.11,0.01,0.06
YFR006W,0.03,0.01,0.02,0.09,0.07,0.06,0.02,0.05,0.12,0.1,0.02,0.06,0.05,0.02,0.07,0.05,0.02,0.08,0.0,0.06
YFR012W,0.04,0.04,0.0,0.02,0.06,0.08,0.01,0.1,0.04,0.15,0.02,0.04,0.05,0.02,0.05,0.13,0.05,0.03,0.03,0.04
YFR020W,0.04,0.02,0.11,0.05,0.05,0.07,0.02,0.07,0.01,0.1,0.03,0.05,0.04,0.0,0.02,0.12,0.12,0.05,0.01,0.02
YFR045W,0.08,0.02,0.04,0.02,0.08,0.06,0.01,0.06,0.06,0.1,0.02,0.09,0.03,0.07,0.02,0.05,0.09,0.05,0.0,0.05
YJL163C,0.06,0.02,0.07,0.1,0.0,0.05,0.01,0.11,0.02,0.1,0.05,0.05,0.01,0.02,0.05,0.14,0.08,0.03,0.0,0.03
YJL161W,0.05,0.01,0.06,0.06,0.04,0.05,0.03,0.04,0.07,0.15,0.01,0.07,0.05,0.03,0.03,0.09,0.08,0.03,0.0,0.05
YJL142C,0.07,0.01,0.0,0.01,0.06,0.02,0.02,0.09,0.07,0.17,0.05,0.04,0.03,0.04,0.04,0.08,0.11,0.07,0.01,0.01
YJL132W,0.08,0.02,0.04,0.02,0.06,0.04,0.02,0.06,0.05,0.11,0.02,0.04,0.05,0.04,0.02,0.11,0.07,0.04,0.05,0.06
YJL077C,0.04,0.02,0.02,0.0,0.07,0.03,0.03,0.13,0.03,0.11,0.03,0.03,0.06,0.05,0.06,0.1,0.09,0.05,0.01,0.04
YJL016W,0.06,0.0,0.03,0.05,0.06,0.03,0.04,0.1,0.08,0.11,0.01,0.04,0.06,0.02,0.02,0.19,0.03,0.05,0.01,0.01
YJR015W,0.05,0.02,0.11,0.06,0.05,0.05,0.01,0.04,0.06,0.07,0.03,0.06,0.07,0.04,0.03,0.12,0.05,0.06,0.0,0.02
YJR085C,0.07,0.0,0.01,0.02,0.02,0.17,0.02,0.03,0.03,0.16,0.05,0.02,0.05,0.0,0.04,0.08,0.06,0.07,0.0,0.1
YJR098C,0.06,0.01,0.12,0.09,0.02,0.06,0.01,0.04,0.08,0.06,0.03,0.07,0.02,0.03,0.03,0.14,0.06,0.05,0.0,0.02
YJR106W,0.09,0.03,0.05,0.0,0.05,0.03,0.05,0.07,0.03,0.14,0.03,0.06,0.06,0.0,0.02,0.15,0.03,0.07,0.03,0.01
YJR124C,0.07,0.03,0.04,0.03,0.07,0.06,0.0,0.06,0.04,0.17,0.05,0.03,0.01,0.01,0.05,0.09,0.05,0.07,0.03,0.04
YJR146W,0.09,0.04,0.04,0.01,0.07,0.04,0.03,0.04,0.09,0.05,0.01,0.03,0.04,0.05,0.02,0.15,0.07,0.06,0.02,0.05
YJR154W,0.02,0.03,0.05,0.11,0.05,0.06,0.02,0.07,0.11,0.05,0.03,0.05,0.05,0.04,0.02,0.05,0.06,0.06,0.01,0.06
YGR236C,0.08421052631578947,0.0,0.06315789473684211,0.042105263157894736,0.021052631578947368,0.07368421052631578,0.010526315789473684,0.042105263157894736,0.05263157894736842,0.06315789473684211,0.09473684210526316,0.021052631578947368,0.031578947368421054,0.031578947368421054,0.06315789473684211,0.07368421052631578,0.08421052631578947,0.09473684210526316,0.0,0.05263157894736842
YGR249W,0.02,0.0,0.03,0.04,0.09,0.04,0.08,0.02,0.08,0.08,0.02,0.08,0.08,0.04,0.02,0.08,0.05,0.08,0.03,0.04
YGL263W,0.04,0.02,0.02,0.06,0.1,0.03,0.01,0.06,0.06,0.12,0.03,0.04,0.03,0.01,0.06,0.06,0.07,0.07,0.05,0.06
YGL230C,0.04,0.03,0.04,0.08,0.06,0.04,0.01,0.06,0.1,0.1,0.05,0.06,0.03,0.03,0.03,0.08,0.07,0.03,0.01,0.05
YGL226W,0.03,0.01,0.02,0.08,0.04,0.09,0.01,0.06,0.05,0.09,0.04,0.05,0.06,0.02,0.1,0.04,0.06,0.06,0.04,0.05
YGL221C,0.11,0.02,0.07,0.02,0.03,0.01,0.03,0.05,0.07,0.08,0.01,0.06,0.05,0.05,0.04,0.07,0.1,0.08,0.02,0.03
YGL204C,0.1,0.01,0.01,0.01,0.06,0.05,0.01,0.07,0.06,0.18,0.04,0.03,0.02,0.02,0.05,0.08,0.08,0.06,0.02,0.04
YGL146C,0.07,0.01,0.03,0.06,0.05,0.04,0.01,0.07,0.06,0.14,0.04,0.05,0.05,0.01,0.07,0.14,0.03,0.03,0.01,0.03
YGL140C,0.1,0.04,0.01,0.0,0.06,0.08,0.03,0.13,0.07,0.11,0.03,0.01,0.05,0.02,0.05,0.04,0.07,0.05,0.01,0.04
YGL114W,0.09,0.01,0.03,0.02,0.06,0.06,0.0,0.06,0.03,0.09,0.04,0.05,0.08,0.07,0.03,0.09,0.06,0.09,0.03,0.01
YGL057C,0.06,0.0,0.04,0.05,0.05,0.04,0.01,0.07,0.08,0.12,0.03,0.04,0.07,0.05,0.07,0.11,0.05,0.05,0.0,0.01
YGR016W,0.04,0.02,0.05,0.07,0.02,0.05,0.02,0.1,0.05,0.19,0.02,0.05,0.01,0.03,0.06,0.1,0.05,0.02,0.0,0.05
YGR021W,0.08,0.0,0.02,0.04,0.02,0.05,0.02,0.08,0.12,0.08,0.03,0.15,0.01,0.01,0.07,0.11,0.03,0.06,0.01,0.01
YGR026W,0.02,0.0,0.02,0.0,0.08,0.03,0.02,0.07,0.15,0.14,0.03,0.03,0.03,0.03,0.05,0.08,0.03,0.08,0.05,0.06
YGR151C,0.03,0.0,0.01,0.02,0.01,0.02,0.05,0.04,0.13,0.18,0.03,0.12,0.03,0.06,0.09,0.05,0.06,0.05,0.01,0.01
YGR168C,0.01,0.0,0.01,0.02,0.04,0.05,0.01,0.11,0.14,0.17,0.03,0.08,0.04,0.05,0.07,0.02,0.04,0.06,0.02,0.03
YGR294W,0.16,0.0,0.04,0.05,0.03,0.05,0.02,0.06,0.01,0.06,0.03,0.02,0.04,0.04,0.03,0.07,0.12,0.1,0.01,0.06
YGR295C,0.0,0.01,0.02,0.05,0.07,0.01,0.0,0.04,0.08,0.18,0.03,0.04,0.04,0.03,0.05,0.12,0.02,0.11,0.07,0.03
YLR461W,0.16,0.0,0.04,0.05,0.03,0.05,0.02,0.06,0.01,0.05,0.04,0.02,0.04,0.04,0.03,0.06,0.12,0.11,0.01,0.06
YNL237W,0.08,0.06,0.04,0.04,0.09,0.07,0.02,0.06,0.03,0.12,0.04,0.02,0.02,0.02,0.03,0.09,0.07,0.06,0.01,0.03
YNR059W,0.01,0.01,0.04,0.07,0.07,0.01,0.02,0.06,0.07,0.1,0.01,0.03,0.04,0.02,0.14,0.12,0.05,0.07,0.01,0.05
YNR061C,0.05,0.01,0.01,0.01,0.09,0.03,0.01,0.08,0.03,0.16,0.04,0.02,0.02,0.02,0.05,0.12,0.09,0.12,0.01,0.03
YNR062C,0.11,0.02,0.02,0.04,0.1,0.04,0.0,0.1,0.07,0.11,0.02,0.04,0.02,0.03,0.05,0.08,0.02,0.09,0.0,0.04
YNR063W,0.03,0.06,0.07,0.05,0.03,0.05,0.01,0.08,0.17,0.07,0.01,0.11,0.03,0.0,0.09,0.07,0.03,0.02,0.0,0.02
YNL336W,0.01,0.03,0.02,0.05,0.07,0.02,0.0,0.07,0.08,0.19,0.02,0.04,0.04,0.03,0.04,0.12,0.01,0.08,0.05,0.03
YNL211C,0.023255813953488372,0.0,0.05813953488372093,0.046511627906976744,0.11627906976744186,0.046511627906976744,0.011627906976744186,0.023255813953488372,0.10465116279069768,0.08139534883720931,0.023255813953488372,0.011627906976744186,0.06976744186046512,0.03488372093023256,0.12790697674418605,0.05813953488372093,0.046511627906976744,0.03488372093023256,0.023255813953488372,0.05813953488372093
YNL146W,0.0,0.0,0.04,0.03,0.13,0.0,0.03,0.11,0.06,0.11,0.06,0.09,0.03,0.01,0.05,0.11,0.07,0.06,0.0,0.01
YNL143C,0.0,0.0,0.05,0.04,0.08,0.02,0.01,0.05,0.16,0.14,0.02,0.02,0.05,0.05,0.05,0.12,0.05,0.03,0.01,0.05
YNL115C,0.06,0.0,0.08,0.05,0.03,0.08,0.03,0.12,0.04,0.1,0.02,0.1,0.04,0.02,0.06,0.06,0.06,0.02,0.02,0.01
YNL095C,0.06,0.01,0.03,0.02,0.07,0.07,0.01,0.17,0.06,0.13,0.03,0.02,0.03,0.01,0.02,0.07,0.04,0.12,0.01,0.02
YNL058C,0.09,0.0,0.02,0.01,0.03,0.04,0.0,0.05,0.05,0.08,0.01,0.04,0.08,0.0,0.02,0.23,0.14,0.1,0.0,0.01
YNL046W,0.01,0.01,0.04,0.03,0.03,0.04,0.04,0.04,0.09,0.04,0.02,0.06,0.05,0.07,0.11,0.12,0.07,0.09,0.0,0.04
YNL033W,0.09,0.03,0.01,0.03,0.06,0.01,0.01,0.06,0.04,0.13,0.02,0.05,0.04,0.04,0.02,0.06,0.19,0.08,0.02,0.01
YNL019C,0.09,0.03,0.01,0.03,0.06,0.01,0.01,0.06,0.04,0.13,0.02,0.05,0.04,0.04,0.02,0.06,0.19,0.08,0.02,0.01
YLR152C,0.1,0.01,0.02,0.02,0.07,0.06,0.0,0.15,0.06,0.11,0.04,0.05,0.03,0.0,0.01,0.07,0.07,0.09,0.01,0.03
YGR016C-A,0.05714285714285714,0.0,0.02857142857142857,0.0,0.02857142857142857,0.05714285714285714,0.02857142857142857,0.2,0.0,0.2,0.08571428571428572,0.0,0.02857142857142857,0.0,0.0,0.05714285714285714,0.02857142857142857,0.08571428571428572,0.0,0.11428571428571428
YKR005C,0.07,0.1,0.04,0.05,0.05,0.05,0.0,0.01,0.03,0.14,0.02,0.08,0.03,0.04,0.03,0.13,0.03,0.07,0.0,0.03
YPL067C,0.09,0.0,0.06,0.1,0.03,0.05,0.03,0.04,0.08,0.08,0.03,0.05,0.03,0.09,0.05,0.06,0.03,0.03,0.03,0.04
YPL056C,0.07,0.05,0.02,0.02,0.09,0.0,0.02,0.04,0.04,0.18,0.01,0.03,0.12,0.03,0.07,0.12,0.05,0.04,0.0,0.0
YJL205C,0.03773584905660377,0.018867924528301886,0.05660377358490566,0.03773584905660377,0.03773584905660377,0.07547169811320754,0.05660377358490566,0.03773584905660377,0.09433962264150944,0.1320754716981132,0.05660377358490566,0.0,0.05660377358490566,0.03773584905660377,0.07547169811320754,0.03773584905660377,0.0,0.05660377358490566,0.018867924528301886,0.07547169811320754
YPL071C,0.03,0.01,0.12,0.03,0.03,0.05,0.04,0.11,0.1,0.08,0.01,0.13,0.04,0.0,0.08,0.07,0.02,0.02,0.01,0.02
YPL108W,0.03,0.0,0.05,0.14,0.02,0.09,0.02,0.04,0.11,0.03,0.03,0.01,0.04,0.06,0.07,0.05,0.08,0.09,0.01,0.03
YPL107W,0.02,0.04,0.03,0.06,0.03,0.09,0.0,0.05,0.04,0.04,0.04,0.04,0.06,0.04,0.1,0.09,0.08,0.09,0.02,0.04
YDR540C,0.04,0.0,0.03,0.16,0.02,0.06,0.0,0.05,0.13,0.08,0.01,0.05,0.03,0.03,0.02,0.07,0.05,0.04,0.03,0.1
YML131W,0.07,0.01,0.04,0.08,0.06,0.07,0.02,0.05,0.09,0.11,0.02,0.05,0.08,0.04,0.02,0.07,0.04,0.04,0.02,0.02
YDR090C,0.07,0.06,0.01,0.01,0.07,0.03,0.01,0.12,0.06,0.07,0.06,0.02,0.07,0.05,0.01,0.08,0.04,0.09,0.03,0.04
YMR184W,0.07,0.04,0.05,0.05,0.02,0.06,0.0,0.02,0.08,0.07,0.01,0.04,0.09,0.05,0.07,0.09,0.09,0.08,0.0,0.02
YMR279C,0.05,0.02,0.06,0.06,0.05,0.03,0.01,0.06,0.1,0.06,0.04,0.03,0.02,0.06,0.0,0.12,0.12,0.09,0.01,0.01
YDR476C,0.05,0.01,0.07,0.05,0.06,0.05,0.04,0.11,0.09,0.08,0.02,0.05,0.01,0.03,0.04,0.04,0.13,0.05,0.01,0.01
YMR209C,0.05,0.0,0.03,0.04,0.01,0.02,0.01,0.06,0.07,0.18,0.02,0.06,0.04,0.05,0.06,0.13,0.03,0.1,0.01,0.03
YML018C,0.05,0.0,0.06,0.05,0.08,0.05,0.01,0.07,0.05,0.11,0.03,0.06,0.02,0.01,0.05,0.08,0.08,0.08,0.02,0.04
YDR239C,0.06,0.0,0.05,0.05,0.06,0.04,0.02,0.04,0.09,0.04,0.01,0.1,0.08,0.02,0.08,0.16,0.08,0.02,0.0,0.0
YMR155W,0.06,0.03,0.01,0.0,0.06,0.1,0.04,0.07,0.07,0.13,0.04,0.04,0.04,0.02,0.01,0.14,0.03,0.08,0.0,0.03
YDR132C,0.03,0.0,0.06,0.07,0.07,0.04,0.02,0.06,0.07,0.06,0.03,0.08,0.06,0.05,0.02,0.15,0.04,0.04,0.01,0.04
YMR244W,0.08,0.05,0.04,0.03,0.03,0.11,0.03,0.02,0.04,0.07,0.05,0.04,0.08,0.06,0.01,0.08,0.06,0.05,0.03,0.04
YDR444W,0.01,0.0,0.04,0.09,0.04,0.06,0.02,0.08,0.09,0.12,0.02,0.08,0.05,0.01,0.09,0.05,0.03,0.05,0.0,0.07
YDR387C,0.04,0.0,0.07,0.05,0.05,0.08,0.0,0.08,0.03,0.14,0.01,0.02,0.02,0.03,0.0,0.15,0.1,0.09,0.0,0.04
YMR090W,0.11,0.01,0.08,0.04,0.04,0.09,0.0,0.07,0.07,0.06,0.03,0.05,0.02,0.03,0.03,0.08,0.05,0.12,0.0,0.02
YDR504C,0.01,0.06,0.0,0.02,0.23,0.01,0.01,0.1,0.03,0.12,0.01,0.06,0.02,0.0,0.04,0.05,0.05,0.08,0.01,0.09
YDR514C,0.08,0.01,0.0,0.04,0.03,0.06,0.04,0.03,0.09,0.07,0.04,0.08,0.03,0.03,0.09,0.11,0.05,0.07,0.01,0.04
YML096W,0.04,0.03,0.04,0.06,0.07,0.05,0.01,0.08,0.04,0.09,0.01,0.1,0.05,0.03,0.05,0.09,0.05,0.03,0.01,0.07
YMR066W,0.04,0.03,0.02,0.09,0.06,0.02,0.01,0.1,0.11,0.11,0.01,0.09,0.05,0.04,0.05,0.07,0.05,0.01,0.0,0.04
YMR253C,0.02,0.0,0.07,0.06,0.03,0.02,0.01,0.03,0.07,0.11,0.04,0.12,0.06,0.02,0.03,0.12,0.08,0.09,0.0,0.02
YDR222W,0.01,0.02,0.06,0.06,0.04,0.06,0.03,0.05,0.1,0.09,0.03,0.04,0.03,0.04,0.03,0.09,0.1,0.05,0.01,0.06
YMR221C,0.1,0.07,0.05,0.02,0.05,0.08,0.01,0.1,0.04,0.13,0.03,0.02,0.04,0.02,0.04,0.05,0.06,0.05,0.01,0.03
YDR338C,0.02,0.0,0.07,0.07,0.04,0.08,0.04,0.06,0.04,0.1,0.02,0.08,0.07,0.01,0.1,0.08,0.06,0.03,0.0,0.03
YDR275W,0.03,0.03,0.05,0.03,0.07,0.06,0.03,0.13,0.05,0.17,0.06,0.03,0.02,0.01,0.04,0.09,0.03,0.05,0.01,0.01
YDR281C,0.04,0.03,0.06,0.11,0.03,0.06,0.01,0.09,0.05,0.12,0.04,0.02,0.01,0.05,0.04,0.06,0.06,0.08,0.0,0.04
YLR219W,0.14,0.0,0.05,0.01,0.02,0.02,0.03,0.01,0.05,0.04,0.01,0.03,0.08,0.05,0.11,0.19,0.05,0.04,0.0,0.07
YLR278C,0.04,0.06,0.03,0.03,0.0,0.05,0.02,0.02,0.1,0.09,0.01,0.07,0.08,0.06,0.1,0.1,0.08,0.05,0.0,0.01
YLR287C,0.02,0.02,0.07,0.05,0.04,0.04,0.02,0.06,0.12,0.14,0.01,0.04,0.05,0.03,0.03,0.1,0.08,0.06,0.0,0.02
YLR375W,0.1,0.0,0.02,0.04,0.02,0.05,0.03,0.04,0.01,0.07,0.04,0.11,0.07,0.04,0.02,0.25,0.05,0.02,0.0,0.02
YLR225C,0.05,0.02,0.03,0.06,0.06,0.05,0.03,0.04,0.14,0.1,0.02,0.04,0.02,0.04,0.03,0.07,0.1,0.05,0.01,0.04
YLR407W,0.05,0.0,0.06,0.08,0.01,0.06,0.02,0.05,0.11,0.07,0.03,0.03,0.02,0.03,0.01,0.17,0.12,0.06,0.01,0.01
YPR098C,0.1,0.01,0.01,0.01,0.1,0.04,0.02,0.04,0.06,0.14,0.02,0.02,0.06,0.04,0.0,0.09,0.09,0.09,0.02,0.04
YLR346C,0.08,0.02,0.03,0.08,0.0,0.04,0.01,0.08,0.1,0.07,0.03,0.08,0.03,0.03,0.05,0.11,0.06,0.05,0.02,0.03
YLR257W,0.06,0.01,0.13,0.07,0.02,0.04,0.01,0.03,0.03,0.09,0.02,0.09,0.02,0.04,0.08,0.12,0.06,0.06,0.0,0.02
YLR271W,0.03,0.0,0.06,0.12,0.0,0.05,0.0,0.05,0.13,0.04,0.08,0.06,0.06,0.03,0.09,0.09,0.08,0.01,0.0,0.02
YLR326W,0.05,0.05,0.06,0.05,0.04,0.07,0.03,0.03,0.1,0.11,0.01,0.03,0.06,0.06,0.04,0.04,0.06,0.02,0.04,0.05
YLR456W,0.04,0.03,0.04,0.05,0.06,0.0,0.05,0.09,0.08,0.09,0.03,0.07,0.03,0.01,0.03,0.11,0.06,0.08,0.01,0.04
YLR162W,0.1,0.03,0.04,0.02,0.03,0.01,0.02,0.03,0.05,0.14,0.03,0.05,0.1,0.01,0.07,0.13,0.09,0.03,0.01,0.01
YLR173W,0.02,0.01,0.04,0.07,0.04,0.03,0.02,0.09,0.04,0.14,0.01,0.08,0.05,0.05,0.06,0.06,0.06,0.1,0.01,0.02
YLR177W,0.08,0.0,0.08,0.05,0.06,0.06,0.01,0.05,0.08,0.08,0.03,0.09,0.03,0.04,0.06,0.13,0.03,0.01,0.0,0.03
YPR148C,0.06,0.01,0.05,0.05,0.05,0.04,0.01,0.05,0.09,0.11,0.01,0.07,0.03,0.05,0.04,0.12,0.08,0.06,0.0,0.02
YPR151C,0.02,0.0,0.03,0.03,0.04,0.02,0.03,0.06,0.1,0.1,0.02,0.03,0.06,0.07,0.13,0.08,0.06,0.07,0.0,0.05
YPR196W,0.04,0.08,0.05,0.03,0.0,0.02,0.01,0.06,0.07,0.07,0.05,0.06,0.06,0.06,0.14,0.04,0.02,0.09,0.01,0.04
YPR172W,0.06,0.02,0.05,0.03,0.04,0.04,0.03,0.09,0.09,0.09,0.02,0.09,0.05,0.03,0.0,0.08,0.05,0.07,0.02,0.05
YHR007C-A,0.028169014084507043,0.014084507042253521,0.014084507042253521,0.04225352112676056,0.056338028169014086,0.0,0.056338028169014086,0.04225352112676056,0.11267605633802817,0.18309859154929578,0.014084507042253521,0.04225352112676056,0.11267605633802817,0.04225352112676056,0.07042253521126761,0.04225352112676056,0.08450704225352113,0.028169014084507043,0.0,0.014084507042253521
YDL129W,0.06,0.0,0.05,0.13,0.03,0.02,0.01,0.04,0.07,0.06,0.02,0.08,0.04,0.01,0.08,0.13,0.09,0.04,0.0,0.04
YDL144C,0.06,0.01,0.07,0.04,0.0,0.09,0.03,0.09,0.04,0.07,0.01,0.05,0.02,0.01,0.06,0.11,0.04,0.12,0.02,0.06
YDL218W,0.12,0.03,0.0,0.02,0.07,0.07,0.01,0.07,0.04,0.17,0.04,0.03,0.01,0.02,0.04,0.05,0.06,0.09,0.01,0.05
YLL030C,0.03,0.03,0.0,0.03,0.12,0.05,0.02,0.06,0.09,0.18,0.03,0.05,0.05,0.06,0.04,0.05,0.02,0.02,0.01,0.06
YLL032C,0.06,0.02,0.08,0.03,0.05,0.0,0.02,0.11,0.07,0.1,0.04,0.06,0.06,0.02,0.04,0.07,0.09,0.04,0.02,0.02
YLR001C,0.04,0.0,0.06,0.06,0.11,0.04,0.03,0.12,0.03,0.12,0.02,0.06,0.04,0.08,0.01,0.04,0.08,0.03,0.01,0.02
YLR036C,0.05,0.03,0.03,0.07,0.05,0.02,0.01,0.14,0.13,0.09,0.03,0.06,0.04,0.01,0.02,0.08,0.04,0.07,0.0,0.03
YLR077W,0.08,0.0,0.03,0.08,0.04,0.06,0.02,0.05,0.07,0.09,0.02,0.03,0.06,0.07,0.08,0.07,0.04,0.05,0.03,0.03
YOL042W,0.04,0.01,0.06,0.05,0.04,0.03,0.02,0.04,0.06,0.08,0.05,0.05,0.04,0.04,0.07,0.05,0.07,0.07,0.03,0.1
YOL159C,0.03,0.03,0.07,0.04,0.07,0.05,0.0,0.06,0.01,0.12,0.02,0.05,0.03,0.06,0.04,0.11,0.07,0.04,0.01,0.09
YOL161C,0.15,0.0,0.04,0.05,0.03,0.06,0.02,0.05,0.01,0.06,0.04,0.02,0.04,0.04,0.03,0.06,0.12,0.11,0.01,0.06
YOR068C,0.11,0.04,0.02,0.06,0.05,0.07,0.01,0.05,0.05,0.12,0.01,0.04,0.05,0.0,0.02,0.18,0.02,0.09,0.0,0.01
YOR183W,0.04,0.02,0.04,0.03,0.0,0.12,0.05,0.06,0.09,0.09,0.03,0.03,0.07,0.01,0.11,0.05,0.06,0.03,0.01,0.06
YOR235W,0.02,0.04,0.04,0.02,0.16,0.03,0.06,0.08,0.08,0.1,0.01,0.03,0.12,0.03,0.02,0.03,0.02,0.06,0.0,0.05
YOR238W,0.07,0.01,0.04,0.07,0.06,0.05,0.05,0.07,0.07,0.12,0.01,0.03,0.04,0.05,0.02,0.1,0.04,0.04,0.02,0.04
YOR252W,0.05,0.0,0.08,0.06,0.05,0.03,0.05,0.05,0.16,0.07,0.03,0.03,0.03,0.05,0.07,0.05,0.06,0.07,0.0,0.01
YOR255W,0.02,0.03,0.01,0.04,0.05,0.05,0.06,0.05,0.09,0.11,0.02,0.04,0.09,0.04,0.1,0.1,0.01,0.03,0.02,0.04
YOR292C,0.07,0.01,0.05,0.0,0.04,0.04,0.04,0.07,0.02,0.14,0.03,0.07,0.01,0.06,0.07,0.07,0.08,0.06,0.04,0.03
YOR296W,0.03,0.01,0.08,0.05,0.01,0.02,0.02,0.06,0.06,0.11,0.02,0.06,0.03,0.05,0.05,0.11,0.1,0.1,0.0,0.03
YOR305W,0.07,0.0,0.04,0.04,0.01,0.07,0.02,0.06,0.08,0.08,0.05,0.09,0.03,0.04,0.06,0.07,0.05,0.06,0.03,0.05
YOR365C,0.1,0.01,0.02,0.03,0.13,0.0,0.01,0.07,0.03,0.11,0.02,0.07,0.04,0.04,0.04,0.12,0.08,0.05,0.0,0.03
YOR376W,0.1,0.03,0.04,0.03,0.12,0.04,0.02,0.06,0.07,0.12,0.03,0.07,0.05,0.01,0.05,0.06,0.02,0.05,0.01,0.02
YOR385W,0.02,0.0,0.07,0.04,0.09,0.07,0.02,0.08,0.04,0.04,0.02,0.06,0.05,0.05,0.08,0.11,0.06,0.05,0.0,0.05
YOR387C,0.08,0.02,0.04,0.03,0.09,0.08,0.02,0.03,0.02,0.1,0.02,0.07,0.03,0.03,0.03,0.07,0.12,0.09,0.01,0.02
YOR389W,0.08,0.01,0.06,0.02,0.06,0.05,0.04,0.09,0.03,0.07,0.01,0.03,0.07,0.03,0.06,0.09,0.07,0.08,0.02,0.03
YPL216W,0.05,0.01,0.07,0.09,0.06,0.03,0.01,0.08,0.12,0.09,0.01,0.04,0.04,0.03,0.07,0.1,0.02,0.03,0.01,0.04
YPL223C,0.03,0.0,0.1,0.06,0.05,0.12,0.04,0.0,0.04,0.04,0.01,0.1,0.03,0.16,0.06,0.03,0.09,0.0,0.0,0.04
YPL257W,0.08,0.01,0.04,0.05,0.07,0.04,0.03,0.1,0.05,0.05,0.04,0.03,0.05,0.02,0.05,0.12,0.06,0.04,0.02,0.05
YPL264C,0.01,0.03,0.03,0.02,0.04,0.04,0.01,0.09,0.05,0.13,0.05,0.05,0.07,0.04,0.05,0.09,0.05,0.07,0.03,0.05
YOR215C,0.1,0.0,0.07,0.04,0.03,0.02,0.0,0.08,0.13,0.1,0.05,0.06,0.02,0.02,0.07,0.11,0.03,0.02,0.0,0.05
YPL162C,0.03,0.02,0.06,0.02,0.04,0.08,0.02,0.09,0.07,0.13,0.04,0.05,0.02,0.04,0.06,0.06,0.04,0.07,0.02,0.04
YOR220W,0.02,0.0,0.04,0.06,0.08,0.02,0.02,0.07,0.08,0.14,0.03,0.07,0.07,0.1,0.02,0.05,0.08,0.02,0.01,0.02
YPR027C,0.07,0.02,0.06,0.03,0.05,0.05,0.01,0.08,0.05,0.11,0.05,0.02,0.04,0.02,0.01,0.09,0.11,0.11,0.0,0.02
YDR105C,0.08,0.06,0.0,0.01,0.05,0.11,0.02,0.04,0.03,0.16,0.02,0.04,0.02,0.0,0.02,0.15,0.07,0.07,0.03,0.02
YDL211C,0.04,0.01,0.03,0.05,0.02,0.03,0.01,0.09,0.0,0.08,0.01,0.06,0.03,0.05,0.03,0.23,0.14,0.06,0.0,0.03
YOR284W,0.03,0.01,0.08,0.07,0.03,0.02,0.03,0.05,0.08,0.12,0.05,0.03,0.04,0.1,0.05,0.08,0.03,0.05,0.0,0.05
YPR063C,0.09,0.02,0.04,0.02,0.04,0.03,0.01,0.09,0.07,0.09,0.05,0.06,0.09,0.03,0.02,0.09,0.03,0.07,0.01,0.05
YPL245W,0.06,0.0,0.02,0.04,0.04,0.04,0.02,0.04,0.08,0.08,0.04,0.06,0.05,0.06,0.09,0.14,0.04,0.08,0.01,0.01
YOR342C,0.01,0.0,0.07,0.07,0.07,0.01,0.08,0.13,0.01,0.11,0.01,0.08,0.02,0.04,0.04,0.11,0.05,0.07,0.01,0.01
YLL054C,0.06,0.06,0.03,0.04,0.03,0.02,0.01,0.08,0.12,0.04,0.04,0.06,0.07,0.02,0.05,0.16,0.05,0.03,0.02,0.01
YLR046C,0.07,0.01,0.0,0.06,0.08,0.03,0.03,0.11,0.03,0.13,0.05,0.04,0.04,0.01,0.05,0.1,0.05,0.05,0.02,0.04
YDR061W,0.05,0.01,0.01,0.05,0.07,0.05,0.02,0.07,0.09,0.1,0.02,0.07,0.09,0.01,0.06,0.09,0.03,0.07,0.02,0.02
YDL180W,0.04,0.01,0.04,0.01,0.15,0.01,0.03,0.08,0.02,0.18,0.03,0.05,0.06,0.03,0.04,0.1,0.03,0.03,0.0,0.06
YDR262W,0.04,0.0,0.04,0.05,0.06,0.05,0.02,0.05,0.06,0.13,0.03,0.07,0.08,0.05,0.06,0.08,0.02,0.07,0.01,0.03
YPR071W,0.06,0.02,0.04,0.02,0.08,0.05,0.01,0.07,0.06,0.08,0.05,0.05,0.08,0.01,0.07,0.06,0.05,0.08,0.03,0.03
YLR094C,0.08,0.01,0.07,0.03,0.04,0.03,0.07,0.03,0.08,0.07,0.03,0.07,0.02,0.02,0.04,0.12,0.11,0.04,0.01,0.03
YOR131C,0.06,0.01,0.07,0.07,0.03,0.06,0.03,0.08,0.11,0.11,0.07,0.03,0.06,0.05,0.03,0.02,0.05,0.04,0.01,0.01
YDR070C,0.053763440860215055,0.0,0.0967741935483871,0.06451612903225806,0.043010752688172046,0.053763440860215055,0.021505376344086023,0.021505376344086023,0.11827956989247312,0.08602150537634409,0.03225806451612903,0.053763440860215055,0.06451612903225806,0.053763440860215055,0.0967741935483871,0.043010752688172046,0.053763440860215055,0.021505376344086023,0.0,0.021505376344086023
YPL156C,0.04,0.0,0.04,0.1,0.06,0.01,0.01,0.06,0.11,0.14,0.01,0.09,0.02,0.02,0.02,0.14,0.05,0.05,0.01,0.02
YPL247C,0.04,0.01,0.04,0.0,0.05,0.11,0.02,0.01,0.03,0.04,0.03,0.11,0.1,0.07,0.05,0.19,0.04,0.01,0.0,0.05
YKL065W-A,0.0,0.0,0.0273972602739726,0.0410958904109589,0.0273972602739726,0.0410958904109589,0.0136986301369863,0.0821917808219178,0.136986301369863,0.0958904109589041,0.0410958904109589,0.0547945205479452,0.0410958904109589,0.0410958904109589,0.0684931506849315,0.1232876712328767,0.0273972602739726,0.0821917808219178,0.0,0.0547945205479452
YKL023C-A,0.04,0.0,0.0,0.04,0.05333333333333334,0.04,0.02666666666666667,0.02666666666666667,0.12,0.09333333333333334,0.013333333333333334,0.09333333333333334,0.06666666666666667,0.02666666666666667,0.05333333333333334,0.09333333333333334,0.06666666666666667,0.10666666666666667,0.0,0.04
YIL102C-A,0.013333333333333334,0.013333333333333334,0.013333333333333334,0.02666666666666667,0.09333333333333334,0.04,0.0,0.13333333333333333,0.05333333333333334,0.18666666666666668,0.013333333333333334,0.05333333333333334,0.05333333333333334,0.0,0.02666666666666667,0.09333333333333334,0.04,0.10666666666666667,0.013333333333333334,0.02666666666666667
YCL048W-A,0.21518987341772153,0.0,0.0,0.02531645569620253,0.0379746835443038,0.06329113924050633,0.0,0.0759493670886076,0.012658227848101266,0.0379746835443038,0.02531645569620253,0.08860759493670886,0.06329113924050633,0.05063291139240506,0.0,0.02531645569620253,0.16455696202531644,0.11392405063291139,0.0,0.0
YDR524C-B,0.25757575757575757,0.0,0.0,0.0,0.07575757575757576,0.10606060606060606,0.0,0.030303030303030304,0.030303030303030304,0.030303030303030304,0.015151515151515152,0.09090909090909091,0.0,0.030303030303030304,0.015151515151515152,0.09090909090909091,0.12121212121212122,0.10606060606060606,0.0,0.0
YLR363W-A,0.047058823529411764,0.0,0.011764705882352941,0.058823529411764705,0.0,0.03529411764705882,0.023529411764705882,0.0,0.27058823529411763,0.15294117647058825,0.011764705882352941,0.023529411764705882,0.047058823529411764,0.047058823529411764,0.07058823529411765,0.08235294117647059,0.07058823529411765,0.047058823529411764,0.0,0.0
YBL029C-A,0.0,0.05319148936170213,0.0425531914893617,0.031914893617021274,0.07446808510638298,0.0425531914893617,0.031914893617021274,0.07446808510638298,0.07446808510638298,0.05319148936170213,0.02127659574468085,0.0851063829787234,0.0851063829787234,0.09574468085106383,0.031914893617021274,0.05319148936170213,0.02127659574468085,0.06382978723404255,0.031914893617021274,0.031914893617021274
YOL159C-A,0.0,0.044444444444444446,0.06666666666666667,0.1,0.06666666666666667,0.044444444444444446,0.03333333333333333,0.06666666666666667,0.06666666666666667,0.12222222222222222,0.011111111111111112,0.05555555555555555,0.022222222222222223,0.044444444444444446,0.044444444444444446,0.044444444444444446,0.044444444444444446,0.03333333333333333,0.022222222222222223,0.06666666666666667
YJL133C-A,0.21621621621621623,0.0,0.0,0.02702702702702703,0.04054054054054054,0.04054054054054054,0.02702702702702703,0.04054054054054054,0.05405405405405406,0.06756756756756757,0.02702702702702703,0.04054054054054054,0.04054054054054054,0.013513513513513514,0.08108108108108109,0.17567567567567569,0.05405405405405406,0.02702702702702703,0.0,0.02702702702702703
YKL018C-A,0.020202020202020204,0.010101010101010102,0.04040404040404041,0.050505050505050504,0.06060606060606061,0.10101010101010101,0.010101010101010102,0.050505050505050504,0.050505050505050504,0.09090909090909091,0.06060606060606061,0.030303030303030304,0.010101010101010102,0.050505050505050504,0.12121212121212122,0.0707070707070707,0.04040404040404041,0.050505050505050504,0.030303030303030304,0.050505050505050504
YNL162W-A,0.027777777777777776,0.06944444444444445,0.06944444444444445,0.041666666666666664,0.027777777777777776,0.013888888888888888,0.0,0.041666666666666664,0.08333333333333333,0.09722222222222222,0.013888888888888888,0.08333333333333333,0.06944444444444445,0.06944444444444445,0.05555555555555555,0.08333333333333333,0.013888888888888888,0.09722222222222222,0.0,0.041666666666666664
YMR194C-B,0.0547945205479452,0.1095890410958904,0.0958904109589041,0.0273972602739726,0.0136986301369863,0.0273972602739726,0.0136986301369863,0.0410958904109589,0.1095890410958904,0.1095890410958904,0.0273972602739726,0.0410958904109589,0.0684931506849315,0.0684931506849315,0.0273972602739726,0.0958904109589041,0.0136986301369863,0.0136986301369863,0.0,0.0410958904109589
YER053C-A,0.05405405405405406,0.0,0.05405405405405406,0.02702702702702703,0.16216216216216217,0.02702702702702703,0.02702702702702703,0.08108108108108109,0.02702702702702703,0.08108108108108109,0.05405405405405406,0.05405405405405406,0.02702702702702703,0.05405405405405406,0.05405405405405406,0.05405405405405406,0.02702702702702703,0.08108108108108109,0.0,0.05405405405405406
YDL085C-A,0.14705882352941177,0.0,0.07352941176470588,0.08823529411764706,0.0,0.029411764705882353,0.0,0.014705882352941176,0.20588235294117646,0.07352941176470588,0.04411764705882353,0.04411764705882353,0.014705882352941176,0.08823529411764706,0.1323529411764706,0.029411764705882353,0.014705882352941176,0.0,0.0,0.0
YOR008C-A,0.04054054054054054,0.02702702702702703,0.02702702702702703,0.013513513513513514,0.05405405405405406,0.0,0.02702702702702703,0.08108108108108109,0.04054054054054054,0.13513513513513514,0.05405405405405406,0.04054054054054054,0.06756756756756757,0.04054054054054054,0.04054054054054054,0.12162162162162163,0.04054054054054054,0.08108108108108109,0.02702702702702703,0.04054054054054054
YCR024C-B,0.03409090909090909,0.06818181818181818,0.011363636363636364,0.03409090909090909,0.19318181818181818,0.0,0.022727272727272728,0.09090909090909091,0.03409090909090909,0.09090909090909091,0.03409090909090909,0.022727272727272728,0.045454545454545456,0.011363636363636364,0.056818181818181816,0.06818181818181818,0.022727272727272728,0.11363636363636363,0.0,0.045454545454545456
YNL130C-A,0.041666666666666664,0.0625,0.0,0.0,0.125,0.041666666666666664,0.0,0.0625,0.08333333333333333,0.041666666666666664,0.041666666666666664,0.0625,0.020833333333333332,0.10416666666666667,0.08333333333333333,0.10416666666666667,0.020833333333333332,0.08333333333333333,0.0,0.020833333333333332
YPL189C-A,0.11764705882352941,0.014705882352941176,0.04411764705882353,0.029411764705882353,0.04411764705882353,0.014705882352941176,0.04411764705882353,0.058823529411764705,0.08823529411764706,0.10294117647058823,0.014705882352941176,0.04411764705882353,0.04411764705882353,0.058823529411764705,0.04411764705882353,0.10294117647058823,0.029411764705882353,0.08823529411764706,0.0,0.014705882352941176
YNR034W-A,0.07142857142857142,0.0,0.030612244897959183,0.07142857142857142,0.04081632653061224,0.08163265306122448,0.02040816326530612,0.09183673469387756,0.08163265306122448,0.061224489795918366,0.01020408163265306,0.061224489795918366,0.061224489795918366,0.01020408163265306,0.04081632653061224,0.07142857142857142,0.05102040816326531,0.09183673469387756,0.0,0.05102040816326531
YMR122W-A,0.20238095238095238,0.0,0.0,0.0,0.023809523809523808,0.047619047619047616,0.0,0.047619047619047616,0.047619047619047616,0.023809523809523808,0.03571428571428571,0.07142857142857142,0.023809523809523808,0.0,0.0,0.27380952380952384,0.09523809523809523,0.09523809523809523,0.0,0.011904761904761904
YIL134C-A,0.1044776119402985,0.029850746268656716,0.04477611940298507,0.014925373134328358,0.07462686567164178,0.014925373134328358,0.0,0.07462686567164178,0.04477611940298507,0.11940298507462686,0.014925373134328358,0.05970149253731343,0.014925373134328358,0.014925373134328358,0.04477611940298507,0.07462686567164178,0.05970149253731343,0.11940298507462686,0.014925373134328358,0.05970149253731343
YPR038W,0.1,0.04,0.03,0.01,0.1,0.01,0.03,0.09,0.01,0.11,0.05,0.04,0.07,0.03,0.04,0.11,0.06,0.05,0.01,0.01
YPR159C-A,0.06060606060606061,0.0,0.030303030303030304,0.0,0.06060606060606061,0.030303030303030304,0.0,0.030303030303030304,0.030303030303030304,0.24242424242424243,0.09090909090909091,0.0,0.06060606060606061,0.0,0.0,0.09090909090909091,0.09090909090909091,0.15151515151515152,0.0,0.030303030303030304
YBR126W-A,0.07352941176470588,0.029411764705882353,0.058823529411764705,0.058823529411764705,0.058823529411764705,0.058823529411764705,0.058823529411764705,0.07352941176470588,0.08823529411764706,0.07352941176470588,0.04411764705882353,0.014705882352941176,0.07352941176470588,0.11764705882352941,0.014705882352941176,0.0,0.029411764705882353,0.058823529411764705,0.0,0.014705882352941176
YCL026C-B,0.11,0.0,0.05,0.07,0.04,0.04,0.01,0.09,0.07,0.05,0.01,0.03,0.06,0.04,0.05,0.06,0.12,0.07,0.01,0.02
YPL229W,0.05,0.0,0.02,0.02,0.06,0.03,0.0,0.05,0.02,0.08,0.03,0.11,0.12,0.2,0.03,0.1,0.05,0.01,0.0,0.02
Q0075,0.01,0.0,0.04,0.07,0.06,0.06,0.0,0.08,0.08,0.13,0.08,0.13,0.05,0.01,0.0,0.03,0.05,0.03,0.0,0.09
YER038W-A,0.11,0.04,0.05,0.06,0.08,0.02,0.01,0.05,0.08,0.03,0.04,0.05,0.07,0.02,0.06,0.06,0.08,0.04,0.0,0.05
YLR302C,0.02,0.02,0.05,0.05,0.06,0.04,0.05,0.06,0.04,0.12,0.04,0.04,0.02,0.02,0.05,0.08,0.12,0.05,0.02,0.05
YLR415C,0.12,0.02,0.0,0.03,0.03,0.04,0.04,0.03,0.05,0.14,0.03,0.01,0.04,0.05,0.07,0.11,0.07,0.08,0.01,0.03
YFR010W-A,0.04838709677419355,0.016129032258064516,0.0,0.03225806451612903,0.16129032258064516,0.04838709677419355,0.03225806451612903,0.06451612903225806,0.016129032258064516,0.16129032258064516,0.016129032258064516,0.03225806451612903,0.016129032258064516,0.06451612903225806,0.03225806451612903,0.04838709677419355,0.0967741935483871,0.04838709677419355,0.016129032258064516,0.04838709677419355
YGL041W-A,0.03,0.0,0.06,0.05,0.01,0.01,0.03,0.09,0.08,0.09,0.03,0.08,0.03,0.04,0.1,0.12,0.05,0.06,0.03,0.01
YKL145W-A,0.0,0.0,0.0,0.03333333333333333,0.0,0.1,0.06666666666666667,0.03333333333333333,0.0,0.4,0.06666666666666667,0.0,0.0,0.03333333333333333,0.03333333333333333,0.06666666666666667,0.0,0.13333333333333333,0.0,0.03333333333333333
YMR013C-A,0.061224489795918366,0.02040816326530612,0.0,0.02040816326530612,0.10204081632653061,0.061224489795918366,0.0,0.12244897959183673,0.061224489795918366,0.24489795918367346,0.02040816326530612,0.02040816326530612,0.04081632653061224,0.0,0.04081632653061224,0.061224489795918366,0.02040816326530612,0.02040816326530612,0.04081632653061224,0.04081632653061224
YHR214C-D,0.030927835051546393,0.030927835051546393,0.041237113402061855,0.041237113402061855,0.07216494845360824,0.041237113402061855,0.041237113402061855,0.1134020618556701,0.030927835051546393,0.13402061855670103,0.030927835051546393,0.041237113402061855,0.020618556701030927,0.010309278350515464,0.010309278350515464,0.10309278350515463,0.041237113402061855,0.12371134020618557,0.020618556701030927,0.020618556701030927
YER190C-B,0.07,0.03,0.03,0.02,0.1,0.01,0.04,0.04,0.04,0.16,0.02,0.04,0.07,0.08,0.07,0.05,0.05,0.06,0.0,0.02
YEL077W-A,0.07,0.03,0.03,0.02,0.1,0.01,0.04,0.04,0.04,0.16,0.02,0.04,0.07,0.08,0.07,0.05,0.05,0.06,0.0,0.02
YGR296C-B,0.07,0.03,0.03,0.02,0.1,0.01,0.04,0.04,0.04,0.16,0.02,0.04,0.07,0.08,0.07,0.05,0.05,0.06,0.0,0.02
YPL283W-B,0.07,0.03,0.03,0.02,0.1,0.01,0.04,0.04,0.04,0.16,0.02,0.04,0.07,0.08,0.07,0.05,0.05,0.06,0.0,0.02
YPR204C-A,0.07,0.03,0.03,0.02,0.1,0.01,0.04,0.04,0.04,0.16,0.02,0.04,0.07,0.08,0.07,0.05,0.05,0.06,0.0,0.02
YLL066W-A,0.07,0.03,0.03,0.02,0.09,0.01,0.04,0.04,0.04,0.17,0.02,0.04,0.07,0.08,0.07,0.05,0.05,0.06,0.0,0.02
YLL067W-A,0.07,0.03,0.03,0.02,0.09,0.01,0.04,0.04,0.04,0.17,0.02,0.04,0.07,0.08,0.07,0.05,0.05,0.06,0.0,0.02
YKL044W,0.08,0.01,0.0,0.01,0.12,0.01,0.04,0.09,0.05,0.11,0.04,0.04,0.05,0.04,0.07,0.08,0.05,0.05,0.01,0.05
YBL071C,0.06,0.02,0.03,0.03,0.06,0.04,0.02,0.1,0.09,0.11,0.04,0.05,0.03,0.02,0.04,0.15,0.03,0.03,0.0,0.05
YBR027C,0.01,0.06,0.02,0.02,0.08,0.08,0.03,0.12,0.05,0.13,0.02,0.08,0.03,0.02,0.05,0.03,0.06,0.05,0.02,0.04
YBR209W,0.11,0.02,0.02,0.04,0.07,0.04,0.03,0.04,0.09,0.13,0.01,0.08,0.02,0.02,0.09,0.08,0.02,0.03,0.01,0.05
YBR219C,0.01,0.03,0.01,0.01,0.04,0.09,0.02,0.1,0.03,0.14,0.04,0.06,0.03,0.03,0.04,0.06,0.11,0.06,0.02,0.07
YBR292C,0.05,0.03,0.01,0.02,0.13,0.02,0.04,0.11,0.08,0.14,0.01,0.07,0.03,0.02,0.03,0.11,0.03,0.03,0.0,0.04
YHL037C,0.02,0.06,0.04,0.01,0.09,0.05,0.02,0.12,0.05,0.09,0.02,0.06,0.05,0.01,0.08,0.09,0.04,0.04,0.0,0.06
YHL005C,0.07,0.03,0.04,0.05,0.09,0.03,0.02,0.09,0.02,0.1,0.01,0.03,0.04,0.03,0.08,0.09,0.06,0.03,0.0,0.09
YHR078W,0.05,0.01,0.02,0.06,0.07,0.04,0.01,0.07,0.07,0.1,0.05,0.04,0.02,0.01,0.02,0.15,0.05,0.1,0.01,0.05
YHR130C,0.01,0.0,0.04,0.04,0.15,0.03,0.05,0.09,0.05,0.14,0.05,0.04,0.0,0.01,0.01,0.1,0.05,0.04,0.01,0.09
YAR064W,0.050505050505050504,0.0707070707070707,0.020202020202020204,0.0707070707070707,0.08080808080808081,0.0707070707070707,0.04040404040404041,0.04040404040404041,0.050505050505050504,0.08080808080808081,0.020202020202020204,0.030303030303030304,0.06060606060606061,0.010101010101010102,0.0707070707070707,0.1111111111111111,0.0707070707070707,0.020202020202020204,0.010101010101010102,0.020202020202020204
YEL014C,0.03,0.03,0.03,0.03,0.11,0.02,0.04,0.13,0.02,0.1,0.04,0.04,0.08,0.02,0.07,0.08,0.02,0.02,0.01,0.08
YNL198C,0.02,0.03,0.06,0.01,0.11,0.02,0.03,0.1,0.08,0.11,0.01,0.07,0.04,0.01,0.09,0.11,0.05,0.03,0.0,0.02
YIL060W,0.05,0.02,0.01,0.03,0.04,0.05,0.02,0.13,0.04,0.12,0.04,0.02,0.07,0.04,0.05,0.12,0.07,0.05,0.01,0.02
YIL029C,0.04,0.03,0.01,0.01,0.11,0.02,0.01,0.1,0.07,0.11,0.03,0.08,0.04,0.02,0.05,0.09,0.04,0.04,0.05,0.05
YFL015C,0.06,0.03,0.0,0.0,0.16,0.04,0.03,0.03,0.01,0.15,0.01,0.03,0.08,0.04,0.08,0.08,0.05,0.05,0.01,0.06
YFR035C,0.08,0.09,0.03,0.02,0.09,0.06,0.0,0.03,0.06,0.11,0.03,0.04,0.03,0.01,0.05,0.11,0.09,0.06,0.0,0.01
YJL118W,0.06,0.03,0.02,0.02,0.05,0.0,0.02,0.09,0.02,0.1,0.03,0.04,0.05,0.03,0.1,0.12,0.04,0.14,0.02,0.02
YJL028W,0.12,0.04,0.0,0.0,0.11,0.03,0.05,0.05,0.03,0.17,0.01,0.02,0.01,0.04,0.1,0.06,0.07,0.04,0.01,0.04
YJL007C,0.02,0.01,0.05,0.05,0.03,0.07,0.07,0.11,0.05,0.08,0.03,0.02,0.04,0.03,0.04,0.12,0.07,0.05,0.01,0.05
YGL149W,0.05,0.03,0.01,0.01,0.18,0.01,0.04,0.03,0.02,0.22,0.01,0.01,0.08,0.01,0.03,0.13,0.05,0.05,0.01,0.02
YGL088W,0.06,0.01,0.02,0.04,0.14,0.04,0.02,0.08,0.02,0.16,0.01,0.07,0.03,0.02,0.04,0.06,0.05,0.03,0.01,0.09
YGR045C,0.04,0.03,0.02,0.04,0.09,0.05,0.02,0.1,0.08,0.08,0.02,0.04,0.03,0.02,0.05,0.12,0.07,0.07,0.0,0.03
YGR219W,0.02,0.04,0.03,0.02,0.08,0.01,0.04,0.08,0.01,0.09,0.06,0.09,0.03,0.03,0.05,0.1,0.08,0.08,0.02,0.04
YDR366C,0.02,0.03,0.0,0.05,0.09,0.04,0.03,0.15,0.06,0.12,0.01,0.04,0.02,0.02,0.03,0.05,0.04,0.11,0.01,0.08
YFR035W-A,0.052083333333333336,0.0,0.03125,0.03125,0.041666666666666664,0.041666666666666664,0.020833333333333332,0.052083333333333336,0.08333333333333333,0.16666666666666666,0.03125,0.03125,0.07291666666666667,0.020833333333333332,0.09375,0.07291666666666667,0.041666666666666664,0.09375,0.010416666666666666,0.010416666666666666
YPL068C,0.06,0.0,0.05,0.02,0.01,0.02,0.02,0.07,0.09,0.06,0.03,0.05,0.1,0.05,0.07,0.12,0.09,0.08,0.0,0.01
YMR187C,0.01,0.08,0.06,0.05,0.05,0.02,0.06,0.08,0.05,0.13,0.03,0.02,0.05,0.03,0.04,0.04,0.1,0.03,0.04,0.03
YDR209C,0.03,0.02,0.09,0.02,0.08,0.02,0.02,0.09,0.02,0.12,0.01,0.13,0.06,0.02,0.07,0.05,0.03,0.08,0.0,0.04
YMR254C,0.02,0.01,0.03,0.01,0.07,0.01,0.04,0.11,0.04,0.15,0.04,0.02,0.04,0.03,0.03,0.08,0.1,0.11,0.02,0.04
YDR278C,0.03,0.04,0.02,0.0,0.09,0.05,0.08,0.08,0.01,0.11,0.03,0.05,0.03,0.02,0.07,0.15,0.07,0.04,0.0,0.03
YLR296W,0.09,0.03,0.01,0.02,0.06,0.05,0.04,0.08,0.1,0.08,0.02,0.02,0.02,0.06,0.07,0.11,0.07,0.05,0.0,0.02
YOR186W,0.08,0.02,0.05,0.06,0.11,0.05,0.03,0.09,0.06,0.08,0.04,0.06,0.03,0.02,0.03,0.09,0.06,0.02,0.01,0.01
YOR268C,0.1,0.04,0.02,0.04,0.11,0.06,0.03,0.04,0.06,0.07,0.02,0.0,0.04,0.01,0.06,0.07,0.06,0.08,0.01,0.08
YDR029W,0.02,0.03,0.05,0.01,0.11,0.03,0.01,0.06,0.08,0.23,0.02,0.06,0.01,0.01,0.03,0.13,0.01,0.02,0.01,0.07
YOR015W,0.05,0.02,0.02,0.06,0.1,0.03,0.06,0.1,0.08,0.12,0.02,0.02,0.05,0.03,0.03,0.09,0.03,0.04,0.02,0.03
YDL009C,0.03,0.03,0.03,0.0,0.16,0.03,0.06,0.08,0.07,0.12,0.02,0.06,0.05,0.02,0.05,0.05,0.02,0.07,0.01,0.04
YDR215C,0.06,0.0,0.03,0.02,0.05,0.03,0.04,0.04,0.03,0.1,0.06,0.06,0.08,0.04,0.09,0.14,0.05,0.07,0.0,0.01
YOR097C,0.01,0.02,0.06,0.02,0.06,0.11,0.01,0.11,0.09,0.1,0.04,0.0,0.04,0.01,0.04,0.08,0.06,0.1,0.02,0.02
YLR122C,0.08,0.04,0.02,0.03,0.08,0.04,0.01,0.07,0.03,0.09,0.04,0.03,0.03,0.03,0.07,0.1,0.06,0.06,0.02,0.07
YPR064W,0.1,0.03,0.01,0.05,0.09,0.07,0.01,0.04,0.05,0.11,0.01,0.04,0.04,0.03,0.05,0.07,0.04,0.09,0.02,0.05
YLR111W,0.06,0.01,0.03,0.01,0.14,0.09,0.02,0.06,0.06,0.09,0.02,0.04,0.07,0.03,0.06,0.07,0.05,0.03,0.03,0.03
YGL194C-A,0.025,0.025,0.0375,0.05,0.025,0.025,0.0,0.125,0.0625,0.15,0.0375,0.0625,0.025,0.025,0.05,0.0625,0.0375,0.0625,0.0625,0.05
Q0092,0.0,0.021739130434782608,0.0,0.0,0.13043478260869565,0.0,0.0,0.13043478260869565,0.021739130434782608,0.0,0.2391304347826087,0.13043478260869565,0.0,0.0,0.06521739130434782,0.021739130434782608,0.08695652173913043,0.06521739130434782,0.0,0.08695652173913043
YOR034C-A,0.025,0.05,0.0125,0.0375,0.1125,0.025,0.025,0.0375,0.0875,0.0625,0.0125,0.05,0.05,0.0375,0.0875,0.05,0.05,0.1,0.025,0.0625
YIR021W-A,0.04285714285714286,0.014285714285714285,0.014285714285714285,0.05714285714285714,0.04285714285714286,0.04285714285714286,0.0,0.17142857142857143,0.11428571428571428,0.05714285714285714,0.014285714285714285,0.02857142857142857,0.04285714285714286,0.014285714285714285,0.02857142857142857,0.17142857142857143,0.07142857142857142,0.04285714285714286,0.0,0.02857142857142857
YJR112W-A,0.06,0.03,0.04,0.03,0.09,0.04,0.01,0.06,0.06,0.08,0.03,0.04,0.0,0.05,0.05,0.08,0.07,0.14,0.03,0.01
YGL041C-B,0.03333333333333333,0.05,0.03333333333333333,0.03333333333333333,0.13333333333333333,0.016666666666666666,0.03333333333333333,0.1,0.016666666666666666,0.18333333333333332,0.03333333333333333,0.016666666666666666,0.0,0.0,0.03333333333333333,0.13333333333333333,0.05,0.05,0.0,0.05
YPL119C-A,0.022988505747126436,0.034482758620689655,0.022988505747126436,0.04597701149425287,0.13793103448275862,0.05747126436781609,0.034482758620689655,0.05747126436781609,0.022988505747126436,0.16091954022988506,0.022988505747126436,0.04597701149425287,0.04597701149425287,0.011494252873563218,0.034482758620689655,0.10344827586206896,0.034482758620689655,0.04597701149425287,0.011494252873563218,0.04597701149425287
YBR200W-A,0.018518518518518517,0.05555555555555555,0.037037037037037035,0.0,0.07407407407407407,0.05555555555555555,0.037037037037037035,0.05555555555555555,0.037037037037037035,0.16666666666666666,0.07407407407407407,0.018518518518518517,0.037037037037037035,0.018518518518518517,0.1111111111111111,0.07407407407407407,0.037037037037037035,0.037037037037037035,0.037037037037037035,0.018518518518518517
YMR030W-A,0.020833333333333332,0.010416666666666666,0.010416666666666666,0.020833333333333332,0.125,0.052083333333333336,0.020833333333333332,0.13541666666666666,0.11458333333333333,0.09375,0.010416666666666666,0.0625,0.020833333333333332,0.0,0.0625,0.08333333333333333,0.052083333333333336,0.0625,0.0,0.041666666666666664
YKL183C-A,0.05714285714285714,0.02857142857142857,0.014285714285714285,0.02857142857142857,0.15714285714285714,0.014285714285714285,0.04285714285714286,0.04285714285714286,0.1,0.11428571428571428,0.02857142857142857,0.04285714285714286,0.0,0.02857142857142857,0.02857142857142857,0.08571428571428572,0.04285714285714286,0.08571428571428572,0.0,0.05714285714285714
YBR255C-A,0.08,0.02,0.03,0.05,0.05,0.05,0.02,0.06,0.07,0.08,0.03,0.03,0.02,0.06,0.09,0.07,0.05,0.08,0.01,0.05
YDR182W-A,0.05970149253731343,0.029850746268656716,0.014925373134328358,0.014925373134328358,0.029850746268656716,0.07462686567164178,0.029850746268656716,0.04477611940298507,0.08955223880597014,0.13432835820895522,0.014925373134328358,0.014925373134328358,0.029850746268656716,0.04477611940298507,0.029850746268656716,0.029850746268656716,0.08955223880597014,0.1044776119402985,0.014925373134328358,0.1044776119402985
YML007C-A,0.027777777777777776,0.0,0.0,0.0,0.1111111111111111,0.0,0.027777777777777776,0.1111111111111111,0.0,0.2222222222222222,0.08333333333333333,0.027777777777777776,0.027777777777777776,0.027777777777777776,0.1388888888888889,0.08333333333333333,0.027777777777777776,0.05555555555555555,0.0,0.027777777777777776
YIL046W-A,0.037037037037037035,0.18518518518518517,0.037037037037037035,0.018518518518518517,0.018518518518518517,0.018518518518518517,0.0,0.05555555555555555,0.05555555555555555,0.07407407407407407,0.09259259259259259,0.018518518518518517,0.018518518518518517,0.018518518518518517,0.037037037037037035,0.037037037037037035,0.0,0.16666666666666666,0.018518518518518517,0.09259259259259259
YLR342W-A,0.03508771929824561,0.017543859649122806,0.0,0.03508771929824561,0.10526315789473684,0.03508771929824561,0.017543859649122806,0.12280701754385964,0.03508771929824561,0.10526315789473684,0.03508771929824561,0.08771929824561403,0.03508771929824561,0.017543859649122806,0.03508771929824561,0.10526315789473684,0.017543859649122806,0.10526315789473684,0.0,0.05263157894736842
YLL006W-A,0.017241379310344827,0.05172413793103448,0.0,0.017241379310344827,0.08620689655172414,0.0,0.017241379310344827,0.1206896551724138,0.05172413793103448,0.06896551724137931,0.017241379310344827,0.06896551724137931,0.05172413793103448,0.05172413793103448,0.034482758620689655,0.13793103448275862,0.034482758620689655,0.10344827586206896,0.0,0.06896551724137931
YHR175W-A,0.0,0.02040816326530612,0.02040816326530612,0.0,0.10204081632653061,0.02040816326530612,0.02040816326530612,0.12244897959183673,0.0,0.14285714285714285,0.04081632653061224,0.08163265306122448,0.061224489795918366,0.02040816326530612,0.02040816326530612,0.12244897959183673,0.08163265306122448,0.04081632653061224,0.0,0.08163265306122448
YBR196C-A,0.02040816326530612,0.02040816326530612,0.0,0.02040816326530612,0.1836734693877551,0.0,0.0,0.10204081632653061,0.0,0.08163265306122448,0.04081632653061224,0.04081632653061224,0.08163265306122448,0.0,0.08163265306122448,0.061224489795918366,0.02040816326530612,0.08163265306122448,0.02040816326530612,0.14285714285714285
YBL008W-A,0.0379746835443038,0.06329113924050633,0.012658227848101266,0.0,0.06329113924050633,0.012658227848101266,0.02531645569620253,0.13924050632911392,0.12658227848101267,0.0759493670886076,0.02531645569620253,0.06329113924050633,0.02531645569620253,0.06329113924050633,0.06329113924050633,0.06329113924050633,0.0379746835443038,0.0379746835443038,0.02531645569620253,0.0379746835443038
YOR161C-C,0.10416666666666667,0.020833333333333332,0.0625,0.0,0.041666666666666664,0.041666666666666664,0.08333333333333333,0.08333333333333333,0.020833333333333332,0.10416666666666667,0.041666666666666664,0.020833333333333332,0.0625,0.020833333333333332,0.0625,0.08333333333333333,0.041666666666666664,0.041666666666666664,0.0,0.0625
YOR032W-A,0.045454545454545456,0.015151515151515152,0.030303030303030304,0.015151515151515152,0.09090909090909091,0.030303030303030304,0.030303030303030304,0.09090909090909091,0.0,0.21212121212121213,0.030303030303030304,0.015151515151515152,0.045454545454545456,0.030303030303030304,0.07575757575757576,0.07575757575757576,0.09090909090909091,0.030303030303030304,0.030303030303030304,0.015151515151515152
YMR182W-A,0.14285714285714285,0.07142857142857142,0.0,0.0,0.07142857142857142,0.0,0.03571428571428571,0.10714285714285714,0.07142857142857142,0.10714285714285714,0.07142857142857142,0.07142857142857142,0.07142857142857142,0.0,0.03571428571428571,0.07142857142857142,0.03571428571428571,0.03571428571428571,0.0,0.0
YKL096C-B,0.02040816326530612,0.0,0.04081632653061224,0.04081632653061224,0.12244897959183673,0.04081632653061224,0.0,0.10204081632653061,0.16326530612244897,0.10204081632653061,0.08163265306122448,0.02040816326530612,0.02040816326530612,0.0,0.061224489795918366,0.061224489795918366,0.04081632653061224,0.02040816326530612,0.0,0.061224489795918366
YHR213W-A,0.03896103896103896,0.012987012987012988,0.012987012987012988,0.06493506493506493,0.12987012987012986,0.05194805194805195,0.025974025974025976,0.03896103896103896,0.06493506493506493,0.1038961038961039,0.05194805194805195,0.025974025974025976,0.03896103896103896,0.03896103896103896,0.05194805194805195,0.03896103896103896,0.03896103896103896,0.15584415584415584,0.0,0.012987012987012988
YGR146C-A,0.07547169811320754,0.07547169811320754,0.0,0.018867924528301886,0.20754716981132076,0.018867924528301886,0.03773584905660377,0.05660377358490566,0.018867924528301886,0.11320754716981132,0.018867924528301886,0.018867924528301886,0.11320754716981132,0.0,0.018867924528301886,0.09433962264150944,0.07547169811320754,0.018867924528301886,0.018867924528301886,0.0
YFR032C-B,0.04597701149425287,0.011494252873563218,0.0,0.034482758620689655,0.08045977011494253,0.05747126436781609,0.034482758620689655,0.14942528735632185,0.022988505747126436,0.05747126436781609,0.011494252873563218,0.06896551724137931,0.05747126436781609,0.06896551724137931,0.05747126436781609,0.11494252873563218,0.04597701149425287,0.022988505747126436,0.0,0.05747126436781609
YCL021W-A,0.03,0.02,0.04,0.07,0.05,0.01,0.03,0.03,0.07,0.13,0.02,0.02,0.06,0.04,0.07,0.12,0.08,0.06,0.01,0.04
Q0297,0.0392156862745098,0.0,0.0392156862745098,0.0196078431372549,0.0196078431372549,0.0784313725490196,0.0,0.0196078431372549,0.11764705882352941,0.0196078431372549,0.11764705882352941,0.0784313725490196,0.1568627450980392,0.0,0.11764705882352941,0.0392156862745098,0.0392156862745098,0.0392156862745098,0.0,0.058823529411764705
Q0182,0.02,0.0,0.01,0.02,0.09,0.07,0.01,0.12,0.04,0.03,0.13,0.14,0.05,0.0,0.07,0.05,0.0,0.05,0.0,0.1
Q0144,0.0,0.01,0.0,0.01,0.07,0.01,0.0,0.17,0.04,0.1,0.16,0.14,0.01,0.01,0.0,0.0,0.04,0.01,0.01,0.21
Q0143,0.0,0.0,0.02,0.02,0.04,0.04,0.06,0.14,0.04,0.14,0.06,0.16,0.04,0.0,0.0,0.04,0.08,0.02,0.02,0.08
Q0142,0.0,0.0,0.0,0.017241379310344827,0.034482758620689655,0.034482758620689655,0.017241379310344827,0.08620689655172414,0.0,0.034482758620689655,0.22413793103448276,0.1896551724137931,0.034482758620689655,0.0,0.05172413793103448,0.05172413793103448,0.15517241379310345,0.017241379310344827,0.0,0.05172413793103448
Q0032,0.0,0.0,0.0,0.0,0.0625,0.0,0.03125,0.08333333333333333,0.052083333333333336,0.125,0.16666666666666666,0.10416666666666667,0.010416666666666666,0.0,0.010416666666666666,0.052083333333333336,0.07291666666666667,0.010416666666666666,0.041666666666666664,0.17708333333333334
Q0017,0.018867924528301886,0.018867924528301886,0.018867924528301886,0.0,0.03773584905660377,0.03773584905660377,0.018867924528301886,0.11320754716981132,0.03773584905660377,0.09433962264150944,0.05660377358490566,0.1320754716981132,0.05660377358490566,0.0,0.07547169811320754,0.018867924528301886,0.1320754716981132,0.03773584905660377,0.0,0.09433962264150944
Q0010,0.0,0.0,0.03,0.0,0.1,0.04,0.0,0.21,0.02,0.1,0.07,0.08,0.05,0.0,0.01,0.04,0.02,0.04,0.01,0.18
