,kmer_A,kmer_C,kmer_D,kmer_E,kmer_F,kmer_G,kmer_H,kmer_I,kmer_K,kmer_L,kmer_M,kmer_N,kmer_P,kmer_Q,kmer_R,kmer_S,kmer_T,kmer_V,kmer_W,kmer_Y
YPL060C-A,0.025,0.01,0.085,0.095,0.04,0.02,0.01,0.1,0.1,0.09,0.01,0.095,0.025,0.04,0.055,0.035,0.075,0.06,0.0,0.03
YFL026W,0.065,0.005,0.03,0.01,0.065,0.065,0.01,0.1,0.025,0.095,0.035,0.05,0.025,0.04,0.025,0.105,0.105,0.085,0.005,0.055
YPL228W,0.06,0.0,0.1,0.1,0.015,0.06,0.025,0.04,0.095,0.05,0.02,0.09,0.05,0.065,0.025,0.11,0.045,0.03,0.0,0.02
YDR110W,0.03,0.015,0.08,0.07,0.035,0.04,0.03,0.045,0.08,0.105,0.025,0.045,0.03,0.045,0.065,0.09,0.06,0.055,0.005,0.05
YPL081W,0.1065989847715736,0.0,0.06091370558375635,0.08121827411167512,0.03553299492385787,0.050761421319796954,0.02030456852791878,0.04568527918781726,0.09137055837563451,0.10152284263959391,0.01015228426395939,0.02030456852791878,0.04568527918781726,0.025380710659898477,0.116751269035533,0.06091370558375635,0.03553299492385787,0.06091370558375635,0.0,0.030456852791878174
YDR204W,0.085,0.005,0.04,0.075,0.035,0.05,0.035,0.045,0.055,0.135,0.035,0.05,0.06,0.025,0.08,0.045,0.055,0.04,0.01,0.04
YAR009C,0.025,0.025,0.05,0.04,0.06,0.03,0.045,0.09,0.06,0.08,0.025,0.045,0.055,0.045,0.05,0.09,0.075,0.04,0.01,0.06
YHR214C-B,0.055,0.01,0.035,0.025,0.03,0.045,0.03,0.025,0.04,0.035,0.04,0.06,0.145,0.085,0.005,0.155,0.08,0.04,0.01,0.05
YHR167W,0.045,0.01,0.08,0.095,0.015,0.03,0.015,0.05,0.075,0.14,0.015,0.035,0.03,0.055,0.065,0.085,0.055,0.05,0.005,0.05
YLR390W-A,0.14,0.04,0.025,0.045,0.005,0.01,0.01,0.005,0.06,0.055,0.005,0.025,0.025,0.025,0.005,0.385,0.07,0.05,0.0,0.015
YLR421C,0.02564102564102564,0.01282051282051282,0.057692307692307696,0.1346153846153846,0.04487179487179487,0.05128205128205128,0.0,0.07051282051282051,0.07051282051282051,0.07051282051282051,0.03205128205128205,0.0641025641025641,0.057692307692307696,0.03205128205128205,0.038461538461538464,0.10897435897435898,0.02564102564102564,0.057692307692307696,0.02564102564102564,0.019230769230769232
YPL249C-A,0.12,0.0,0.01,0.05,0.02,0.07,0.01,0.08,0.14,0.06,0.03,0.05,0.03,0.01,0.12,0.07,0.05,0.06,0.0,0.02
YOR298C-A,0.09271523178807947,0.0,0.06622516556291391,0.033112582781456956,0.0,0.09271523178807947,0.0,0.052980132450331126,0.10596026490066225,0.059602649006622516,0.013245033112582781,0.0728476821192053,0.046357615894039736,0.046357615894039736,0.09933774834437085,0.06622516556291391,0.059602649006622516,0.0728476821192053,0.006622516556291391,0.013245033112582781
YKL053C-A,0.09302325581395349,0.046511627906976744,0.046511627906976744,0.11627906976744186,0.046511627906976744,0.05813953488372093,0.0,0.023255813953488372,0.12790697674418605,0.05813953488372093,0.023255813953488372,0.05813953488372093,0.03488372093023256,0.023255813953488372,0.011627906976744186,0.06976744186046512,0.046511627906976744,0.046511627906976744,0.023255813953488372,0.046511627906976744
YEL020W-A,0.034482758620689655,0.04597701149425287,0.04597701149425287,0.09195402298850575,0.06896551724137931,0.04597701149425287,0.011494252873563218,0.011494252873563218,0.10344827586206896,0.08045977011494253,0.04597701149425287,0.05747126436781609,0.0,0.11494252873563218,0.05747126436781609,0.05747126436781609,0.05747126436781609,0.05747126436781609,0.0,0.011494252873563218
YDL045W-A,0.05263157894736842,0.042105263157894736,0.021052631578947368,0.031578947368421054,0.0,0.05263157894736842,0.031578947368421054,0.042105263157894736,0.10526315789473684,0.11578947368421053,0.031578947368421054,0.07368421052631578,0.08421052631578947,0.031578947368421054,0.06315789473684211,0.09473684210526316,0.021052631578947368,0.05263157894736842,0.010526315789473684,0.042105263157894736
YJR048W,0.06422018348623854,0.027522935779816515,0.03669724770642202,0.06422018348623854,0.03669724770642202,0.11009174311926606,0.03669724770642202,0.03669724770642202,0.14678899082568808,0.07339449541284404,0.027522935779816515,0.06422018348623854,0.03669724770642202,0.01834862385321101,0.027522935779816515,0.03669724770642202,0.07339449541284404,0.027522935779816515,0.009174311926605505,0.045871559633027525
YFR033C,0.06802721088435375,0.013605442176870748,0.14965986394557823,0.24489795918367346,0.027210884353741496,0.04081632653061224,0.047619047619047616,0.013605442176870748,0.061224489795918366,0.07482993197278912,0.013605442176870748,0.02040816326530612,0.02040816326530612,0.05442176870748299,0.02040816326530612,0.0,0.034013605442176874,0.061224489795918366,0.006802721088435374,0.027210884353741496
YDR529C,0.10236220472440945,0.007874015748031496,0.05511811023622047,0.09448818897637795,0.023622047244094488,0.023622047244094488,0.023622047244094488,0.08661417322834646,0.07086614173228346,0.12598425196850394,0.015748031496062992,0.03937007874015748,0.06299212598425197,0.03937007874015748,0.05511811023622047,0.047244094488188976,0.031496062992125984,0.03937007874015748,0.007874015748031496,0.047244094488188976
Q0105,0.07,0.015,0.015,0.01,0.075,0.07,0.04,0.1,0.01,0.09,0.065,0.055,0.03,0.02,0.03,0.095,0.035,0.085,0.03,0.06
YML054C,0.085,0.015,0.055,0.05,0.02,0.05,0.02,0.06,0.105,0.095,0.015,0.055,0.09,0.035,0.04,0.06,0.045,0.055,0.015,0.035
YOL086C,0.115,0.03,0.04,0.045,0.01,0.13,0.045,0.05,0.065,0.085,0.025,0.035,0.05,0.035,0.005,0.05,0.03,0.08,0.025,0.05
YMR303C,0.12,0.03,0.04,0.055,0.01,0.125,0.045,0.055,0.065,0.085,0.02,0.04,0.055,0.025,0.01,0.05,0.035,0.065,0.025,0.045
YJR009C,0.1,0.01,0.075,0.04,0.035,0.07,0.035,0.075,0.065,0.05,0.035,0.05,0.035,0.02,0.045,0.065,0.075,0.085,0.01,0.025
YGR192C,0.1,0.01,0.075,0.04,0.03,0.075,0.03,0.07,0.065,0.05,0.03,0.05,0.04,0.015,0.045,0.065,0.08,0.09,0.01,0.03
YJL052W,0.095,0.01,0.08,0.025,0.025,0.075,0.035,0.08,0.08,0.05,0.025,0.04,0.04,0.02,0.045,0.06,0.08,0.095,0.01,0.03
Q0045,0.09,0.005,0.015,0.01,0.065,0.08,0.025,0.08,0.01,0.165,0.055,0.045,0.045,0.02,0.02,0.08,0.07,0.075,0.02,0.025
Q0250,0.055,0.01,0.07,0.055,0.05,0.035,0.02,0.115,0.03,0.115,0.035,0.025,0.05,0.03,0.015,0.05,0.075,0.08,0.02,0.065
Q0275,0.09,0.01,0.02,0.03,0.06,0.06,0.045,0.075,0.01,0.14,0.045,0.035,0.045,0.02,0.025,0.075,0.075,0.08,0.025,0.035
YNL052W,0.0915032679738562,0.0,0.032679738562091505,0.05228758169934641,0.032679738562091505,0.0784313725490196,0.006535947712418301,0.026143790849673203,0.0718954248366013,0.08496732026143791,0.032679738562091505,0.0457516339869281,0.0392156862745098,0.0718954248366013,0.058823529411764705,0.09803921568627451,0.0457516339869281,0.06535947712418301,0.0392156862745098,0.026143790849673203
YKR066C,0.11,0.005,0.045,0.04,0.045,0.105,0.03,0.025,0.06,0.075,0.01,0.045,0.045,0.03,0.05,0.095,0.06,0.05,0.03,0.045
YJR104C,0.08441558441558442,0.012987012987012988,0.05844155844155844,0.06493506493506493,0.03896103896103896,0.14285714285714285,0.03896103896103896,0.03896103896103896,0.06493506493506493,0.03896103896103896,0.012987012987012988,0.05194805194805195,0.05194805194805195,0.01948051948051948,0.025974025974025976,0.07142857142857142,0.06493506493506493,0.11038961038961038,0.0,0.006493506493506494
YCR012W,0.085,0.005,0.06,0.075,0.04,0.06,0.035,0.035,0.09,0.12,0.01,0.035,0.04,0.03,0.055,0.08,0.02,0.095,0.0,0.03
YBR093C,0.065,0.01,0.085,0.045,0.07,0.08,0.015,0.045,0.05,0.08,0.03,0.05,0.035,0.045,0.04,0.075,0.07,0.045,0.005,0.06
YIL162W,0.075,0.005,0.075,0.045,0.06,0.05,0.015,0.045,0.05,0.06,0.025,0.07,0.06,0.045,0.025,0.08,0.075,0.035,0.045,0.06
YMR297W,0.055,0.01,0.09,0.05,0.05,0.065,0.015,0.05,0.085,0.14,0.01,0.055,0.065,0.03,0.015,0.065,0.055,0.045,0.025,0.025
YBR011C,0.06,0.005,0.075,0.08,0.035,0.06,0.025,0.095,0.09,0.065,0.015,0.065,0.07,0.025,0.03,0.01,0.07,0.06,0.02,0.045
YJR121W,0.105,0.005,0.03,0.065,0.025,0.105,0.015,0.085,0.065,0.09,0.015,0.015,0.065,0.03,0.05,0.06,0.075,0.085,0.005,0.01
Q0085,0.04,0.005,0.015,0.015,0.08,0.065,0.015,0.135,0.02,0.175,0.035,0.06,0.035,0.02,0.02,0.085,0.075,0.045,0.02,0.04
YNR001C,0.11,0.005,0.025,0.105,0.04,0.065,0.02,0.065,0.075,0.115,0.02,0.01,0.05,0.05,0.05,0.085,0.05,0.035,0.01,0.015
YGR254W,0.13,0.0,0.05,0.045,0.03,0.08,0.025,0.035,0.095,0.095,0.02,0.05,0.04,0.01,0.03,0.085,0.045,0.105,0.005,0.025
YHR174W,0.14,0.0,0.045,0.05,0.03,0.075,0.02,0.025,0.085,0.09,0.035,0.065,0.035,0.015,0.03,0.08,0.045,0.105,0.005,0.025
YER086W,0.075,0.02,0.045,0.04,0.02,0.055,0.03,0.045,0.07,0.14,0.015,0.055,0.04,0.055,0.055,0.09,0.04,0.085,0.0,0.025
YKL152C,0.075,0.0,0.07,0.07,0.025,0.06,0.02,0.04,0.095,0.115,0.01,0.04,0.055,0.035,0.06,0.065,0.035,0.07,0.025,0.035
YGR264C,0.095,0.0,0.055,0.065,0.045,0.01,0.035,0.05,0.1,0.145,0.015,0.08,0.055,0.035,0.02,0.07,0.035,0.06,0.0,0.03
YDL181W,0.058823529411764705,0.0,0.047058823529411764,0.10588235294117647,0.047058823529411764,0.058823529411764705,0.011764705882352941,0.023529411764705882,0.09411764705882353,0.09411764705882353,0.023529411764705882,0.011764705882352941,0.023529411764705882,0.07058823529411765,0.12941176470588237,0.10588235294117647,0.047058823529411764,0.03529411764705882,0.0,0.011764705882352941
YOR101W,0.045,0.0,0.085,0.075,0.03,0.065,0.0,0.065,0.05,0.085,0.02,0.05,0.015,0.065,0.06,0.09,0.045,0.09,0.0,0.065
YNL098C,0.05,0.0,0.075,0.08,0.02,0.07,0.005,0.05,0.07,0.085,0.03,0.055,0.02,0.065,0.035,0.08,0.065,0.085,0.0,0.06
YFL038C,0.04,0.01,0.085,0.06,0.04,0.06,0.005,0.055,0.09,0.1,0.025,0.06,0.005,0.045,0.035,0.075,0.085,0.07,0.01,0.045
YDR224C,0.13740458015267176,0.0,0.022900763358778626,0.061068702290076333,0.015267175572519083,0.030534351145038167,0.015267175572519083,0.061068702290076333,0.15267175572519084,0.04580152671755725,0.015267175572519083,0.022900763358778626,0.03816793893129771,0.030534351145038167,0.04580152671755725,0.13740458015267176,0.0916030534351145,0.03816793893129771,0.0,0.03816793893129771
YBL002W,0.1297709923664122,0.0,0.022900763358778626,0.061068702290076333,0.015267175572519083,0.030534351145038167,0.015267175572519083,0.061068702290076333,0.1450381679389313,0.04580152671755725,0.015267175572519083,0.022900763358778626,0.03816793893129771,0.030534351145038167,0.04580152671755725,0.1450381679389313,0.08396946564885496,0.05343511450381679,0.0,0.03816793893129771
YNL030W,0.05825242718446602,0.0,0.02912621359223301,0.038834951456310676,0.019417475728155338,0.1553398058252427,0.019417475728155338,0.06796116504854369,0.10679611650485436,0.08737864077669903,0.009708737864077669,0.009708737864077669,0.009708737864077669,0.019417475728155338,0.13592233009708737,0.05825242718446602,0.05825242718446602,0.07766990291262135,0.0,0.038834951456310676
YDR382W,0.20909090909090908,0.0,0.06363636363636363,0.14545454545454545,0.02727272727272727,0.12727272727272726,0.0,0.03636363636363636,0.06363636363636363,0.08181818181818182,0.01818181818181818,0.01818181818181818,0.01818181818181818,0.01818181818181818,0.00909090909090909,0.07272727272727272,0.01818181818181818,0.05454545454545454,0.0,0.01818181818181818
YGL103W,0.08053691275167785,0.0,0.03355704697986577,0.03355704697986577,0.03355704697986577,0.12080536912751678,0.06711409395973154,0.06040268456375839,0.12080536912751678,0.06040268456375839,0.026845637583892617,0.020134228187919462,0.053691275167785234,0.026845637583892617,0.08053691275167785,0.03355704697986577,0.03355704697986577,0.06711409395973154,0.013422818791946308,0.03355704697986577
YFL037W,0.055,0.015,0.06,0.075,0.045,0.11,0.04,0.07,0.025,0.06,0.025,0.05,0.035,0.035,0.045,0.085,0.065,0.065,0.015,0.025
YPL240C,0.06,0.0,0.06,0.1,0.055,0.06,0.005,0.095,0.07,0.1,0.025,0.04,0.02,0.04,0.05,0.085,0.055,0.05,0.005,0.025
YOR187W,0.12,0.005,0.06,0.055,0.03,0.065,0.045,0.065,0.05,0.085,0.035,0.025,0.03,0.03,0.055,0.05,0.095,0.07,0.0,0.03
YBR118W,0.065,0.01,0.055,0.07,0.045,0.1,0.025,0.1,0.105,0.05,0.02,0.035,0.025,0.025,0.035,0.05,0.065,0.08,0.02,0.02
YEL009C,0.055,0.0,0.095,0.08,0.055,0.02,0.01,0.035,0.075,0.085,0.02,0.045,0.08,0.025,0.01,0.125,0.095,0.075,0.005,0.01
R0020C,0.055,0.025,0.045,0.05,0.07,0.05,0.025,0.085,0.065,0.065,0.02,0.065,0.05,0.03,0.055,0.055,0.065,0.07,0.01,0.045
Q0110,0.045,0.015,0.015,0.015,0.055,0.055,0.03,0.1,0.04,0.085,0.125,0.07,0.015,0.02,0.03,0.085,0.04,0.055,0.02,0.085
Q0060,0.055,0.01,0.025,0.04,0.035,0.075,0.015,0.065,0.075,0.135,0.045,0.095,0.025,0.03,0.03,0.05,0.04,0.075,0.01,0.07
Q0065,0.09,0.005,0.015,0.01,0.065,0.08,0.025,0.08,0.01,0.165,0.055,0.045,0.045,0.02,0.02,0.08,0.07,0.075,0.02,0.025
Q0120,0.07,0.015,0.015,0.01,0.075,0.07,0.04,0.1,0.01,0.09,0.065,0.055,0.03,0.02,0.03,0.095,0.035,0.085,0.03,0.06
YJR109C,0.09,0.01,0.05,0.075,0.03,0.08,0.005,0.085,0.05,0.1,0.005,0.045,0.045,0.025,0.02,0.08,0.085,0.07,0.0,0.05
YGL187C,0.04516129032258064,0.025806451612903226,0.06451612903225806,0.05806451612903226,0.01935483870967742,0.08387096774193549,0.025806451612903226,0.04516129032258064,0.06451612903225806,0.1032258064516129,0.01935483870967742,0.03225806451612903,0.07096774193548387,0.03225806451612903,0.05161290322580645,0.06451612903225806,0.07741935483870968,0.07096774193548387,0.012903225806451613,0.03225806451612903
YLR395C,0.07692307692307693,0.02564102564102564,0.01282051282051282,0.01282051282051282,0.10256410256410256,0.0641025641025641,0.02564102564102564,0.07692307692307693,0.10256410256410256,0.038461538461538464,0.05128205128205128,0.02564102564102564,0.05128205128205128,0.038461538461538464,0.0641025641025641,0.0641025641025641,0.05128205128205128,0.07692307692307693,0.0,0.038461538461538464
YDL140C,0.06,0.05,0.065,0.07,0.035,0.08,0.025,0.05,0.09,0.08,0.03,0.025,0.05,0.045,0.06,0.045,0.06,0.065,0.01,0.005
YOR116C,0.1,0.04,0.05,0.055,0.035,0.08,0.04,0.06,0.1,0.105,0.015,0.025,0.03,0.03,0.055,0.07,0.03,0.065,0.01,0.005
YER165W,0.085,0.01,0.075,0.07,0.04,0.075,0.02,0.08,0.065,0.075,0.015,0.06,0.03,0.04,0.035,0.1,0.04,0.045,0.005,0.035
YPL248C,0.05,0.03,0.095,0.065,0.04,0.035,0.025,0.04,0.08,0.13,0.03,0.045,0.045,0.035,0.06,0.095,0.055,0.03,0.01,0.005
YGL031C,0.11612903225806452,0.0,0.01935483870967742,0.06451612903225806,0.05161290322580645,0.05161290322580645,0.012903225806451613,0.04516129032258064,0.1935483870967742,0.04516129032258064,0.0064516129032258064,0.025806451612903226,0.025806451612903226,0.04516129032258064,0.1032258064516129,0.09032258064516129,0.04516129032258064,0.04516129032258064,0.0064516129032258064,0.0064516129032258064
YOL127W,0.13380281690140844,0.0,0.04225352112676056,0.035211267605633804,0.014084507042253521,0.035211267605633804,0.007042253521126761,0.04929577464788732,0.15492957746478872,0.07746478873239436,0.02112676056338028,0.04929577464788732,0.04225352112676056,0.02112676056338028,0.04929577464788732,0.04225352112676056,0.07042253521126761,0.09859154929577464,0.0,0.056338028169014086
YMR056C,0.085,0.005,0.05,0.03,0.065,0.11,0.015,0.035,0.065,0.12,0.02,0.03,0.015,0.045,0.065,0.07,0.065,0.05,0.01,0.05
YOL006C,0.07,0.0,0.085,0.135,0.015,0.02,0.02,0.04,0.175,0.055,0.01,0.03,0.08,0.03,0.01,0.09,0.045,0.05,0.015,0.025
YLL018C,0.095,0.0,0.055,0.105,0.015,0.045,0.01,0.06,0.13,0.095,0.01,0.035,0.02,0.07,0.06,0.06,0.05,0.07,0.005,0.01
YEL063C,0.065,0.0,0.04,0.08,0.065,0.09,0.025,0.055,0.04,0.08,0.035,0.03,0.045,0.035,0.035,0.085,0.08,0.065,0.015,0.035
YDL164C,0.06,0.015,0.035,0.055,0.035,0.04,0.015,0.055,0.08,0.09,0.035,0.05,0.07,0.03,0.05,0.17,0.055,0.04,0.0,0.02
YLR310C,0.05,0.0,0.035,0.025,0.015,0.055,0.03,0.045,0.045,0.065,0.015,0.095,0.05,0.025,0.055,0.245,0.075,0.035,0.015,0.025
YNL055C,0.095,0.005,0.055,0.03,0.07,0.075,0.01,0.04,0.06,0.105,0.015,0.08,0.045,0.04,0.015,0.07,0.105,0.05,0.005,0.03
YDR225W,0.14393939393939395,0.0,0.022727272727272728,0.03787878787878788,0.007575757575757576,0.10606060606060606,0.022727272727272728,0.05303030303030303,0.08333333333333333,0.12878787878787878,0.007575757575757576,0.06060606060606061,0.03787878787878788,0.045454545454545456,0.07575757575757576,0.06060606060606061,0.03787878787878788,0.045454545454545456,0.0,0.022727272727272728
YBL003C,0.14393939393939395,0.0,0.022727272727272728,0.03787878787878788,0.007575757575757576,0.10606060606060606,0.022727272727272728,0.05303030303030303,0.08333333333333333,0.12878787878787878,0.007575757575757576,0.06060606060606061,0.03787878787878788,0.045454545454545456,0.07575757575757576,0.06060606060606061,0.03787878787878788,0.045454545454545456,0.0,0.022727272727272728
YGL008C,0.1,0.005,0.105,0.08,0.035,0.07,0.01,0.04,0.045,0.075,0.025,0.03,0.045,0.045,0.02,0.105,0.04,0.1,0.005,0.02
YOR386W,0.06,0.005,0.04,0.06,0.05,0.03,0.03,0.05,0.1,0.09,0.035,0.07,0.025,0.05,0.05,0.085,0.055,0.05,0.02,0.045
YJL088W,0.065,0.03,0.06,0.04,0.07,0.04,0.025,0.1,0.075,0.09,0.025,0.07,0.02,0.03,0.04,0.095,0.065,0.05,0.005,0.005
YLR340W,0.075,0.0,0.035,0.07,0.06,0.085,0.005,0.045,0.065,0.08,0.025,0.055,0.045,0.03,0.06,0.06,0.045,0.135,0.005,0.02
YDL081C,0.18867924528301888,0.0,0.07547169811320754,0.14150943396226415,0.03773584905660377,0.09433962264150944,0.0,0.04716981132075472,0.04716981132075472,0.10377358490566038,0.018867924528301886,0.04716981132075472,0.018867924528301886,0.009433962264150943,0.0,0.07547169811320754,0.02830188679245283,0.04716981132075472,0.009433962264150943,0.009433962264150943
YOL039W,0.20754716981132076,0.0,0.07547169811320754,0.1509433962264151,0.018867924528301886,0.09433962264150944,0.0,0.04716981132075472,0.0660377358490566,0.09433962264150944,0.018867924528301886,0.02830188679245283,0.02830188679245283,0.0,0.0,0.07547169811320754,0.02830188679245283,0.04716981132075472,0.0,0.018867924528301886
YGR157W,0.04,0.025,0.035,0.045,0.1,0.025,0.02,0.07,0.07,0.085,0.025,0.06,0.03,0.04,0.045,0.085,0.07,0.06,0.02,0.05
YJR073C,0.065,0.02,0.025,0.045,0.055,0.085,0.015,0.07,0.05,0.105,0.055,0.035,0.03,0.04,0.035,0.07,0.055,0.075,0.015,0.055
YDR172W,0.06,0.0,0.02,0.055,0.02,0.115,0.0,0.005,0.1,0.025,0.01,0.11,0.065,0.195,0.01,0.055,0.03,0.025,0.0,0.1
YGL076C,0.12,0.0,0.02,0.07,0.02,0.045,0.015,0.095,0.12,0.085,0.005,0.05,0.04,0.055,0.065,0.04,0.045,0.06,0.0,0.05
YLR448W,0.07954545454545454,0.0,0.028409090909090908,0.07386363636363637,0.03977272727272727,0.03977272727272727,0.011363636363636364,0.022727272727272728,0.14772727272727273,0.11363636363636363,0.005681818181818182,0.03977272727272727,0.056818181818181816,0.03977272727272727,0.056818181818181816,0.03977272727272727,0.0625,0.10795454545454546,0.005681818181818182,0.028409090909090908
YKL180W,0.15217391304347827,0.0,0.010869565217391304,0.059782608695652176,0.02717391304347826,0.05434782608695652,0.021739130434782608,0.043478260869565216,0.09239130434782608,0.05434782608695652,0.005434782608695652,0.043478260869565216,0.02717391304347826,0.06521739130434782,0.10326086956521739,0.07065217391304347,0.059782608695652176,0.06521739130434782,0.010869565217391304,0.03260869565217391
YPL143W,0.07476635514018691,0.0,0.009345794392523364,0.028037383177570093,0.037383177570093455,0.07476635514018691,0.028037383177570093,0.056074766355140186,0.08411214953271028,0.056074766355140186,0.018691588785046728,0.06542056074766354,0.037383177570093455,0.028037383177570093,0.102803738317757,0.08411214953271028,0.04672897196261682,0.102803738317757,0.009345794392523364,0.056074766355140186
YMR194W,0.11,0.0,0.01,0.05,0.02,0.07,0.01,0.08,0.14,0.06,0.03,0.05,0.03,0.0,0.12,0.08,0.06,0.06,0.0,0.02
YLR029C,0.075,0.005,0.03,0.04,0.02,0.065,0.025,0.03,0.105,0.065,0.005,0.06,0.035,0.05,0.155,0.03,0.05,0.075,0.025,0.055
YNL178W,0.105,0.005,0.035,0.065,0.04,0.085,0.01,0.05,0.08,0.085,0.03,0.025,0.025,0.03,0.095,0.04,0.055,0.11,0.0,0.03
YBR189W,0.10256410256410256,0.0,0.05128205128205128,0.08717948717948718,0.035897435897435895,0.05128205128205128,0.020512820512820513,0.046153846153846156,0.08717948717948718,0.10256410256410256,0.010256410256410256,0.020512820512820513,0.046153846153846156,0.02564102564102564,0.12307692307692308,0.06153846153846154,0.035897435897435895,0.06153846153846154,0.0,0.03076923076923077
YDR064W,0.09933774834437085,0.0,0.026490066225165563,0.046357615894039736,0.013245033112582781,0.052980132450331126,0.026490066225165563,0.08609271523178808,0.08609271523178808,0.09271523178807947,0.019867549668874173,0.039735099337748346,0.046357615894039736,0.019867549668874173,0.09271523178807947,0.09271523178807947,0.033112582781456956,0.06622516556291391,0.013245033112582781,0.046357615894039736
YLR167W,0.039473684210526314,0.02631578947368421,0.05263157894736842,0.046052631578947366,0.019736842105263157,0.07236842105263158,0.03289473684210526,0.05263157894736842,0.16447368421052633,0.09210526315789473,0.006578947368421052,0.03289473684210526,0.02631578947368421,0.039473684210526314,0.05263157894736842,0.05263157894736842,0.07236842105263158,0.07894736842105263,0.0,0.039473684210526314
YDL165W,0.03664921465968586,0.010471204188481676,0.06282722513089005,0.06806282722513089,0.07329842931937172,0.03664921465968586,0.020942408376963352,0.031413612565445025,0.05235602094240838,0.12041884816753927,0.031413612565445025,0.02617801047120419,0.06282722513089005,0.05235602094240838,0.05759162303664921,0.08376963350785341,0.06806282722513089,0.04712041884816754,0.020942408376963352,0.03664921465968586
YDR168W,0.055,0.0,0.105,0.085,0.035,0.025,0.03,0.06,0.135,0.08,0.025,0.055,0.035,0.035,0.03,0.095,0.035,0.05,0.01,0.02
YIL038C,0.04,0.005,0.075,0.12,0.015,0.005,0.015,0.045,0.13,0.11,0.02,0.04,0.02,0.08,0.08,0.09,0.025,0.03,0.01,0.045
YOR361C,0.03,0.005,0.09,0.07,0.075,0.03,0.015,0.065,0.105,0.08,0.035,0.05,0.045,0.02,0.04,0.075,0.06,0.075,0.005,0.03
YGL058W,0.06976744186046512,0.005813953488372093,0.16279069767441862,0.06976744186046512,0.040697674418604654,0.023255813953488372,0.01744186046511628,0.03488372093023256,0.05232558139534884,0.06395348837209303,0.046511627906976744,0.05232558139534884,0.0872093023255814,0.01744186046511628,0.046511627906976744,0.05813953488372093,0.046511627906976744,0.05813953488372093,0.01744186046511628,0.029069767441860465
YJL080C,0.09,0.005,0.025,0.065,0.015,0.045,0.015,0.055,0.085,0.075,0.015,0.045,0.085,0.03,0.03,0.145,0.09,0.08,0.005,0.0
YLR303W,0.1,0.005,0.035,0.07,0.065,0.1,0.035,0.055,0.045,0.05,0.005,0.055,0.05,0.045,0.035,0.06,0.055,0.08,0.0,0.055
YGR088W,0.04,0.01,0.065,0.055,0.075,0.075,0.04,0.04,0.045,0.065,0.01,0.045,0.07,0.05,0.055,0.07,0.06,0.06,0.015,0.055
YLR355C,0.1,0.005,0.055,0.035,0.045,0.09,0.01,0.055,0.075,0.095,0.015,0.04,0.05,0.025,0.065,0.05,0.07,0.065,0.02,0.035
YLR044C,0.1,0.01,0.045,0.06,0.03,0.08,0.025,0.065,0.04,0.11,0.03,0.06,0.04,0.025,0.035,0.055,0.07,0.08,0.005,0.035
YPR113W,0.07,0.025,0.03,0.025,0.065,0.055,0.03,0.035,0.045,0.115,0.04,0.035,0.025,0.035,0.035,0.095,0.085,0.075,0.02,0.06
YNL104C,0.095,0.005,0.06,0.065,0.04,0.015,0.02,0.055,0.095,0.07,0.025,0.04,0.06,0.035,0.07,0.09,0.06,0.065,0.01,0.025
YDL108W,0.07,0.01,0.055,0.065,0.045,0.05,0.035,0.085,0.075,0.11,0.04,0.04,0.04,0.02,0.04,0.04,0.05,0.075,0.015,0.04
YJL164C,0.045,0.005,0.03,0.11,0.045,0.08,0.025,0.05,0.07,0.07,0.03,0.03,0.025,0.08,0.065,0.07,0.065,0.055,0.005,0.045
YCR031C,0.12408759124087591,0.0072992700729927005,0.058394160583941604,0.029197080291970802,0.021897810218978103,0.10948905109489052,0.014598540145985401,0.043795620437956206,0.06569343065693431,0.043795620437956206,0.021897810218978103,0.021897810218978103,0.0364963503649635,0.029197080291970802,0.10948905109489052,0.06569343065693431,0.08029197080291971,0.10218978102189781,0.0,0.014598540145985401
YOR204W,0.05,0.005,0.05,0.045,0.055,0.155,0.01,0.045,0.04,0.05,0.01,0.125,0.08,0.025,0.06,0.08,0.03,0.05,0.005,0.03
YDL042C,0.06,0.0,0.07,0.05,0.025,0.045,0.025,0.075,0.09,0.085,0.03,0.065,0.07,0.03,0.025,0.09,0.065,0.06,0.0,0.04
YLR442C,0.025,0.005,0.085,0.095,0.065,0.04,0.01,0.09,0.075,0.09,0.01,0.055,0.03,0.03,0.07,0.055,0.035,0.07,0.025,0.04
YOR257W,0.043478260869565216,0.006211180124223602,0.11180124223602485,0.13043478260869565,0.055900621118012424,0.055900621118012424,0.018633540372670808,0.07453416149068323,0.07453416149068323,0.12422360248447205,0.037267080745341616,0.043478260869565216,0.018633540372670808,0.024844720496894408,0.049689440993788817,0.055900621118012424,0.024844720496894408,0.018633540372670808,0.0,0.031055900621118012
YPR160W,0.08,0.01,0.095,0.06,0.04,0.05,0.015,0.055,0.07,0.1,0.045,0.045,0.06,0.035,0.06,0.055,0.065,0.03,0.01,0.02
YGL237C,0.09,0.0,0.05,0.07,0.03,0.015,0.02,0.02,0.04,0.08,0.025,0.03,0.075,0.145,0.07,0.1,0.065,0.04,0.0,0.035
YPL022W,0.05,0.0,0.12,0.09,0.025,0.03,0.01,0.07,0.05,0.13,0.01,0.07,0.055,0.05,0.025,0.075,0.055,0.07,0.005,0.01
YML032C,0.05,0.01,0.075,0.08,0.055,0.075,0.01,0.065,0.085,0.06,0.015,0.065,0.035,0.035,0.065,0.06,0.06,0.055,0.01,0.035
YPR165W,0.06,0.03,0.06,0.075,0.03,0.085,0.005,0.05,0.055,0.075,0.01,0.035,0.04,0.07,0.05,0.06,0.055,0.11,0.01,0.035
YNL090W,0.09375,0.03125,0.06770833333333333,0.08333333333333333,0.041666666666666664,0.0625,0.010416666666666666,0.0625,0.078125,0.08854166666666667,0.020833333333333332,0.026041666666666668,0.036458333333333336,0.020833333333333332,0.052083333333333336,0.041666666666666664,0.057291666666666664,0.078125,0.010416666666666666,0.036458333333333336
YDR477W,0.06,0.005,0.045,0.055,0.025,0.06,0.11,0.085,0.08,0.085,0.02,0.075,0.02,0.035,0.045,0.075,0.035,0.05,0.0,0.035
YOR074C,0.035,0.015,0.095,0.05,0.065,0.095,0.015,0.05,0.085,0.1,0.025,0.025,0.055,0.04,0.06,0.045,0.06,0.03,0.02,0.035
YNL088W,0.03,0.015,0.065,0.09,0.03,0.055,0.03,0.105,0.1,0.05,0.025,0.065,0.045,0.035,0.02,0.06,0.065,0.06,0.01,0.045
YBR109C,0.08163265306122448,0.0,0.08163265306122448,0.12244897959183673,0.05442176870748299,0.05442176870748299,0.013605442176870748,0.05442176870748299,0.05442176870748299,0.12244897959183673,0.034013605442176874,0.061224489795918366,0.006802721088435374,0.04081632653061224,0.02040816326530612,0.12244897959183673,0.027210884353741496,0.047619047619047616,0.0,0.0
YML095C,0.035,0.005,0.06,0.05,0.045,0.035,0.01,0.055,0.06,0.1,0.02,0.1,0.035,0.055,0.065,0.085,0.09,0.045,0.01,0.04
YER171W,0.02,0.035,0.045,0.115,0.03,0.05,0.02,0.055,0.09,0.11,0.04,0.04,0.05,0.02,0.055,0.045,0.05,0.055,0.0,0.075
YER161C,0.05,0.0,0.04,0.075,0.025,0.065,0.01,0.035,0.175,0.075,0.015,0.045,0.085,0.035,0.07,0.12,0.025,0.045,0.0,0.01
YDR392W,0.05,0.005,0.105,0.085,0.02,0.07,0.025,0.055,0.095,0.075,0.05,0.06,0.03,0.035,0.065,0.05,0.04,0.055,0.015,0.015
YOR065W,0.14,0.015,0.05,0.06,0.03,0.075,0.035,0.025,0.045,0.08,0.015,0.035,0.055,0.03,0.055,0.08,0.065,0.045,0.015,0.05
YDR226W,0.095,0.005,0.08,0.06,0.025,0.08,0.025,0.07,0.085,0.095,0.04,0.035,0.055,0.05,0.045,0.045,0.05,0.04,0.005,0.015
YNL121C,0.1,0.005,0.075,0.055,0.045,0.05,0.0,0.03,0.13,0.08,0.015,0.075,0.035,0.04,0.025,0.075,0.055,0.045,0.005,0.06
YGL234W,0.1,0.0,0.045,0.055,0.05,0.08,0.025,0.085,0.065,0.06,0.025,0.045,0.06,0.04,0.02,0.07,0.05,0.11,0.005,0.01
YGR204W,0.085,0.01,0.055,0.065,0.035,0.075,0.04,0.09,0.055,0.08,0.01,0.055,0.055,0.035,0.05,0.06,0.055,0.08,0.0,0.01
YMR083W,0.085,0.03,0.055,0.045,0.03,0.095,0.035,0.05,0.08,0.095,0.01,0.035,0.055,0.04,0.025,0.055,0.055,0.075,0.025,0.025
YDR216W,0.035,0.035,0.04,0.055,0.045,0.05,0.03,0.05,0.075,0.07,0.02,0.105,0.05,0.03,0.075,0.1,0.08,0.04,0.0,0.015
YMR042W,0.04519774011299435,0.005649717514124294,0.0847457627118644,0.07344632768361582,0.022598870056497175,0.03954802259887006,0.011299435028248588,0.05649717514124294,0.06779661016949153,0.05649717514124294,0.011299435028248588,0.03954802259887006,0.07909604519774012,0.02824858757062147,0.062146892655367235,0.11299435028248588,0.13559322033898305,0.05084745762711865,0.0,0.01694915254237288
YDR173C,0.055,0.01,0.08,0.075,0.03,0.065,0.01,0.055,0.09,0.12,0.02,0.045,0.035,0.03,0.045,0.095,0.045,0.045,0.005,0.045
YBL099W,0.12,0.0,0.04,0.06,0.015,0.115,0.005,0.06,0.045,0.105,0.01,0.04,0.055,0.03,0.085,0.065,0.045,0.105,0.0,0.0
YDL067C,0.06779661016949153,0.0,0.03389830508474576,0.06779661016949153,0.05084745762711865,0.0847457627118644,0.01694915254237288,0.1016949152542373,0.1016949152542373,0.05084745762711865,0.06779661016949153,0.03389830508474576,0.01694915254237288,0.01694915254237288,0.06779661016949153,0.03389830508474576,0.05084745762711865,0.05084745762711865,0.05084745762711865,0.03389830508474576
YBL045C,0.09,0.0,0.03,0.06,0.05,0.04,0.03,0.025,0.055,0.105,0.005,0.1,0.035,0.045,0.025,0.135,0.07,0.085,0.005,0.01
YPR191W,0.105,0.005,0.065,0.06,0.045,0.05,0.015,0.02,0.075,0.125,0.005,0.04,0.03,0.03,0.065,0.06,0.07,0.085,0.0,0.05
YOR303W,0.09,0.02,0.03,0.06,0.035,0.08,0.025,0.055,0.045,0.065,0.015,0.04,0.055,0.045,0.035,0.075,0.07,0.1,0.01,0.05
YJL130C,0.05,0.0,0.055,0.07,0.02,0.085,0.025,0.045,0.035,0.1,0.025,0.025,0.06,0.025,0.05,0.11,0.065,0.09,0.015,0.05
YOL139C,0.045,0.0,0.085,0.09,0.05,0.055,0.03,0.045,0.09,0.095,0.005,0.035,0.05,0.025,0.035,0.075,0.065,0.075,0.04,0.01
YPL075W,0.025,0.015,0.06,0.03,0.06,0.015,0.01,0.07,0.04,0.14,0.015,0.075,0.06,0.05,0.035,0.12,0.055,0.06,0.01,0.055
YPR033C,0.095,0.015,0.055,0.05,0.035,0.06,0.01,0.06,0.085,0.085,0.035,0.03,0.035,0.025,0.055,0.105,0.065,0.06,0.005,0.035
YPL154C,0.08,0.01,0.045,0.07,0.065,0.075,0.04,0.04,0.065,0.12,0.01,0.04,0.045,0.045,0.005,0.08,0.07,0.045,0.005,0.045
YDL106C,0.035,0.005,0.105,0.04,0.05,0.025,0.05,0.05,0.055,0.055,0.02,0.08,0.05,0.12,0.06,0.085,0.065,0.02,0.005,0.025
YFR034C,0.05,0.0,0.075,0.065,0.025,0.045,0.035,0.04,0.07,0.075,0.025,0.08,0.09,0.025,0.035,0.11,0.085,0.05,0.005,0.015
YML061C,0.015,0.01,0.07,0.075,0.06,0.015,0.02,0.08,0.11,0.085,0.035,0.075,0.065,0.055,0.045,0.135,0.02,0.015,0.015,0.0
YLR014C,0.06,0.03,0.065,0.055,0.03,0.055,0.005,0.04,0.115,0.085,0.03,0.04,0.06,0.03,0.06,0.12,0.045,0.055,0.0,0.02
YGL043W,0.08,0.005,0.065,0.075,0.01,0.025,0.045,0.035,0.135,0.065,0.02,0.075,0.03,0.05,0.035,0.08,0.045,0.095,0.005,0.025
YOR122C,0.09523809523809523,0.007936507936507936,0.06349206349206349,0.03968253968253968,0.015873015873015872,0.1111111111111111,0.023809523809523808,0.07936507936507936,0.03968253968253968,0.07142857142857142,0.015873015873015872,0.031746031746031744,0.031746031746031744,0.07936507936507936,0.03968253968253968,0.047619047619047616,0.05555555555555555,0.0873015873015873,0.015873015873015872,0.047619047619047616
YGR258C,0.065,0.005,0.075,0.065,0.055,0.065,0.01,0.06,0.08,0.075,0.015,0.055,0.05,0.045,0.075,0.075,0.04,0.06,0.015,0.015
YMR208W,0.105,0.02,0.045,0.045,0.055,0.06,0.035,0.07,0.055,0.125,0.015,0.045,0.045,0.035,0.005,0.125,0.035,0.045,0.01,0.025
YIL033C,0.05,0.005,0.045,0.09,0.08,0.01,0.03,0.02,0.065,0.08,0.015,0.08,0.07,0.1,0.06,0.115,0.035,0.035,0.005,0.01
YOL121C,0.09027777777777778,0.0,0.05555555555555555,0.0625,0.020833333333333332,0.10416666666666667,0.013888888888888888,0.06944444444444445,0.0763888888888889,0.05555555555555555,0.020833333333333332,0.034722222222222224,0.041666666666666664,0.05555555555555555,0.08333333333333333,0.06944444444444445,0.013888888888888888,0.08333333333333333,0.006944444444444444,0.041666666666666664
YNL302C,0.09722222222222222,0.0,0.05555555555555555,0.0625,0.020833333333333332,0.10416666666666667,0.013888888888888888,0.06944444444444445,0.0763888888888889,0.05555555555555555,0.020833333333333332,0.034722222222222224,0.034722222222222224,0.05555555555555555,0.08333333333333333,0.06944444444444445,0.013888888888888888,0.08333333333333333,0.006944444444444444,0.041666666666666664
YFL045C,0.055,0.015,0.05,0.1,0.075,0.075,0.005,0.05,0.075,0.11,0.01,0.045,0.035,0.025,0.06,0.065,0.05,0.05,0.01,0.04
YDR023W,0.045,0.005,0.075,0.095,0.045,0.065,0.02,0.06,0.115,0.105,0.005,0.065,0.03,0.055,0.04,0.045,0.025,0.07,0.01,0.025
YBR243C,0.07,0.01,0.05,0.025,0.07,0.085,0.02,0.09,0.05,0.135,0.035,0.02,0.055,0.005,0.035,0.06,0.04,0.08,0.015,0.05
YMR108W,0.115,0.005,0.045,0.035,0.055,0.08,0.02,0.04,0.045,0.05,0.04,0.04,0.09,0.04,0.05,0.085,0.055,0.075,0.0,0.035
YHR013C,0.07,0.01,0.075,0.08,0.015,0.035,0.03,0.05,0.045,0.115,0.05,0.065,0.04,0.045,0.055,0.045,0.06,0.05,0.005,0.06
YFL005W,0.055,0.005,0.07,0.06,0.05,0.09,0.005,0.09,0.09,0.08,0.02,0.065,0.01,0.03,0.035,0.065,0.075,0.075,0.01,0.02
YPR110C,0.07,0.01,0.095,0.065,0.055,0.03,0.01,0.06,0.055,0.07,0.015,0.085,0.065,0.02,0.045,0.065,0.065,0.085,0.01,0.025
YFL009W,0.11,0.0,0.065,0.055,0.015,0.075,0.03,0.03,0.035,0.065,0.02,0.075,0.065,0.01,0.035,0.12,0.105,0.075,0.0,0.015
YAL024C,0.045,0.02,0.065,0.055,0.055,0.015,0.035,0.09,0.06,0.125,0.005,0.06,0.045,0.025,0.06,0.085,0.035,0.055,0.02,0.045
YOR274W,0.02,0.015,0.06,0.065,0.025,0.055,0.04,0.085,0.1,0.07,0.03,0.05,0.045,0.045,0.05,0.055,0.07,0.065,0.005,0.05
YLR438W,0.1,0.005,0.035,0.07,0.065,0.07,0.065,0.045,0.07,0.075,0.015,0.04,0.05,0.03,0.025,0.07,0.055,0.06,0.015,0.04
YNL192W,0.04,0.0,0.045,0.07,0.035,0.04,0.035,0.04,0.005,0.045,0.02,0.155,0.075,0.08,0.06,0.11,0.06,0.025,0.0,0.06
YJL128C,0.075,0.0,0.04,0.03,0.01,0.04,0.03,0.05,0.07,0.065,0.01,0.09,0.06,0.08,0.05,0.14,0.095,0.06,0.0,0.005
YEL024W,0.085,0.025,0.06,0.03,0.035,0.08,0.025,0.055,0.07,0.085,0.04,0.035,0.055,0.025,0.045,0.09,0.055,0.07,0.015,0.02
YDR146C,0.04,0.0,0.075,0.09,0.025,0.045,0.005,0.04,0.06,0.13,0.03,0.12,0.02,0.06,0.03,0.105,0.055,0.03,0.01,0.03
YPL262W,0.085,0.015,0.035,0.05,0.05,0.065,0.03,0.065,0.07,0.075,0.025,0.08,0.04,0.06,0.04,0.095,0.05,0.055,0.005,0.01
YPR047W,0.02,0.005,0.075,0.06,0.045,0.04,0.045,0.08,0.095,0.075,0.03,0.055,0.04,0.02,0.065,0.06,0.09,0.055,0.005,0.04
YKL184W,0.055,0.025,0.05,0.07,0.045,0.03,0.025,0.05,0.09,0.12,0.015,0.08,0.045,0.035,0.035,0.08,0.05,0.07,0.005,0.025
YER026C,0.085,0.015,0.075,0.04,0.095,0.06,0.035,0.05,0.01,0.095,0.04,0.04,0.04,0.03,0.06,0.08,0.065,0.065,0.0,0.02
YDR523C,0.045,0.025,0.055,0.095,0.03,0.07,0.025,0.09,0.065,0.09,0.03,0.035,0.03,0.02,0.045,0.075,0.04,0.085,0.01,0.04
YJL208C,0.05,0.02,0.05,0.05,0.065,0.075,0.03,0.045,0.055,0.085,0.015,0.055,0.07,0.05,0.06,0.07,0.05,0.035,0.01,0.06
YOR151C,0.055,0.015,0.085,0.11,0.045,0.045,0.01,0.06,0.06,0.09,0.02,0.03,0.035,0.035,0.04,0.1,0.05,0.05,0.005,0.06
YJL166W,0.05319148936170213,0.0,0.0,0.05319148936170213,0.06382978723404255,0.11702127659574468,0.02127659574468085,0.0425531914893617,0.07446808510638298,0.05319148936170213,0.031914893617021274,0.06382978723404255,0.06382978723404255,0.0425531914893617,0.0425531914893617,0.06382978723404255,0.02127659574468085,0.05319148936170213,0.05319148936170213,0.0851063829787234
YJR010W,0.075,0.005,0.085,0.055,0.04,0.055,0.015,0.075,0.035,0.115,0.01,0.045,0.07,0.06,0.05,0.05,0.055,0.055,0.015,0.035
YHR005C,0.08,0.015,0.095,0.055,0.025,0.06,0.01,0.065,0.08,0.105,0.01,0.06,0.01,0.075,0.06,0.075,0.045,0.045,0.005,0.025
YDR127W,0.06,0.02,0.05,0.05,0.035,0.08,0.02,0.085,0.065,0.09,0.03,0.035,0.04,0.03,0.03,0.055,0.07,0.11,0.015,0.03
YLR451W,0.045,0.035,0.05,0.095,0.035,0.025,0.02,0.035,0.1,0.07,0.02,0.05,0.04,0.03,0.095,0.1,0.095,0.04,0.0,0.02
YIR019C,0.04,0.02,0.06,0.025,0.055,0.07,0.015,0.05,0.025,0.085,0.02,0.085,0.04,0.08,0.01,0.08,0.085,0.06,0.035,0.06
YCR005C,0.065,0.0,0.06,0.07,0.035,0.06,0.02,0.045,0.06,0.115,0.02,0.03,0.055,0.065,0.04,0.105,0.04,0.065,0.015,0.035
YOR260W,0.055,0.015,0.075,0.05,0.065,0.035,0.02,0.07,0.055,0.105,0.02,0.07,0.065,0.06,0.03,0.085,0.05,0.055,0.005,0.015
YPL237W,0.095,0.005,0.085,0.085,0.045,0.065,0.01,0.045,0.15,0.1,0.005,0.04,0.055,0.02,0.03,0.09,0.03,0.035,0.0,0.01
YJL194W,0.055,0.005,0.05,0.045,0.05,0.04,0.01,0.065,0.065,0.12,0.015,0.045,0.085,0.06,0.06,0.115,0.07,0.03,0.005,0.01
YEL060C,0.055,0.005,0.075,0.105,0.035,0.085,0.085,0.045,0.165,0.05,0.015,0.055,0.05,0.015,0.04,0.06,0.025,0.03,0.0,0.005
YBL075C,0.105,0.005,0.075,0.055,0.045,0.07,0.02,0.065,0.065,0.045,0.02,0.06,0.04,0.025,0.05,0.045,0.095,0.085,0.0,0.03
YBR084W,0.07,0.015,0.065,0.05,0.025,0.045,0.035,0.08,0.105,0.115,0.015,0.04,0.05,0.035,0.055,0.07,0.04,0.055,0.005,0.03
YPL016W,0.065,0.0,0.05,0.0,0.045,0.04,0.005,0.025,0.015,0.04,0.005,0.36,0.045,0.05,0.0,0.105,0.115,0.025,0.0,0.01
YGL203C,0.035,0.005,0.09,0.08,0.06,0.08,0.015,0.06,0.055,0.1,0.025,0.06,0.055,0.02,0.03,0.1,0.03,0.04,0.025,0.035
YFL018C,0.07,0.015,0.05,0.055,0.035,0.1,0.025,0.085,0.095,0.085,0.01,0.065,0.025,0.025,0.035,0.055,0.07,0.085,0.0,0.015
YML085C,0.055,0.015,0.055,0.09,0.04,0.125,0.04,0.045,0.05,0.105,0.005,0.035,0.045,0.03,0.035,0.06,0.055,0.065,0.005,0.045
YML124C,0.05,0.015,0.045,0.11,0.045,0.12,0.04,0.045,0.05,0.095,0.01,0.04,0.035,0.03,0.04,0.055,0.06,0.065,0.005,0.045
YKL022C,0.08,0.025,0.055,0.025,0.015,0.025,0.03,0.03,0.045,0.065,0.03,0.125,0.05,0.06,0.045,0.145,0.06,0.055,0.005,0.03
YJL026W,0.07,0.0,0.06,0.14,0.05,0.01,0.035,0.065,0.105,0.09,0.025,0.065,0.03,0.02,0.04,0.08,0.035,0.035,0.015,0.03
YDR232W,0.18,0.015,0.045,0.045,0.03,0.065,0.04,0.03,0.065,0.095,0.015,0.06,0.02,0.025,0.045,0.08,0.07,0.035,0.005,0.035
YLR182W,0.035,0.005,0.1,0.105,0.035,0.05,0.035,0.05,0.065,0.12,0.015,0.085,0.06,0.03,0.035,0.075,0.06,0.02,0.005,0.015
YLR333C,0.1388888888888889,0.0,0.037037037037037035,0.046296296296296294,0.0,0.046296296296296294,0.027777777777777776,0.07407407407407407,0.16666666666666666,0.08333333333333333,0.018518518518518517,0.0,0.037037037037037035,0.046296296296296294,0.06481481481481481,0.09259259259259259,0.018518518518518517,0.05555555555555555,0.009259259259259259,0.037037037037037035
YKR057W,0.08045977011494253,0.011494252873563218,0.08045977011494253,0.06896551724137931,0.0,0.06896551724137931,0.011494252873563218,0.04597701149425287,0.05747126436781609,0.08045977011494253,0.011494252873563218,0.06896551724137931,0.022988505747126436,0.034482758620689655,0.08045977011494253,0.09195402298850575,0.022988505747126436,0.09195402298850575,0.011494252873563218,0.05747126436781609
YPR102C,0.05172413793103448,0.005747126436781609,0.06321839080459771,0.05747126436781609,0.040229885057471264,0.08620689655172414,0.017241379310344827,0.05747126436781609,0.09770114942528736,0.06321839080459771,0.022988505747126436,0.040229885057471264,0.028735632183908046,0.034482758620689655,0.09195402298850575,0.05747126436781609,0.06321839080459771,0.08620689655172414,0.005747126436781609,0.028735632183908046
YLR264W,0.029850746268656716,0.0,0.04477611940298507,0.08955223880597014,0.014925373134328358,0.07462686567164178,0.0,0.04477611940298507,0.05970149253731343,0.08955223880597014,0.029850746268656716,0.029850746268656716,0.029850746268656716,0.014925373134328358,0.14925373134328357,0.05970149253731343,0.08955223880597014,0.14925373134328357,0.0,0.0
YDR316W-B,0.055,0.01,0.035,0.025,0.03,0.045,0.03,0.025,0.04,0.03,0.04,0.06,0.15,0.085,0.005,0.155,0.08,0.04,0.01,0.05
YDR365W-B,0.055,0.015,0.03,0.035,0.03,0.045,0.03,0.02,0.04,0.03,0.04,0.055,0.15,0.085,0.005,0.16,0.085,0.04,0.01,0.04
YLR157C-B,0.055,0.015,0.03,0.035,0.03,0.045,0.03,0.02,0.04,0.03,0.04,0.055,0.15,0.085,0.005,0.16,0.085,0.04,0.01,0.04
YLR227W-B,0.055,0.015,0.03,0.035,0.03,0.045,0.035,0.02,0.04,0.03,0.04,0.055,0.145,0.085,0.005,0.16,0.085,0.04,0.01,0.04
YPR137C-B,0.055,0.015,0.03,0.035,0.03,0.045,0.035,0.02,0.04,0.03,0.04,0.055,0.135,0.09,0.005,0.165,0.09,0.035,0.01,0.04
YPR158W-B,0.055,0.01,0.035,0.025,0.03,0.045,0.03,0.025,0.04,0.03,0.04,0.06,0.15,0.085,0.005,0.155,0.08,0.04,0.01,0.05
YPR158C-D,0.055,0.015,0.03,0.035,0.03,0.045,0.025,0.02,0.04,0.03,0.04,0.06,0.15,0.08,0.005,0.16,0.085,0.04,0.01,0.045
YLR410W-B,0.055,0.005,0.04,0.04,0.02,0.03,0.06,0.03,0.04,0.055,0.03,0.075,0.13,0.09,0.01,0.12,0.065,0.05,0.01,0.045
YHL009W-B,0.025,0.01,0.085,0.095,0.04,0.02,0.01,0.1,0.1,0.09,0.01,0.095,0.025,0.04,0.055,0.035,0.075,0.06,0.0,0.03
YPR170W-B,0.09411764705882353,0.03529411764705882,0.023529411764705882,0.03529411764705882,0.08235294117647059,0.058823529411764705,0.03529411764705882,0.047058823529411764,0.023529411764705882,0.09411764705882353,0.011764705882352941,0.03529411764705882,0.047058823529411764,0.011764705882352941,0.047058823529411764,0.07058823529411765,0.047058823529411764,0.15294117647058825,0.011764705882352941,0.03529411764705882
YPR192W,0.115,0.04,0.05,0.03,0.06,0.09,0.03,0.05,0.02,0.085,0.05,0.03,0.045,0.02,0.045,0.075,0.06,0.08,0.015,0.01
YLR256W,0.06,0.03,0.025,0.055,0.01,0.02,0.045,0.02,0.08,0.065,0.035,0.075,0.05,0.08,0.05,0.17,0.075,0.035,0.005,0.015
YLL039C,0.015,0.0,0.08,0.065,0.03,0.075,0.01,0.1,0.1,0.105,0.015,0.025,0.03,0.08,0.045,0.065,0.095,0.055,0.0,0.01
YIL148W,0.0390625,0.0390625,0.0546875,0.046875,0.015625,0.0546875,0.015625,0.0703125,0.1328125,0.109375,0.0078125,0.0390625,0.046875,0.0546875,0.078125,0.0625,0.0703125,0.0390625,0.0,0.0234375
YKR094C,0.0390625,0.0390625,0.0546875,0.046875,0.015625,0.0546875,0.015625,0.0703125,0.1328125,0.109375,0.0078125,0.0390625,0.046875,0.0546875,0.078125,0.0625,0.0703125,0.0390625,0.0,0.0234375
YJR045C,0.1,0.0,0.03,0.06,0.03,0.075,0.005,0.065,0.075,0.06,0.015,0.06,0.045,0.05,0.065,0.065,0.065,0.11,0.005,0.02
YNL015W,0.02666666666666667,0.0,0.08,0.09333333333333334,0.04,0.04,0.08,0.08,0.14666666666666667,0.06666666666666667,0.013333333333333334,0.08,0.02666666666666667,0.0,0.0,0.02666666666666667,0.06666666666666667,0.12,0.0,0.013333333333333334
YPR043W,0.11956521739130435,0.05434782608695652,0.010869565217391304,0.03260869565217391,0.010869565217391304,0.09782608695652174,0.010869565217391304,0.043478260869565216,0.11956521739130435,0.03260869565217391,0.021739130434782608,0.0,0.0,0.03260869565217391,0.10869565217391304,0.06521739130434782,0.09782608695652174,0.08695652173913043,0.010869565217391304,0.043478260869565216
YNL162W,0.05660377358490566,0.04716981132075472,0.009433962264150943,0.02830188679245283,0.04716981132075472,0.08490566037735849,0.03773584905660377,0.0,0.2169811320754717,0.0660377358490566,0.009433962264150943,0.009433962264150943,0.018867924528301886,0.08490566037735849,0.07547169811320754,0.018867924528301886,0.09433962264150944,0.0660377358490566,0.0,0.02830188679245283
YHR141C,0.05660377358490566,0.04716981132075472,0.009433962264150943,0.02830188679245283,0.04716981132075472,0.08490566037735849,0.03773584905660377,0.0,0.2169811320754717,0.0660377358490566,0.009433962264150943,0.009433962264150943,0.018867924528301886,0.08490566037735849,0.07547169811320754,0.018867924528301886,0.09433962264150944,0.0660377358490566,0.0,0.02830188679245283
YGR118W,0.06206896551724138,0.013793103448275862,0.027586206896551724,0.04827586206896552,0.041379310344827586,0.1103448275862069,0.013793103448275862,0.034482758620689655,0.15172413793103448,0.0896551724137931,0.006896551724137931,0.06896551724137931,0.041379310344827586,0.013793103448275862,0.08275862068965517,0.06896551724137931,0.013793103448275862,0.0896551724137931,0.013793103448275862,0.006896551724137931
YPR132W,0.06206896551724138,0.013793103448275862,0.027586206896551724,0.04827586206896552,0.041379310344827586,0.1103448275862069,0.013793103448275862,0.034482758620689655,0.15172413793103448,0.0896551724137931,0.006896551724137931,0.06896551724137931,0.041379310344827586,0.013793103448275862,0.08275862068965517,0.06896551724137931,0.013793103448275862,0.0896551724137931,0.013793103448275862,0.006896551724137931
YER074W,0.0962962962962963,0.0,0.044444444444444446,0.05925925925925926,0.05185185185185185,0.06666666666666667,0.007407407407407408,0.022222222222222223,0.14074074074074075,0.06666666666666667,0.007407407407407408,0.044444444444444446,0.022222222222222223,0.037037037037037035,0.1037037037037037,0.05185185185185185,0.037037037037037035,0.1111111111111111,0.0,0.02962962962962963
YIL069C,0.0962962962962963,0.0,0.044444444444444446,0.05925925925925926,0.05185185185185185,0.06666666666666667,0.007407407407407408,0.022222222222222223,0.14074074074074075,0.06666666666666667,0.007407407407407408,0.044444444444444446,0.022222222222222223,0.037037037037037035,0.1037037037037037,0.05185185185185185,0.037037037037037035,0.1111111111111111,0.0,0.02962962962962963
YJR145C,0.065,0.005,0.065,0.03,0.03,0.085,0.04,0.055,0.11,0.095,0.015,0.035,0.05,0.01,0.085,0.025,0.06,0.095,0.005,0.04
YHR203C,0.065,0.005,0.065,0.03,0.03,0.085,0.04,0.055,0.11,0.095,0.015,0.035,0.05,0.01,0.085,0.025,0.06,0.095,0.005,0.04
YPL090C,0.045,0.005,0.06,0.06,0.045,0.085,0.01,0.055,0.115,0.08,0.01,0.035,0.045,0.05,0.11,0.03,0.05,0.09,0.0,0.02
YBR181C,0.045,0.005,0.06,0.06,0.045,0.085,0.01,0.055,0.115,0.08,0.01,0.035,0.045,0.05,0.11,0.03,0.05,0.09,0.0,0.02
YBL087C,0.10948905109489052,0.014598540145985401,0.0364963503649635,0.029197080291970802,0.021897810218978103,0.12408759124087591,0.0,0.051094890510948905,0.08029197080291971,0.06569343065693431,0.043795620437956206,0.058394160583941604,0.051094890510948905,0.014598540145985401,0.072992700729927,0.072992700729927,0.021897810218978103,0.10218978102189781,0.014598540145985401,0.014598540145985401
YER117W,0.10948905109489052,0.014598540145985401,0.0364963503649635,0.029197080291970802,0.021897810218978103,0.12408759124087591,0.0,0.051094890510948905,0.08029197080291971,0.06569343065693431,0.043795620437956206,0.058394160583941604,0.051094890510948905,0.014598540145985401,0.072992700729927,0.072992700729927,0.021897810218978103,0.10218978102189781,0.014598540145985401,0.014598540145985401
YPL220W,0.04,0.02,0.06,0.045,0.045,0.04,0.01,0.04,0.135,0.115,0.025,0.07,0.04,0.04,0.04,0.08,0.03,0.1,0.005,0.02
YGL135W,0.04,0.02,0.06,0.045,0.045,0.04,0.01,0.04,0.135,0.115,0.025,0.07,0.04,0.04,0.04,0.08,0.03,0.1,0.005,0.02
YFR031C-A,0.085,0.0,0.035,0.04,0.025,0.125,0.03,0.075,0.08,0.065,0.005,0.045,0.045,0.02,0.11,0.055,0.035,0.085,0.005,0.035
YIL018W,0.085,0.0,0.035,0.04,0.025,0.125,0.03,0.075,0.08,0.065,0.005,0.045,0.045,0.02,0.11,0.055,0.035,0.085,0.005,0.035
YDR025W,0.0641025641025641,0.01282051282051282,0.01282051282051282,0.02564102564102564,0.05128205128205128,0.057692307692307696,0.03205128205128205,0.0641025641025641,0.1282051282051282,0.03205128205128205,0.01282051282051282,0.04487179487179487,0.05128205128205128,0.038461538461538464,0.07692307692307693,0.057692307692307696,0.08333333333333333,0.10897435897435898,0.00641025641025641,0.038461538461538464
YBR048W,0.0641025641025641,0.01282051282051282,0.01282051282051282,0.02564102564102564,0.05128205128205128,0.057692307692307696,0.03205128205128205,0.0641025641025641,0.1282051282051282,0.03205128205128205,0.01282051282051282,0.04487179487179487,0.05128205128205128,0.038461538461538464,0.07692307692307693,0.057692307692307696,0.08333333333333333,0.10897435897435898,0.00641025641025641,0.038461538461538464
YOL120C,0.10752688172043011,0.005376344086021506,0.03225806451612903,0.026881720430107527,0.04838709677419355,0.08064516129032258,0.026881720430107527,0.043010752688172046,0.10215053763440861,0.08064516129032258,0.010752688172043012,0.03225806451612903,0.04838709677419355,0.021505376344086023,0.11827956989247312,0.04838709677419355,0.06989247311827956,0.08602150537634409,0.0,0.010752688172043012
YNL301C,0.10752688172043011,0.005376344086021506,0.03225806451612903,0.026881720430107527,0.04838709677419355,0.08064516129032258,0.026881720430107527,0.043010752688172046,0.10215053763440861,0.08064516129032258,0.010752688172043012,0.03225806451612903,0.04838709677419355,0.021505376344086023,0.11827956989247312,0.04838709677419355,0.06989247311827956,0.08602150537634409,0.0,0.010752688172043012
YMR143W,0.08391608391608392,0.0,0.03496503496503497,0.04195804195804196,0.04195804195804196,0.08391608391608392,0.02097902097902098,0.055944055944055944,0.11888111888111888,0.07692307692307693,0.006993006993006993,0.02097902097902098,0.04195804195804196,0.04195804195804196,0.06993006993006994,0.07692307692307693,0.04195804195804196,0.0979020979020979,0.0,0.04195804195804196
YEL054C,0.09696969696969697,0.006060606060606061,0.048484848484848485,0.07272727272727272,0.024242424242424242,0.07878787878787878,0.012121212121212121,0.09090909090909091,0.10909090909090909,0.06666666666666667,0.012121212121212121,0.04242424242424243,0.06666666666666667,0.03636363636363636,0.048484848484848485,0.06060606060606061,0.03636363636363636,0.07878787878787878,0.0,0.012121212121212121
YDR418W,0.09696969696969697,0.006060606060606061,0.048484848484848485,0.07272727272727272,0.024242424242424242,0.07878787878787878,0.012121212121212121,0.09090909090909091,0.10909090909090909,0.06666666666666667,0.012121212121212121,0.04242424242424243,0.06666666666666667,0.03636363636363636,0.048484848484848485,0.06060606060606061,0.03636363636363636,0.07878787878787878,0.0,0.012121212121212121
YDR450W,0.04794520547945205,0.00684931506849315,0.0547945205479452,0.04794520547945205,0.02054794520547945,0.0684931506849315,0.04794520547945205,0.0684931506849315,0.07534246575342465,0.10273972602739725,0.0136986301369863,0.06164383561643835,0.0136986301369863,0.0547945205479452,0.1095890410958904,0.0273972602739726,0.0684931506849315,0.0684931506849315,0.0136986301369863,0.0273972602739726
YML026C,0.04794520547945205,0.00684931506849315,0.0547945205479452,0.04794520547945205,0.02054794520547945,0.0684931506849315,0.04794520547945205,0.0684931506849315,0.07534246575342465,0.10273972602739725,0.0136986301369863,0.06164383561643835,0.0136986301369863,0.0547945205479452,0.1095890410958904,0.0273972602739726,0.0684931506849315,0.0684931506849315,0.0136986301369863,0.0273972602739726
YFL002W-A,0.055,0.005,0.04,0.045,0.02,0.025,0.06,0.025,0.03,0.05,0.03,0.075,0.13,0.095,0.015,0.125,0.065,0.055,0.01,0.045
YGR161W-B,0.055,0.005,0.04,0.045,0.02,0.025,0.06,0.025,0.03,0.05,0.03,0.075,0.13,0.095,0.015,0.125,0.065,0.055,0.01,0.045
YLR157C,0.115,0.005,0.04,0.045,0.025,0.08,0.015,0.06,0.04,0.11,0.035,0.06,0.035,0.01,0.025,0.12,0.095,0.05,0.005,0.03
YLR158C,0.115,0.005,0.04,0.045,0.025,0.08,0.015,0.06,0.04,0.11,0.035,0.06,0.035,0.01,0.025,0.12,0.095,0.05,0.005,0.03
YLR160C,0.115,0.005,0.04,0.045,0.025,0.08,0.015,0.06,0.04,0.11,0.035,0.06,0.035,0.01,0.025,0.12,0.095,0.05,0.005,0.03
YBR084C-A,0.13756613756613756,0.0,0.037037037037037035,0.06349206349206349,0.005291005291005291,0.047619047619047616,0.037037037037037035,0.037037037037037035,0.12169312169312169,0.08465608465608465,0.005291005291005291,0.042328042328042326,0.010582010582010581,0.037037037037037035,0.14814814814814814,0.047619047619047616,0.031746031746031744,0.07407407407407407,0.010582010582010581,0.021164021164021163
YBL027W,0.13756613756613756,0.0,0.037037037037037035,0.06349206349206349,0.005291005291005291,0.047619047619047616,0.037037037037037035,0.037037037037037035,0.12169312169312169,0.08465608465608465,0.005291005291005291,0.042328042328042326,0.010582010582010581,0.037037037037037035,0.14814814814814814,0.047619047619047616,0.031746031746031744,0.07407407407407407,0.010582010582010581,0.021164021164021163
YDL191W,0.10833333333333334,0.008333333333333333,0.016666666666666666,0.06666666666666667,0.016666666666666666,0.016666666666666666,0.0,0.041666666666666664,0.18333333333333332,0.10833333333333334,0.008333333333333333,0.008333333333333333,0.03333333333333333,0.09166666666666666,0.09166666666666666,0.05,0.05,0.06666666666666667,0.0,0.03333333333333333
YDL136W,0.10833333333333334,0.008333333333333333,0.016666666666666666,0.06666666666666667,0.016666666666666666,0.016666666666666666,0.0,0.041666666666666664,0.18333333333333332,0.10833333333333334,0.008333333333333333,0.008333333333333333,0.03333333333333333,0.09166666666666666,0.09166666666666666,0.05,0.05,0.06666666666666667,0.0,0.03333333333333333
YCR040W,0.06857142857142857,0.005714285714285714,0.02857142857142857,0.04,0.08,0.045714285714285714,0.02857142857142857,0.06285714285714286,0.10285714285714286,0.06285714285714286,0.017142857142857144,0.06857142857142857,0.03428571428571429,0.05714285714285714,0.05142857142857143,0.09714285714285714,0.02857142857142857,0.05142857142857143,0.022857142857142857,0.045714285714285714
YCR039C,0.025,0.01,0.05,0.08,0.03,0.02,0.005,0.085,0.11,0.12,0.02,0.09,0.035,0.035,0.06,0.075,0.085,0.04,0.01,0.015
YLR155C,0.115,0.005,0.04,0.045,0.025,0.08,0.015,0.06,0.04,0.11,0.035,0.06,0.035,0.01,0.025,0.12,0.095,0.05,0.005,0.03
YHL034C,0.05,0.005,0.065,0.085,0.065,0.13,0.03,0.07,0.075,0.03,0.015,0.055,0.045,0.035,0.095,0.03,0.055,0.05,0.0,0.015
YJL138C,0.08,0.005,0.07,0.07,0.055,0.07,0.015,0.09,0.045,0.085,0.04,0.015,0.035,0.075,0.05,0.045,0.065,0.07,0.0,0.02
YGL256W,0.125,0.005,0.05,0.06,0.03,0.085,0.01,0.09,0.07,0.075,0.025,0.07,0.05,0.02,0.015,0.055,0.08,0.06,0.0,0.025
YMR256C,0.13333333333333333,0.0,0.0,0.0,0.05,0.016666666666666666,0.016666666666666666,0.1,0.1,0.1,0.016666666666666666,0.03333333333333333,0.08333333333333333,0.05,0.05,0.05,0.03333333333333333,0.06666666666666667,0.03333333333333333,0.06666666666666667
YLR163C,0.055,0.0,0.06,0.075,0.03,0.05,0.025,0.1,0.06,0.08,0.01,0.06,0.03,0.03,0.065,0.09,0.095,0.05,0.0,0.035
YAL005C,0.11,0.005,0.08,0.05,0.055,0.08,0.015,0.065,0.075,0.055,0.025,0.065,0.04,0.04,0.035,0.04,0.07,0.075,0.0,0.02
YLL024C,0.1,0.005,0.08,0.05,0.055,0.09,0.015,0.065,0.075,0.055,0.025,0.065,0.04,0.04,0.035,0.04,0.07,0.075,0.0,0.02
YHR007C,0.07,0.01,0.03,0.06,0.07,0.06,0.015,0.07,0.075,0.095,0.025,0.03,0.05,0.025,0.04,0.055,0.045,0.095,0.015,0.065
YDL130W,0.22641509433962265,0.0,0.10377358490566038,0.10377358490566038,0.04716981132075472,0.11320754716981132,0.009433962264150943,0.05660377358490566,0.04716981132075472,0.07547169811320754,0.018867924528301886,0.03773584905660377,0.009433962264150943,0.0,0.0,0.0660377358490566,0.02830188679245283,0.03773584905660377,0.009433962264150943,0.009433962264150943
YDR347W,0.075,0.015,0.045,0.065,0.045,0.05,0.015,0.055,0.065,0.135,0.025,0.065,0.045,0.035,0.075,0.08,0.055,0.015,0.01,0.03
YBR031W,0.135,0.005,0.015,0.04,0.02,0.09,0.03,0.035,0.085,0.06,0.015,0.04,0.045,0.025,0.085,0.07,0.075,0.095,0.02,0.015
YER020W,0.07,0.01,0.04,0.065,0.01,0.06,0.01,0.05,0.065,0.085,0.01,0.085,0.05,0.115,0.045,0.11,0.065,0.045,0.0,0.01
YCR066W,0.04,0.045,0.05,0.07,0.045,0.01,0.02,0.065,0.06,0.115,0.02,0.04,0.08,0.045,0.055,0.12,0.065,0.035,0.005,0.015
YER011W,0.195,0.0,0.04,0.045,0.015,0.025,0.005,0.035,0.045,0.07,0.025,0.02,0.055,0.02,0.005,0.29,0.05,0.03,0.005,0.025
YDL194W,0.04,0.005,0.065,0.015,0.07,0.075,0.015,0.085,0.035,0.075,0.035,0.06,0.035,0.055,0.04,0.135,0.09,0.055,0.0,0.015
YGL073W,0.065,0.0,0.07,0.03,0.02,0.035,0.03,0.045,0.035,0.08,0.01,0.09,0.09,0.05,0.055,0.13,0.1,0.03,0.01,0.025
YAL025C,0.065,0.03,0.03,0.09,0.025,0.035,0.03,0.045,0.12,0.08,0.03,0.055,0.03,0.055,0.08,0.045,0.045,0.055,0.02,0.035
YOR341W,0.05,0.035,0.075,0.07,0.035,0.07,0.03,0.06,0.06,0.135,0.02,0.045,0.035,0.025,0.035,0.095,0.04,0.04,0.0,0.045
YDR170C,0.05,0.005,0.14,0.25,0.0,0.08,0.01,0.015,0.045,0.0,0.01,0.075,0.03,0.02,0.005,0.16,0.065,0.04,0.0,0.0
YDL192W,0.06077348066298342,0.0055248618784530384,0.03867403314917127,0.07734806629834254,0.04419889502762431,0.08287292817679558,0.011049723756906077,0.06077348066298342,0.049723756906077346,0.10497237569060773,0.03314917127071823,0.06629834254143646,0.016574585635359115,0.027624309392265192,0.06629834254143646,0.06629834254143646,0.06629834254143646,0.06629834254143646,0.027624309392265192,0.027624309392265192
YGL062W,0.105,0.0,0.06,0.075,0.04,0.1,0.025,0.085,0.055,0.05,0.015,0.04,0.05,0.03,0.05,0.045,0.04,0.095,0.005,0.035
YLR382C,0.075,0.01,0.05,0.05,0.04,0.065,0.015,0.07,0.08,0.075,0.03,0.05,0.055,0.05,0.06,0.065,0.045,0.04,0.035,0.04
YDR044W,0.065,0.01,0.075,0.045,0.045,0.09,0.04,0.035,0.055,0.075,0.025,0.035,0.07,0.055,0.04,0.035,0.085,0.055,0.025,0.04
YDL229W,0.12,0.005,0.05,0.085,0.04,0.07,0.005,0.085,0.075,0.05,0.02,0.045,0.04,0.04,0.045,0.045,0.065,0.085,0.005,0.025
YDR481C,0.09,0.015,0.06,0.025,0.04,0.06,0.04,0.055,0.045,0.1,0.02,0.02,0.045,0.025,0.06,0.125,0.08,0.075,0.005,0.015
YPR052C,0.10752688172043011,0.0,0.043010752688172046,0.10752688172043011,0.03225806451612903,0.03225806451612903,0.0,0.021505376344086023,0.16129032258064516,0.053763440860215055,0.021505376344086023,0.053763440860215055,0.07526881720430108,0.03225806451612903,0.07526881720430108,0.03225806451612903,0.06451612903225806,0.03225806451612903,0.010752688172043012,0.043010752688172046
YBR089C-A,0.12121212121212122,0.0,0.04040404040404041,0.1111111111111111,0.030303030303030304,0.04040404040404041,0.0,0.020202020202020204,0.1414141414141414,0.04040404040404041,0.020202020202020204,0.050505050505050504,0.06060606060606061,0.04040404040404041,0.10101010101010101,0.04040404040404041,0.06060606060606061,0.030303030303030304,0.010101010101010102,0.04040404040404041
YNR026C,0.07,0.005,0.085,0.065,0.045,0.08,0.015,0.07,0.085,0.075,0.01,0.06,0.03,0.015,0.025,0.075,0.08,0.075,0.0,0.035
YCL029C,0.035,0.005,0.075,0.05,0.04,0.065,0.025,0.06,0.06,0.06,0.045,0.06,0.05,0.075,0.07,0.105,0.055,0.035,0.005,0.025
YCL027W,0.055,0.02,0.025,0.025,0.03,0.03,0.005,0.09,0.06,0.07,0.025,0.06,0.055,0.04,0.035,0.155,0.115,0.045,0.02,0.04
YMR235C,0.095,0.02,0.04,0.085,0.04,0.055,0.035,0.055,0.07,0.155,0.01,0.055,0.03,0.02,0.03,0.065,0.055,0.06,0.0,0.025
YMR043W,0.04,0.005,0.08,0.08,0.025,0.06,0.03,0.04,0.055,0.07,0.02,0.065,0.05,0.19,0.035,0.045,0.055,0.05,0.0,0.005
YML098W,0.0718562874251497,0.011976047904191617,0.08982035928143713,0.10179640718562874,0.029940119760479042,0.03592814371257485,0.005988023952095809,0.023952095808383235,0.12574850299401197,0.09580838323353294,0.011976047904191617,0.0658682634730539,0.023952095808383235,0.0658682634730539,0.05389221556886228,0.05389221556886228,0.0658682634730539,0.041916167664670656,0.0,0.023952095808383235
YHR024C,0.06,0.015,0.03,0.09,0.035,0.065,0.02,0.04,0.05,0.135,0.03,0.055,0.04,0.04,0.055,0.08,0.065,0.04,0.005,0.05
YNL216W,0.125,0.01,0.105,0.08,0.015,0.035,0.01,0.03,0.05,0.045,0.015,0.06,0.06,0.025,0.02,0.1,0.115,0.08,0.0,0.02
YDR227W,0.04,0.0,0.025,0.055,0.04,0.015,0.03,0.05,0.11,0.07,0.005,0.09,0.09,0.045,0.045,0.165,0.08,0.03,0.0,0.015
YJL153C,0.065,0.01,0.07,0.05,0.035,0.055,0.005,0.04,0.08,0.095,0.03,0.075,0.05,0.045,0.02,0.065,0.065,0.09,0.005,0.05
YGL013C,0.04,0.045,0.06,0.07,0.045,0.085,0.02,0.04,0.085,0.05,0.01,0.06,0.035,0.035,0.05,0.13,0.095,0.035,0.0,0.01
YBR143C,0.03,0.01,0.05,0.06,0.035,0.075,0.02,0.06,0.105,0.11,0.02,0.055,0.035,0.04,0.05,0.065,0.07,0.07,0.005,0.035
YDR212W,0.07,0.0,0.075,0.045,0.035,0.07,0.01,0.09,0.065,0.105,0.025,0.06,0.02,0.035,0.035,0.085,0.075,0.095,0.0,0.005
YIL015W,0.06,0.015,0.045,0.06,0.05,0.08,0.02,0.07,0.025,0.075,0.02,0.07,0.05,0.025,0.025,0.1,0.095,0.04,0.01,0.065
YML075C,0.065,0.005,0.065,0.05,0.06,0.02,0.025,0.06,0.055,0.105,0.025,0.055,0.05,0.03,0.03,0.115,0.055,0.055,0.015,0.06
YLR450W,0.055,0.01,0.055,0.045,0.055,0.005,0.03,0.06,0.06,0.125,0.01,0.05,0.045,0.025,0.035,0.115,0.075,0.06,0.015,0.07
YGR084C,0.06,0.005,0.04,0.045,0.06,0.035,0.035,0.09,0.1,0.095,0.025,0.045,0.06,0.025,0.065,0.045,0.08,0.04,0.02,0.03
YNL005C,0.05,0.0,0.055,0.065,0.05,0.065,0.02,0.055,0.105,0.1,0.015,0.03,0.05,0.03,0.1,0.075,0.04,0.055,0.005,0.035
YKL126W,0.065,0.0,0.055,0.065,0.035,0.06,0.02,0.065,0.08,0.05,0.02,0.07,0.05,0.04,0.025,0.17,0.065,0.045,0.005,0.015
YOR346W,0.035,0.015,0.08,0.055,0.025,0.075,0.04,0.06,0.065,0.105,0.01,0.075,0.02,0.06,0.03,0.105,0.065,0.04,0.0,0.04
YNL071W,0.115,0.005,0.06,0.085,0.03,0.055,0.01,0.055,0.095,0.065,0.02,0.01,0.08,0.045,0.04,0.08,0.065,0.06,0.005,0.02
YBR196C,0.07,0.0,0.06,0.07,0.045,0.07,0.03,0.055,0.1,0.075,0.025,0.07,0.02,0.025,0.03,0.065,0.055,0.09,0.01,0.035
YNL250W,0.05,0.01,0.055,0.05,0.045,0.065,0.01,0.085,0.1,0.11,0.03,0.05,0.04,0.035,0.03,0.08,0.085,0.045,0.005,0.02
YGR083C,0.155,0.0,0.0,0.07,0.005,0.035,0.005,0.02,0.125,0.07,0.025,0.045,0.045,0.085,0.04,0.135,0.1,0.04,0.0,0.0
YKL209C,0.07,0.015,0.02,0.045,0.06,0.05,0.025,0.09,0.02,0.115,0.045,0.04,0.02,0.035,0.055,0.1,0.06,0.075,0.02,0.04
YMR231W,0.05,0.015,0.05,0.045,0.055,0.045,0.015,0.12,0.045,0.1,0.005,0.07,0.05,0.055,0.045,0.095,0.045,0.065,0.005,0.025
YGL115W,0.035,0.01,0.075,0.055,0.04,0.025,0.015,0.08,0.07,0.14,0.015,0.04,0.04,0.055,0.05,0.09,0.06,0.075,0.005,0.025
YDL040C,0.11,0.01,0.055,0.065,0.025,0.055,0.01,0.055,0.13,0.105,0.01,0.05,0.015,0.045,0.04,0.085,0.035,0.035,0.015,0.05
YJL092W,0.06,0.01,0.07,0.05,0.02,0.045,0.045,0.105,0.075,0.12,0.025,0.05,0.03,0.04,0.05,0.06,0.055,0.05,0.015,0.025
YOR276W,0.06832298136645963,0.006211180124223602,0.07453416149068323,0.11180124223602485,0.049689440993788817,0.043478260869565216,0.049689440993788817,0.055900621118012424,0.09937888198757763,0.055900621118012424,0.006211180124223602,0.049689440993788817,0.049689440993788817,0.024844720496894408,0.043478260869565216,0.062111801242236024,0.08074534161490683,0.055900621118012424,0.006211180124223602,0.006211180124223602
YNL238W,0.045,0.01,0.09,0.07,0.05,0.04,0.035,0.035,0.055,0.12,0.015,0.075,0.06,0.025,0.04,0.085,0.025,0.065,0.03,0.03
YDR122W,0.065,0.005,0.04,0.075,0.02,0.06,0.03,0.025,0.09,0.05,0.05,0.065,0.06,0.095,0.06,0.085,0.055,0.05,0.005,0.015
YLR096W,0.08,0.015,0.035,0.065,0.03,0.055,0.035,0.04,0.075,0.075,0.04,0.055,0.07,0.065,0.085,0.065,0.045,0.045,0.005,0.02
YGR202C,0.035,0.02,0.07,0.09,0.04,0.03,0.03,0.035,0.115,0.09,0.01,0.06,0.065,0.035,0.075,0.04,0.075,0.05,0.01,0.025
YNL102W,0.035,0.0,0.125,0.1,0.02,0.055,0.025,0.06,0.12,0.07,0.01,0.05,0.02,0.025,0.065,0.12,0.03,0.045,0.005,0.02
YER148W,0.1,0.01,0.05,0.075,0.06,0.05,0.01,0.07,0.09,0.06,0.02,0.04,0.05,0.03,0.065,0.06,0.075,0.06,0.005,0.02
YBL021C,0.0763888888888889,0.020833333333333332,0.05555555555555555,0.10416666666666667,0.013888888888888888,0.034722222222222224,0.013888888888888888,0.04861111111111111,0.0625,0.09027777777777778,0.027777777777777776,0.06944444444444445,0.034722222222222224,0.06944444444444445,0.041666666666666664,0.10416666666666667,0.04861111111111111,0.04861111111111111,0.006944444444444444,0.027777777777777776
YIL034C,0.04,0.01,0.115,0.045,0.045,0.02,0.025,0.035,0.035,0.125,0.015,0.075,0.055,0.04,0.04,0.12,0.055,0.045,0.015,0.045
YHR084W,0.045,0.025,0.045,0.08,0.075,0.04,0.005,0.045,0.09,0.095,0.015,0.065,0.03,0.055,0.05,0.08,0.05,0.065,0.015,0.03
YGL167C,0.07,0.015,0.085,0.095,0.04,0.045,0.015,0.08,0.035,0.125,0.02,0.055,0.035,0.01,0.055,0.105,0.035,0.065,0.0,0.015
YDR040C,0.065,0.01,0.06,0.085,0.035,0.07,0.025,0.075,0.065,0.095,0.035,0.07,0.02,0.015,0.015,0.06,0.095,0.085,0.005,0.015
YDR158W,0.11,0.02,0.055,0.055,0.045,0.09,0.015,0.09,0.075,0.085,0.01,0.03,0.06,0.03,0.025,0.065,0.045,0.075,0.005,0.015
YBR195C,0.04,0.015,0.08,0.055,0.055,0.035,0.04,0.09,0.065,0.065,0.02,0.055,0.05,0.035,0.04,0.125,0.075,0.015,0.015,0.03
YGR152C,0.045,0.005,0.07,0.085,0.035,0.055,0.0,0.07,0.055,0.095,0.03,0.03,0.025,0.045,0.07,0.09,0.045,0.11,0.005,0.035
YPR183W,0.075,0.01,0.06,0.06,0.04,0.06,0.025,0.055,0.06,0.1,0.04,0.035,0.07,0.03,0.06,0.065,0.045,0.065,0.005,0.04
YKL109W,0.05,0.005,0.04,0.05,0.04,0.015,0.04,0.055,0.085,0.06,0.01,0.145,0.07,0.015,0.065,0.16,0.045,0.03,0.005,0.015
YOR120W,0.08,0.005,0.07,0.05,0.015,0.055,0.03,0.065,0.08,0.115,0.015,0.055,0.05,0.05,0.03,0.05,0.075,0.055,0.025,0.03
YGL030W,0.0761904761904762,0.0,0.01904761904761905,0.047619047619047616,0.01904761904761905,0.08571428571428572,0.0,0.06666666666666667,0.11428571428571428,0.12380952380952381,0.01904761904761905,0.0380952380952381,0.01904761904761905,0.0380952380952381,0.02857142857142857,0.09523809523809523,0.06666666666666667,0.08571428571428572,0.0,0.05714285714285714
YOR063W,0.095,0.0,0.04,0.06,0.035,0.06,0.04,0.035,0.11,0.065,0.01,0.01,0.045,0.02,0.095,0.06,0.055,0.11,0.015,0.04
YKL112W,0.06,0.015,0.105,0.045,0.035,0.045,0.055,0.055,0.075,0.05,0.01,0.16,0.045,0.015,0.015,0.075,0.055,0.045,0.005,0.035
YBR038W,0.09,0.0,0.06,0.055,0.035,0.035,0.02,0.01,0.03,0.065,0.015,0.085,0.08,0.045,0.07,0.155,0.065,0.025,0.005,0.055
YNL082W,0.06,0.015,0.06,0.04,0.045,0.055,0.025,0.1,0.095,0.07,0.01,0.055,0.025,0.05,0.025,0.075,0.1,0.065,0.005,0.025
YPL167C,0.025,0.015,0.065,0.03,0.055,0.06,0.045,0.07,0.075,0.095,0.015,0.045,0.045,0.05,0.05,0.095,0.045,0.06,0.01,0.05
YLR263W,0.03,0.015,0.04,0.07,0.055,0.035,0.025,0.105,0.11,0.125,0.015,0.07,0.02,0.055,0.02,0.09,0.04,0.055,0.015,0.01
YLR178C,0.075,0.01,0.065,0.05,0.06,0.065,0.03,0.035,0.085,0.06,0.025,0.04,0.075,0.05,0.015,0.09,0.07,0.05,0.015,0.035
YJL141C,0.045,0.005,0.045,0.015,0.025,0.05,0.03,0.01,0.01,0.04,0.02,0.11,0.08,0.17,0.045,0.165,0.025,0.045,0.01,0.055
YGR040W,0.055,0.02,0.055,0.05,0.045,0.035,0.03,0.095,0.07,0.105,0.02,0.04,0.03,0.035,0.055,0.085,0.06,0.07,0.005,0.04
YDR054C,0.05,0.005,0.075,0.075,0.05,0.03,0.02,0.07,0.055,0.06,0.035,0.045,0.085,0.045,0.05,0.11,0.04,0.055,0.01,0.035
YHR083W,0.07,0.03,0.05,0.065,0.04,0.045,0.015,0.055,0.035,0.115,0.03,0.025,0.04,0.055,0.045,0.085,0.08,0.065,0.01,0.045
YFR036W,0.04838709677419355,0.0,0.13709677419354838,0.056451612903225805,0.024193548387096774,0.024193548387096774,0.04838709677419355,0.04838709677419355,0.04838709677419355,0.08064516129032258,0.016129032258064516,0.13709677419354838,0.016129032258064516,0.056451612903225805,0.03225806451612903,0.0967741935483871,0.08064516129032258,0.024193548387096774,0.0,0.024193548387096774
YER162C,0.03,0.01,0.07,0.125,0.03,0.025,0.015,0.03,0.09,0.1,0.015,0.06,0.05,0.015,0.1,0.09,0.035,0.085,0.005,0.02
YDR217C,0.045,0.005,0.085,0.085,0.04,0.045,0.015,0.035,0.075,0.09,0.03,0.09,0.07,0.045,0.035,0.075,0.07,0.045,0.005,0.015
YKR026C,0.075,0.015,0.05,0.08,0.05,0.05,0.02,0.095,0.06,0.095,0.025,0.05,0.025,0.025,0.055,0.065,0.06,0.08,0.005,0.02
YLR195C,0.03,0.015,0.08,0.08,0.055,0.03,0.015,0.05,0.135,0.095,0.01,0.05,0.05,0.04,0.045,0.05,0.045,0.085,0.03,0.01
YLL015W,0.04,0.025,0.02,0.02,0.08,0.04,0.015,0.075,0.04,0.16,0.02,0.06,0.05,0.05,0.03,0.095,0.045,0.055,0.01,0.07
YDR155C,0.06172839506172839,0.012345679012345678,0.06172839506172839,0.043209876543209874,0.07407407407407407,0.1419753086419753,0.024691358024691357,0.043209876543209874,0.07407407407407407,0.04938271604938271,0.018518518518518517,0.043209876543209874,0.06172839506172839,0.024691358024691357,0.030864197530864196,0.05555555555555555,0.04938271604938271,0.09259259259259259,0.006172839506172839,0.030864197530864196
YDR035W,0.06,0.015,0.09,0.055,0.04,0.08,0.02,0.095,0.08,0.11,0.025,0.04,0.055,0.02,0.06,0.065,0.035,0.025,0.01,0.02
YKL103C,0.05,0.005,0.05,0.1,0.04,0.08,0.02,0.065,0.1,0.1,0.01,0.07,0.03,0.03,0.03,0.055,0.055,0.05,0.02,0.04
YOR254C,0.055,0.0,0.065,0.08,0.045,0.05,0.01,0.085,0.095,0.085,0.02,0.06,0.035,0.03,0.04,0.08,0.055,0.045,0.015,0.05
YJL041W,0.09,0.0,0.015,0.005,0.1,0.125,0.0,0.005,0.035,0.02,0.005,0.21,0.05,0.03,0.0,0.15,0.155,0.005,0.0,0.0
YMR228W,0.03,0.015,0.045,0.05,0.055,0.055,0.015,0.06,0.1,0.11,0.025,0.045,0.055,0.025,0.045,0.085,0.045,0.055,0.025,0.06
YBR112C,0.12,0.005,0.055,0.06,0.025,0.045,0.03,0.035,0.025,0.125,0.025,0.035,0.05,0.135,0.04,0.05,0.04,0.025,0.015,0.06
YMR186W,0.065,0.0,0.055,0.11,0.055,0.065,0.005,0.09,0.065,0.1,0.025,0.045,0.02,0.04,0.05,0.07,0.055,0.055,0.005,0.025
YDR037W,0.085,0.005,0.06,0.09,0.025,0.07,0.04,0.03,0.13,0.075,0.015,0.02,0.05,0.06,0.045,0.07,0.03,0.065,0.0,0.035
YDR256C,0.04,0.01,0.08,0.05,0.075,0.07,0.035,0.055,0.045,0.055,0.02,0.075,0.055,0.04,0.065,0.055,0.08,0.06,0.01,0.025
YPR181C,0.02,0.035,0.05,0.07,0.035,0.035,0.015,0.06,0.02,0.105,0.015,0.09,0.085,0.03,0.035,0.09,0.08,0.08,0.01,0.04
YGL166W,0.07,0.06,0.065,0.055,0.005,0.085,0.03,0.04,0.06,0.075,0.025,0.055,0.055,0.02,0.08,0.09,0.08,0.04,0.0,0.01
YIR022W,0.0718562874251497,0.005988023952095809,0.029940119760479042,0.041916167664670656,0.059880239520958084,0.08383233532934131,0.017964071856287425,0.0658682634730539,0.0658682634730539,0.12574850299401197,0.023952095808383235,0.08383233532934131,0.023952095808383235,0.04790419161676647,0.029940119760479042,0.05389221556886228,0.029940119760479042,0.07784431137724551,0.017964071856287425,0.041916167664670656
YDR194C,0.06,0.005,0.065,0.055,0.045,0.035,0.03,0.07,0.065,0.09,0.015,0.075,0.04,0.035,0.09,0.07,0.075,0.06,0.005,0.015
YDL102W,0.03,0.005,0.1,0.09,0.055,0.04,0.03,0.06,0.07,0.06,0.025,0.045,0.04,0.065,0.025,0.11,0.055,0.07,0.0,0.025
YDR283C,0.015,0.005,0.085,0.125,0.045,0.005,0.015,0.08,0.08,0.085,0.03,0.035,0.025,0.095,0.065,0.07,0.075,0.035,0.005,0.025
YPL117C,0.055,0.03,0.07,0.095,0.04,0.06,0.04,0.07,0.065,0.095,0.025,0.065,0.045,0.04,0.035,0.055,0.065,0.03,0.01,0.01
YDR120C,0.085,0.015,0.04,0.085,0.035,0.05,0.015,0.08,0.1,0.065,0.02,0.11,0.045,0.02,0.065,0.05,0.025,0.055,0.005,0.035
YLR060W,0.05,0.015,0.065,0.1,0.05,0.04,0.015,0.06,0.085,0.115,0.02,0.055,0.05,0.045,0.045,0.06,0.06,0.03,0.0,0.04
YFL022C,0.06,0.0,0.08,0.07,0.03,0.05,0.015,0.065,0.115,0.145,0.015,0.06,0.015,0.065,0.01,0.075,0.07,0.045,0.005,0.01
YDL014W,0.08,0.0,0.02,0.055,0.035,0.28,0.015,0.025,0.045,0.035,0.015,0.01,0.045,0.0,0.115,0.095,0.015,0.085,0.005,0.025
YKL024C,0.06,0.02,0.075,0.075,0.06,0.065,0.01,0.075,0.085,0.07,0.02,0.03,0.035,0.045,0.06,0.075,0.045,0.075,0.0,0.02
YGR282C,0.13,0.01,0.065,0.045,0.045,0.065,0.005,0.03,0.05,0.075,0.015,0.05,0.015,0.04,0.015,0.11,0.09,0.085,0.015,0.045
YOR027W,0.11,0.01,0.085,0.055,0.025,0.05,0.015,0.035,0.09,0.115,0.035,0.07,0.04,0.06,0.025,0.055,0.055,0.03,0.005,0.035
YOR330C,0.05,0.025,0.045,0.075,0.05,0.055,0.01,0.025,0.075,0.095,0.035,0.02,0.075,0.035,0.065,0.075,0.05,0.075,0.03,0.035
YBR088C,0.045,0.02,0.11,0.08,0.05,0.04,0.01,0.105,0.07,0.115,0.03,0.025,0.025,0.03,0.03,0.09,0.055,0.055,0.0,0.015
YCR088W,0.1,0.005,0.075,0.06,0.035,0.04,0.015,0.06,0.085,0.055,0.01,0.045,0.085,0.03,0.035,0.11,0.06,0.055,0.01,0.03
YKR086W,0.04,0.005,0.075,0.11,0.025,0.03,0.01,0.045,0.12,0.125,0.005,0.06,0.08,0.05,0.04,0.07,0.06,0.025,0.005,0.02
YBR127C,0.055,0.005,0.055,0.065,0.04,0.09,0.005,0.095,0.055,0.065,0.02,0.06,0.065,0.035,0.06,0.06,0.05,0.095,0.0,0.025
YIL021W,0.075,0.03,0.07,0.095,0.025,0.05,0.025,0.075,0.075,0.09,0.025,0.045,0.03,0.035,0.035,0.065,0.045,0.07,0.015,0.025
YER178W,0.105,0.015,0.035,0.055,0.035,0.105,0.02,0.06,0.06,0.09,0.05,0.01,0.04,0.03,0.06,0.07,0.06,0.06,0.0,0.04
YGR193C,0.105,0.01,0.07,0.065,0.01,0.05,0.01,0.065,0.115,0.095,0.02,0.035,0.045,0.035,0.01,0.1,0.07,0.065,0.005,0.02
YLR134W,0.105,0.015,0.045,0.06,0.03,0.08,0.025,0.06,0.035,0.12,0.025,0.065,0.04,0.02,0.035,0.06,0.07,0.07,0.005,0.035
YJL034W,0.075,0.005,0.06,0.045,0.045,0.07,0.015,0.065,0.08,0.085,0.02,0.07,0.04,0.035,0.03,0.05,0.055,0.12,0.0,0.035
YLR249W,0.155,0.005,0.04,0.08,0.02,0.02,0.025,0.085,0.08,0.075,0.03,0.06,0.04,0.045,0.01,0.07,0.06,0.085,0.01,0.005
YHR166C,0.06,0.005,0.08,0.08,0.05,0.055,0.02,0.055,0.085,0.105,0.025,0.06,0.02,0.05,0.035,0.1,0.045,0.025,0.015,0.03
YCL050C,0.055,0.01,0.065,0.08,0.05,0.045,0.04,0.045,0.085,0.115,0.025,0.045,0.08,0.04,0.015,0.065,0.08,0.03,0.0,0.03
YHR042W,0.11,0.01,0.085,0.065,0.06,0.085,0.005,0.045,0.06,0.09,0.025,0.08,0.015,0.01,0.02,0.06,0.05,0.075,0.005,0.045
YOR176W,0.065,0.01,0.035,0.05,0.045,0.045,0.01,0.075,0.09,0.06,0.025,0.025,0.055,0.055,0.065,0.095,0.08,0.04,0.02,0.055
YCR084C,0.095,0.0,0.025,0.05,0.015,0.015,0.02,0.02,0.035,0.1,0.02,0.05,0.06,0.24,0.035,0.065,0.08,0.055,0.0,0.02
YLR105C,0.03,0.0,0.06,0.085,0.03,0.055,0.03,0.04,0.09,0.125,0.015,0.055,0.035,0.06,0.08,0.045,0.07,0.04,0.02,0.035
YBR110W,0.025,0.015,0.03,0.025,0.055,0.055,0.03,0.12,0.075,0.145,0.025,0.035,0.055,0.02,0.025,0.075,0.025,0.08,0.02,0.065
YDR137W,0.03,0.0,0.055,0.105,0.05,0.065,0.04,0.06,0.09,0.09,0.035,0.05,0.015,0.055,0.035,0.075,0.045,0.065,0.005,0.035
YGR240C,0.085,0.005,0.075,0.065,0.07,0.045,0.015,0.055,0.07,0.095,0.015,0.045,0.025,0.045,0.03,0.115,0.09,0.035,0.005,0.015
YMR205C,0.075,0.005,0.05,0.04,0.025,0.025,0.015,0.035,0.07,0.105,0.02,0.065,0.08,0.03,0.025,0.11,0.115,0.06,0.005,0.045
YBL016W,0.055,0.015,0.055,0.06,0.045,0.04,0.035,0.1,0.065,0.09,0.025,0.05,0.04,0.045,0.05,0.07,0.055,0.06,0.005,0.04
YER056C,0.085,0.01,0.03,0.08,0.07,0.075,0.01,0.07,0.035,0.09,0.035,0.065,0.015,0.03,0.02,0.1,0.045,0.1,0.015,0.02
YNL272C,0.075,0.0,0.075,0.115,0.005,0.0,0.01,0.04,0.1,0.13,0.015,0.075,0.005,0.04,0.05,0.115,0.08,0.045,0.0,0.025
YHL033C,0.125,0.005,0.02,0.045,0.03,0.045,0.01,0.04,0.14,0.085,0.01,0.05,0.075,0.04,0.05,0.04,0.06,0.09,0.005,0.035
YJR060W,0.08,0.0,0.11,0.105,0.0,0.065,0.025,0.035,0.06,0.07,0.02,0.09,0.025,0.065,0.03,0.12,0.06,0.02,0.0,0.02
YPR141C,0.04,0.0,0.02,0.1,0.025,0.03,0.035,0.055,0.125,0.12,0.025,0.095,0.045,0.05,0.05,0.075,0.08,0.015,0.0,0.015
YPL031C,0.04,0.015,0.045,0.06,0.04,0.07,0.02,0.05,0.08,0.135,0.025,0.055,0.025,0.035,0.045,0.07,0.07,0.065,0.015,0.04
YLR233C,0.03,0.025,0.045,0.065,0.07,0.015,0.05,0.085,0.06,0.125,0.035,0.08,0.015,0.035,0.07,0.055,0.05,0.035,0.015,0.04
YDL185W,0.065,0.005,0.055,0.09,0.015,0.105,0.02,0.115,0.055,0.075,0.02,0.02,0.055,0.025,0.045,0.065,0.055,0.065,0.01,0.04
YNL322C,0.105,0.0,0.025,0.015,0.03,0.045,0.01,0.005,0.01,0.075,0.02,0.02,0.035,0.02,0.02,0.17,0.285,0.095,0.01,0.005
YGR233C,0.065,0.0,0.075,0.065,0.06,0.025,0.03,0.065,0.135,0.15,0.005,0.06,0.015,0.045,0.04,0.055,0.035,0.02,0.005,0.05
YKL085W,0.1,0.0,0.055,0.03,0.025,0.08,0.015,0.065,0.065,0.1,0.015,0.065,0.065,0.015,0.045,0.065,0.075,0.105,0.0,0.015
YNL079C,0.05025125628140704,0.0,0.06532663316582915,0.22613065326633167,0.005025125628140704,0.005025125628140704,0.01507537688442211,0.03015075376884422,0.135678391959799,0.1306532663316583,0.005025125628140704,0.07035175879396985,0.0,0.07537688442211055,0.03015075376884422,0.07035175879396985,0.035175879396984924,0.03015075376884422,0.010050251256281407,0.010050251256281407
YNL138W,0.09,0.005,0.065,0.07,0.04,0.045,0.0,0.045,0.07,0.1,0.015,0.055,0.05,0.06,0.035,0.09,0.06,0.055,0.01,0.04
YOR158W,0.055,0.0,0.025,0.08,0.03,0.05,0.025,0.045,0.165,0.13,0.02,0.05,0.045,0.035,0.06,0.08,0.045,0.04,0.0,0.02
YDR138W,0.035,0.005,0.05,0.09,0.065,0.025,0.025,0.09,0.055,0.12,0.02,0.095,0.045,0.015,0.035,0.11,0.04,0.03,0.025,0.025
YGR019W,0.11,0.005,0.07,0.06,0.045,0.065,0.015,0.05,0.075,0.095,0.015,0.04,0.065,0.04,0.035,0.08,0.04,0.035,0.005,0.055
YDR513W,0.06293706293706294,0.013986013986013986,0.03496503496503497,0.07692307692307693,0.04895104895104895,0.04895104895104895,0.013986013986013986,0.09090909090909091,0.0979020979020979,0.1048951048951049,0.02097902097902098,0.055944055944055944,0.03496503496503497,0.04195804195804196,0.013986013986013986,0.06993006993006994,0.06993006993006994,0.07692307692307693,0.0,0.02097902097902098
YPR189W,0.07,0.01,0.065,0.07,0.03,0.03,0.025,0.06,0.09,0.16,0.01,0.06,0.035,0.05,0.03,0.075,0.055,0.035,0.005,0.035
YNL151C,0.04,0.0,0.085,0.045,0.035,0.115,0.01,0.08,0.1,0.085,0.025,0.085,0.045,0.015,0.03,0.085,0.045,0.03,0.0,0.045
YGR167W,0.075,0.0,0.16,0.135,0.06,0.035,0.01,0.04,0.095,0.055,0.005,0.05,0.025,0.06,0.035,0.065,0.045,0.03,0.01,0.01
YNL130C,0.04,0.035,0.04,0.03,0.095,0.07,0.03,0.08,0.02,0.105,0.035,0.025,0.05,0.04,0.03,0.07,0.075,0.035,0.025,0.07
YCL043C,0.13,0.02,0.075,0.065,0.07,0.025,0.02,0.05,0.05,0.065,0.025,0.065,0.045,0.045,0.005,0.08,0.04,0.085,0.01,0.03
YBR085W,0.11,0.005,0.045,0.03,0.08,0.11,0.0,0.06,0.1,0.08,0.03,0.04,0.015,0.04,0.045,0.065,0.045,0.05,0.01,0.04
YBL030C,0.125,0.005,0.045,0.03,0.065,0.095,0.0,0.045,0.1,0.095,0.02,0.04,0.04,0.035,0.045,0.07,0.045,0.055,0.01,0.035
YAL010C,0.035,0.005,0.065,0.03,0.055,0.015,0.02,0.045,0.05,0.11,0.03,0.065,0.035,0.065,0.055,0.145,0.08,0.03,0.01,0.055
YAL009W,0.05,0.01,0.05,0.03,0.075,0.04,0.02,0.085,0.07,0.08,0.015,0.045,0.02,0.04,0.075,0.105,0.065,0.07,0.02,0.035
YBR083W,0.055,0.01,0.065,0.075,0.045,0.04,0.015,0.08,0.105,0.055,0.015,0.075,0.025,0.04,0.035,0.105,0.075,0.045,0.015,0.025
YBR289W,0.065,0.0,0.0,0.01,0.01,0.025,0.02,0.06,0.015,0.085,0.015,0.07,0.14,0.295,0.035,0.055,0.055,0.04,0.0,0.005
YBR080C,0.075,0.01,0.07,0.025,0.075,0.07,0.02,0.085,0.055,0.055,0.02,0.075,0.05,0.05,0.04,0.065,0.07,0.05,0.01,0.03
YJR086W,0.03636363636363636,0.02727272727272727,0.00909090909090909,0.05454545454545454,0.00909090909090909,0.02727272727272727,0.00909090909090909,0.05454545454545454,0.08181818181818182,0.11818181818181818,0.02727272727272727,0.10909090909090909,0.03636363636363636,0.12727272727272726,0.045454545454545456,0.1,0.06363636363636363,0.02727272727272727,0.00909090909090909,0.02727272727272727
YHL025W,0.06,0.005,0.045,0.06,0.035,0.06,0.025,0.055,0.07,0.08,0.035,0.06,0.025,0.08,0.065,0.11,0.05,0.035,0.0,0.045
YGL155W,0.04,0.035,0.075,0.035,0.055,0.055,0.035,0.075,0.055,0.095,0.035,0.04,0.025,0.02,0.06,0.09,0.055,0.065,0.005,0.05
YMR104C,0.045,0.0,0.055,0.065,0.04,0.075,0.055,0.055,0.08,0.075,0.015,0.06,0.05,0.025,0.045,0.17,0.05,0.02,0.01,0.01
YLR229C,0.05759162303664921,0.03664921465968586,0.06282722513089005,0.05759162303664921,0.041884816753926704,0.05235602094240838,0.015706806282722512,0.05235602094240838,0.06806282722513089,0.09424083769633508,0.010471204188481676,0.020942408376963352,0.06806282722513089,0.041884816753926704,0.04712041884816754,0.05235602094240838,0.06282722513089005,0.11518324607329843,0.005235602094240838,0.03664921465968586
YKR039W,0.07,0.0,0.04,0.05,0.045,0.1,0.02,0.09,0.045,0.085,0.03,0.06,0.045,0.025,0.02,0.09,0.085,0.055,0.02,0.025
YDL137W,0.049723756906077346,0.0055248618784530384,0.03867403314917127,0.07734806629834254,0.03867403314917127,0.08287292817679558,0.011049723756906077,0.06629834254143646,0.049723756906077346,0.10497237569060773,0.03314917127071823,0.0718232044198895,0.016574585635359115,0.03314917127071823,0.06629834254143646,0.06629834254143646,0.06077348066298342,0.06629834254143646,0.027624309392265192,0.03314917127071823
YJR047C,0.08280254777070063,0.012738853503184714,0.09554140127388536,0.08280254777070063,0.03821656050955414,0.07643312101910828,0.03184713375796178,0.044585987261146494,0.08280254777070063,0.07643312101910828,0.050955414012738856,0.01910828025477707,0.03821656050955414,0.01910828025477707,0.025477707006369428,0.08280254777070063,0.06369426751592357,0.05732484076433121,0.0,0.01910828025477707
YDR148C,0.12,0.0,0.025,0.12,0.03,0.05,0.005,0.04,0.11,0.055,0.015,0.04,0.06,0.02,0.03,0.12,0.075,0.075,0.0,0.01
YLR071C,0.07,0.005,0.02,0.055,0.03,0.02,0.025,0.045,0.065,0.115,0.045,0.1,0.055,0.065,0.035,0.06,0.105,0.06,0.015,0.01
YLR304C,0.09,0.01,0.065,0.03,0.03,0.075,0.035,0.07,0.06,0.105,0.02,0.05,0.045,0.06,0.055,0.05,0.045,0.065,0.005,0.035
YPL132W,0.1,0.015,0.045,0.045,0.055,0.04,0.01,0.08,0.07,0.09,0.01,0.02,0.055,0.03,0.095,0.07,0.055,0.065,0.01,0.04
YOR326W,0.07,0.005,0.06,0.1,0.025,0.05,0.025,0.06,0.055,0.095,0.025,0.055,0.035,0.055,0.04,0.065,0.05,0.065,0.01,0.055
YPL133C,0.045,0.03,0.05,0.07,0.025,0.045,0.025,0.03,0.05,0.08,0.02,0.085,0.06,0.055,0.05,0.15,0.05,0.06,0.0,0.02
YPL036W,0.135,0.005,0.09,0.09,0.03,0.065,0.01,0.04,0.045,0.07,0.02,0.03,0.03,0.04,0.03,0.14,0.03,0.07,0.005,0.025
YJL085W,0.055,0.0,0.055,0.075,0.035,0.035,0.02,0.1,0.07,0.115,0.015,0.065,0.03,0.085,0.025,0.09,0.05,0.045,0.005,0.03
YOL051W,0.1,0.0,0.03,0.025,0.015,0.02,0.015,0.045,0.065,0.07,0.045,0.145,0.045,0.165,0.045,0.05,0.045,0.06,0.005,0.01
YBR055C,0.085,0.0,0.095,0.08,0.025,0.035,0.005,0.035,0.1,0.08,0.01,0.09,0.055,0.06,0.07,0.06,0.05,0.045,0.005,0.015
YDL030W,0.025,0.005,0.07,0.125,0.045,0.01,0.015,0.08,0.095,0.11,0.015,0.07,0.03,0.065,0.08,0.07,0.03,0.015,0.005,0.04
YGL077C,0.085,0.015,0.035,0.04,0.065,0.095,0.03,0.07,0.04,0.085,0.05,0.025,0.04,0.015,0.03,0.12,0.04,0.06,0.025,0.035
YML007W,0.04,0.0,0.08,0.1,0.03,0.03,0.02,0.025,0.115,0.065,0.015,0.09,0.04,0.065,0.08,0.085,0.055,0.05,0.0,0.015
YLR259C,0.115,0.005,0.025,0.085,0.025,0.085,0.01,0.05,0.09,0.09,0.02,0.035,0.03,0.02,0.06,0.08,0.07,0.1,0.0,0.005
YFR049W,0.08130081300813008,0.016260162601626018,0.008130081300813009,0.07317073170731707,0.04878048780487805,0.04878048780487805,0.04065040650406504,0.06504065040650407,0.08130081300813008,0.06504065040650407,0.032520325203252036,0.04878048780487805,0.08943089430894309,0.008130081300813009,0.04878048780487805,0.08943089430894309,0.04065040650406504,0.08130081300813008,0.008130081300813009,0.024390243902439025
YIL072W,0.025,0.01,0.055,0.065,0.06,0.035,0.0,0.065,0.1,0.135,0.035,0.08,0.035,0.06,0.045,0.07,0.065,0.04,0.005,0.015
YOL001W,0.045,0.025,0.06,0.045,0.045,0.03,0.035,0.09,0.065,0.115,0.015,0.065,0.03,0.025,0.05,0.09,0.08,0.055,0.0,0.035
YPR178W,0.06,0.0,0.065,0.13,0.025,0.025,0.015,0.06,0.05,0.13,0.03,0.055,0.03,0.06,0.08,0.065,0.045,0.06,0.005,0.01
YNL135C,0.02631578947368421,0.008771929824561403,0.06140350877192982,0.043859649122807015,0.043859649122807015,0.14035087719298245,0.008771929824561403,0.07894736842105263,0.06140350877192982,0.07017543859649122,0.008771929824561403,0.043859649122807015,0.08771929824561403,0.02631578947368421,0.03508771929824561,0.06140350877192982,0.06140350877192982,0.09649122807017543,0.008771929824561403,0.02631578947368421
YNR011C,0.045,0.0,0.085,0.115,0.015,0.045,0.01,0.04,0.115,0.065,0.02,0.085,0.025,0.05,0.05,0.09,0.065,0.035,0.005,0.04
YMR243C,0.08,0.005,0.06,0.05,0.035,0.07,0.05,0.1,0.02,0.14,0.02,0.05,0.035,0.025,0.025,0.105,0.03,0.07,0.01,0.02
YOR140W,0.085,0.0,0.075,0.065,0.04,0.11,0.045,0.055,0.08,0.045,0.015,0.07,0.05,0.02,0.015,0.105,0.055,0.04,0.015,0.015
YPR088C,0.075,0.02,0.055,0.055,0.05,0.055,0.0,0.07,0.11,0.08,0.015,0.06,0.015,0.035,0.045,0.075,0.085,0.08,0.0,0.02
YJL140W,0.07,0.005,0.085,0.125,0.035,0.035,0.03,0.03,0.08,0.115,0.015,0.065,0.01,0.06,0.06,0.05,0.075,0.05,0.0,0.005
YBR154C,0.045,0.01,0.04,0.095,0.05,0.035,0.02,0.07,0.08,0.075,0.04,0.04,0.06,0.045,0.075,0.06,0.05,0.075,0.01,0.025
YPR187W,0.05806451612903226,0.0,0.09032258064516129,0.13548387096774195,0.05161290322580645,0.05806451612903226,0.012903225806451613,0.05806451612903226,0.07096774193548387,0.06451612903225806,0.025806451612903226,0.03870967741935484,0.05161290322580645,0.03870967741935484,0.05806451612903226,0.03225806451612903,0.07096774193548387,0.04516129032258064,0.0064516129032258064,0.03225806451612903
YOR224C,0.0821917808219178,0.0136986301369863,0.08904109589041095,0.0547945205479452,0.03424657534246575,0.0410958904109589,0.0,0.0410958904109589,0.03424657534246575,0.1095890410958904,0.02054794520547945,0.0684931506849315,0.03424657534246575,0.0410958904109589,0.06164383561643835,0.0821917808219178,0.06164383561643835,0.06164383561643835,0.00684931506849315,0.06164383561643835
YGL078C,0.065,0.0,0.07,0.115,0.03,0.035,0.02,0.055,0.18,0.07,0.01,0.01,0.055,0.035,0.02,0.09,0.035,0.075,0.005,0.025
YJL033W,0.06,0.005,0.06,0.07,0.035,0.065,0.015,0.09,0.095,0.13,0.015,0.03,0.035,0.04,0.05,0.06,0.075,0.045,0.005,0.02
YOR046C,0.085,0.005,0.06,0.09,0.02,0.025,0.005,0.05,0.11,0.105,0.025,0.03,0.075,0.055,0.03,0.1,0.065,0.05,0.0,0.015
YJR007W,0.05,0.02,0.06,0.1,0.025,0.035,0.015,0.1,0.095,0.08,0.02,0.025,0.03,0.03,0.065,0.08,0.025,0.08,0.01,0.055
YKL021C,0.07,0.015,0.06,0.035,0.025,0.045,0.055,0.075,0.07,0.095,0.02,0.06,0.025,0.03,0.06,0.11,0.05,0.06,0.02,0.02
YLR133W,0.055,0.0,0.07,0.05,0.01,0.04,0.005,0.085,0.055,0.1,0.015,0.05,0.04,0.055,0.08,0.135,0.045,0.065,0.005,0.04
YDL047W,0.03,0.04,0.06,0.08,0.045,0.075,0.025,0.06,0.05,0.115,0.03,0.025,0.04,0.05,0.04,0.045,0.06,0.07,0.015,0.045
YPL218W,0.08421052631578947,0.005263157894736842,0.06315789473684211,0.06315789473684211,0.06315789473684211,0.07894736842105263,0.021052631578947368,0.05263157894736842,0.042105263157894736,0.1368421052631579,0.021052631578947368,0.05263157894736842,0.03684210526315789,0.031578947368421054,0.05263157894736842,0.03684210526315789,0.04736842105263158,0.06315789473684211,0.031578947368421054,0.015789473684210527
YOR098C,0.015,0.01,0.025,0.055,0.03,0.05,0.02,0.05,0.075,0.095,0.015,0.08,0.06,0.035,0.08,0.175,0.07,0.045,0.0,0.015
YLR396C,0.025,0.01,0.075,0.045,0.04,0.015,0.02,0.04,0.045,0.17,0.02,0.08,0.065,0.065,0.03,0.085,0.065,0.055,0.02,0.03
YJR004C,0.08,0.01,0.055,0.05,0.085,0.06,0.015,0.06,0.035,0.09,0.025,0.065,0.025,0.035,0.015,0.12,0.09,0.03,0.01,0.045
YIL125W,0.07,0.01,0.05,0.03,0.04,0.07,0.025,0.05,0.075,0.095,0.025,0.055,0.065,0.035,0.04,0.105,0.065,0.05,0.01,0.035
YGL055W,0.06,0.01,0.045,0.06,0.045,0.08,0.045,0.055,0.07,0.095,0.03,0.055,0.035,0.02,0.03,0.09,0.04,0.065,0.04,0.03
YJR094C,0.035,0.01,0.08,0.075,0.085,0.03,0.035,0.065,0.06,0.055,0.015,0.08,0.045,0.075,0.025,0.12,0.08,0.005,0.005,0.02
YLR131C,0.01,0.0,0.115,0.055,0.02,0.06,0.035,0.06,0.06,0.105,0.025,0.12,0.055,0.045,0.025,0.085,0.04,0.04,0.01,0.035
YOR362C,0.085,0.01,0.04,0.05,0.035,0.105,0.03,0.06,0.08,0.07,0.01,0.04,0.045,0.035,0.045,0.07,0.045,0.095,0.005,0.045
YGL011C,0.11,0.015,0.05,0.055,0.03,0.06,0.015,0.07,0.07,0.055,0.025,0.045,0.05,0.035,0.05,0.06,0.07,0.065,0.005,0.065
YER168C,0.055,0.01,0.055,0.065,0.035,0.055,0.035,0.05,0.09,0.12,0.02,0.08,0.035,0.04,0.04,0.045,0.08,0.045,0.005,0.04
YBR237W,0.035,0.0,0.105,0.12,0.04,0.03,0.015,0.045,0.17,0.055,0.02,0.05,0.02,0.045,0.065,0.09,0.045,0.04,0.005,0.005
YJR050W,0.05,0.005,0.05,0.095,0.025,0.04,0.025,0.045,0.115,0.07,0.02,0.08,0.025,0.055,0.07,0.07,0.035,0.055,0.03,0.04
YJR051W,0.045,0.0,0.06,0.03,0.025,0.07,0.02,0.08,0.085,0.13,0.025,0.03,0.035,0.04,0.05,0.115,0.06,0.085,0.005,0.01
YER070W,0.085,0.01,0.065,0.05,0.03,0.045,0.03,0.075,0.065,0.08,0.03,0.04,0.03,0.035,0.065,0.045,0.07,0.075,0.0,0.075
YBR049C,0.075,0.0,0.155,0.055,0.005,0.03,0.055,0.02,0.055,0.035,0.02,0.195,0.01,0.055,0.02,0.105,0.02,0.07,0.005,0.015
YPL215W,0.06,0.01,0.04,0.07,0.06,0.03,0.025,0.03,0.09,0.105,0.025,0.03,0.055,0.05,0.065,0.08,0.04,0.055,0.015,0.065
YKR001C,0.025,0.0,0.08,0.07,0.02,0.08,0.025,0.08,0.085,0.1,0.005,0.06,0.065,0.05,0.045,0.075,0.05,0.07,0.005,0.01
YPL172C,0.06,0.025,0.03,0.025,0.025,0.055,0.03,0.065,0.07,0.095,0.04,0.07,0.05,0.035,0.05,0.09,0.095,0.05,0.0,0.04
YJR021C,0.05,0.01,0.05,0.105,0.02,0.035,0.025,0.045,0.095,0.11,0.03,0.065,0.005,0.045,0.04,0.13,0.065,0.06,0.005,0.01
YIL066C,0.065,0.005,0.065,0.05,0.03,0.045,0.035,0.08,0.055,0.085,0.03,0.045,0.03,0.03,0.065,0.06,0.085,0.075,0.005,0.06
YKR101W,0.015,0.02,0.06,0.05,0.03,0.035,0.02,0.065,0.105,0.155,0.015,0.055,0.04,0.025,0.085,0.05,0.03,0.08,0.025,0.04
YDR337W,0.105,0.01,0.04,0.095,0.04,0.04,0.01,0.07,0.095,0.085,0.035,0.055,0.03,0.025,0.085,0.075,0.035,0.065,0.0,0.005
YLL041C,0.055,0.06,0.06,0.04,0.03,0.04,0.015,0.05,0.08,0.11,0.025,0.04,0.055,0.06,0.05,0.065,0.065,0.04,0.015,0.045
YPL094C,0.09,0.01,0.025,0.05,0.05,0.06,0.025,0.08,0.07,0.095,0.02,0.04,0.05,0.05,0.06,0.075,0.025,0.065,0.01,0.05
YIR031C,0.055,0.0,0.08,0.06,0.04,0.03,0.015,0.08,0.045,0.1,0.025,0.06,0.065,0.035,0.065,0.07,0.085,0.04,0.015,0.035
YGL097W,0.095,0.025,0.08,0.07,0.03,0.085,0.03,0.035,0.065,0.085,0.035,0.055,0.045,0.02,0.04,0.075,0.045,0.05,0.02,0.015
YNL262W,0.04,0.01,0.07,0.05,0.05,0.09,0.01,0.045,0.065,0.095,0.03,0.09,0.02,0.045,0.035,0.1,0.05,0.055,0.005,0.045
YDL066W,0.065,0.005,0.07,0.045,0.02,0.06,0.015,0.09,0.1,0.08,0.03,0.015,0.07,0.025,0.06,0.06,0.065,0.065,0.015,0.045
YHL020C,0.045,0.015,0.12,0.1,0.015,0.035,0.02,0.04,0.095,0.105,0.015,0.06,0.025,0.05,0.045,0.095,0.05,0.05,0.0,0.02
YDL090C,0.075,0.01,0.08,0.05,0.03,0.06,0.015,0.075,0.075,0.1,0.035,0.03,0.05,0.035,0.06,0.07,0.045,0.05,0.025,0.03
YOR290C,0.065,0.005,0.015,0.055,0.025,0.045,0.035,0.035,0.015,0.075,0.04,0.155,0.075,0.125,0.04,0.12,0.03,0.03,0.005,0.01
YDR530C,0.055,0.02,0.095,0.065,0.05,0.035,0.04,0.02,0.1,0.105,0.02,0.055,0.065,0.05,0.01,0.065,0.055,0.065,0.005,0.025
YOL126C,0.065,0.015,0.045,0.04,0.015,0.07,0.035,0.105,0.035,0.105,0.02,0.065,0.05,0.04,0.04,0.115,0.04,0.09,0.0,0.01
YGL206C,0.055,0.0,0.055,0.045,0.065,0.06,0.02,0.08,0.045,0.095,0.025,0.08,0.025,0.045,0.05,0.08,0.08,0.08,0.015,0.0
YPR010C,0.035,0.01,0.045,0.09,0.035,0.09,0.015,0.05,0.075,0.1,0.02,0.065,0.06,0.035,0.05,0.1,0.02,0.075,0.005,0.025
YOR210W,0.014285714285714285,0.05714285714285714,0.07142857142857142,0.08571428571428572,0.02857142857142857,0.05714285714285714,0.014285714285714285,0.04285714285714286,0.07142857142857142,0.15714285714285714,0.02857142857142857,0.02857142857142857,0.02857142857142857,0.014285714285714285,0.1,0.04285714285714286,0.02857142857142857,0.07142857142857142,0.014285714285714285,0.04285714285714286
YHR123W,0.035,0.015,0.04,0.04,0.09,0.065,0.035,0.08,0.025,0.1,0.025,0.045,0.04,0.03,0.025,0.09,0.07,0.055,0.025,0.07
YER012W,0.050505050505050504,0.005050505050505051,0.08585858585858586,0.05555555555555555,0.03535353535353535,0.06565656565656566,0.020202020202020204,0.0707070707070707,0.0707070707070707,0.09595959595959595,0.025252525252525252,0.015151515151515152,0.03535353535353535,0.06565656565656566,0.05555555555555555,0.07575757575757576,0.04040404040404041,0.07575757575757576,0.0,0.05555555555555555
YMR307W,0.125,0.01,0.08,0.025,0.055,0.04,0.005,0.055,0.05,0.055,0.01,0.095,0.03,0.015,0.035,0.075,0.085,0.085,0.005,0.065
YGL173C,0.05,0.01,0.065,0.075,0.065,0.05,0.04,0.1,0.09,0.055,0.04,0.06,0.045,0.045,0.055,0.04,0.055,0.025,0.01,0.025
YOL116W,0.06,0.0,0.045,0.065,0.035,0.045,0.03,0.04,0.025,0.09,0.02,0.13,0.04,0.085,0.035,0.12,0.075,0.045,0.0,0.015
YGL071W,0.07,0.005,0.065,0.065,0.03,0.04,0.055,0.06,0.08,0.05,0.01,0.075,0.075,0.035,0.035,0.12,0.05,0.055,0.005,0.02
YER103W,0.105,0.005,0.075,0.06,0.045,0.07,0.02,0.065,0.085,0.05,0.02,0.06,0.04,0.03,0.035,0.035,0.09,0.08,0.0,0.03
YOR332W,0.08,0.0,0.06,0.115,0.015,0.03,0.0,0.095,0.115,0.1,0.03,0.075,0.02,0.045,0.04,0.07,0.035,0.055,0.0,0.02
YGR092W,0.02,0.01,0.065,0.05,0.04,0.055,0.015,0.03,0.085,0.075,0.035,0.06,0.065,0.075,0.07,0.09,0.05,0.06,0.005,0.045
YNL183C,0.06,0.0,0.045,0.03,0.03,0.05,0.025,0.03,0.02,0.07,0.005,0.085,0.035,0.035,0.06,0.27,0.095,0.03,0.005,0.02
YDR189W,0.05,0.005,0.09,0.06,0.035,0.015,0.005,0.125,0.07,0.115,0.015,0.07,0.035,0.04,0.025,0.085,0.07,0.055,0.005,0.03
YLR268W,0.035,0.01,0.065,0.065,0.05,0.025,0.01,0.06,0.09,0.095,0.03,0.055,0.04,0.06,0.035,0.11,0.04,0.065,0.0,0.06
YPL153C,0.03,0.02,0.05,0.05,0.04,0.065,0.01,0.105,0.075,0.09,0.01,0.08,0.02,0.075,0.04,0.1,0.07,0.055,0.01,0.005
YLR043C,0.1553398058252427,0.019417475728155338,0.06796116504854369,0.05825242718446602,0.05825242718446602,0.038834951456310676,0.0,0.04854368932038835,0.0970873786407767,0.05825242718446602,0.038834951456310676,0.038834951456310676,0.04854368932038835,0.05825242718446602,0.0,0.038834951456310676,0.038834951456310676,0.0970873786407767,0.009708737864077669,0.02912621359223301
YBR097W,0.055,0.015,0.05,0.045,0.06,0.03,0.025,0.085,0.065,0.135,0.01,0.06,0.05,0.05,0.05,0.065,0.035,0.055,0.01,0.05
YGL233W,0.045,0.005,0.08,0.085,0.04,0.025,0.005,0.07,0.075,0.135,0.02,0.07,0.025,0.08,0.03,0.095,0.04,0.06,0.01,0.005
YOR207C,0.045,0.015,0.09,0.05,0.03,0.04,0.035,0.075,0.12,0.1,0.03,0.035,0.045,0.025,0.045,0.045,0.05,0.07,0.005,0.05
YGR183C,0.10606060606060606,0.0,0.10606060606060606,0.030303030303030304,0.12121212121212122,0.07575757575757576,0.015151515151515152,0.045454545454545456,0.09090909090909091,0.030303030303030304,0.015151515151515152,0.045454545454545456,0.0,0.015151515151515152,0.030303030303030304,0.06060606060606061,0.07575757575757576,0.07575757575757576,0.030303030303030304,0.030303030303030304
YAR007C,0.065,0.0,0.065,0.05,0.04,0.04,0.02,0.065,0.055,0.065,0.03,0.11,0.035,0.06,0.06,0.09,0.05,0.06,0.005,0.035
YKL210W,0.05,0.005,0.085,0.07,0.045,0.08,0.005,0.04,0.05,0.115,0.03,0.04,0.03,0.04,0.03,0.085,0.075,0.11,0.0,0.015
YPL008W,0.02,0.015,0.1,0.09,0.015,0.035,0.02,0.05,0.105,0.09,0.03,0.05,0.035,0.025,0.055,0.085,0.08,0.04,0.01,0.05
YLR240W,0.0,0.015,0.055,0.055,0.06,0.03,0.015,0.08,0.08,0.13,0.01,0.07,0.06,0.045,0.06,0.075,0.06,0.045,0.025,0.03
YOL004W,0.105,0.005,0.05,0.06,0.015,0.045,0.04,0.025,0.045,0.06,0.015,0.075,0.115,0.07,0.035,0.14,0.045,0.035,0.005,0.015
YJR017C,0.041176470588235294,0.011764705882352941,0.07647058823529412,0.07647058823529412,0.03529411764705882,0.06470588235294118,0.047058823529411764,0.041176470588235294,0.08823529411764706,0.06470588235294118,0.011764705882352941,0.023529411764705882,0.047058823529411764,0.029411764705882353,0.08235294117647059,0.10588235294117647,0.058823529411764705,0.058823529411764705,0.01764705882352941,0.01764705882352941
YOL058W,0.115,0.035,0.08,0.065,0.055,0.07,0.01,0.05,0.08,0.075,0.015,0.02,0.04,0.045,0.03,0.04,0.04,0.085,0.015,0.035
YGR209C,0.14423076923076922,0.019230769230769232,0.0673076923076923,0.057692307692307696,0.04807692307692308,0.04807692307692308,0.0,0.04807692307692308,0.08653846153846154,0.04807692307692308,0.038461538461538464,0.019230769230769232,0.038461538461538464,0.038461538461538464,0.009615384615384616,0.08653846153846154,0.038461538461538464,0.11538461538461539,0.009615384615384616,0.038461538461538464
YIL004C,0.056338028169014086,0.0,0.06338028169014084,0.035211267605633804,0.056338028169014086,0.09859154929577464,0.007042253521126761,0.056338028169014086,0.04929577464788732,0.09154929577464789,0.056338028169014086,0.04225352112676056,0.007042253521126761,0.056338028169014086,0.056338028169014086,0.1267605633802817,0.07042253521126761,0.035211267605633804,0.02112676056338028,0.014084507042253521
YGL156W,0.02,0.01,0.08,0.065,0.07,0.075,0.025,0.07,0.075,0.055,0.01,0.05,0.07,0.035,0.045,0.085,0.04,0.05,0.035,0.035
YKL114C,0.065,0.025,0.045,0.05,0.05,0.08,0.025,0.05,0.085,0.085,0.03,0.07,0.04,0.035,0.025,0.085,0.055,0.055,0.005,0.04
YHL022C,0.045,0.02,0.04,0.035,0.045,0.035,0.04,0.065,0.1,0.125,0.015,0.075,0.06,0.06,0.045,0.065,0.05,0.055,0.005,0.02
YLL021W,0.06,0.0,0.08,0.085,0.04,0.025,0.02,0.03,0.07,0.085,0.02,0.05,0.06,0.06,0.07,0.115,0.05,0.055,0.005,0.02
YNL229C,0.04,0.0,0.03,0.055,0.055,0.06,0.035,0.045,0.025,0.075,0.02,0.205,0.03,0.06,0.04,0.095,0.045,0.055,0.005,0.025
YCR042C,0.045,0.015,0.055,0.065,0.05,0.02,0.025,0.11,0.06,0.08,0.02,0.06,0.05,0.04,0.035,0.11,0.09,0.04,0.0,0.03
YHR057C,0.035,0.015,0.08,0.05,0.07,0.11,0.025,0.06,0.085,0.06,0.02,0.045,0.02,0.03,0.03,0.055,0.075,0.095,0.02,0.02
YHR135C,0.07,0.005,0.055,0.04,0.04,0.075,0.03,0.08,0.055,0.085,0.025,0.085,0.05,0.035,0.035,0.065,0.065,0.065,0.005,0.035
YNL154C,0.04,0.005,0.05,0.045,0.03,0.085,0.03,0.065,0.045,0.1,0.025,0.08,0.055,0.045,0.04,0.09,0.06,0.07,0.005,0.035
YPR161C,0.05,0.015,0.045,0.055,0.03,0.045,0.04,0.095,0.105,0.085,0.045,0.065,0.035,0.035,0.045,0.055,0.055,0.055,0.0,0.045
YEL034W,0.08280254777070063,0.012738853503184714,0.10191082802547771,0.07643312101910828,0.03821656050955414,0.07006369426751592,0.03184713375796178,0.050955414012738856,0.08280254777070063,0.07006369426751592,0.050955414012738856,0.025477707006369428,0.03184713375796178,0.01910828025477707,0.025477707006369428,0.08280254777070063,0.07006369426751592,0.06369426751592357,0.0,0.012738853503184714
YDR243C,0.035,0.0,0.06,0.095,0.03,0.045,0.015,0.07,0.11,0.075,0.015,0.075,0.055,0.03,0.065,0.095,0.055,0.035,0.025,0.015
YNL240C,0.05,0.04,0.04,0.06,0.035,0.05,0.015,0.05,0.09,0.12,0.03,0.04,0.04,0.06,0.015,0.115,0.05,0.07,0.005,0.025
YLR027C,0.09,0.005,0.055,0.04,0.055,0.07,0.03,0.06,0.065,0.1,0.01,0.06,0.055,0.045,0.02,0.085,0.06,0.04,0.02,0.035
YMR011W,0.05,0.025,0.035,0.035,0.055,0.12,0.01,0.105,0.035,0.065,0.03,0.015,0.03,0.045,0.045,0.085,0.08,0.075,0.015,0.045
YGR116W,0.045,0.0,0.155,0.205,0.03,0.065,0.01,0.03,0.065,0.05,0.01,0.06,0.015,0.01,0.085,0.09,0.03,0.04,0.0,0.005
YGR135W,0.1,0.0,0.07,0.05,0.015,0.075,0.015,0.075,0.055,0.095,0.02,0.035,0.02,0.04,0.05,0.075,0.085,0.05,0.005,0.07
YML092C,0.08,0.0,0.045,0.055,0.035,0.085,0.015,0.05,0.08,0.1,0.02,0.015,0.045,0.025,0.03,0.11,0.075,0.08,0.01,0.045
YML115C,0.015,0.005,0.075,0.07,0.05,0.065,0.015,0.075,0.065,0.11,0.025,0.065,0.035,0.03,0.045,0.13,0.04,0.035,0.0,0.05
YDR495C,0.035,0.015,0.085,0.125,0.025,0.035,0.025,0.05,0.095,0.08,0.01,0.085,0.045,0.025,0.025,0.095,0.095,0.03,0.0,0.02
YMR203W,0.08,0.005,0.05,0.035,0.075,0.05,0.015,0.035,0.055,0.09,0.015,0.08,0.055,0.065,0.02,0.13,0.055,0.06,0.005,0.025
YBL041W,0.09,0.01,0.07,0.055,0.055,0.09,0.025,0.065,0.065,0.055,0.015,0.075,0.04,0.025,0.035,0.07,0.035,0.06,0.005,0.06
YLR300W,0.055,0.01,0.085,0.05,0.05,0.075,0.025,0.045,0.035,0.115,0.005,0.055,0.045,0.05,0.04,0.09,0.04,0.05,0.025,0.055
YBR037C,0.06,0.015,0.04,0.055,0.065,0.1,0.01,0.04,0.075,0.135,0.01,0.05,0.06,0.025,0.06,0.075,0.05,0.035,0.01,0.03
YLL043W,0.065,0.0,0.07,0.035,0.02,0.06,0.045,0.03,0.025,0.02,0.01,0.16,0.065,0.05,0.065,0.15,0.065,0.03,0.0,0.035
YHR026W,0.095,0.015,0.03,0.02,0.06,0.11,0.01,0.125,0.045,0.115,0.025,0.035,0.01,0.0,0.015,0.095,0.055,0.08,0.015,0.045
YKL197C,0.05,0.005,0.055,0.06,0.03,0.05,0.045,0.09,0.05,0.085,0.015,0.065,0.04,0.03,0.045,0.07,0.075,0.095,0.01,0.035
YEL032W,0.085,0.0,0.12,0.045,0.06,0.05,0.025,0.045,0.045,0.09,0.01,0.04,0.05,0.02,0.065,0.105,0.055,0.06,0.01,0.02
YMR079W,0.07,0.02,0.065,0.1,0.04,0.04,0.02,0.035,0.07,0.105,0.03,0.03,0.045,0.04,0.055,0.065,0.045,0.055,0.01,0.06
YKL149C,0.035,0.01,0.06,0.03,0.045,0.075,0.05,0.12,0.07,0.085,0.03,0.07,0.05,0.035,0.05,0.05,0.02,0.04,0.03,0.045
YER013W,0.03,0.005,0.055,0.09,0.045,0.045,0.005,0.115,0.1,0.08,0.02,0.06,0.045,0.055,0.015,0.09,0.035,0.09,0.0,0.02
YPR175W,0.055,0.0,0.055,0.08,0.05,0.055,0.02,0.055,0.075,0.07,0.025,0.055,0.065,0.08,0.055,0.085,0.02,0.055,0.02,0.025
YNL112W,0.05,0.01,0.065,0.065,0.04,0.12,0.015,0.05,0.05,0.06,0.02,0.065,0.075,0.045,0.065,0.055,0.05,0.045,0.01,0.045
YPL119C,0.045,0.005,0.065,0.045,0.05,0.12,0.02,0.04,0.085,0.055,0.015,0.08,0.08,0.025,0.05,0.1,0.04,0.045,0.005,0.03
YDR423C,0.075,0.005,0.06,0.075,0.015,0.05,0.005,0.035,0.105,0.085,0.03,0.07,0.04,0.065,0.08,0.08,0.065,0.035,0.015,0.01
YJR090C,0.02,0.0,0.065,0.065,0.035,0.03,0.02,0.065,0.045,0.11,0.015,0.19,0.06,0.07,0.065,0.05,0.055,0.035,0.005,0.0
YNL289W,0.045,0.02,0.06,0.03,0.025,0.025,0.025,0.065,0.05,0.165,0.035,0.05,0.07,0.025,0.075,0.07,0.095,0.03,0.01,0.03
YOL022C,0.06,0.03,0.095,0.055,0.05,0.05,0.01,0.05,0.075,0.08,0.025,0.08,0.065,0.04,0.025,0.125,0.02,0.045,0.005,0.015
YPR065W,0.03,0.0,0.025,0.06,0.02,0.02,0.035,0.055,0.11,0.1,0.015,0.07,0.075,0.12,0.045,0.115,0.03,0.03,0.015,0.03
YOR157C,0.115,0.01,0.045,0.035,0.025,0.095,0.045,0.065,0.05,0.09,0.015,0.045,0.025,0.045,0.025,0.095,0.07,0.06,0.015,0.03
YDL230W,0.045,0.015,0.065,0.045,0.025,0.06,0.015,0.06,0.055,0.05,0.025,0.075,0.06,0.045,0.07,0.045,0.065,0.085,0.03,0.065
YMR296C,0.055,0.005,0.04,0.06,0.03,0.045,0.025,0.085,0.06,0.085,0.015,0.055,0.08,0.06,0.015,0.06,0.075,0.07,0.015,0.065
YBL093C,0.05,0.005,0.08,0.035,0.04,0.07,0.005,0.045,0.055,0.065,0.02,0.075,0.06,0.1,0.05,0.105,0.05,0.035,0.01,0.045
YML008C,0.095,0.015,0.075,0.075,0.055,0.08,0.03,0.035,0.08,0.055,0.025,0.055,0.005,0.035,0.06,0.055,0.045,0.045,0.01,0.07
YKR048C,0.04,0.005,0.045,0.125,0.025,0.05,0.005,0.065,0.08,0.11,0.015,0.06,0.07,0.09,0.025,0.075,0.035,0.055,0.01,0.015
YNL007C,0.07,0.0,0.045,0.07,0.075,0.215,0.015,0.02,0.065,0.05,0.035,0.025,0.075,0.025,0.02,0.105,0.025,0.03,0.0,0.035
YML123C,0.06,0.005,0.045,0.045,0.05,0.105,0.04,0.11,0.03,0.075,0.045,0.03,0.025,0.025,0.04,0.075,0.08,0.07,0.015,0.03
YMR061W,0.05,0.015,0.05,0.095,0.06,0.025,0.01,0.05,0.07,0.11,0.02,0.06,0.045,0.06,0.05,0.07,0.045,0.04,0.025,0.05
YGL044C,0.045,0.01,0.04,0.05,0.045,0.075,0.005,0.045,0.045,0.075,0.03,0.14,0.055,0.085,0.035,0.105,0.025,0.055,0.005,0.03
YCR038C,0.075,0.015,0.055,0.025,0.035,0.015,0.03,0.085,0.055,0.11,0.02,0.06,0.025,0.06,0.07,0.065,0.045,0.09,0.015,0.05
YDR004W,0.04,0.025,0.055,0.09,0.045,0.07,0.01,0.06,0.04,0.135,0.025,0.045,0.04,0.05,0.035,0.08,0.065,0.05,0.0,0.04
YMR214W,0.065,0.02,0.07,0.06,0.045,0.145,0.03,0.07,0.08,0.09,0.02,0.02,0.05,0.065,0.035,0.055,0.01,0.03,0.0,0.04
YCR092C,0.06,0.02,0.085,0.085,0.04,0.045,0.025,0.04,0.12,0.06,0.015,0.045,0.03,0.03,0.045,0.095,0.07,0.075,0.0,0.015
YGL012W,0.035,0.015,0.02,0.05,0.08,0.075,0.03,0.09,0.07,0.12,0.035,0.03,0.045,0.04,0.015,0.035,0.065,0.05,0.04,0.06
YCR002C,0.045,0.0,0.065,0.07,0.05,0.05,0.025,0.09,0.06,0.105,0.015,0.045,0.035,0.045,0.055,0.065,0.09,0.065,0.005,0.02
YCR009C,0.085,0.005,0.08,0.08,0.035,0.045,0.01,0.05,0.12,0.09,0.01,0.04,0.03,0.045,0.055,0.055,0.045,0.07,0.005,0.045
YCR098C,0.09,0.01,0.03,0.05,0.04,0.09,0.005,0.075,0.065,0.06,0.045,0.06,0.025,0.005,0.04,0.085,0.09,0.085,0.01,0.04
YCR003W,0.0273224043715847,0.02185792349726776,0.0546448087431694,0.04918032786885246,0.02185792349726776,0.060109289617486336,0.04918032786885246,0.0546448087431694,0.14207650273224043,0.1092896174863388,0.01639344262295082,0.03825136612021858,0.04918032786885246,0.06557377049180328,0.060109289617486336,0.04371584699453552,0.04918032786885246,0.03825136612021858,0.01639344262295082,0.03278688524590164
YCR004C,0.115,0.005,0.035,0.07,0.04,0.115,0.02,0.06,0.075,0.09,0.01,0.02,0.05,0.025,0.02,0.065,0.07,0.055,0.02,0.04
YCR026C,0.03,0.0,0.09,0.06,0.095,0.055,0.035,0.07,0.05,0.1,0.015,0.06,0.055,0.01,0.055,0.075,0.05,0.04,0.02,0.035
YCR033W,0.045,0.0,0.04,0.02,0.025,0.04,0.02,0.02,0.035,0.02,0.02,0.085,0.12,0.005,0.085,0.215,0.105,0.045,0.0,0.055
YCR034W,0.045,0.01,0.02,0.035,0.085,0.045,0.04,0.065,0.035,0.17,0.02,0.035,0.055,0.04,0.025,0.05,0.085,0.07,0.01,0.06
YCR035C,0.065,0.01,0.065,0.12,0.025,0.055,0.02,0.095,0.055,0.095,0.01,0.045,0.04,0.01,0.05,0.075,0.075,0.065,0.0,0.025
YCR037C,0.035,0.0,0.085,0.09,0.065,0.05,0.02,0.05,0.1,0.08,0.01,0.065,0.035,0.025,0.05,0.105,0.07,0.025,0.005,0.035
YCR065W,0.05,0.015,0.04,0.08,0.03,0.045,0.04,0.065,0.09,0.085,0.02,0.05,0.055,0.04,0.06,0.1,0.065,0.025,0.015,0.03
YCL031C,0.065,0.015,0.06,0.075,0.065,0.025,0.05,0.04,0.075,0.11,0.03,0.07,0.04,0.03,0.02,0.08,0.055,0.05,0.01,0.035
YCL034W,0.07,0.005,0.065,0.045,0.025,0.065,0.015,0.055,0.055,0.105,0.02,0.065,0.015,0.055,0.08,0.105,0.06,0.03,0.005,0.06
YCR083W,0.05511811023622047,0.031496062992125984,0.06299212598425197,0.03937007874015748,0.047244094488188976,0.047244094488188976,0.007874015748031496,0.07874015748031496,0.10236220472440945,0.09448818897637795,0.047244094488188976,0.031496062992125984,0.06299212598425197,0.03937007874015748,0.03937007874015748,0.03937007874015748,0.07086614173228346,0.06299212598425197,0.007874015748031496,0.031496062992125984
YCL035C,0.07272727272727272,0.01818181818181818,0.045454545454545456,0.10909090909090909,0.01818181818181818,0.05454545454545454,0.02727272727272727,0.08181818181818182,0.07272727272727272,0.12727272727272726,0.01818181818181818,0.07272727272727272,0.03636363636363636,0.045454545454545456,0.02727272727272727,0.02727272727272727,0.045454545454545456,0.06363636363636363,0.0,0.03636363636363636
YCL017C,0.125,0.01,0.04,0.035,0.03,0.05,0.035,0.04,0.06,0.05,0.03,0.05,0.05,0.025,0.055,0.08,0.125,0.06,0.005,0.045
YCL057W,0.035,0.005,0.055,0.065,0.06,0.025,0.015,0.075,0.08,0.09,0.025,0.085,0.05,0.03,0.035,0.135,0.035,0.055,0.015,0.03
YCL025C,0.075,0.01,0.055,0.06,0.035,0.105,0.03,0.06,0.04,0.09,0.025,0.055,0.035,0.05,0.03,0.11,0.06,0.035,0.0,0.04
YCR027C,0.06,0.02,0.055,0.075,0.035,0.065,0.01,0.08,0.065,0.11,0.02,0.045,0.02,0.03,0.055,0.075,0.08,0.065,0.005,0.03
YCR072C,0.065,0.02,0.065,0.035,0.02,0.065,0.02,0.065,0.07,0.08,0.015,0.04,0.08,0.04,0.03,0.095,0.09,0.065,0.015,0.025
YCL019W,0.055,0.005,0.04,0.045,0.02,0.025,0.055,0.025,0.03,0.05,0.03,0.075,0.13,0.095,0.02,0.125,0.065,0.055,0.01,0.045
YLR078C,0.07,0.0,0.045,0.075,0.04,0.07,0.02,0.035,0.075,0.09,0.025,0.095,0.02,0.085,0.035,0.095,0.05,0.045,0.0,0.03
YDL058W,0.05,0.005,0.08,0.06,0.025,0.035,0.02,0.095,0.045,0.14,0.03,0.02,0.04,0.065,0.06,0.09,0.055,0.05,0.015,0.02
YCL024W,0.07,0.015,0.045,0.07,0.03,0.07,0.045,0.08,0.045,0.115,0.015,0.075,0.045,0.02,0.03,0.075,0.055,0.055,0.01,0.035
YDL150W,0.07,0.0,0.07,0.115,0.035,0.1,0.01,0.025,0.13,0.055,0.02,0.075,0.02,0.02,0.06,0.13,0.015,0.04,0.005,0.005
YGL123W,0.075,0.005,0.02,0.045,0.02,0.125,0.015,0.075,0.08,0.075,0.01,0.03,0.06,0.055,0.08,0.045,0.07,0.095,0.01,0.01
YER094C,0.07,0.02,0.06,0.07,0.06,0.09,0.01,0.07,0.06,0.095,0.02,0.035,0.035,0.02,0.035,0.08,0.05,0.075,0.005,0.04
YER179W,0.05,0.02,0.04,0.085,0.02,0.095,0.015,0.08,0.065,0.085,0.03,0.03,0.02,0.055,0.045,0.08,0.085,0.07,0.0,0.03
YER095W,0.095,0.01,0.055,0.1,0.025,0.115,0.02,0.04,0.045,0.105,0.03,0.035,0.02,0.055,0.03,0.085,0.06,0.06,0.0,0.015
YNL064C,0.08,0.035,0.07,0.075,0.055,0.14,0.015,0.06,0.11,0.045,0.015,0.015,0.045,0.045,0.05,0.04,0.04,0.035,0.0,0.03
YKL015W,0.065,0.03,0.085,0.05,0.01,0.04,0.025,0.045,0.085,0.06,0.01,0.11,0.05,0.06,0.055,0.11,0.035,0.045,0.0,0.03
YEL027W,0.11875,0.0375,0.01875,0.0125,0.05,0.1375,0.0,0.1,0.01875,0.1375,0.01875,0.0125,0.03125,0.0375,0.025,0.0625,0.0375,0.10625,0.0,0.0375
YCL010C,0.04,0.01,0.06,0.1,0.025,0.07,0.015,0.03,0.07,0.09,0.025,0.08,0.055,0.04,0.055,0.065,0.04,0.08,0.015,0.035
YCL011C,0.02,0.005,0.105,0.055,0.05,0.125,0.015,0.025,0.03,0.045,0.025,0.06,0.04,0.025,0.17,0.085,0.04,0.045,0.005,0.03
YCL039W,0.05,0.015,0.03,0.05,0.045,0.03,0.045,0.07,0.05,0.15,0.02,0.06,0.045,0.06,0.025,0.095,0.075,0.04,0.015,0.03
YCL044C,0.035,0.005,0.075,0.02,0.06,0.055,0.025,0.06,0.075,0.13,0.015,0.045,0.085,0.02,0.06,0.075,0.065,0.045,0.02,0.03
YCL045C,0.035,0.02,0.08,0.055,0.055,0.025,0.025,0.055,0.035,0.125,0.015,0.085,0.04,0.05,0.025,0.095,0.05,0.08,0.025,0.025
YCL047C,0.05,0.025,0.06,0.05,0.08,0.04,0.035,0.045,0.09,0.14,0.025,0.025,0.045,0.055,0.03,0.085,0.03,0.06,0.0,0.03
YCL054W,0.065,0.025,0.045,0.04,0.045,0.055,0.01,0.06,0.11,0.08,0.02,0.045,0.04,0.05,0.04,0.065,0.055,0.095,0.02,0.035
YCL055W,0.03,0.01,0.05,0.045,0.065,0.04,0.035,0.085,0.085,0.085,0.015,0.09,0.065,0.07,0.03,0.06,0.055,0.04,0.015,0.03
YCL059C,0.055,0.02,0.075,0.06,0.04,0.04,0.02,0.07,0.1,0.085,0.03,0.05,0.045,0.025,0.06,0.04,0.065,0.08,0.015,0.025
YCL005W,0.045,0.025,0.035,0.02,0.075,0.05,0.025,0.095,0.03,0.1,0.03,0.05,0.075,0.04,0.035,0.07,0.07,0.085,0.02,0.025
YCL061C,0.05,0.0,0.065,0.065,0.02,0.065,0.015,0.05,0.08,0.08,0.005,0.1,0.065,0.06,0.035,0.09,0.09,0.05,0.0,0.015
YCL063W,0.04,0.02,0.055,0.07,0.015,0.015,0.01,0.055,0.055,0.11,0.015,0.055,0.065,0.105,0.09,0.11,0.06,0.035,0.005,0.015
YCL008C,0.035,0.005,0.045,0.035,0.03,0.035,0.035,0.075,0.035,0.105,0.035,0.055,0.165,0.055,0.02,0.095,0.05,0.05,0.02,0.02
YCL009C,0.085,0.02,0.04,0.055,0.01,0.04,0.035,0.045,0.02,0.11,0.025,0.04,0.045,0.05,0.08,0.11,0.065,0.095,0.005,0.025
YCR010C,0.105,0.01,0.05,0.05,0.07,0.12,0.015,0.055,0.025,0.1,0.015,0.07,0.045,0.025,0.015,0.06,0.05,0.045,0.02,0.055
YCR014C,0.04,0.015,0.095,0.055,0.055,0.045,0.005,0.085,0.12,0.08,0.015,0.06,0.02,0.06,0.03,0.11,0.05,0.05,0.005,0.005
YCR017C,0.08,0.015,0.045,0.015,0.08,0.05,0.04,0.12,0.025,0.1,0.02,0.02,0.04,0.025,0.03,0.07,0.08,0.05,0.025,0.07
YCR030C,0.05,0.0,0.05,0.11,0.03,0.005,0.015,0.055,0.08,0.12,0.015,0.08,0.015,0.055,0.06,0.095,0.07,0.035,0.015,0.045
YCR047C,0.075,0.02,0.075,0.05,0.045,0.085,0.015,0.055,0.06,0.115,0.03,0.035,0.045,0.05,0.035,0.085,0.04,0.04,0.01,0.035
YCR052W,0.04,0.0,0.1,0.08,0.015,0.045,0.015,0.03,0.07,0.105,0.025,0.07,0.07,0.02,0.055,0.08,0.085,0.045,0.01,0.04
YCR057C,0.065,0.005,0.075,0.03,0.095,0.055,0.035,0.055,0.075,0.085,0.01,0.065,0.02,0.035,0.06,0.09,0.055,0.06,0.015,0.015
YCR059C,0.07,0.01,0.1,0.1,0.045,0.035,0.035,0.04,0.045,0.08,0.035,0.01,0.05,0.055,0.025,0.075,0.065,0.08,0.01,0.035
YCR060W,0.08108108108108109,0.018018018018018018,0.02702702702702703,0.08108108108108109,0.018018018018018018,0.07207207207207207,0.018018018018018018,0.04504504504504504,0.05405405405405406,0.09009009009009009,0.02702702702702703,0.02702702702702703,0.036036036036036036,0.12612612612612611,0.04504504504504504,0.06306306306306306,0.036036036036036036,0.07207207207207207,0.0,0.06306306306306306
YCR068W,0.065,0.01,0.06,0.08,0.04,0.055,0.03,0.05,0.035,0.095,0.045,0.025,0.05,0.035,0.065,0.07,0.08,0.045,0.015,0.05
YCR071C,0.0547945205479452,0.0273972602739726,0.02054794520547945,0.0547945205479452,0.03424657534246575,0.0684931506849315,0.00684931506849315,0.10273972602739725,0.11643835616438356,0.0547945205479452,0.02054794520547945,0.0684931506849315,0.04794520547945205,0.03424657534246575,0.0547945205479452,0.0684931506849315,0.0547945205479452,0.0684931506849315,0.00684931506849315,0.03424657534246575
YCR077C,0.1,0.0,0.05,0.055,0.05,0.115,0.02,0.015,0.01,0.055,0.05,0.045,0.145,0.1,0.025,0.08,0.04,0.02,0.005,0.02
YCR079W,0.055,0.03,0.065,0.045,0.05,0.09,0.015,0.04,0.085,0.135,0.03,0.065,0.03,0.045,0.055,0.065,0.02,0.02,0.015,0.045
YCR081W,0.05,0.015,0.045,0.05,0.045,0.04,0.055,0.085,0.085,0.08,0.01,0.05,0.065,0.045,0.045,0.09,0.055,0.04,0.02,0.03
YCR086W,0.042105263157894736,0.005263157894736842,0.06842105263157895,0.08421052631578947,0.031578947368421054,0.031578947368421054,0.010526315789473684,0.042105263157894736,0.10526315789473684,0.11578947368421053,0.010526315789473684,0.05263157894736842,0.021052631578947368,0.07894736842105263,0.015789473684210527,0.10526315789473684,0.05263157894736842,0.06842105263157895,0.005263157894736842,0.05263157894736842
YCR089W,0.055,0.0,0.03,0.055,0.06,0.01,0.015,0.045,0.01,0.07,0.005,0.025,0.045,0.03,0.01,0.325,0.115,0.055,0.005,0.035
YCR093W,0.04,0.0,0.07,0.08,0.055,0.015,0.02,0.075,0.065,0.175,0.01,0.075,0.01,0.05,0.055,0.09,0.075,0.02,0.005,0.015
YCR094W,0.04,0.025,0.055,0.05,0.055,0.035,0.015,0.1,0.105,0.07,0.01,0.045,0.075,0.055,0.04,0.075,0.065,0.035,0.01,0.04
YDL127W,0.06,0.015,0.045,0.055,0.03,0.015,0.02,0.095,0.085,0.12,0.02,0.055,0.04,0.025,0.05,0.1,0.085,0.04,0.01,0.035
YDL126C,0.055,0.01,0.105,0.075,0.03,0.06,0.02,0.085,0.07,0.085,0.02,0.05,0.045,0.01,0.075,0.02,0.05,0.11,0.005,0.02
YML078W,0.06593406593406594,0.01098901098901099,0.04945054945054945,0.06043956043956044,0.07692307692307693,0.12087912087912088,0.016483516483516484,0.07142857142857142,0.08791208791208792,0.04945054945054945,0.02197802197802198,0.04945054945054945,0.04395604395604396,0.02197802197802198,0.038461538461538464,0.06043956043956044,0.054945054945054944,0.06593406593406594,0.01098901098901099,0.02197802197802198
YFL002C,0.055,0.01,0.06,0.055,0.05,0.05,0.015,0.055,0.065,0.115,0.04,0.03,0.055,0.03,0.055,0.08,0.07,0.095,0.01,0.005
YHR120W,0.055,0.01,0.055,0.05,0.06,0.03,0.025,0.05,0.08,0.09,0.02,0.055,0.05,0.04,0.065,0.105,0.06,0.055,0.0,0.045
YOL090W,0.04,0.02,0.07,0.05,0.03,0.05,0.01,0.075,0.09,0.115,0.02,0.055,0.03,0.04,0.015,0.08,0.055,0.095,0.01,0.05
YDL200C,0.047872340425531915,0.02127659574468085,0.026595744680851064,0.09042553191489362,0.05319148936170213,0.06914893617021277,0.02127659574468085,0.03723404255319149,0.10106382978723404,0.13829787234042554,0.015957446808510637,0.06382978723404255,0.026595744680851064,0.026595744680851064,0.0425531914893617,0.05319148936170213,0.05851063829787234,0.05851063829787234,0.010638297872340425,0.03723404255319149
YGR087C,0.085,0.0,0.05,0.06,0.035,0.085,0.025,0.065,0.045,0.135,0.015,0.055,0.045,0.02,0.035,0.07,0.065,0.075,0.005,0.03
YGL116W,0.085,0.005,0.05,0.04,0.03,0.035,0.01,0.065,0.075,0.065,0.01,0.06,0.07,0.045,0.065,0.17,0.05,0.045,0.005,0.02
YPL131W,0.08,0.005,0.05,0.075,0.05,0.08,0.02,0.05,0.06,0.085,0.005,0.02,0.04,0.035,0.085,0.05,0.085,0.055,0.01,0.06
YER170W,0.06,0.0,0.06,0.065,0.015,0.06,0.015,0.055,0.075,0.17,0.01,0.025,0.065,0.045,0.06,0.07,0.075,0.04,0.01,0.025
YDL170W,0.065,0.035,0.055,0.04,0.02,0.025,0.035,0.08,0.105,0.1,0.025,0.06,0.03,0.045,0.055,0.105,0.025,0.035,0.005,0.055
YMR055C,0.04,0.025,0.04,0.035,0.03,0.03,0.005,0.06,0.05,0.15,0.025,0.045,0.06,0.075,0.065,0.1,0.08,0.03,0.01,0.045
YOR026W,0.04,0.025,0.085,0.035,0.025,0.06,0.005,0.11,0.07,0.105,0.015,0.08,0.03,0.055,0.03,0.07,0.045,0.065,0.015,0.035
YNL312W,0.05,0.01,0.05,0.075,0.045,0.1,0.035,0.065,0.06,0.05,0.015,0.07,0.03,0.06,0.02,0.09,0.06,0.08,0.005,0.03
YJL173C,0.040983606557377046,0.02459016393442623,0.04918032786885246,0.09016393442622951,0.040983606557377046,0.03278688524590164,0.0,0.09016393442622951,0.05737704918032787,0.09016393442622951,0.02459016393442623,0.08196721311475409,0.04918032786885246,0.040983606557377046,0.040983606557377046,0.09016393442622951,0.04918032786885246,0.07377049180327869,0.00819672131147541,0.02459016393442623
YJR123W,0.1,0.005,0.045,0.09,0.035,0.045,0.01,0.08,0.05,0.065,0.015,0.06,0.045,0.055,0.075,0.025,0.075,0.11,0.005,0.01
YIL133C,0.12060301507537688,0.0,0.02512562814070352,0.05025125628140704,0.04522613065326633,0.06532663316582915,0.020100502512562814,0.02512562814070352,0.1306532663316583,0.09045226130653267,0.010050251256281407,0.02512562814070352,0.04020100502512563,0.020100502512562814,0.08040201005025126,0.05527638190954774,0.04020100502512563,0.11055276381909548,0.005025125628140704,0.04020100502512563
YNL069C,0.11616161616161616,0.0,0.03535353535353535,0.04040404040404041,0.045454545454545456,0.05555555555555555,0.020202020202020204,0.04040404040404041,0.13131313131313133,0.08585858585858586,0.010101010101010102,0.020202020202020204,0.04040404040404041,0.025252525252525252,0.08585858585858586,0.0707070707070707,0.04040404040404041,0.09090909090909091,0.005050505050505051,0.04040404040404041
YOR096W,0.06842105263157895,0.0,0.03684210526315789,0.07894736842105263,0.04736842105263158,0.03684210526315789,0.021052631578947368,0.06315789473684211,0.1,0.11052631578947368,0.005263157894736842,0.015789473684210527,0.05789473684210526,0.07368421052631578,0.06842105263157895,0.06315789473684211,0.04736842105263158,0.08947368421052632,0.0,0.015789473684210527
YKL113C,0.09,0.015,0.04,0.095,0.035,0.06,0.025,0.06,0.1,0.095,0.04,0.02,0.035,0.035,0.06,0.065,0.06,0.04,0.0,0.03
YBR278W,0.06,0.01,0.085,0.15,0.03,0.02,0.02,0.04,0.09,0.095,0.01,0.05,0.03,0.04,0.035,0.11,0.03,0.085,0.0,0.01
YJR005W,0.07,0.01,0.065,0.07,0.04,0.025,0.035,0.09,0.08,0.12,0.02,0.035,0.03,0.045,0.055,0.07,0.03,0.08,0.005,0.025
YLR258W,0.08,0.005,0.06,0.06,0.04,0.065,0.05,0.055,0.045,0.11,0.015,0.035,0.04,0.03,0.05,0.05,0.055,0.085,0.03,0.04
YGR159C,0.045,0.0,0.06,0.225,0.01,0.025,0.005,0.025,0.13,0.01,0.005,0.02,0.005,0.01,0.015,0.34,0.03,0.03,0.01,0.0
YNR013C,0.06,0.0,0.06,0.04,0.035,0.01,0.03,0.035,0.075,0.1,0.02,0.1,0.035,0.09,0.025,0.14,0.045,0.055,0.005,0.04
YNR012W,0.07,0.01,0.09,0.04,0.025,0.055,0.015,0.09,0.07,0.085,0.015,0.055,0.05,0.0,0.065,0.085,0.04,0.08,0.01,0.05
YJL172W,0.05,0.005,0.06,0.06,0.06,0.045,0.07,0.055,0.08,0.095,0.015,0.04,0.11,0.015,0.03,0.07,0.04,0.055,0.02,0.025
YAR019C,0.07,0.005,0.045,0.06,0.01,0.065,0.03,0.075,0.06,0.12,0.02,0.08,0.01,0.025,0.045,0.09,0.06,0.075,0.005,0.05
YBR067C,0.19,0.0,0.04,0.05,0.025,0.035,0.005,0.045,0.025,0.06,0.01,0.02,0.035,0.025,0.01,0.245,0.085,0.065,0.005,0.025
YOL096C,0.04,0.035,0.065,0.085,0.04,0.045,0.02,0.065,0.075,0.09,0.035,0.04,0.03,0.06,0.065,0.05,0.055,0.075,0.015,0.015
YML010W,0.06,0.0,0.22,0.155,0.01,0.03,0.005,0.015,0.055,0.015,0.01,0.06,0.045,0.045,0.045,0.095,0.09,0.045,0.0,0.0
YGL119W,0.07,0.005,0.025,0.065,0.025,0.055,0.015,0.06,0.115,0.095,0.035,0.055,0.025,0.03,0.065,0.13,0.045,0.055,0.01,0.02
YGL035C,0.065,0.02,0.03,0.04,0.025,0.05,0.055,0.05,0.09,0.05,0.025,0.045,0.11,0.025,0.08,0.135,0.05,0.045,0.0,0.01
YIL160C,0.095,0.02,0.035,0.07,0.035,0.08,0.01,0.07,0.075,0.095,0.025,0.095,0.035,0.025,0.045,0.07,0.03,0.07,0.0,0.02
YLR148W,0.015,0.005,0.05,0.065,0.04,0.05,0.03,0.09,0.09,0.135,0.03,0.06,0.03,0.035,0.04,0.045,0.09,0.05,0.02,0.03
YDR483W,0.1,0.005,0.04,0.095,0.05,0.025,0.005,0.06,0.105,0.085,0.015,0.05,0.05,0.03,0.02,0.105,0.06,0.055,0.015,0.03
YOR099W,0.055,0.005,0.055,0.075,0.065,0.055,0.02,0.04,0.085,0.06,0.025,0.025,0.05,0.015,0.055,0.09,0.045,0.08,0.025,0.075
YAL058W,0.08,0.01,0.04,0.07,0.04,0.07,0.025,0.05,0.06,0.115,0.025,0.06,0.025,0.045,0.02,0.07,0.07,0.06,0.03,0.035
YGR029W,0.05291005291005291,0.031746031746031744,0.06349206349206349,0.07407407407407407,0.031746031746031744,0.07407407407407407,0.015873015873015872,0.037037037037037035,0.10052910052910052,0.07407407407407407,0.026455026455026454,0.0582010582010582,0.0582010582010582,0.042328042328042326,0.05291005291005291,0.06878306878306878,0.042328042328042326,0.031746031746031744,0.031746031746031744,0.031746031746031744
YEL061C,0.04,0.02,0.065,0.065,0.03,0.085,0.005,0.06,0.055,0.075,0.025,0.085,0.03,0.04,0.035,0.09,0.08,0.08,0.0,0.035
YNL137C,0.075,0.0,0.035,0.06,0.055,0.05,0.02,0.025,0.145,0.11,0.015,0.035,0.04,0.05,0.06,0.055,0.05,0.07,0.02,0.03
YGL070C,0.01639344262295082,0.06557377049180328,0.05737704918032787,0.07377049180327869,0.07377049180327869,0.03278688524590164,0.02459016393442623,0.03278688524590164,0.040983606557377046,0.06557377049180328,0.02459016393442623,0.05737704918032787,0.040983606557377046,0.04918032786885246,0.09836065573770492,0.09016393442622951,0.07377049180327869,0.05737704918032787,0.0,0.02459016393442623
YNL113W,0.04225352112676056,0.014084507042253521,0.08450704225352113,0.15492957746478872,0.02112676056338028,0.04225352112676056,0.02112676056338028,0.06338028169014084,0.07746478873239436,0.07042253521126761,0.035211267605633804,0.028169014084507043,0.04225352112676056,0.06338028169014084,0.02112676056338028,0.04929577464788732,0.09154929577464789,0.056338028169014086,0.0,0.02112676056338028
YAL032C,0.085,0.005,0.055,0.06,0.02,0.035,0.025,0.04,0.07,0.08,0.015,0.1,0.075,0.035,0.065,0.075,0.05,0.085,0.01,0.015
YAL033W,0.03468208092485549,0.023121387283236993,0.07514450867052024,0.057803468208092484,0.03468208092485549,0.04046242774566474,0.023121387283236993,0.11560693641618497,0.08092485549132948,0.09826589595375723,0.028901734104046242,0.06936416184971098,0.023121387283236993,0.023121387283236993,0.057803468208092484,0.11560693641618497,0.028901734104046242,0.05202312138728324,0.0,0.017341040462427744
YHR089C,0.04,0.015,0.03,0.035,0.08,0.24,0.005,0.04,0.07,0.04,0.015,0.03,0.065,0.02,0.11,0.08,0.03,0.04,0.0,0.015
YER065C,0.105,0.005,0.075,0.06,0.04,0.05,0.025,0.05,0.085,0.07,0.03,0.03,0.06,0.035,0.045,0.075,0.06,0.05,0.02,0.03
YOR136W,0.06,0.01,0.025,0.06,0.05,0.08,0.01,0.095,0.065,0.065,0.005,0.05,0.065,0.015,0.075,0.075,0.08,0.08,0.005,0.03
YEL012W,0.02,0.005,0.135,0.08,0.025,0.065,0.02,0.065,0.07,0.085,0.035,0.055,0.05,0.03,0.02,0.105,0.03,0.05,0.015,0.04
YKL216W,0.07,0.01,0.045,0.065,0.07,0.055,0.01,0.06,0.06,0.1,0.03,0.095,0.07,0.02,0.02,0.07,0.06,0.045,0.0,0.045
YKL215C,0.035,0.015,0.07,0.075,0.03,0.08,0.01,0.1,0.075,0.09,0.015,0.05,0.05,0.02,0.06,0.065,0.07,0.07,0.0,0.02
YKL096W,0.1,0.0,0.08,0.045,0.05,0.075,0.01,0.05,0.065,0.05,0.01,0.015,0.015,0.015,0.01,0.26,0.065,0.055,0.0,0.03
YKL095W,0.055,0.02,0.06,0.115,0.015,0.025,0.005,0.055,0.125,0.09,0.055,0.065,0.045,0.04,0.07,0.06,0.03,0.03,0.0,0.04
YKL094W,0.045,0.015,0.04,0.05,0.06,0.115,0.04,0.06,0.065,0.09,0.03,0.045,0.055,0.035,0.04,0.045,0.055,0.05,0.01,0.055
YKL007W,0.02,0.005,0.055,0.095,0.045,0.05,0.03,0.11,0.075,0.06,0.005,0.085,0.045,0.03,0.02,0.105,0.03,0.07,0.01,0.055
YKL008C,0.055,0.01,0.04,0.03,0.07,0.05,0.025,0.085,0.07,0.065,0.045,0.04,0.035,0.015,0.075,0.09,0.07,0.06,0.015,0.055
YMR201C,0.07,0.01,0.07,0.075,0.02,0.045,0.02,0.055,0.09,0.075,0.02,0.08,0.065,0.045,0.07,0.075,0.055,0.03,0.005,0.025
YMR150C,0.042105263157894736,0.015789473684210527,0.06315789473684211,0.031578947368421054,0.04736842105263158,0.07894736842105263,0.031578947368421054,0.07368421052631578,0.05263157894736842,0.07894736842105263,0.03684210526315789,0.06842105263157895,0.04736842105263158,0.010526315789473684,0.042105263157894736,0.05789473684210526,0.07368421052631578,0.08421052631578947,0.02631578947368421,0.03684210526315789
YKL116C,0.035,0.005,0.085,0.07,0.025,0.04,0.015,0.045,0.05,0.09,0.025,0.04,0.095,0.045,0.045,0.125,0.075,0.055,0.01,0.025
YGR028W,0.055,0.01,0.06,0.06,0.03,0.06,0.005,0.085,0.065,0.13,0.035,0.03,0.055,0.025,0.035,0.12,0.04,0.055,0.01,0.035
YBL063W,0.06,0.015,0.035,0.055,0.035,0.07,0.03,0.065,0.06,0.07,0.02,0.07,0.035,0.04,0.05,0.12,0.08,0.05,0.0,0.04
YPL155C,0.025,0.005,0.04,0.025,0.045,0.045,0.035,0.07,0.045,0.04,0.02,0.07,0.065,0.02,0.1,0.205,0.08,0.045,0.005,0.015
YDR498C,0.05,0.015,0.09,0.11,0.04,0.01,0.035,0.05,0.095,0.105,0.02,0.04,0.01,0.05,0.045,0.09,0.03,0.065,0.015,0.035
YDR329C,0.03,0.005,0.035,0.07,0.03,0.015,0.01,0.055,0.075,0.15,0.015,0.06,0.02,0.075,0.07,0.09,0.075,0.06,0.03,0.03
YDR036C,0.075,0.01,0.04,0.035,0.08,0.05,0.005,0.055,0.065,0.08,0.045,0.07,0.05,0.03,0.04,0.07,0.12,0.055,0.005,0.02
YNL037C,0.08,0.0,0.045,0.075,0.035,0.07,0.025,0.08,0.1,0.08,0.015,0.045,0.035,0.02,0.065,0.04,0.085,0.075,0.01,0.02
YLR286C,0.1,0.025,0.08,0.05,0.075,0.075,0.005,0.035,0.02,0.13,0.005,0.045,0.03,0.05,0.015,0.1,0.08,0.03,0.01,0.04
YPR086W,0.075,0.04,0.075,0.075,0.025,0.06,0.015,0.055,0.1,0.08,0.035,0.05,0.035,0.015,0.065,0.06,0.06,0.065,0.005,0.01
YGR246C,0.115,0.03,0.04,0.055,0.05,0.055,0.035,0.05,0.07,0.09,0.015,0.05,0.025,0.035,0.045,0.085,0.04,0.085,0.005,0.025
YPL204W,0.025,0.01,0.055,0.05,0.06,0.105,0.045,0.085,0.04,0.085,0.025,0.035,0.025,0.02,0.115,0.08,0.035,0.05,0.005,0.05
YGR133W,0.03825136612021858,0.03278688524590164,0.060109289617486336,0.07103825136612021,0.02185792349726776,0.03278688524590164,0.0273224043715847,0.1092896174863388,0.04371584699453552,0.08196721311475409,0.0273224043715847,0.07103825136612021,0.07650273224043716,0.01639344262295082,0.0546448087431694,0.07650273224043716,0.03825136612021858,0.0546448087431694,0.0273224043715847,0.03825136612021858
YBR200W,0.045,0.01,0.055,0.055,0.045,0.055,0.025,0.05,0.11,0.045,0.015,0.06,0.045,0.015,0.04,0.15,0.06,0.065,0.01,0.045
YLL045C,0.125,0.005,0.02,0.045,0.03,0.045,0.01,0.05,0.145,0.09,0.01,0.05,0.075,0.04,0.045,0.045,0.055,0.075,0.005,0.035
YOR208W,0.025,0.025,0.06,0.035,0.065,0.045,0.015,0.08,0.085,0.105,0.015,0.1,0.05,0.035,0.055,0.095,0.05,0.025,0.0,0.035
YBR023C,0.045,0.01,0.085,0.06,0.04,0.06,0.02,0.025,0.06,0.075,0.03,0.065,0.06,0.045,0.07,0.105,0.055,0.04,0.015,0.035
YKR002W,0.055,0.005,0.075,0.075,0.045,0.065,0.01,0.065,0.075,0.115,0.015,0.035,0.04,0.04,0.055,0.07,0.06,0.085,0.0,0.015
YBL023C,0.035,0.0,0.17,0.13,0.005,0.03,0.01,0.035,0.005,0.08,0.04,0.065,0.055,0.06,0.11,0.08,0.01,0.045,0.005,0.03
YLR274W,0.035,0.01,0.075,0.05,0.04,0.015,0.015,0.115,0.04,0.105,0.02,0.1,0.04,0.035,0.055,0.125,0.06,0.035,0.0,0.03
YDR353W,0.11,0.015,0.04,0.08,0.04,0.09,0.02,0.075,0.065,0.065,0.04,0.025,0.045,0.025,0.04,0.055,0.09,0.05,0.01,0.02
YBR275C,0.03,0.005,0.06,0.035,0.02,0.03,0.035,0.05,0.08,0.075,0.02,0.065,0.095,0.04,0.065,0.17,0.045,0.035,0.01,0.035
YPL048W,0.12,0.005,0.07,0.03,0.05,0.04,0.005,0.06,0.075,0.095,0.02,0.05,0.045,0.045,0.05,0.05,0.055,0.075,0.02,0.04
YKL019W,0.05,0.015,0.08,0.075,0.035,0.005,0.025,0.065,0.055,0.125,0.035,0.055,0.04,0.025,0.05,0.075,0.04,0.045,0.035,0.07
YHR190W,0.06,0.02,0.075,0.07,0.05,0.04,0.045,0.065,0.065,0.165,0.025,0.035,0.03,0.02,0.04,0.04,0.05,0.055,0.005,0.045
YER003C,0.075,0.005,0.07,0.08,0.045,0.05,0.035,0.075,0.095,0.08,0.025,0.05,0.065,0.055,0.025,0.085,0.02,0.03,0.01,0.025
YDR497C,0.08,0.005,0.065,0.04,0.055,0.095,0.025,0.11,0.035,0.07,0.035,0.03,0.025,0.03,0.03,0.11,0.075,0.06,0.005,0.02
YMR137C,0.02,0.03,0.055,0.1,0.02,0.015,0.03,0.075,0.065,0.055,0.01,0.07,0.04,0.02,0.07,0.155,0.1,0.06,0.0,0.01
YOR317W,0.06,0.015,0.05,0.065,0.025,0.055,0.04,0.045,0.105,0.075,0.035,0.045,0.045,0.045,0.03,0.065,0.055,0.08,0.015,0.05
YPR103W,0.095,0.02,0.055,0.045,0.04,0.08,0.015,0.06,0.05,0.08,0.02,0.035,0.04,0.06,0.055,0.075,0.07,0.06,0.015,0.03
YFR050C,0.085,0.0,0.065,0.04,0.025,0.08,0.015,0.065,0.025,0.085,0.035,0.075,0.055,0.035,0.045,0.075,0.055,0.08,0.01,0.05
YPR019W,0.04,0.005,0.055,0.025,0.03,0.06,0.015,0.045,0.005,0.055,0.015,0.08,0.07,0.065,0.095,0.235,0.045,0.04,0.005,0.015
YMR080C,0.055,0.05,0.07,0.055,0.025,0.04,0.03,0.04,0.055,0.085,0.005,0.07,0.045,0.05,0.025,0.115,0.06,0.09,0.02,0.015
YGR218W,0.04,0.015,0.065,0.06,0.065,0.03,0.01,0.085,0.08,0.11,0.03,0.06,0.03,0.1,0.015,0.085,0.035,0.06,0.02,0.005
YKL016C,0.06321839080459771,0.0,0.07471264367816093,0.07471264367816093,0.028735632183908046,0.022988505747126436,0.011494252873563218,0.05172413793103448,0.12643678160919541,0.09195402298850575,0.022988505747126436,0.040229885057471264,0.028735632183908046,0.05172413793103448,0.040229885057471264,0.10344827586206896,0.05747126436781609,0.07471264367816093,0.011494252873563218,0.022988505747126436
YNL117W,0.045,0.0,0.075,0.04,0.04,0.04,0.02,0.065,0.06,0.105,0.025,0.09,0.07,0.03,0.05,0.055,0.065,0.08,0.015,0.03
YAL030W,0.09401709401709402,0.008547008547008548,0.06837606837606838,0.06837606837606838,0.02564102564102564,0.03418803418803419,0.017094017094017096,0.08547008547008547,0.06837606837606838,0.07692307692307693,0.042735042735042736,0.042735042735042736,0.03418803418803419,0.03418803418803419,0.07692307692307693,0.07692307692307693,0.03418803418803419,0.08547008547008547,0.008547008547008548,0.017094017094017096
YDR285W,0.035,0.01,0.09,0.085,0.035,0.04,0.025,0.045,0.075,0.055,0.03,0.08,0.03,0.03,0.04,0.135,0.095,0.05,0.0,0.015
YFL001W,0.055,0.01,0.05,0.07,0.035,0.035,0.02,0.07,0.105,0.075,0.025,0.07,0.04,0.04,0.07,0.075,0.055,0.06,0.01,0.03
YBR114W,0.03,0.0,0.115,0.09,0.02,0.03,0.02,0.045,0.125,0.075,0.01,0.06,0.05,0.035,0.07,0.065,0.09,0.04,0.005,0.025
YAL012W,0.09,0.0,0.05,0.05,0.035,0.06,0.04,0.065,0.05,0.085,0.005,0.065,0.05,0.045,0.02,0.085,0.09,0.08,0.005,0.03
YAL017W,0.045,0.0,0.06,0.08,0.035,0.02,0.03,0.04,0.05,0.11,0.015,0.065,0.105,0.025,0.05,0.155,0.065,0.03,0.0,0.02
YAL011W,0.05,0.01,0.09,0.085,0.02,0.045,0.01,0.04,0.095,0.065,0.025,0.035,0.055,0.035,0.09,0.1,0.055,0.05,0.015,0.03
YAL014C,0.025,0.005,0.1,0.08,0.015,0.02,0.015,0.04,0.06,0.14,0.015,0.055,0.055,0.11,0.04,0.09,0.05,0.06,0.0,0.025
YAL015C,0.045,0.01,0.04,0.08,0.01,0.035,0.01,0.08,0.08,0.095,0.04,0.03,0.07,0.045,0.055,0.08,0.06,0.09,0.015,0.03
YAL019W,0.06,0.0,0.04,0.045,0.04,0.025,0.015,0.03,0.08,0.075,0.005,0.075,0.09,0.05,0.05,0.16,0.075,0.065,0.01,0.01
YAL023C,0.075,0.005,0.04,0.06,0.065,0.06,0.03,0.04,0.045,0.105,0.03,0.04,0.04,0.015,0.04,0.13,0.04,0.065,0.015,0.06
YAL021C,0.085,0.0,0.03,0.0,0.0,0.075,0.03,0.025,0.02,0.11,0.05,0.195,0.07,0.14,0.01,0.06,0.035,0.045,0.005,0.015
YAL013W,0.06,0.005,0.085,0.2,0.01,0.02,0.015,0.035,0.09,0.085,0.03,0.065,0.045,0.06,0.02,0.085,0.055,0.02,0.0,0.015
YAL020C,0.055,0.035,0.09,0.04,0.025,0.125,0.02,0.025,0.025,0.05,0.025,0.045,0.04,0.06,0.065,0.05,0.04,0.135,0.02,0.03
YKL080W,0.08,0.0,0.06,0.065,0.04,0.04,0.01,0.08,0.07,0.105,0.01,0.07,0.045,0.035,0.03,0.085,0.08,0.06,0.01,0.025
YLL026W,0.09,0.0,0.07,0.065,0.035,0.035,0.02,0.095,0.06,0.1,0.01,0.035,0.05,0.11,0.055,0.045,0.055,0.04,0.0,0.03
YDR074W,0.045,0.005,0.065,0.08,0.025,0.04,0.02,0.055,0.08,0.07,0.01,0.07,0.04,0.065,0.045,0.05,0.105,0.045,0.035,0.05
YGL038C,0.04,0.0,0.07,0.005,0.055,0.025,0.02,0.07,0.085,0.13,0.02,0.04,0.065,0.06,0.04,0.105,0.06,0.04,0.02,0.05
YNL073W,0.045,0.02,0.045,0.04,0.04,0.06,0.02,0.06,0.075,0.12,0.025,0.07,0.04,0.035,0.065,0.11,0.03,0.045,0.01,0.045
YNL287W,0.07,0.015,0.05,0.06,0.045,0.025,0.025,0.055,0.05,0.115,0.025,0.055,0.045,0.05,0.05,0.12,0.065,0.045,0.0,0.035
YPR060C,0.05,0.01,0.065,0.08,0.07,0.03,0.02,0.105,0.09,0.07,0.015,0.06,0.065,0.025,0.05,0.08,0.035,0.045,0.005,0.03
YOL064C,0.065,0.02,0.08,0.055,0.055,0.085,0.01,0.075,0.07,0.09,0.005,0.055,0.025,0.04,0.04,0.075,0.05,0.07,0.005,0.03
YNL236W,0.025,0.01,0.03,0.045,0.04,0.055,0.035,0.055,0.055,0.08,0.045,0.08,0.05,0.045,0.03,0.115,0.095,0.045,0.025,0.04
YOR211C,0.07,0.0,0.115,0.05,0.025,0.055,0.035,0.08,0.075,0.08,0.04,0.04,0.04,0.025,0.055,0.1,0.055,0.035,0.0,0.025
YPR035W,0.09,0.015,0.07,0.07,0.03,0.09,0.025,0.065,0.055,0.065,0.02,0.045,0.055,0.04,0.05,0.04,0.035,0.04,0.025,0.075
YBL015W,0.065,0.0,0.05,0.07,0.055,0.08,0.03,0.09,0.08,0.065,0.02,0.05,0.075,0.03,0.04,0.045,0.05,0.065,0.01,0.03
YGR144W,0.09,0.015,0.05,0.05,0.04,0.055,0.025,0.045,0.06,0.09,0.02,0.025,0.045,0.025,0.03,0.105,0.08,0.115,0.015,0.02
YBL017C,0.04,0.02,0.075,0.105,0.055,0.05,0.015,0.085,0.055,0.07,0.01,0.08,0.03,0.02,0.035,0.085,0.08,0.035,0.02,0.035
YNR044W,0.065,0.025,0.01,0.03,0.025,0.02,0.015,0.06,0.01,0.09,0.005,0.02,0.06,0.005,0.005,0.225,0.24,0.065,0.005,0.02
YDR385W,0.075,0.005,0.085,0.07,0.025,0.05,0.015,0.065,0.055,0.075,0.025,0.03,0.01,0.04,0.055,0.08,0.085,0.14,0.0,0.015
YBR218C,0.1,0.0,0.06,0.08,0.035,0.1,0.03,0.085,0.06,0.06,0.025,0.03,0.05,0.01,0.06,0.06,0.03,0.085,0.005,0.035
YLR120C,0.05,0.01,0.075,0.03,0.035,0.105,0.005,0.05,0.055,0.075,0.02,0.045,0.045,0.035,0.04,0.15,0.075,0.065,0.01,0.025
YKL120W,0.085,0.005,0.02,0.045,0.055,0.11,0.01,0.1,0.08,0.075,0.02,0.045,0.03,0.065,0.03,0.08,0.04,0.07,0.005,0.03
YPL082C,0.085,0.0,0.075,0.065,0.005,0.045,0.025,0.04,0.085,0.115,0.035,0.08,0.025,0.05,0.045,0.09,0.045,0.065,0.015,0.01
YGR014W,0.115,0.005,0.045,0.02,0.045,0.025,0.01,0.04,0.0,0.045,0.01,0.045,0.045,0.07,0.005,0.235,0.145,0.055,0.01,0.03
YLR203C,0.055,0.01,0.06,0.045,0.055,0.04,0.055,0.035,0.055,0.095,0.025,0.035,0.085,0.035,0.065,0.075,0.065,0.045,0.015,0.05
YOR373W,0.055,0.0,0.07,0.06,0.05,0.065,0.04,0.03,0.07,0.05,0.025,0.07,0.04,0.045,0.015,0.14,0.09,0.065,0.005,0.015
YMR308C,0.12,0.005,0.045,0.07,0.045,0.015,0.01,0.085,0.05,0.125,0.015,0.045,0.045,0.045,0.045,0.105,0.055,0.055,0.01,0.01
YGR044C,0.06,0.03,0.05,0.08,0.03,0.055,0.045,0.05,0.035,0.08,0.01,0.04,0.055,0.065,0.03,0.13,0.065,0.04,0.01,0.04
YML120C,0.06,0.0,0.035,0.05,0.04,0.065,0.025,0.075,0.075,0.09,0.01,0.065,0.07,0.02,0.025,0.1,0.08,0.065,0.005,0.045
YKL122C,0.059880239520958084,0.0,0.03592814371257485,0.029940119760479042,0.023952095808383235,0.041916167664670656,0.011976047904191617,0.0658682634730539,0.19161676646706588,0.05389221556886228,0.005988023952095809,0.09580838323353294,0.04790419161676647,0.03592814371257485,0.029940119760479042,0.11377245508982035,0.07784431137724551,0.059880239520958084,0.0,0.017964071856287425
YKL124W,0.055,0.005,0.09,0.075,0.075,0.06,0.015,0.07,0.035,0.105,0.04,0.04,0.055,0.025,0.02,0.105,0.04,0.05,0.0,0.04
YLR204W,0.04504504504504504,0.009009009009009009,0.009009009009009009,0.036036036036036036,0.018018018018018018,0.07207207207207207,0.009009009009009009,0.036036036036036036,0.11711711711711711,0.07207207207207207,0.0990990990990991,0.036036036036036036,0.04504504504504504,0.036036036036036036,0.12612612612612611,0.06306306306306306,0.10810810810810811,0.04504504504504504,0.009009009009009009,0.009009009009009009
YDR075W,0.015,0.035,0.085,0.07,0.045,0.075,0.03,0.07,0.04,0.115,0.025,0.04,0.03,0.025,0.06,0.05,0.06,0.075,0.01,0.045
YDR047W,0.065,0.015,0.055,0.075,0.055,0.07,0.015,0.07,0.06,0.095,0.045,0.03,0.07,0.035,0.07,0.025,0.04,0.06,0.02,0.03
YPR190C,0.04,0.01,0.05,0.11,0.01,0.055,0.015,0.065,0.05,0.14,0.035,0.025,0.01,0.04,0.03,0.095,0.075,0.095,0.0,0.05
YMR202W,0.08,0.01,0.045,0.055,0.06,0.09,0.04,0.055,0.035,0.115,0.04,0.04,0.04,0.025,0.01,0.05,0.08,0.055,0.015,0.06
YLR056W,0.06,0.01,0.04,0.04,0.08,0.035,0.025,0.06,0.055,0.145,0.04,0.045,0.035,0.02,0.03,0.085,0.045,0.08,0.02,0.05
YIL150C,0.06,0.0,0.045,0.105,0.055,0.02,0.015,0.06,0.115,0.065,0.025,0.065,0.065,0.07,0.065,0.05,0.05,0.045,0.005,0.02
YDR001C,0.045,0.0,0.055,0.05,0.05,0.06,0.01,0.05,0.065,0.075,0.015,0.08,0.045,0.065,0.085,0.085,0.08,0.045,0.005,0.035
YBL074C,0.035,0.005,0.085,0.08,0.06,0.045,0.04,0.07,0.075,0.035,0.055,0.065,0.04,0.045,0.04,0.065,0.04,0.06,0.01,0.05
YHR079C,0.05,0.01,0.035,0.065,0.025,0.045,0.015,0.09,0.035,0.125,0.015,0.085,0.065,0.03,0.08,0.1,0.045,0.05,0.005,0.03
YPL175W,0.03,0.015,0.04,0.035,0.075,0.06,0.055,0.095,0.04,0.085,0.02,0.055,0.04,0.025,0.055,0.065,0.09,0.09,0.005,0.025
YKL079W,0.02,0.015,0.055,0.09,0.05,0.04,0.03,0.075,0.08,0.095,0.015,0.06,0.055,0.025,0.02,0.11,0.075,0.055,0.005,0.03
YLR447C,0.03,0.015,0.08,0.075,0.05,0.055,0.015,0.07,0.035,0.115,0.025,0.065,0.02,0.03,0.035,0.08,0.08,0.045,0.005,0.075
YBR123C,0.035,0.005,0.075,0.065,0.05,0.04,0.02,0.065,0.095,0.085,0.02,0.06,0.075,0.025,0.03,0.13,0.04,0.07,0.005,0.01
YKL212W,0.08,0.0,0.05,0.065,0.065,0.06,0.03,0.07,0.055,0.08,0.01,0.065,0.03,0.04,0.045,0.05,0.06,0.085,0.01,0.05
YGR253C,0.105,0.01,0.05,0.105,0.035,0.09,0.03,0.055,0.03,0.11,0.02,0.02,0.02,0.02,0.055,0.095,0.055,0.055,0.005,0.035
YDR356W,0.03,0.0,0.085,0.095,0.03,0.03,0.02,0.055,0.115,0.08,0.02,0.085,0.055,0.035,0.07,0.085,0.055,0.04,0.0,0.015
YDL029W,0.055,0.005,0.065,0.065,0.035,0.08,0.02,0.065,0.04,0.095,0.04,0.035,0.06,0.025,0.06,0.065,0.045,0.095,0.01,0.04
YLL048C,0.015,0.01,0.045,0.05,0.065,0.03,0.045,0.085,0.06,0.115,0.005,0.085,0.035,0.035,0.04,0.05,0.075,0.075,0.015,0.065
YDR405W,0.035,0.01,0.04,0.08,0.04,0.045,0.02,0.065,0.1,0.08,0.035,0.055,0.07,0.035,0.065,0.06,0.06,0.05,0.015,0.04
YNL103W,0.06,0.0,0.095,0.055,0.055,0.045,0.04,0.035,0.015,0.07,0.01,0.175,0.045,0.03,0.025,0.12,0.065,0.04,0.005,0.015
YDL078C,0.065,0.005,0.05,0.035,0.02,0.09,0.015,0.08,0.085,0.11,0.03,0.055,0.055,0.02,0.03,0.07,0.06,0.105,0.0,0.02
YLR403W,0.09,0.005,0.04,0.015,0.015,0.045,0.025,0.085,0.025,0.045,0.035,0.125,0.05,0.05,0.035,0.14,0.105,0.03,0.01,0.03
YCR028C-A,0.08148148148148149,0.0,0.05185185185185185,0.07407407407407407,0.05925925925925926,0.05925925925925926,0.014814814814814815,0.044444444444444446,0.07407407407407407,0.06666666666666667,0.022222222222222223,0.08148148148148149,0.014814814814814815,0.044444444444444446,0.05925925925925926,0.07407407407407407,0.07407407407407407,0.05185185185185185,0.007407407407407408,0.044444444444444446
YJL115W,0.03,0.01,0.13,0.155,0.035,0.05,0.015,0.045,0.035,0.085,0.005,0.05,0.065,0.02,0.035,0.065,0.025,0.1,0.01,0.035
YBR249C,0.085,0.005,0.06,0.06,0.03,0.08,0.01,0.075,0.045,0.12,0.025,0.045,0.06,0.04,0.055,0.07,0.055,0.055,0.005,0.02
YKL157W,0.055,0.015,0.04,0.045,0.05,0.04,0.025,0.075,0.08,0.09,0.02,0.055,0.07,0.025,0.05,0.09,0.08,0.07,0.01,0.015
YLR314C,0.025,0.005,0.075,0.13,0.035,0.08,0.025,0.055,0.075,0.06,0.015,0.07,0.03,0.1,0.035,0.07,0.03,0.06,0.005,0.02
YJR076C,0.01,0.015,0.085,0.07,0.03,0.065,0.02,0.115,0.05,0.11,0.015,0.04,0.035,0.035,0.07,0.085,0.07,0.055,0.005,0.02
YKL191W,0.08,0.025,0.06,0.055,0.05,0.03,0.04,0.05,0.04,0.115,0.015,0.05,0.05,0.055,0.015,0.08,0.035,0.095,0.005,0.055
YNL280C,0.04,0.015,0.03,0.035,0.065,0.1,0.005,0.115,0.05,0.14,0.02,0.055,0.035,0.025,0.04,0.05,0.04,0.06,0.025,0.055
YKL192C,0.08,0.008,0.096,0.056,0.04,0.024,0.008,0.088,0.048,0.064,0.024,0.056,0.032,0.04,0.064,0.12,0.04,0.088,0.0,0.024
YHR094C,0.045,0.015,0.03,0.035,0.045,0.12,0.02,0.115,0.04,0.06,0.035,0.045,0.04,0.03,0.035,0.105,0.05,0.09,0.01,0.035
YDR345C,0.055,0.015,0.045,0.03,0.045,0.12,0.005,0.115,0.05,0.06,0.045,0.045,0.035,0.04,0.03,0.085,0.045,0.09,0.01,0.035
YHR092C,0.075,0.015,0.055,0.05,0.045,0.1,0.015,0.12,0.045,0.055,0.035,0.04,0.03,0.025,0.03,0.085,0.045,0.08,0.01,0.045
YHR107C,0.065,0.005,0.055,0.055,0.045,0.055,0.025,0.075,0.06,0.08,0.02,0.05,0.06,0.07,0.07,0.03,0.085,0.07,0.005,0.02
YDR519W,0.05925925925925926,0.014814814814814815,0.05925925925925926,0.05185185185185185,0.05185185185185185,0.1111111111111111,0.007407407407407408,0.08148148148148149,0.05925925925925926,0.08888888888888889,0.02962962962962963,0.007407407407407408,0.05185185185185185,0.014814814814814815,0.037037037037037035,0.0962962962962963,0.02962962962962963,0.1111111111111111,0.007407407407407408,0.02962962962962963
YBR221C,0.13,0.005,0.05,0.045,0.055,0.085,0.015,0.03,0.045,0.075,0.035,0.03,0.05,0.03,0.07,0.08,0.05,0.085,0.005,0.03
YDR518W,0.065,0.02,0.045,0.085,0.055,0.03,0.02,0.075,0.04,0.12,0.015,0.045,0.04,0.05,0.03,0.075,0.065,0.08,0.005,0.04
YGR175C,0.07,0.01,0.08,0.075,0.025,0.09,0.01,0.09,0.07,0.06,0.02,0.065,0.045,0.025,0.055,0.02,0.04,0.115,0.005,0.03
YJL159W,0.21,0.0,0.035,0.005,0.005,0.07,0.0,0.055,0.05,0.03,0.005,0.0,0.03,0.1,0.005,0.125,0.19,0.06,0.005,0.02
YBL008W,0.045,0.02,0.09,0.06,0.035,0.055,0.035,0.065,0.06,0.09,0.02,0.015,0.045,0.03,0.06,0.1,0.05,0.075,0.03,0.02
YOR038C,0.035,0.01,0.075,0.04,0.045,0.065,0.025,0.095,0.07,0.11,0.025,0.05,0.03,0.04,0.035,0.065,0.085,0.055,0.015,0.03
YER025W,0.045,0.03,0.06,0.12,0.03,0.075,0.02,0.075,0.08,0.055,0.005,0.04,0.075,0.05,0.05,0.05,0.055,0.065,0.0,0.02
YLR113W,0.04,0.02,0.055,0.055,0.05,0.045,0.025,0.08,0.055,0.125,0.025,0.04,0.04,0.055,0.06,0.035,0.08,0.06,0.005,0.05
YPR159W,0.04,0.0,0.085,0.035,0.04,0.07,0.035,0.01,0.015,0.085,0.015,0.105,0.075,0.04,0.045,0.2,0.055,0.025,0.0,0.025
YAL029C,0.055,0.005,0.05,0.11,0.045,0.06,0.035,0.055,0.06,0.07,0.03,0.055,0.04,0.03,0.035,0.075,0.06,0.07,0.01,0.05
YDR176W,0.045,0.0,0.075,0.12,0.01,0.06,0.015,0.06,0.1,0.08,0.02,0.075,0.06,0.05,0.06,0.08,0.07,0.02,0.0,0.0
YDL208W,0.08333333333333333,0.00641025641025641,0.04487179487179487,0.08333333333333333,0.02564102564102564,0.057692307692307696,0.019230769230769232,0.04487179487179487,0.1858974358974359,0.057692307692307696,0.01282051282051282,0.04487179487179487,0.057692307692307696,0.01282051282051282,0.02564102564102564,0.07051282051282051,0.02564102564102564,0.12179487179487179,0.0,0.019230769230769232
YMR309C,0.06,0.0,0.115,0.11,0.045,0.03,0.0,0.025,0.08,0.065,0.01,0.065,0.015,0.055,0.025,0.175,0.025,0.055,0.015,0.03
YLR335W,0.09,0.0,0.085,0.065,0.045,0.035,0.0,0.035,0.12,0.055,0.02,0.05,0.065,0.035,0.055,0.11,0.055,0.065,0.0,0.015
YML031W,0.035,0.015,0.02,0.025,0.08,0.045,0.03,0.085,0.045,0.145,0.025,0.05,0.04,0.035,0.04,0.075,0.05,0.1,0.015,0.045
YDR211W,0.055,0.025,0.075,0.045,0.04,0.05,0.03,0.065,0.08,0.1,0.04,0.045,0.045,0.025,0.04,0.075,0.07,0.055,0.01,0.03
YLR291C,0.07,0.005,0.065,0.055,0.03,0.03,0.03,0.09,0.055,0.095,0.025,0.05,0.035,0.06,0.05,0.095,0.08,0.065,0.005,0.01
YGR140W,0.03,0.015,0.06,0.085,0.025,0.01,0.03,0.07,0.085,0.125,0.02,0.075,0.05,0.055,0.02,0.07,0.085,0.04,0.02,0.03
YGL122C,0.1,0.0,0.035,0.05,0.03,0.035,0.0,0.05,0.02,0.065,0.02,0.045,0.095,0.26,0.01,0.06,0.035,0.075,0.0,0.015
YIR006C,0.04,0.0,0.0,0.0,0.025,0.115,0.01,0.015,0.005,0.02,0.045,0.095,0.115,0.285,0.0,0.08,0.06,0.025,0.0,0.065
YLL036C,0.075,0.005,0.04,0.08,0.025,0.02,0.0,0.055,0.09,0.14,0.02,0.055,0.055,0.055,0.045,0.1,0.06,0.045,0.01,0.025
YJL203W,0.035,0.01,0.095,0.105,0.065,0.025,0.025,0.06,0.11,0.06,0.025,0.035,0.035,0.04,0.06,0.055,0.065,0.04,0.01,0.045
YPL269W,0.015,0.015,0.11,0.095,0.055,0.02,0.03,0.08,0.055,0.13,0.03,0.07,0.025,0.035,0.035,0.085,0.05,0.03,0.01,0.025
YGR285C,0.09,0.005,0.095,0.075,0.07,0.035,0.025,0.03,0.08,0.07,0.01,0.025,0.05,0.04,0.055,0.065,0.075,0.065,0.015,0.025
YJR063W,0.064,0.064,0.048,0.056,0.04,0.056,0.008,0.024,0.096,0.088,0.016,0.072,0.032,0.032,0.024,0.096,0.08,0.072,0.0,0.032
YGL207W,0.055,0.0,0.055,0.09,0.055,0.04,0.01,0.07,0.105,0.115,0.015,0.075,0.04,0.025,0.01,0.09,0.035,0.065,0.025,0.025
YNL330C,0.075,0.025,0.075,0.06,0.045,0.085,0.045,0.055,0.06,0.06,0.04,0.035,0.045,0.01,0.055,0.045,0.035,0.07,0.0,0.08
YMR001C,0.05,0.025,0.05,0.055,0.045,0.055,0.05,0.07,0.125,0.09,0.02,0.045,0.045,0.04,0.06,0.065,0.055,0.04,0.0,0.015
YOR270C,0.075,0.0,0.095,0.09,0.045,0.055,0.005,0.065,0.045,0.085,0.025,0.045,0.015,0.055,0.065,0.065,0.04,0.065,0.0,0.065
YGR229C,0.04,0.005,0.08,0.075,0.045,0.055,0.035,0.025,0.04,0.075,0.04,0.09,0.04,0.05,0.025,0.1,0.08,0.06,0.02,0.02
YMR165C,0.025,0.005,0.055,0.1,0.04,0.075,0.01,0.035,0.085,0.07,0.025,0.045,0.07,0.045,0.025,0.125,0.07,0.08,0.005,0.01
YDR011W,0.13,0.01,0.085,0.055,0.045,0.07,0.03,0.065,0.055,0.05,0.03,0.03,0.025,0.03,0.045,0.125,0.065,0.055,0.0,0.0
YER022W,0.025,0.0,0.115,0.11,0.025,0.055,0.025,0.05,0.08,0.09,0.02,0.09,0.055,0.035,0.02,0.095,0.065,0.035,0.0,0.01
YBR253W,0.05785123966942149,0.008264462809917356,0.05785123966942149,0.10743801652892562,0.024793388429752067,0.008264462809917356,0.008264462809917356,0.0743801652892562,0.06611570247933884,0.11570247933884298,0.04132231404958678,0.0743801652892562,0.008264462809917356,0.06611570247933884,0.03305785123966942,0.05785123966942149,0.10743801652892562,0.06611570247933884,0.008264462809917356,0.008264462809917356
YDR069C,0.045,0.02,0.04,0.06,0.02,0.025,0.025,0.15,0.105,0.09,0.025,0.105,0.005,0.04,0.02,0.11,0.06,0.02,0.0,0.035
YNL202W,0.135,0.02,0.055,0.045,0.065,0.1,0.01,0.05,0.095,0.085,0.005,0.05,0.02,0.03,0.03,0.04,0.05,0.1,0.005,0.01
YDR422C,0.06,0.005,0.095,0.045,0.025,0.04,0.07,0.025,0.07,0.075,0.025,0.055,0.06,0.025,0.05,0.15,0.09,0.025,0.0,0.01
YGL169W,0.105,0.0,0.06,0.03,0.035,0.035,0.025,0.085,0.03,0.115,0.01,0.05,0.095,0.015,0.045,0.11,0.08,0.05,0.005,0.02
YPL029W,0.03,0.005,0.065,0.03,0.06,0.005,0.035,0.075,0.11,0.13,0.01,0.075,0.045,0.05,0.02,0.105,0.025,0.06,0.015,0.05
YDR410C,0.045,0.015,0.025,0.045,0.09,0.05,0.055,0.08,0.05,0.15,0.02,0.035,0.035,0.025,0.025,0.08,0.055,0.055,0.015,0.05
YGR104C,0.035,0.01,0.075,0.045,0.025,0.03,0.01,0.075,0.04,0.085,0.03,0.115,0.065,0.035,0.03,0.13,0.07,0.06,0.01,0.025
YNL016W,0.08,0.0,0.075,0.075,0.035,0.055,0.02,0.055,0.04,0.045,0.02,0.105,0.04,0.1,0.015,0.08,0.04,0.085,0.01,0.025
YPL106C,0.085,0.005,0.065,0.06,0.04,0.07,0.02,0.065,0.08,0.055,0.01,0.075,0.045,0.025,0.05,0.05,0.07,0.1,0.005,0.025
YJL176C,0.075,0.0,0.1,0.15,0.01,0.045,0.005,0.03,0.05,0.02,0.02,0.125,0.045,0.065,0.01,0.09,0.085,0.075,0.0,0.0
YIL126W,0.09,0.0,0.085,0.085,0.025,0.025,0.01,0.07,0.09,0.105,0.015,0.055,0.045,0.045,0.04,0.075,0.08,0.03,0.0,0.03
YER133W,0.03,0.04,0.075,0.07,0.05,0.065,0.015,0.105,0.055,0.115,0.02,0.045,0.055,0.035,0.065,0.045,0.02,0.035,0.005,0.055
YKL203C,0.05,0.0,0.05,0.06,0.04,0.055,0.035,0.06,0.055,0.115,0.015,0.075,0.03,0.025,0.06,0.125,0.095,0.035,0.0,0.02
YBL050W,0.11,0.025,0.075,0.075,0.05,0.07,0.01,0.045,0.095,0.095,0.015,0.05,0.01,0.04,0.035,0.09,0.015,0.035,0.01,0.05
YBR119W,0.05,0.005,0.04,0.065,0.03,0.025,0.015,0.05,0.13,0.135,0.035,0.065,0.035,0.045,0.095,0.07,0.05,0.035,0.0,0.025
YOL067C,0.06779661016949153,0.005649717514124294,0.06779661016949153,0.05649717514124294,0.022598870056497175,0.10734463276836158,0.005649717514124294,0.05649717514124294,0.06779661016949153,0.07344632768361582,0.011299435028248588,0.07344632768361582,0.04519774011299435,0.04519774011299435,0.05084745762711865,0.096045197740113,0.06779661016949153,0.04519774011299435,0.0,0.03389830508474576
YDR323C,0.03,0.055,0.065,0.04,0.035,0.055,0.035,0.045,0.095,0.11,0.015,0.11,0.025,0.025,0.075,0.065,0.03,0.045,0.01,0.035
YEL051W,0.075,0.0,0.04,0.09,0.04,0.06,0.005,0.07,0.06,0.08,0.025,0.045,0.015,0.06,0.09,0.065,0.07,0.075,0.0,0.035
YEL047C,0.085,0.01,0.055,0.07,0.03,0.085,0.03,0.065,0.09,0.105,0.015,0.06,0.035,0.015,0.02,0.1,0.035,0.08,0.005,0.01
YEL044W,0.08433734939759036,0.006024096385542169,0.030120481927710843,0.04819277108433735,0.03614457831325301,0.060240963855421686,0.018072289156626505,0.04216867469879518,0.09036144578313253,0.07228915662650602,0.012048192771084338,0.10843373493975904,0.05421686746987952,0.018072289156626505,0.08433734939759036,0.10843373493975904,0.03614457831325301,0.04819277108433735,0.0,0.04216867469879518
YEL042W,0.09,0.015,0.07,0.045,0.035,0.045,0.015,0.075,0.065,0.09,0.025,0.03,0.08,0.02,0.035,0.1,0.065,0.065,0.0,0.035
YEL040W,0.075,0.05,0.06,0.05,0.045,0.07,0.01,0.04,0.04,0.075,0.015,0.06,0.025,0.02,0.02,0.115,0.075,0.08,0.02,0.055
YEL037C,0.08,0.01,0.03,0.125,0.025,0.045,0.0,0.04,0.07,0.06,0.025,0.035,0.075,0.065,0.045,0.09,0.105,0.06,0.0,0.015
YEL036C,0.035,0.005,0.055,0.02,0.09,0.065,0.025,0.045,0.05,0.11,0.03,0.065,0.045,0.06,0.055,0.09,0.05,0.055,0.015,0.035
YER172C,0.03,0.005,0.075,0.1,0.02,0.045,0.03,0.09,0.11,0.07,0.03,0.085,0.03,0.05,0.04,0.065,0.05,0.04,0.005,0.03
YER173W,0.03,0.015,0.055,0.055,0.04,0.04,0.02,0.055,0.08,0.115,0.02,0.06,0.055,0.04,0.065,0.13,0.05,0.045,0.01,0.02
YER175C,0.06,0.01,0.1,0.065,0.06,0.065,0.015,0.06,0.07,0.065,0.035,0.02,0.06,0.035,0.04,0.1,0.04,0.035,0.015,0.05
YER176W,0.035,0.065,0.05,0.1,0.04,0.065,0.015,0.045,0.115,0.06,0.02,0.055,0.015,0.04,0.08,0.08,0.045,0.035,0.005,0.035
YER164W,0.04,0.0,0.13,0.15,0.025,0.035,0.025,0.045,0.085,0.045,0.01,0.06,0.035,0.045,0.055,0.105,0.045,0.03,0.0,0.035
YER166W,0.035,0.0,0.11,0.07,0.065,0.065,0.03,0.04,0.075,0.025,0.04,0.095,0.08,0.025,0.055,0.055,0.085,0.015,0.005,0.03
YGL016W,0.035,0.005,0.035,0.055,0.04,0.025,0.025,0.075,0.05,0.14,0.025,0.115,0.025,0.085,0.01,0.1,0.055,0.05,0.01,0.04
YAR050W,0.085,0.035,0.04,0.015,0.055,0.105,0.005,0.045,0.035,0.06,0.035,0.045,0.055,0.045,0.01,0.11,0.105,0.035,0.015,0.065
YKR084C,0.07,0.0,0.11,0.07,0.035,0.045,0.02,0.025,0.09,0.115,0.02,0.065,0.05,0.045,0.03,0.065,0.05,0.045,0.01,0.04
YDL168W,0.12,0.05,0.065,0.05,0.03,0.105,0.03,0.05,0.075,0.05,0.015,0.015,0.045,0.01,0.015,0.045,0.09,0.11,0.0,0.03
YOR194C,0.04,0.0,0.055,0.145,0.025,0.045,0.005,0.08,0.065,0.045,0.005,0.165,0.025,0.04,0.015,0.06,0.1,0.07,0.01,0.005
YKL058W,0.05737704918032787,0.02459016393442623,0.09836065573770492,0.04918032786885246,0.02459016393442623,0.05737704918032787,0.00819672131147541,0.04918032786885246,0.06557377049180328,0.08196721311475409,0.01639344262295082,0.04918032786885246,0.00819672131147541,0.03278688524590164,0.04918032786885246,0.10655737704918032,0.07377049180327869,0.10655737704918032,0.00819672131147541,0.03278688524590164
YDR311W,0.055,0.0,0.06,0.07,0.02,0.04,0.025,0.06,0.095,0.09,0.04,0.055,0.045,0.045,0.045,0.095,0.08,0.065,0.005,0.01
YBR236C,0.055,0.005,0.06,0.075,0.015,0.07,0.015,0.095,0.09,0.065,0.02,0.055,0.035,0.05,0.08,0.095,0.04,0.04,0.005,0.035
YBL011W,0.07,0.01,0.04,0.045,0.065,0.06,0.02,0.08,0.08,0.065,0.025,0.025,0.07,0.045,0.04,0.095,0.065,0.065,0.005,0.03
YBL007C,0.12,0.0,0.09,0.105,0.035,0.035,0.01,0.035,0.045,0.065,0.02,0.035,0.1,0.05,0.03,0.05,0.045,0.075,0.015,0.04
YLR214W,0.085,0.04,0.02,0.035,0.045,0.025,0.01,0.055,0.08,0.095,0.03,0.07,0.015,0.03,0.03,0.12,0.06,0.065,0.02,0.07
YHR016C,0.13,0.005,0.02,0.045,0.055,0.125,0.0,0.055,0.07,0.07,0.02,0.035,0.035,0.01,0.055,0.11,0.04,0.1,0.005,0.015
YLR397C,0.065,0.015,0.075,0.055,0.02,0.07,0.02,0.075,0.085,0.085,0.025,0.045,0.055,0.03,0.02,0.115,0.055,0.075,0.0,0.015
YPR024W,0.105,0.005,0.03,0.05,0.025,0.035,0.015,0.035,0.07,0.08,0.025,0.065,0.07,0.055,0.045,0.145,0.05,0.055,0.005,0.035
YML042W,0.05,0.015,0.06,0.055,0.05,0.015,0.03,0.065,0.08,0.085,0.025,0.065,0.075,0.06,0.045,0.07,0.05,0.04,0.015,0.05
YDL220C,0.025,0.03,0.075,0.075,0.05,0.03,0.025,0.075,0.065,0.125,0.01,0.05,0.04,0.025,0.05,0.13,0.05,0.045,0.0,0.025
YOR316C,0.075,0.005,0.055,0.045,0.045,0.07,0.07,0.105,0.03,0.105,0.035,0.06,0.035,0.015,0.015,0.075,0.055,0.075,0.01,0.02
YGL191W,0.10077519379844961,0.007751937984496124,0.06201550387596899,0.06976744186046512,0.06201550387596899,0.023255813953488372,0.05426356589147287,0.031007751937984496,0.09302325581395349,0.05426356589147287,0.031007751937984496,0.046511627906976744,0.07751937984496124,0.015503875968992248,0.046511627906976744,0.05426356589147287,0.03875968992248062,0.06976744186046512,0.03875968992248062,0.023255813953488372
YJL210W,0.085,0.025,0.02,0.05,0.07,0.055,0.03,0.03,0.04,0.13,0.02,0.065,0.02,0.03,0.055,0.075,0.055,0.065,0.03,0.05
YLR083C,0.045,0.015,0.065,0.065,0.07,0.07,0.02,0.045,0.07,0.085,0.02,0.07,0.05,0.045,0.025,0.045,0.06,0.065,0.005,0.065
YGL200C,0.05,0.015,0.06,0.06,0.085,0.05,0.03,0.06,0.045,0.08,0.005,0.05,0.025,0.035,0.065,0.085,0.075,0.075,0.01,0.04
YMR284W,0.03,0.015,0.085,0.095,0.075,0.05,0.005,0.065,0.055,0.13,0.03,0.04,0.025,0.045,0.06,0.07,0.055,0.03,0.0,0.04
YDL013W,0.04,0.0,0.11,0.08,0.03,0.06,0.015,0.06,0.01,0.06,0.005,0.095,0.06,0.025,0.115,0.08,0.09,0.05,0.0,0.015
YMR224C,0.03,0.02,0.1,0.045,0.055,0.065,0.035,0.055,0.065,0.1,0.03,0.065,0.055,0.02,0.025,0.06,0.06,0.08,0.005,0.03
YBR091C,0.045871559633027525,0.05504587155963303,0.05504587155963303,0.07339449541284404,0.07339449541284404,0.08256880733944955,0.027522935779816515,0.045871559633027525,0.06422018348623854,0.07339449541284404,0.027522935779816515,0.05504587155963303,0.027522935779816515,0.05504587155963303,0.05504587155963303,0.07339449541284404,0.03669724770642202,0.05504587155963303,0.0,0.01834862385321101
YMR091C,0.035,0.0,0.1,0.155,0.045,0.06,0.015,0.04,0.065,0.07,0.01,0.08,0.04,0.02,0.075,0.06,0.055,0.05,0.0,0.025
YBR060C,0.025,0.0,0.065,0.09,0.015,0.03,0.02,0.05,0.14,0.06,0.015,0.08,0.08,0.03,0.075,0.09,0.085,0.045,0.0,0.005
YLR293C,0.07,0.015,0.045,0.06,0.06,0.07,0.02,0.055,0.09,0.07,0.015,0.055,0.05,0.045,0.04,0.03,0.06,0.09,0.015,0.045
YDR375C,0.07,0.0,0.065,0.035,0.03,0.07,0.025,0.08,0.075,0.085,0.03,0.05,0.045,0.03,0.055,0.08,0.07,0.055,0.015,0.035
YPL234C,0.10365853658536585,0.03048780487804878,0.012195121951219513,0.024390243902439025,0.054878048780487805,0.13414634146341464,0.012195121951219513,0.0975609756097561,0.024390243902439025,0.12804878048780488,0.04878048780487805,0.024390243902439025,0.036585365853658534,0.012195121951219513,0.018292682926829267,0.07317073170731707,0.036585365853658534,0.08536585365853659,0.0,0.042682926829268296
YIL068C,0.05,0.01,0.07,0.095,0.035,0.03,0.015,0.065,0.075,0.14,0.02,0.05,0.01,0.045,0.05,0.075,0.05,0.075,0.0,0.04
YLR032W,0.02,0.0,0.07,0.095,0.055,0.05,0.025,0.05,0.055,0.08,0.025,0.06,0.045,0.04,0.07,0.12,0.07,0.05,0.005,0.015
YOR036W,0.075,0.0,0.055,0.125,0.055,0.045,0.0,0.08,0.07,0.055,0.02,0.055,0.015,0.085,0.055,0.09,0.04,0.065,0.005,0.01
YPR055W,0.04,0.005,0.05,0.08,0.025,0.04,0.025,0.065,0.065,0.14,0.025,0.115,0.015,0.08,0.04,0.08,0.04,0.045,0.005,0.02
YKL040C,0.035,0.015,0.065,0.1,0.035,0.07,0.02,0.095,0.075,0.105,0.025,0.045,0.035,0.04,0.035,0.065,0.065,0.04,0.01,0.025
YKL038W,0.05,0.03,0.06,0.02,0.025,0.065,0.025,0.04,0.07,0.03,0.015,0.12,0.07,0.06,0.06,0.125,0.075,0.03,0.005,0.025
YGL163C,0.06,0.005,0.07,0.045,0.02,0.055,0.025,0.065,0.07,0.075,0.025,0.04,0.09,0.03,0.105,0.075,0.06,0.055,0.0,0.03
YPL232W,0.09,0.0,0.07,0.105,0.035,0.04,0.035,0.06,0.06,0.08,0.015,0.07,0.015,0.095,0.055,0.065,0.035,0.04,0.0,0.035
YPL115C,0.03,0.005,0.05,0.09,0.015,0.03,0.03,0.075,0.07,0.09,0.015,0.065,0.055,0.055,0.04,0.125,0.08,0.06,0.0,0.02
YMR207C,0.055,0.005,0.04,0.03,0.045,0.07,0.045,0.11,0.05,0.055,0.015,0.05,0.04,0.045,0.1,0.065,0.06,0.05,0.01,0.06
YDL174C,0.035,0.015,0.07,0.05,0.03,0.045,0.035,0.06,0.08,0.1,0.015,0.035,0.065,0.02,0.055,0.105,0.08,0.055,0.01,0.04
YLL008W,0.045,0.0,0.145,0.195,0.035,0.07,0.01,0.025,0.13,0.05,0.03,0.055,0.015,0.02,0.015,0.055,0.04,0.055,0.005,0.005
YGR166W,0.035,0.02,0.055,0.07,0.055,0.015,0.02,0.05,0.065,0.08,0.015,0.13,0.025,0.06,0.045,0.105,0.045,0.06,0.02,0.03
YKL181W,0.08,0.025,0.055,0.04,0.03,0.075,0.025,0.065,0.07,0.07,0.045,0.045,0.045,0.035,0.065,0.075,0.04,0.09,0.005,0.02
YNR017W,0.065,0.005,0.055,0.035,0.025,0.155,0.02,0.06,0.055,0.135,0.025,0.06,0.055,0.035,0.02,0.075,0.06,0.025,0.01,0.025
YDR430C,0.055,0.005,0.06,0.045,0.075,0.055,0.035,0.04,0.055,0.08,0.025,0.07,0.065,0.04,0.05,0.06,0.06,0.07,0.01,0.045
YHR148W,0.03278688524590164,0.01092896174863388,0.08196721311475409,0.04371584699453552,0.0273224043715847,0.0273224043715847,0.04371584699453552,0.060109289617486336,0.09836065573770492,0.1092896174863388,0.03278688524590164,0.04918032786885246,0.03278688524590164,0.04918032786885246,0.09289617486338798,0.03278688524590164,0.0546448087431694,0.07103825136612021,0.01092896174863388,0.03825136612021858
YHR149C,0.06,0.015,0.08,0.045,0.03,0.035,0.03,0.04,0.04,0.05,0.03,0.03,0.06,0.045,0.045,0.18,0.06,0.08,0.005,0.04
YKR093W,0.065,0.02,0.06,0.07,0.06,0.095,0.01,0.085,0.03,0.06,0.02,0.04,0.055,0.04,0.025,0.085,0.055,0.055,0.015,0.055
YHL004W,0.065,0.0,0.05,0.065,0.04,0.025,0.02,0.03,0.07,0.14,0.02,0.06,0.065,0.06,0.05,0.115,0.06,0.03,0.0,0.035
YGR214W,0.115,0.005,0.055,0.04,0.04,0.05,0.025,0.075,0.03,0.09,0.01,0.045,0.075,0.03,0.07,0.055,0.065,0.09,0.015,0.02
YJR131W,0.065,0.0,0.065,0.065,0.03,0.075,0.04,0.085,0.035,0.085,0.035,0.05,0.03,0.02,0.04,0.09,0.045,0.065,0.025,0.055
YFL008W,0.045,0.0,0.05,0.085,0.045,0.08,0.005,0.075,0.09,0.08,0.025,0.075,0.015,0.03,0.04,0.12,0.025,0.065,0.0,0.05
YBR172C,0.065,0.0,0.05,0.025,0.045,0.055,0.035,0.04,0.015,0.08,0.03,0.075,0.085,0.045,0.035,0.185,0.065,0.06,0.005,0.005
YNR003C,0.04,0.005,0.035,0.075,0.045,0.065,0.015,0.07,0.09,0.115,0.04,0.05,0.02,0.065,0.025,0.095,0.055,0.055,0.015,0.025
YGL212W,0.04,0.0,0.095,0.08,0.025,0.04,0.01,0.04,0.095,0.1,0.02,0.03,0.045,0.04,0.115,0.065,0.045,0.06,0.02,0.035
YOR132W,0.06,0.005,0.05,0.105,0.045,0.05,0.01,0.03,0.065,0.055,0.015,0.08,0.06,0.06,0.04,0.09,0.095,0.045,0.005,0.035
YGR063C,0.058823529411764705,0.058823529411764705,0.0392156862745098,0.08823529411764706,0.029411764705882353,0.08823529411764706,0.0196078431372549,0.0392156862745098,0.049019607843137254,0.058823529411764705,0.049019607843137254,0.029411764705882353,0.058823529411764705,0.029411764705882353,0.0392156862745098,0.08823529411764706,0.049019607843137254,0.08823529411764706,0.0196078431372549,0.0196078431372549
YLR378C,0.06,0.01,0.025,0.045,0.06,0.07,0.0,0.1,0.03,0.175,0.03,0.025,0.055,0.06,0.035,0.085,0.04,0.055,0.015,0.025
YDR292C,0.03,0.005,0.045,0.065,0.065,0.035,0.025,0.055,0.105,0.105,0.005,0.1,0.03,0.09,0.02,0.075,0.06,0.045,0.005,0.035
YDR103W,0.04,0.015,0.025,0.05,0.045,0.04,0.025,0.05,0.065,0.07,0.015,0.08,0.1,0.025,0.065,0.175,0.075,0.02,0.005,0.015
YML001W,0.095,0.01,0.085,0.065,0.05,0.05,0.01,0.065,0.075,0.07,0.015,0.06,0.015,0.045,0.035,0.08,0.055,0.08,0.01,0.03
YJL187C,0.045,0.0,0.055,0.12,0.045,0.045,0.005,0.03,0.095,0.07,0.03,0.065,0.05,0.025,0.035,0.145,0.08,0.025,0.015,0.02
YOR344C,0.05,0.0,0.075,0.085,0.045,0.01,0.015,0.08,0.065,0.07,0.015,0.105,0.055,0.025,0.04,0.175,0.05,0.02,0.01,0.01
YKL009W,0.04,0.01,0.055,0.095,0.025,0.055,0.01,0.055,0.1,0.09,0.02,0.025,0.05,0.03,0.075,0.06,0.075,0.075,0.01,0.045
YKL012W,0.065,0.0,0.045,0.125,0.02,0.035,0.015,0.05,0.105,0.07,0.02,0.06,0.035,0.035,0.06,0.07,0.075,0.035,0.035,0.045
YKL013C,0.06432748538011696,0.0,0.029239766081871343,0.11695906432748537,0.05847953216374269,0.011695906432748537,0.023391812865497075,0.07017543859649122,0.04093567251461988,0.10526315789473684,0.03508771929824561,0.04678362573099415,0.04093567251461988,0.04093567251461988,0.07017543859649122,0.08771929824561403,0.04093567251461988,0.08187134502923976,0.0,0.03508771929824561
YER100W,0.055,0.005,0.055,0.075,0.035,0.05,0.025,0.06,0.075,0.075,0.025,0.06,0.08,0.025,0.04,0.06,0.105,0.035,0.015,0.045
YOR117W,0.045,0.0,0.09,0.11,0.015,0.04,0.005,0.045,0.075,0.125,0.03,0.075,0.04,0.045,0.035,0.055,0.06,0.095,0.0,0.015
YDR394W,0.055,0.0,0.06,0.105,0.01,0.04,0.015,0.055,0.07,0.125,0.025,0.045,0.045,0.055,0.04,0.085,0.04,0.095,0.0,0.035
YKL145W,0.06,0.005,0.115,0.09,0.005,0.065,0.01,0.06,0.095,0.065,0.025,0.055,0.065,0.035,0.04,0.06,0.055,0.06,0.01,0.025
YPL057C,0.04,0.02,0.09,0.065,0.055,0.03,0.03,0.09,0.085,0.13,0.02,0.02,0.075,0.015,0.035,0.03,0.045,0.025,0.02,0.08
YDR369C,0.02,0.02,0.035,0.06,0.045,0.03,0.015,0.11,0.085,0.1,0.03,0.075,0.04,0.02,0.035,0.12,0.08,0.035,0.02,0.025
YOR153W,0.1,0.015,0.055,0.045,0.035,0.06,0.015,0.03,0.06,0.075,0.02,0.085,0.065,0.04,0.025,0.13,0.05,0.05,0.01,0.035
YGL238W,0.075,0.0,0.06,0.06,0.055,0.03,0.015,0.06,0.06,0.155,0.015,0.08,0.04,0.025,0.045,0.08,0.065,0.065,0.015,0.0
YNR010W,0.020134228187919462,0.006711409395973154,0.06711409395973154,0.08053691275167785,0.020134228187919462,0.013422818791946308,0.03355704697986577,0.06711409395973154,0.0738255033557047,0.1342281879194631,0.006711409395973154,0.09395973154362416,0.053691275167785234,0.08053691275167785,0.053691275167785234,0.09395973154362416,0.06040268456375839,0.013422818791946308,0.006711409395973154,0.020134228187919462
YNL001W,0.045,0.01,0.085,0.065,0.055,0.035,0.005,0.07,0.17,0.085,0.025,0.03,0.02,0.025,0.005,0.07,0.07,0.08,0.0,0.05
YLR188W,0.085,0.005,0.035,0.035,0.045,0.055,0.01,0.085,0.11,0.135,0.025,0.025,0.035,0.03,0.06,0.12,0.04,0.045,0.0,0.02
YBR155W,0.09,0.025,0.05,0.115,0.04,0.05,0.005,0.04,0.11,0.09,0.025,0.075,0.05,0.025,0.04,0.06,0.035,0.03,0.0,0.045
YLR175W,0.06,0.03,0.055,0.055,0.025,0.065,0.02,0.06,0.08,0.115,0.01,0.035,0.05,0.02,0.07,0.09,0.055,0.065,0.015,0.025
YOR327C,0.06956521739130435,0.008695652173913044,0.06086956521739131,0.05217391304347826,0.02608695652173913,0.043478260869565216,0.008695652173913044,0.08695652173913043,0.06086956521739131,0.06956521739130435,0.043478260869565216,0.06956521739130435,0.05217391304347826,0.034782608695652174,0.06956521739130435,0.0782608695652174,0.02608695652173913,0.10434782608695652,0.017391304347826087,0.017391304347826087
YDL052C,0.065,0.02,0.02,0.03,0.055,0.075,0.02,0.06,0.085,0.125,0.035,0.03,0.045,0.03,0.04,0.06,0.06,0.09,0.015,0.04
YHR165C,0.06,0.0,0.05,0.09,0.03,0.04,0.03,0.04,0.11,0.095,0.035,0.04,0.175,0.005,0.03,0.05,0.055,0.035,0.005,0.025
YGR143W,0.04,0.0,0.055,0.055,0.03,0.045,0.025,0.025,0.025,0.055,0.015,0.175,0.065,0.03,0.055,0.21,0.025,0.025,0.0,0.045
YNL243W,0.065,0.015,0.06,0.075,0.04,0.04,0.04,0.08,0.065,0.105,0.015,0.02,0.025,0.035,0.06,0.105,0.04,0.06,0.01,0.045
YGR047C,0.085,0.01,0.115,0.125,0.04,0.04,0.02,0.03,0.085,0.085,0.01,0.07,0.01,0.055,0.05,0.065,0.01,0.04,0.015,0.04
YDL051W,0.06,0.01,0.05,0.125,0.07,0.02,0.01,0.045,0.07,0.07,0.015,0.07,0.05,0.05,0.085,0.06,0.045,0.07,0.005,0.02
YHL027W,0.045,0.04,0.095,0.05,0.005,0.06,0.05,0.03,0.05,0.085,0.015,0.07,0.065,0.025,0.04,0.14,0.075,0.03,0.01,0.02
YKL127W,0.07,0.005,0.04,0.045,0.025,0.11,0.02,0.08,0.095,0.085,0.02,0.07,0.065,0.03,0.02,0.05,0.065,0.06,0.005,0.04
YHL016C,0.12,0.025,0.015,0.03,0.055,0.1,0.015,0.07,0.045,0.105,0.035,0.015,0.025,0.02,0.02,0.055,0.105,0.075,0.01,0.06
YDR258C,0.09,0.02,0.05,0.045,0.02,0.06,0.0,0.07,0.085,0.12,0.015,0.045,0.05,0.055,0.095,0.05,0.055,0.05,0.0,0.025
YKL032C,0.035,0.0,0.03,0.01,0.03,0.05,0.03,0.015,0.01,0.05,0.01,0.14,0.06,0.285,0.005,0.115,0.05,0.025,0.0,0.05
YKL205W,0.035,0.01,0.06,0.06,0.06,0.04,0.0,0.075,0.065,0.14,0.04,0.12,0.02,0.045,0.025,0.09,0.045,0.045,0.015,0.01
YPL124W,0.025,0.0,0.075,0.06,0.045,0.045,0.02,0.04,0.075,0.085,0.015,0.07,0.055,0.03,0.115,0.125,0.06,0.03,0.0,0.03
YPL174C,0.045,0.01,0.08,0.065,0.03,0.07,0.02,0.05,0.12,0.125,0.025,0.085,0.015,0.035,0.025,0.065,0.05,0.055,0.005,0.025
YKL141W,0.09090909090909091,0.0,0.005050505050505051,0.030303030303030304,0.050505050505050504,0.0707070707070707,0.025252525252525252,0.06060606060606061,0.06565656565656566,0.16666666666666666,0.025252525252525252,0.03535353535353535,0.025252525252525252,0.025252525252525252,0.045454545454545456,0.09595959595959595,0.08080808080808081,0.03535353535353535,0.020202020202020204,0.045454545454545456
YML062C,0.02,0.005,0.08,0.085,0.02,0.05,0.015,0.065,0.12,0.135,0.005,0.04,0.025,0.05,0.04,0.085,0.06,0.06,0.01,0.03
YLR441C,0.065,0.005,0.05,0.055,0.04,0.05,0.02,0.06,0.125,0.08,0.015,0.05,0.015,0.045,0.07,0.075,0.07,0.09,0.01,0.01
YOR045W,0.19672131147540983,0.0,0.03278688524590164,0.01639344262295082,0.09836065573770492,0.08196721311475409,0.0,0.03278688524590164,0.03278688524590164,0.08196721311475409,0.08196721311475409,0.01639344262295082,0.09836065573770492,0.08196721311475409,0.01639344262295082,0.06557377049180328,0.01639344262295082,0.03278688524590164,0.0,0.01639344262295082
YMR037C,0.035,0.0,0.075,0.045,0.015,0.02,0.015,0.075,0.025,0.085,0.02,0.155,0.095,0.045,0.02,0.13,0.09,0.03,0.0,0.025
YKL062W,0.07,0.0,0.05,0.055,0.035,0.035,0.025,0.035,0.06,0.07,0.03,0.15,0.06,0.035,0.01,0.135,0.085,0.035,0.01,0.015
YLL011W,0.065,0.01,0.07,0.055,0.05,0.07,0.025,0.035,0.09,0.065,0.025,0.065,0.035,0.03,0.05,0.09,0.065,0.055,0.01,0.04
YDR538W,0.085,0.015,0.03,0.045,0.045,0.05,0.025,0.08,0.055,0.11,0.025,0.02,0.055,0.01,0.065,0.09,0.1,0.075,0.01,0.01
YBR171W,0.045,0.015,0.025,0.125,0.06,0.025,0.01,0.075,0.105,0.1,0.02,0.055,0.025,0.045,0.045,0.075,0.035,0.065,0.015,0.035
YBR170C,0.03,0.025,0.075,0.085,0.025,0.08,0.04,0.065,0.1,0.09,0.02,0.06,0.05,0.02,0.05,0.07,0.025,0.055,0.005,0.03
YBR251W,0.05,0.0,0.06,0.05,0.045,0.075,0.03,0.04,0.09,0.085,0.03,0.04,0.07,0.05,0.05,0.075,0.04,0.065,0.015,0.04
YNL329C,0.03,0.04,0.06,0.055,0.05,0.05,0.015,0.07,0.05,0.12,0.03,0.04,0.07,0.055,0.015,0.075,0.06,0.06,0.0,0.055
YEL002C,0.035,0.01,0.045,0.075,0.065,0.04,0.01,0.065,0.05,0.115,0.01,0.07,0.05,0.04,0.05,0.085,0.06,0.07,0.005,0.05
YDL095W,0.095,0.01,0.055,0.045,0.075,0.06,0.015,0.05,0.03,0.105,0.05,0.01,0.055,0.02,0.045,0.07,0.055,0.1,0.01,0.045
YGL145W,0.08,0.005,0.08,0.065,0.025,0.035,0.005,0.055,0.08,0.12,0.01,0.075,0.015,0.1,0.03,0.065,0.05,0.075,0.01,0.02
YGL195W,0.04,0.015,0.06,0.07,0.06,0.015,0.02,0.09,0.07,0.125,0.01,0.065,0.03,0.045,0.04,0.09,0.055,0.065,0.01,0.025
YOL069W,0.025,0.02,0.075,0.1,0.055,0.03,0.005,0.065,0.045,0.13,0.03,0.08,0.02,0.1,0.04,0.06,0.035,0.05,0.0,0.035
YFR002W,0.04,0.0,0.055,0.08,0.04,0.045,0.025,0.065,0.105,0.13,0.015,0.11,0.03,0.035,0.035,0.105,0.035,0.025,0.01,0.015
YKL143W,0.06,0.0,0.105,0.085,0.035,0.04,0.03,0.045,0.095,0.065,0.015,0.045,0.065,0.04,0.05,0.07,0.035,0.08,0.0,0.04
YDR404C,0.029239766081871343,0.023391812865497075,0.05263157894736842,0.05263157894736842,0.06432748538011696,0.08187134502923976,0.023391812865497075,0.08771929824561403,0.07602339181286549,0.07017543859649122,0.023391812865497075,0.029239766081871343,0.04678362573099415,0.04093567251461988,0.03508771929824561,0.08771929824561403,0.04678362573099415,0.0935672514619883,0.0,0.03508771929824561
YJL154C,0.035,0.01,0.03,0.08,0.03,0.025,0.03,0.065,0.05,0.14,0.045,0.07,0.05,0.055,0.07,0.055,0.06,0.04,0.005,0.055
YAL001C,0.035,0.01,0.075,0.04,0.02,0.065,0.025,0.095,0.115,0.1,0.01,0.045,0.015,0.035,0.02,0.085,0.075,0.09,0.01,0.035
YMR125W,0.045,0.01,0.055,0.085,0.06,0.03,0.005,0.075,0.07,0.1,0.035,0.09,0.05,0.035,0.055,0.06,0.04,0.055,0.01,0.035
YML027W,0.06,0.005,0.045,0.065,0.03,0.015,0.03,0.05,0.075,0.105,0.015,0.045,0.07,0.035,0.065,0.18,0.075,0.025,0.0,0.01
YHR041C,0.085,0.01,0.065,0.06,0.035,0.065,0.02,0.085,0.055,0.11,0.02,0.035,0.035,0.02,0.04,0.105,0.08,0.05,0.01,0.015
YKL140W,0.02,0.025,0.07,0.05,0.07,0.03,0.04,0.12,0.055,0.095,0.025,0.075,0.05,0.005,0.035,0.075,0.04,0.065,0.02,0.035
YGL208W,0.05,0.015,0.085,0.08,0.005,0.075,0.01,0.045,0.09,0.04,0.035,0.02,0.065,0.065,0.045,0.135,0.08,0.045,0.01,0.005
YBL047C,0.12,0.005,0.06,0.035,0.055,0.055,0.005,0.055,0.04,0.105,0.025,0.065,0.05,0.08,0.03,0.09,0.065,0.035,0.01,0.015
YBL051C,0.075,0.0,0.06,0.115,0.035,0.04,0.01,0.075,0.065,0.07,0.015,0.11,0.045,0.055,0.045,0.07,0.07,0.03,0.0,0.015
YBL052C,0.035,0.0,0.06,0.05,0.04,0.045,0.015,0.085,0.08,0.075,0.015,0.09,0.045,0.035,0.07,0.125,0.045,0.05,0.015,0.025
YBL054W,0.07,0.005,0.05,0.065,0.025,0.04,0.055,0.05,0.1,0.075,0.01,0.07,0.07,0.01,0.035,0.14,0.06,0.045,0.015,0.01
YBL055C,0.075,0.015,0.065,0.045,0.025,0.05,0.035,0.055,0.075,0.095,0.03,0.045,0.045,0.04,0.025,0.125,0.04,0.04,0.01,0.065
YBL056W,0.07,0.03,0.075,0.07,0.05,0.085,0.035,0.06,0.07,0.11,0.04,0.035,0.015,0.025,0.025,0.105,0.045,0.045,0.005,0.005
YBL058W,0.07,0.005,0.085,0.09,0.035,0.09,0.02,0.02,0.05,0.06,0.03,0.075,0.04,0.06,0.06,0.11,0.05,0.025,0.005,0.02
YBL060W,0.05,0.025,0.05,0.08,0.035,0.045,0.025,0.06,0.065,0.1,0.03,0.085,0.035,0.035,0.005,0.115,0.075,0.045,0.01,0.03
YBL061C,0.04,0.0,0.055,0.045,0.025,0.04,0.035,0.03,0.05,0.11,0.02,0.105,0.065,0.065,0.05,0.145,0.065,0.04,0.0,0.015
YBL064C,0.065,0.015,0.075,0.035,0.075,0.045,0.015,0.075,0.095,0.065,0.01,0.045,0.05,0.04,0.045,0.065,0.075,0.075,0.015,0.02
YKL188C,0.055,0.01,0.05,0.065,0.03,0.04,0.02,0.09,0.105,0.135,0.01,0.055,0.005,0.02,0.04,0.11,0.08,0.05,0.005,0.025
YKL185W,0.05,0.0,0.035,0.02,0.03,0.03,0.035,0.045,0.04,0.14,0.01,0.1,0.1,0.03,0.045,0.195,0.05,0.01,0.005,0.03
YKL014C,0.035,0.0,0.045,0.055,0.055,0.055,0.02,0.055,0.055,0.135,0.01,0.055,0.025,0.05,0.055,0.11,0.085,0.05,0.01,0.04
YKL017C,0.035,0.005,0.04,0.065,0.02,0.04,0.01,0.1,0.09,0.09,0.025,0.075,0.03,0.06,0.04,0.09,0.08,0.07,0.0,0.035
YKL101W,0.07,0.005,0.02,0.05,0.01,0.065,0.035,0.035,0.105,0.06,0.03,0.06,0.045,0.02,0.055,0.145,0.06,0.1,0.01,0.02
YKL099C,0.04,0.0,0.065,0.08,0.04,0.025,0.04,0.025,0.145,0.09,0.035,0.05,0.015,0.06,0.08,0.095,0.05,0.04,0.0,0.025
YKL108W,0.025,0.01,0.06,0.06,0.025,0.02,0.015,0.07,0.12,0.075,0.025,0.065,0.075,0.045,0.05,0.105,0.075,0.05,0.005,0.025
YDR099W,0.095,0.005,0.035,0.12,0.02,0.03,0.025,0.055,0.075,0.085,0.02,0.03,0.025,0.035,0.055,0.125,0.05,0.055,0.005,0.055
YFR019W,0.05,0.0,0.045,0.015,0.01,0.025,0.035,0.085,0.06,0.035,0.015,0.07,0.085,0.01,0.045,0.22,0.125,0.045,0.0,0.025
YOR329C,0.05,0.01,0.065,0.035,0.05,0.06,0.03,0.045,0.03,0.1,0.01,0.08,0.055,0.04,0.075,0.11,0.05,0.06,0.015,0.03
YML028W,0.09693877551020408,0.01020408163265306,0.05612244897959184,0.07653061224489796,0.05612244897959184,0.0663265306122449,0.01020408163265306,0.0663265306122449,0.07142857142857142,0.08673469387755102,0.00510204081632653,0.04081632653061224,0.05612244897959184,0.030612244897959183,0.030612244897959183,0.04081632653061224,0.0663265306122449,0.09183673469387756,0.015306122448979591,0.025510204081632654
YER068W,0.03,0.04,0.035,0.1,0.03,0.04,0.045,0.05,0.08,0.055,0.02,0.09,0.07,0.035,0.065,0.045,0.045,0.06,0.0,0.065
YDR244W,0.055,0.005,0.025,0.05,0.035,0.075,0.02,0.045,0.04,0.05,0.04,0.13,0.05,0.1,0.05,0.135,0.04,0.03,0.01,0.015
YJR066W,0.06,0.0,0.06,0.08,0.04,0.055,0.015,0.055,0.065,0.12,0.035,0.08,0.035,0.01,0.05,0.085,0.055,0.07,0.005,0.025
YDR304C,0.025,0.01,0.065,0.055,0.085,0.09,0.035,0.08,0.065,0.055,0.035,0.055,0.045,0.03,0.035,0.045,0.08,0.08,0.005,0.025
YBR081C,0.045,0.01,0.09,0.1,0.045,0.03,0.015,0.065,0.07,0.105,0.005,0.115,0.015,0.04,0.03,0.07,0.055,0.05,0.01,0.035
YDR086C,0.0875,0.0125,0.0125,0.1,0.0375,0.075,0.0125,0.125,0.1375,0.05,0.0125,0.025,0.0375,0.0375,0.0375,0.025,0.025,0.1125,0.0,0.0375
YGR082W,0.13114754098360656,0.0,0.04371584699453552,0.08743169398907104,0.03278688524590164,0.03825136612021858,0.00546448087431694,0.07103825136612021,0.07103825136612021,0.07650273224043716,0.0273224043715847,0.03278688524590164,0.0546448087431694,0.060109289617486336,0.04918032786885246,0.07103825136612021,0.04918032786885246,0.0546448087431694,0.0,0.04371584699453552
YLR170C,0.038461538461538464,0.019230769230769232,0.0641025641025641,0.07051282051282051,0.03205128205128205,0.03205128205128205,0.02564102564102564,0.08333333333333333,0.08333333333333333,0.10256410256410256,0.057692307692307696,0.05128205128205128,0.019230769230769232,0.01282051282051282,0.04487179487179487,0.057692307692307696,0.0641025641025641,0.08333333333333333,0.00641025641025641,0.05128205128205128
YDL006W,0.07,0.015,0.08,0.06,0.03,0.06,0.035,0.055,0.045,0.08,0.03,0.06,0.015,0.03,0.075,0.075,0.06,0.08,0.015,0.03
YMR190C,0.05,0.01,0.045,0.05,0.025,0.035,0.03,0.05,0.08,0.075,0.025,0.09,0.065,0.05,0.04,0.11,0.1,0.05,0.01,0.01
YPL129W,0.055,0.0,0.045,0.095,0.045,0.06,0.025,0.07,0.075,0.09,0.01,0.04,0.07,0.035,0.045,0.04,0.105,0.075,0.01,0.01
YFL016C,0.11,0.005,0.05,0.035,0.085,0.155,0.045,0.05,0.065,0.04,0.01,0.035,0.04,0.04,0.055,0.1,0.025,0.015,0.0,0.04
YMR021C,0.07,0.035,0.05,0.055,0.035,0.055,0.035,0.075,0.08,0.035,0.03,0.05,0.055,0.035,0.075,0.12,0.07,0.02,0.0,0.02
YOL082W,0.015,0.035,0.055,0.085,0.03,0.04,0.02,0.05,0.075,0.12,0.025,0.1,0.045,0.045,0.025,0.09,0.055,0.045,0.01,0.035
YBL004W,0.07,0.015,0.06,0.075,0.095,0.01,0.035,0.06,0.085,0.145,0.005,0.035,0.025,0.035,0.035,0.095,0.03,0.04,0.01,0.04
YBR002C,0.07,0.02,0.04,0.095,0.045,0.065,0.03,0.07,0.07,0.08,0.03,0.035,0.02,0.01,0.085,0.07,0.07,0.07,0.005,0.02
YDL226C,0.085,0.03,0.055,0.085,0.045,0.06,0.02,0.03,0.085,0.08,0.02,0.055,0.06,0.045,0.06,0.07,0.05,0.035,0.015,0.015
YLR168C,0.045,0.02,0.06,0.06,0.03,0.035,0.02,0.035,0.095,0.08,0.05,0.07,0.025,0.05,0.035,0.07,0.06,0.105,0.025,0.03
YKL089W,0.015,0.0,0.125,0.065,0.035,0.035,0.005,0.04,0.08,0.08,0.02,0.055,0.065,0.035,0.065,0.135,0.065,0.045,0.0,0.035
YMR094W,0.04,0.02,0.075,0.065,0.065,0.025,0.015,0.06,0.075,0.14,0.015,0.055,0.05,0.025,0.035,0.05,0.03,0.06,0.025,0.075
YBR036C,0.06,0.01,0.05,0.025,0.06,0.04,0.005,0.065,0.045,0.1,0.035,0.075,0.04,0.045,0.03,0.11,0.075,0.08,0.015,0.035
YLR398C,0.045,0.005,0.075,0.075,0.035,0.06,0.02,0.055,0.075,0.09,0.025,0.065,0.055,0.04,0.035,0.12,0.06,0.04,0.005,0.02
YDL240W,0.04,0.085,0.035,0.05,0.05,0.045,0.045,0.045,0.095,0.07,0.015,0.035,0.05,0.05,0.04,0.05,0.06,0.04,0.01,0.09
YKL056C,0.07784431137724551,0.005988023952095809,0.10179640718562874,0.08982035928143713,0.05389221556886228,0.0718562874251497,0.011976047904191617,0.0658682634730539,0.08982035928143713,0.041916167664670656,0.041916167664670656,0.04790419161676647,0.029940119760479042,0.023952095808383235,0.011976047904191617,0.041916167664670656,0.041916167664670656,0.09580838323353294,0.011976047904191617,0.041916167664670656
YKL144C,0.045,0.02,0.05,0.11,0.06,0.055,0.01,0.1,0.07,0.08,0.015,0.05,0.065,0.03,0.04,0.045,0.05,0.06,0.015,0.03
YKL059C,0.065,0.015,0.05,0.07,0.05,0.065,0.015,0.05,0.055,0.04,0.02,0.06,0.05,0.055,0.07,0.08,0.1,0.05,0.01,0.03
YKL057C,0.025,0.015,0.04,0.05,0.06,0.05,0.03,0.035,0.035,0.15,0.01,0.09,0.06,0.045,0.02,0.1,0.05,0.065,0.005,0.065
YKL054C,0.05,0.0,0.08,0.065,0.015,0.02,0.045,0.035,0.125,0.045,0.005,0.09,0.05,0.07,0.02,0.105,0.085,0.055,0.015,0.025
YKL052C,0.07,0.01,0.09,0.085,0.03,0.055,0.03,0.065,0.04,0.055,0.02,0.065,0.035,0.06,0.035,0.11,0.08,0.055,0.005,0.005
YLR399C,0.085,0.0,0.085,0.08,0.015,0.075,0.015,0.04,0.075,0.09,0.02,0.095,0.105,0.06,0.025,0.04,0.035,0.045,0.0,0.015
YOR237W,0.035,0.01,0.035,0.075,0.065,0.045,0.035,0.045,0.065,0.09,0.02,0.04,0.075,0.035,0.015,0.135,0.07,0.06,0.02,0.03
YPL145C,0.04,0.01,0.035,0.085,0.07,0.035,0.03,0.045,0.075,0.11,0.02,0.045,0.075,0.035,0.01,0.135,0.05,0.045,0.02,0.03
YAR042W,0.07,0.01,0.07,0.045,0.035,0.03,0.04,0.055,0.04,0.135,0.035,0.08,0.05,0.07,0.035,0.06,0.055,0.065,0.005,0.015
YKL156W,0.07317073170731707,0.06097560975609756,0.024390243902439025,0.036585365853658534,0.036585365853658534,0.06097560975609756,0.036585365853658534,0.024390243902439025,0.08536585365853659,0.10975609756097561,0.012195121951219513,0.012195121951219513,0.04878048780487805,0.036585365853658534,0.04878048780487805,0.08536585365853659,0.12195121951219512,0.07317073170731707,0.0,0.012195121951219513
YKL134C,0.055,0.02,0.065,0.04,0.055,0.04,0.01,0.06,0.08,0.11,0.025,0.08,0.035,0.045,0.055,0.11,0.045,0.045,0.005,0.02
YKL135C,0.075,0.02,0.075,0.05,0.02,0.025,0.01,0.095,0.085,0.12,0.03,0.045,0.05,0.035,0.05,0.04,0.065,0.08,0.0,0.03
YKL171W,0.045,0.005,0.08,0.055,0.03,0.06,0.015,0.04,0.04,0.07,0.02,0.055,0.065,0.07,0.065,0.155,0.055,0.03,0.01,0.035
YKL129C,0.08,0.01,0.03,0.065,0.035,0.06,0.02,0.09,0.13,0.07,0.02,0.08,0.025,0.015,0.045,0.095,0.035,0.05,0.0,0.045
YKL081W,0.125,0.005,0.055,0.045,0.06,0.045,0.015,0.06,0.065,0.12,0.015,0.045,0.045,0.03,0.05,0.08,0.035,0.055,0.02,0.03
YKL078W,0.05,0.005,0.04,0.055,0.02,0.05,0.03,0.05,0.085,0.08,0.03,0.065,0.025,0.04,0.085,0.095,0.085,0.075,0.0,0.035
YKL067W,0.058823529411764705,0.006535947712418301,0.058823529411764705,0.0718954248366013,0.0457516339869281,0.0915032679738562,0.0196078431372549,0.058823529411764705,0.0915032679738562,0.0784313725490196,0.0196078431372549,0.026143790849673203,0.0392156862745098,0.0392156862745098,0.05228758169934641,0.0718954248366013,0.0392156862745098,0.08496732026143791,0.026143790849673203,0.0196078431372549
YKL049C,0.07,0.0,0.06,0.115,0.015,0.02,0.01,0.04,0.065,0.1,0.02,0.03,0.025,0.07,0.105,0.105,0.055,0.045,0.01,0.04
YKL026C,0.017964071856287425,0.03592814371257485,0.029940119760479042,0.08383233532934131,0.08383233532934131,0.05389221556886228,0.017964071856287425,0.0658682634730539,0.10778443113772455,0.0658682634730539,0.017964071856287425,0.0718562874251497,0.0658682634730539,0.05389221556886228,0.029940119760479042,0.05389221556886228,0.017964071856287425,0.07784431137724551,0.005988023952095809,0.041916167664670656
YKL196C,0.065,0.015,0.055,0.09,0.04,0.06,0.015,0.065,0.085,0.08,0.03,0.03,0.02,0.055,0.04,0.08,0.055,0.065,0.005,0.05
YKL073W,0.08,0.0,0.055,0.06,0.04,0.055,0.015,0.055,0.055,0.135,0.02,0.05,0.05,0.04,0.055,0.07,0.065,0.075,0.0,0.025
YOR089C,0.105,0.0,0.04,0.11,0.045,0.06,0.015,0.06,0.075,0.08,0.015,0.07,0.02,0.04,0.045,0.06,0.055,0.08,0.01,0.015
YKR014C,0.06,0.005,0.09,0.1,0.035,0.065,0.01,0.055,0.085,0.09,0.01,0.04,0.02,0.055,0.035,0.07,0.055,0.075,0.01,0.035
YNL093W,0.09,0.01,0.06,0.085,0.045,0.05,0.02,0.06,0.07,0.075,0.02,0.065,0.035,0.045,0.045,0.045,0.07,0.075,0.01,0.025
YKR054C,0.08,0.01,0.06,0.07,0.055,0.045,0.015,0.105,0.065,0.105,0.01,0.04,0.03,0.04,0.035,0.07,0.075,0.06,0.0,0.03
YKR072C,0.065,0.005,0.065,0.035,0.01,0.045,0.02,0.055,0.09,0.05,0.025,0.075,0.075,0.05,0.035,0.13,0.11,0.055,0.0,0.005
YLR332W,0.045,0.005,0.015,0.005,0.04,0.01,0.01,0.06,0.01,0.055,0.01,0.025,0.02,0.02,0.025,0.455,0.145,0.035,0.0,0.01
YKL220C,0.08,0.035,0.025,0.035,0.045,0.045,0.025,0.05,0.075,0.09,0.035,0.06,0.035,0.025,0.03,0.08,0.085,0.06,0.01,0.075
YKL217W,0.07,0.005,0.06,0.09,0.05,0.05,0.02,0.045,0.035,0.09,0.015,0.05,0.065,0.04,0.035,0.085,0.05,0.055,0.035,0.055
YKL213C,0.055,0.015,0.1,0.025,0.04,0.09,0.03,0.035,0.07,0.085,0.01,0.045,0.01,0.04,0.02,0.1,0.055,0.12,0.03,0.025
YKL204W,0.06,0.0,0.045,0.055,0.025,0.065,0.025,0.035,0.11,0.07,0.035,0.09,0.045,0.045,0.05,0.14,0.045,0.015,0.01,0.035
YKL201C,0.02,0.005,0.08,0.035,0.06,0.03,0.02,0.06,0.075,0.155,0.01,0.07,0.05,0.04,0.055,0.085,0.045,0.035,0.03,0.04
YKL195W,0.075,0.01,0.1,0.115,0.02,0.065,0.005,0.03,0.07,0.06,0.02,0.1,0.03,0.04,0.055,0.115,0.045,0.04,0.0,0.005
YKL193C,0.005,0.005,0.095,0.09,0.03,0.02,0.035,0.085,0.105,0.155,0.005,0.1,0.025,0.02,0.02,0.09,0.035,0.06,0.005,0.015
YKL173W,0.005,0.005,0.065,0.105,0.025,0.07,0.02,0.065,0.07,0.12,0.03,0.065,0.05,0.045,0.04,0.075,0.065,0.05,0.005,0.025
YKL172W,0.065,0.0,0.1,0.24,0.01,0.02,0.02,0.01,0.175,0.08,0.015,0.025,0.015,0.045,0.015,0.08,0.03,0.05,0.0,0.005
YKL165C,0.05,0.0,0.07,0.025,0.095,0.055,0.045,0.045,0.04,0.075,0.035,0.04,0.065,0.02,0.035,0.09,0.095,0.065,0.02,0.035
YKL155C,0.06,0.01,0.06,0.04,0.035,0.045,0.015,0.07,0.065,0.11,0.02,0.09,0.06,0.05,0.065,0.075,0.045,0.05,0.0,0.035
YKL154W,0.065,0.015,0.055,0.065,0.025,0.045,0.005,0.095,0.095,0.11,0.01,0.03,0.04,0.03,0.035,0.1,0.085,0.07,0.0,0.025
YKL150W,0.065,0.0,0.04,0.04,0.07,0.065,0.04,0.045,0.095,0.09,0.02,0.06,0.06,0.03,0.03,0.08,0.065,0.065,0.015,0.025
YKL130C,0.045,0.02,0.07,0.08,0.06,0.025,0.015,0.085,0.07,0.14,0.015,0.055,0.015,0.03,0.035,0.075,0.065,0.06,0.005,0.035
YKL088W,0.025,0.0,0.045,0.085,0.025,0.025,0.02,0.045,0.08,0.05,0.015,0.1,0.04,0.17,0.06,0.105,0.045,0.045,0.0,0.02
YKL086W,0.11811023622047244,0.023622047244094488,0.03937007874015748,0.05511811023622047,0.015748031496062992,0.05511811023622047,0.007874015748031496,0.047244094488188976,0.03937007874015748,0.09448818897637795,0.031496062992125984,0.015748031496062992,0.08661417322834646,0.05511811023622047,0.08661417322834646,0.07086614173228346,0.05511811023622047,0.07086614173228346,0.0,0.031496062992125984
YKL082C,0.06,0.0,0.09,0.145,0.015,0.025,0.005,0.04,0.175,0.075,0.03,0.035,0.045,0.04,0.04,0.085,0.035,0.04,0.005,0.015
YKL077W,0.025,0.01,0.045,0.09,0.055,0.04,0.03,0.04,0.085,0.055,0.015,0.04,0.075,0.015,0.055,0.07,0.095,0.08,0.02,0.06
YKL069W,0.06111111111111111,0.03333333333333333,0.06111111111111111,0.06666666666666667,0.03888888888888889,0.08333333333333333,0.03333333333333333,0.07222222222222222,0.07222222222222222,0.08888888888888889,0.011111111111111112,0.06111111111111111,0.022222222222222223,0.03888888888888889,0.0,0.08333333333333333,0.044444444444444446,0.07777777777777778,0.016666666666666666,0.03333333333333333
YKL046C,0.11,0.01,0.08,0.04,0.05,0.085,0.01,0.045,0.015,0.085,0.04,0.085,0.025,0.04,0.03,0.035,0.06,0.04,0.045,0.07
YKL042W,0.035,0.0,0.085,0.07,0.025,0.015,0.005,0.05,0.115,0.075,0.02,0.1,0.06,0.04,0.06,0.08,0.06,0.05,0.0,0.055
YKL041W,0.05,0.0,0.065,0.115,0.005,0.03,0.0,0.065,0.09,0.08,0.055,0.065,0.025,0.065,0.075,0.055,0.045,0.08,0.005,0.03
YKL034W,0.025,0.0,0.06,0.065,0.065,0.05,0.02,0.07,0.03,0.08,0.03,0.095,0.07,0.05,0.03,0.075,0.065,0.05,0.02,0.05
YKL028W,0.03,0.02,0.1,0.065,0.035,0.03,0.02,0.075,0.095,0.125,0.015,0.045,0.045,0.045,0.055,0.06,0.025,0.07,0.005,0.04
YKL025C,0.1,0.015,0.05,0.015,0.035,0.035,0.015,0.085,0.04,0.01,0.035,0.145,0.085,0.0,0.005,0.13,0.135,0.045,0.005,0.015
YKL018W,0.04,0.025,0.06,0.035,0.06,0.045,0.02,0.07,0.08,0.105,0.02,0.09,0.05,0.04,0.01,0.095,0.06,0.045,0.005,0.045
YKL006W,0.15942028985507245,0.007246376811594203,0.028985507246376812,0.036231884057971016,0.021739130434782608,0.050724637681159424,0.0,0.057971014492753624,0.12318840579710146,0.07971014492753623,0.014492753623188406,0.014492753623188406,0.028985507246376812,0.050724637681159424,0.07971014492753623,0.050724637681159424,0.050724637681159424,0.10869565217391304,0.028985507246376812,0.007246376811594203
YKL004W,0.08,0.01,0.04,0.015,0.12,0.045,0.02,0.07,0.025,0.125,0.02,0.04,0.09,0.025,0.02,0.055,0.06,0.07,0.025,0.045
YKL002W,0.08,0.0,0.065,0.1,0.025,0.035,0.0,0.045,0.08,0.095,0.05,0.06,0.02,0.095,0.07,0.065,0.04,0.065,0.005,0.005
YKR016W,0.055,0.0,0.05,0.07,0.04,0.045,0.015,0.065,0.07,0.13,0.015,0.1,0.025,0.025,0.045,0.12,0.075,0.02,0.01,0.025
YKR020W,0.04878048780487805,0.0,0.06097560975609756,0.15853658536585366,0.012195121951219513,0.03048780487804878,0.018292682926829267,0.06707317073170732,0.10975609756097561,0.10975609756097561,0.006097560975609756,0.0975609756097561,0.018292682926829267,0.036585365853658534,0.042682926829268296,0.06097560975609756,0.054878048780487805,0.042682926829268296,0.0,0.024390243902439025
YKR021W,0.05,0.0,0.065,0.075,0.045,0.035,0.02,0.05,0.05,0.085,0.02,0.075,0.085,0.025,0.03,0.125,0.06,0.075,0.01,0.02
YKR022C,0.035,0.005,0.1,0.1,0.015,0.05,0.03,0.08,0.105,0.08,0.025,0.065,0.035,0.025,0.055,0.11,0.04,0.03,0.0,0.015
YKR023W,0.035,0.03,0.055,0.095,0.03,0.03,0.03,0.045,0.14,0.08,0.015,0.065,0.055,0.065,0.025,0.09,0.055,0.045,0.005,0.01
YKR024C,0.065,0.0,0.045,0.06,0.03,0.08,0.025,0.06,0.1,0.06,0.025,0.07,0.03,0.05,0.055,0.11,0.08,0.035,0.005,0.015
YKR025W,0.08,0.0,0.1,0.15,0.04,0.04,0.015,0.055,0.07,0.045,0.015,0.06,0.045,0.045,0.05,0.045,0.03,0.075,0.01,0.03
YKR027W,0.025,0.025,0.065,0.06,0.05,0.06,0.015,0.09,0.1,0.09,0.01,0.05,0.045,0.02,0.04,0.1,0.055,0.06,0.015,0.025
YKR028W,0.03,0.01,0.145,0.155,0.025,0.035,0.015,0.06,0.07,0.075,0.01,0.07,0.035,0.01,0.02,0.095,0.055,0.045,0.005,0.035
YKR036C,0.055,0.0,0.06,0.075,0.04,0.045,0.015,0.07,0.065,0.125,0.015,0.065,0.04,0.055,0.045,0.075,0.07,0.045,0.005,0.035
YKR037C,0.045,0.01,0.085,0.05,0.04,0.07,0.015,0.075,0.08,0.085,0.02,0.07,0.035,0.025,0.09,0.085,0.045,0.05,0.0,0.025
YKR038C,0.075,0.03,0.055,0.045,0.02,0.085,0.035,0.085,0.045,0.1,0.02,0.055,0.06,0.015,0.06,0.045,0.055,0.07,0.01,0.035
YKR042W,0.155,0.025,0.06,0.015,0.01,0.085,0.025,0.015,0.03,0.06,0.015,0.04,0.03,0.025,0.015,0.19,0.09,0.065,0.015,0.035
YKR043C,0.045,0.015,0.055,0.075,0.03,0.08,0.025,0.07,0.04,0.095,0.02,0.035,0.04,0.055,0.105,0.05,0.065,0.045,0.025,0.03
YKR051W,0.04,0.035,0.02,0.04,0.09,0.03,0.015,0.11,0.055,0.135,0.005,0.03,0.07,0.015,0.035,0.065,0.055,0.05,0.035,0.07
YKR058W,0.065,0.015,0.055,0.07,0.05,0.05,0.005,0.075,0.06,0.15,0.025,0.065,0.03,0.06,0.01,0.07,0.06,0.045,0.01,0.03
YKR063C,0.06,0.01,0.11,0.07,0.025,0.045,0.03,0.045,0.05,0.125,0.02,0.02,0.05,0.045,0.07,0.05,0.045,0.05,0.035,0.045
YKR067W,0.08,0.01,0.035,0.035,0.07,0.045,0.03,0.07,0.07,0.07,0.02,0.065,0.085,0.03,0.055,0.075,0.045,0.07,0.005,0.035
YKR068C,0.03626943005181347,0.031088082901554404,0.07253886010362694,0.07253886010362694,0.04145077720207254,0.04145077720207254,0.010362694300518135,0.07772020725388601,0.07253886010362694,0.11917098445595854,0.031088082901554404,0.06735751295336788,0.025906735751295335,0.025906735751295335,0.03626943005181347,0.07253886010362694,0.06217616580310881,0.05699481865284974,0.02072538860103627,0.025906735751295335
YKR071C,0.05,0.005,0.055,0.045,0.04,0.03,0.015,0.065,0.14,0.095,0.015,0.055,0.065,0.035,0.01,0.1,0.085,0.06,0.005,0.03
YKR076W,0.06,0.01,0.08,0.065,0.045,0.045,0.04,0.055,0.075,0.07,0.015,0.03,0.03,0.035,0.055,0.1,0.055,0.06,0.035,0.04
YKR081C,0.05,0.01,0.075,0.04,0.085,0.04,0.02,0.05,0.11,0.1,0.055,0.055,0.045,0.04,0.045,0.055,0.05,0.06,0.0,0.015
YKR082W,0.04,0.005,0.075,0.085,0.035,0.035,0.03,0.085,0.06,0.095,0.025,0.075,0.04,0.045,0.03,0.095,0.045,0.05,0.005,0.045
YKR083C,0.045112781954887216,0.0,0.10526315789473684,0.12781954887218044,0.0,0.05263157894736842,0.0,0.08270676691729323,0.07518796992481203,0.09774436090225563,0.03759398496240601,0.08270676691729323,0.022556390977443608,0.07518796992481203,0.022556390977443608,0.07518796992481203,0.03759398496240601,0.03007518796992481,0.015037593984962405,0.015037593984962405
YKR087C,0.04,0.015,0.05,0.03,0.065,0.07,0.015,0.085,0.07,0.09,0.01,0.05,0.06,0.03,0.06,0.1,0.04,0.055,0.015,0.05
YKR089C,0.025,0.015,0.09,0.1,0.025,0.045,0.005,0.055,0.1,0.09,0.02,0.075,0.025,0.055,0.04,0.08,0.07,0.045,0.01,0.03
YKR102W,0.09,0.04,0.07,0.04,0.045,0.08,0.0,0.025,0.055,0.07,0.02,0.045,0.04,0.025,0.015,0.105,0.1,0.065,0.005,0.065
YGR185C,0.085,0.015,0.065,0.045,0.045,0.05,0.015,0.055,0.07,0.125,0.025,0.045,0.05,0.05,0.035,0.04,0.045,0.095,0.005,0.04
YMR024W,0.07,0.015,0.01,0.04,0.03,0.03,0.035,0.05,0.08,0.12,0.015,0.06,0.065,0.04,0.05,0.105,0.08,0.05,0.01,0.045
YLR439W,0.035,0.01,0.065,0.06,0.05,0.015,0.05,0.05,0.07,0.105,0.01,0.065,0.085,0.035,0.08,0.095,0.055,0.025,0.025,0.015
YNL284C,0.055,0.0,0.02,0.025,0.06,0.115,0.015,0.055,0.115,0.105,0.025,0.04,0.05,0.04,0.065,0.08,0.05,0.05,0.01,0.025
YMR193W,0.04,0.0,0.03,0.06,0.04,0.075,0.01,0.08,0.165,0.06,0.02,0.055,0.055,0.035,0.065,0.065,0.045,0.04,0.02,0.04
YNL252C,0.05,0.0,0.055,0.075,0.04,0.04,0.02,0.05,0.125,0.1,0.02,0.05,0.055,0.03,0.055,0.09,0.05,0.05,0.015,0.03
YBR122C,0.03954802259887006,0.0,0.07344632768361582,0.062146892655367235,0.03389830508474576,0.05084745762711865,0.005649717514124294,0.05084745762711865,0.11864406779661017,0.07909604519774012,0.01694915254237288,0.04519774011299435,0.04519774011299435,0.04519774011299435,0.07344632768361582,0.13559322033898305,0.03954802259887006,0.05084745762711865,0.005649717514124294,0.02824858757062147
YBL022C,0.08,0.0,0.085,0.05,0.035,0.04,0.02,0.045,0.085,0.045,0.02,0.025,0.06,0.06,0.075,0.115,0.075,0.055,0.005,0.025
YMR105C,0.055,0.005,0.05,0.065,0.025,0.105,0.02,0.11,0.105,0.07,0.02,0.055,0.06,0.02,0.015,0.055,0.07,0.045,0.005,0.045
YJR040W,0.045,0.025,0.04,0.065,0.065,0.055,0.015,0.085,0.045,0.085,0.015,0.06,0.035,0.035,0.04,0.07,0.08,0.085,0.03,0.025
YLR058C,0.065,0.01,0.06,0.06,0.025,0.065,0.045,0.07,0.05,0.09,0.02,0.04,0.055,0.03,0.045,0.08,0.065,0.055,0.005,0.065
YBR263W,0.07,0.01,0.05,0.055,0.025,0.09,0.035,0.045,0.05,0.115,0.035,0.035,0.055,0.05,0.04,0.095,0.035,0.05,0.005,0.055
YMR054W,0.055,0.01,0.095,0.12,0.045,0.03,0.01,0.065,0.035,0.095,0.05,0.055,0.03,0.045,0.065,0.05,0.045,0.075,0.005,0.02
YDR178W,0.06629834254143646,0.011049723756906077,0.03314917127071823,0.049723756906077346,0.049723756906077346,0.0718232044198895,0.016574585635359115,0.03867403314917127,0.0718232044198895,0.09392265193370165,0.055248618784530384,0.027624309392265192,0.06077348066298342,0.016574585635359115,0.03314917127071823,0.08839779005524862,0.0718232044198895,0.0718232044198895,0.016574585635359115,0.055248618784530384
YHR001W-A,0.05194805194805195,0.0,0.03896103896103896,0.03896103896103896,0.05194805194805195,0.09090909090909091,0.03896103896103896,0.012987012987012988,0.06493506493506493,0.16883116883116883,0.03896103896103896,0.025974025974025976,0.09090909090909091,0.012987012987012988,0.025974025974025976,0.07792207792207792,0.09090909090909091,0.012987012987012988,0.025974025974025976,0.03896103896103896
YLR337C,0.14,0.0,0.025,0.005,0.0,0.095,0.01,0.065,0.055,0.05,0.03,0.03,0.24,0.015,0.025,0.145,0.015,0.055,0.0,0.0
YPL043W,0.055,0.01,0.09,0.075,0.055,0.055,0.01,0.055,0.12,0.045,0.025,0.05,0.04,0.02,0.065,0.075,0.06,0.085,0.005,0.005
YMR120C,0.105,0.005,0.08,0.075,0.03,0.07,0.03,0.075,0.065,0.095,0.015,0.03,0.03,0.02,0.055,0.06,0.055,0.07,0.0,0.035
YMR116C,0.075,0.01,0.085,0.025,0.025,0.075,0.03,0.06,0.07,0.085,0.02,0.055,0.015,0.04,0.035,0.095,0.07,0.085,0.035,0.01
YLR109W,0.09090909090909091,0.017045454545454544,0.0625,0.056818181818181816,0.03977272727272727,0.0625,0.017045454545454544,0.0625,0.07954545454545454,0.045454545454545456,0.017045454545454544,0.03977272727272727,0.045454545454545456,0.028409090909090908,0.005681818181818182,0.09090909090909091,0.06818181818181818,0.11363636363636363,0.022727272727272728,0.03409090909090909
YBL085W,0.035,0.0,0.055,0.1,0.015,0.065,0.015,0.045,0.085,0.085,0.02,0.075,0.04,0.045,0.04,0.12,0.07,0.045,0.005,0.04
YBL084C,0.095,0.025,0.035,0.055,0.045,0.03,0.025,0.08,0.035,0.145,0.02,0.065,0.025,0.05,0.02,0.105,0.04,0.035,0.01,0.06
YBL068W,0.1,0.005,0.075,0.05,0.03,0.05,0.025,0.1,0.07,0.1,0.02,0.055,0.04,0.04,0.035,0.07,0.05,0.055,0.0,0.03
YBR006W,0.11,0.015,0.04,0.08,0.03,0.055,0.005,0.065,0.06,0.075,0.025,0.05,0.07,0.02,0.045,0.045,0.07,0.075,0.02,0.045
YBR015C,0.055,0.015,0.07,0.05,0.045,0.06,0.015,0.04,0.11,0.12,0.025,0.05,0.03,0.01,0.025,0.105,0.065,0.05,0.0,0.06
YBR028C,0.045,0.0,0.085,0.055,0.025,0.045,0.03,0.075,0.065,0.085,0.025,0.09,0.035,0.025,0.075,0.115,0.055,0.04,0.0,0.03
YBR026C,0.055,0.01,0.06,0.035,0.035,0.06,0.015,0.06,0.07,0.075,0.01,0.06,0.05,0.05,0.02,0.135,0.06,0.085,0.015,0.04
YBR034C,0.045,0.01,0.085,0.07,0.045,0.065,0.04,0.07,0.08,0.105,0.04,0.025,0.025,0.025,0.02,0.075,0.04,0.065,0.01,0.06
YBR035C,0.06,0.005,0.065,0.105,0.06,0.04,0.015,0.07,0.07,0.065,0.005,0.04,0.055,0.045,0.075,0.055,0.08,0.035,0.03,0.025
YBR039W,0.095,0.01,0.04,0.055,0.015,0.04,0.02,0.095,0.12,0.085,0.035,0.06,0.03,0.035,0.04,0.07,0.075,0.055,0.0,0.025
YBR068C,0.07,0.005,0.035,0.045,0.06,0.08,0.015,0.07,0.07,0.08,0.035,0.035,0.025,0.025,0.025,0.155,0.08,0.045,0.01,0.035
YBR069C,0.065,0.015,0.04,0.055,0.03,0.085,0.02,0.06,0.06,0.11,0.02,0.025,0.04,0.055,0.045,0.095,0.075,0.065,0.005,0.035
YBR073W,0.07,0.005,0.03,0.055,0.035,0.045,0.005,0.035,0.115,0.075,0.025,0.07,0.065,0.035,0.045,0.11,0.085,0.05,0.005,0.04
YBR121C,0.085,0.015,0.09,0.085,0.055,0.055,0.015,0.055,0.115,0.075,0.025,0.025,0.025,0.025,0.065,0.045,0.02,0.08,0.01,0.035
YBR139W,0.04,0.005,0.085,0.03,0.08,0.065,0.015,0.05,0.065,0.13,0.02,0.055,0.05,0.035,0.025,0.095,0.055,0.035,0.02,0.045
YBL088C,0.05,0.015,0.055,0.07,0.045,0.015,0.02,0.06,0.09,0.18,0.025,0.04,0.02,0.02,0.03,0.095,0.08,0.07,0.005,0.015
YBR136W,0.045,0.01,0.055,0.055,0.055,0.035,0.015,0.065,0.09,0.145,0.025,0.075,0.02,0.03,0.035,0.075,0.055,0.045,0.015,0.055
YBR142W,0.02,0.0,0.13,0.11,0.03,0.055,0.0,0.055,0.11,0.085,0.01,0.06,0.045,0.035,0.01,0.095,0.045,0.085,0.01,0.01
YBR149W,0.075,0.005,0.065,0.095,0.025,0.06,0.025,0.065,0.08,0.11,0.015,0.04,0.045,0.015,0.03,0.06,0.06,0.065,0.02,0.045
YBR164C,0.06557377049180328,0.00546448087431694,0.06557377049180328,0.07650273224043716,0.0273224043715847,0.07103825136612021,0.00546448087431694,0.07103825136612021,0.07103825136612021,0.13114754098360656,0.02185792349726776,0.03825136612021858,0.01639344262295082,0.03825136612021858,0.03278688524590164,0.08196721311475409,0.060109289617486336,0.06557377049180328,0.0273224043715847,0.0273224043715847
YBL035C,0.055,0.0,0.05,0.055,0.04,0.045,0.025,0.045,0.1,0.085,0.015,0.055,0.065,0.05,0.025,0.135,0.105,0.035,0.005,0.01
YBR175W,0.05,0.02,0.065,0.035,0.05,0.065,0.03,0.085,0.045,0.09,0.02,0.045,0.035,0.035,0.03,0.115,0.085,0.065,0.015,0.02
YBR180W,0.065,0.0,0.06,0.045,0.06,0.06,0.025,0.08,0.045,0.09,0.025,0.05,0.055,0.05,0.03,0.11,0.045,0.07,0.01,0.025
YBR192W,0.095,0.005,0.025,0.06,0.045,0.085,0.02,0.08,0.085,0.06,0.025,0.055,0.055,0.035,0.02,0.06,0.075,0.06,0.02,0.035
YBR182C,0.065,0.02,0.065,0.035,0.02,0.07,0.04,0.05,0.05,0.07,0.015,0.09,0.035,0.04,0.07,0.125,0.035,0.075,0.0,0.03
YBR198C,0.065,0.0,0.015,0.045,0.025,0.07,0.01,0.045,0.065,0.07,0.02,0.1,0.08,0.1,0.055,0.105,0.05,0.03,0.005,0.045
YBR205W,0.035,0.005,0.065,0.03,0.06,0.06,0.04,0.065,0.095,0.07,0.035,0.025,0.05,0.025,0.065,0.11,0.03,0.075,0.025,0.035
YBR202W,0.055,0.005,0.105,0.09,0.035,0.01,0.01,0.055,0.035,0.12,0.04,0.1,0.045,0.055,0.06,0.05,0.06,0.045,0.0,0.025
YBR222C,0.085,0.01,0.055,0.04,0.08,0.045,0.015,0.05,0.055,0.065,0.025,0.07,0.045,0.02,0.04,0.085,0.09,0.085,0.0,0.04
YBR229C,0.065,0.02,0.045,0.055,0.095,0.02,0.045,0.055,0.07,0.09,0.01,0.05,0.03,0.05,0.04,0.1,0.055,0.06,0.015,0.03
YBR204C,0.07,0.025,0.065,0.08,0.06,0.05,0.035,0.035,0.05,0.115,0.025,0.06,0.04,0.03,0.04,0.06,0.04,0.09,0.015,0.015
YBR239C,0.045,0.035,0.045,0.05,0.01,0.025,0.02,0.07,0.09,0.06,0.025,0.12,0.07,0.025,0.04,0.12,0.09,0.03,0.0,0.03
YBR244W,0.018518518518518517,0.024691358024691357,0.05555555555555555,0.06172839506172839,0.08024691358024691,0.08024691358024691,0.0,0.043209876543209874,0.13580246913580246,0.09259259259259259,0.012345679012345678,0.04938271604938271,0.030864197530864196,0.06790123456790123,0.006172839506172839,0.08641975308641975,0.037037037037037035,0.06790123456790123,0.006172839506172839,0.043209876543209874
YBR245C,0.055,0.01,0.07,0.11,0.07,0.045,0.035,0.04,0.13,0.095,0.02,0.055,0.035,0.035,0.05,0.06,0.025,0.025,0.0,0.035
YBR264C,0.07035175879396985,0.020100502512562814,0.04522613065326633,0.06532663316582915,0.03015075376884422,0.07035175879396985,0.01507537688442211,0.09045226130653267,0.08542713567839195,0.08040201005025126,0.01507537688442211,0.04522613065326633,0.02512562814070352,0.04522613065326633,0.02512562814070352,0.08542713567839195,0.07035175879396985,0.07537688442211055,0.010050251256281407,0.03015075376884422
YBR274W,0.06,0.025,0.085,0.045,0.035,0.065,0.03,0.06,0.075,0.1,0.035,0.035,0.05,0.045,0.03,0.07,0.02,0.095,0.005,0.035
YBR281C,0.04,0.01,0.065,0.06,0.055,0.06,0.03,0.08,0.045,0.12,0.005,0.04,0.025,0.025,0.045,0.13,0.065,0.055,0.01,0.035
YBR288C,0.035,0.025,0.065,0.055,0.045,0.025,0.015,0.07,0.07,0.115,0.015,0.06,0.035,0.07,0.035,0.105,0.045,0.055,0.01,0.05
YBL103C,0.045,0.0,0.075,0.06,0.02,0.05,0.035,0.03,0.02,0.085,0.05,0.09,0.055,0.075,0.03,0.135,0.085,0.02,0.0,0.04
YBL101C,0.05,0.0,0.055,0.03,0.025,0.06,0.025,0.04,0.05,0.075,0.01,0.08,0.055,0.06,0.075,0.175,0.09,0.035,0.0,0.01
YBL098W,0.065,0.02,0.075,0.07,0.03,0.065,0.03,0.085,0.075,0.105,0.035,0.045,0.02,0.04,0.045,0.07,0.045,0.035,0.005,0.04
YBL097W,0.05,0.005,0.105,0.08,0.04,0.075,0.0,0.06,0.055,0.085,0.03,0.105,0.02,0.02,0.05,0.06,0.075,0.045,0.01,0.03
YBL091C,0.07,0.005,0.09,0.095,0.02,0.055,0.025,0.04,0.125,0.07,0.035,0.06,0.04,0.035,0.055,0.04,0.045,0.055,0.01,0.03
YBL079W,0.055,0.005,0.055,0.055,0.05,0.065,0.035,0.06,0.04,0.07,0.035,0.11,0.06,0.04,0.035,0.1,0.065,0.025,0.01,0.03
YBL078C,0.06837606837606838,0.008547008547008548,0.05982905982905983,0.08547008547008547,0.06837606837606838,0.03418803418803419,0.008547008547008548,0.08547008547008547,0.1111111111111111,0.05128205128205128,0.02564102564102564,0.02564102564102564,0.06837606837606838,0.017094017094017096,0.06837606837606838,0.05128205128205128,0.05128205128205128,0.05982905982905983,0.0,0.05128205128205128
YBL046W,0.02,0.02,0.09,0.08,0.055,0.03,0.015,0.075,0.075,0.105,0.045,0.085,0.035,0.03,0.035,0.05,0.06,0.055,0.015,0.025
YBL034C,0.055,0.005,0.03,0.065,0.07,0.015,0.03,0.075,0.06,0.135,0.02,0.1,0.04,0.04,0.04,0.095,0.04,0.04,0.005,0.04
YBL032W,0.125,0.01,0.045,0.055,0.025,0.085,0.03,0.11,0.06,0.065,0.005,0.07,0.045,0.02,0.035,0.085,0.05,0.065,0.0,0.015
YBL031W,0.03,0.0,0.06,0.05,0.04,0.035,0.035,0.065,0.075,0.06,0.03,0.105,0.055,0.055,0.07,0.13,0.055,0.03,0.0,0.02
YBL026W,0.010526315789473684,0.010526315789473684,0.07368421052631578,0.06315789473684211,0.06315789473684211,0.031578947368421054,0.010526315789473684,0.05263157894736842,0.08421052631578947,0.11578947368421053,0.031578947368421054,0.07368421052631578,0.010526315789473684,0.042105263157894736,0.06315789473684211,0.05263157894736842,0.07368421052631578,0.10526315789473684,0.0,0.031578947368421054
YBL024W,0.08,0.01,0.04,0.095,0.05,0.04,0.03,0.035,0.11,0.085,0.015,0.05,0.065,0.04,0.05,0.035,0.055,0.075,0.025,0.015
YBL019W,0.035,0.02,0.05,0.07,0.065,0.08,0.02,0.08,0.05,0.08,0.02,0.055,0.03,0.035,0.055,0.105,0.045,0.055,0.01,0.04
YBL018C,0.03759398496240601,0.015037593984962405,0.10526315789473684,0.07518796992481203,0.045112781954887216,0.03759398496240601,0.022556390977443608,0.06015037593984962,0.06766917293233082,0.09774436090225563,0.022556390977443608,0.022556390977443608,0.007518796992481203,0.045112781954887216,0.045112781954887216,0.10526315789473684,0.06015037593984962,0.06015037593984962,0.03007518796992481,0.03759398496240601
YBR004C,0.04,0.01,0.02,0.035,0.12,0.035,0.01,0.085,0.05,0.125,0.005,0.05,0.025,0.04,0.035,0.125,0.055,0.06,0.03,0.045
YBR005W,0.075,0.005,0.045,0.065,0.03,0.06,0.025,0.04,0.02,0.065,0.01,0.045,0.07,0.06,0.07,0.085,0.075,0.085,0.015,0.055
YBR017C,0.05,0.01,0.045,0.06,0.04,0.05,0.02,0.055,0.04,0.14,0.045,0.105,0.035,0.06,0.025,0.085,0.05,0.03,0.01,0.045
YBR029C,0.055,0.035,0.025,0.055,0.09,0.045,0.025,0.06,0.08,0.11,0.025,0.03,0.025,0.02,0.02,0.075,0.095,0.075,0.015,0.04
YBR041W,0.04,0.01,0.05,0.035,0.08,0.035,0.025,0.11,0.05,0.115,0.01,0.055,0.045,0.045,0.05,0.05,0.045,0.06,0.02,0.07
YBR043C,0.05,0.01,0.035,0.055,0.05,0.05,0.025,0.07,0.035,0.09,0.05,0.07,0.055,0.03,0.045,0.145,0.045,0.05,0.01,0.03
YBR044C,0.03,0.02,0.05,0.04,0.015,0.03,0.025,0.06,0.095,0.135,0.025,0.06,0.025,0.05,0.065,0.095,0.08,0.06,0.0,0.04
YBR046C,0.085,0.01,0.035,0.08,0.025,0.09,0.01,0.075,0.1,0.095,0.015,0.035,0.035,0.035,0.01,0.06,0.05,0.08,0.0,0.075
YBR057C,0.065,0.0,0.045,0.035,0.03,0.035,0.03,0.015,0.03,0.065,0.085,0.18,0.055,0.06,0.02,0.115,0.07,0.025,0.005,0.035
YBR058C,0.05,0.045,0.045,0.095,0.025,0.005,0.03,0.065,0.08,0.075,0.005,0.11,0.05,0.04,0.02,0.09,0.07,0.07,0.01,0.02
YBR061C,0.07,0.02,0.095,0.03,0.045,0.055,0.02,0.045,0.09,0.12,0.02,0.015,0.045,0.055,0.06,0.085,0.04,0.055,0.005,0.03
YBR065C,0.045,0.045,0.05,0.07,0.02,0.03,0.02,0.09,0.095,0.105,0.03,0.095,0.055,0.03,0.04,0.065,0.06,0.035,0.005,0.015
YBR070C,0.055,0.02,0.02,0.04,0.06,0.07,0.035,0.085,0.085,0.14,0.025,0.02,0.025,0.025,0.045,0.075,0.055,0.075,0.005,0.04
YBR074W,0.03,0.0,0.06,0.08,0.06,0.04,0.035,0.055,0.07,0.135,0.01,0.07,0.035,0.02,0.045,0.1,0.055,0.05,0.005,0.045
YBR077C,0.030864197530864196,0.012345679012345678,0.06172839506172839,0.07407407407407407,0.037037037037037035,0.043209876543209874,0.024691358024691357,0.07407407407407407,0.07407407407407407,0.11728395061728394,0.043209876543209874,0.08024691358024691,0.030864197530864196,0.018518518518518517,0.012345679012345678,0.10493827160493827,0.06172839506172839,0.04938271604938271,0.006172839506172839,0.043209876543209874
YBR078W,0.095,0.01,0.055,0.03,0.045,0.05,0.0,0.09,0.03,0.105,0.015,0.085,0.01,0.04,0.005,0.185,0.105,0.04,0.0,0.005
YBR079C,0.075,0.005,0.055,0.09,0.045,0.055,0.015,0.06,0.085,0.11,0.01,0.03,0.035,0.045,0.055,0.065,0.05,0.075,0.015,0.025
YBR086C,0.035,0.005,0.045,0.05,0.1,0.01,0.025,0.09,0.065,0.125,0.005,0.07,0.04,0.04,0.02,0.13,0.055,0.015,0.02,0.055
YBR087W,0.055,0.025,0.06,0.055,0.02,0.035,0.02,0.07,0.07,0.12,0.035,0.055,0.055,0.035,0.065,0.095,0.04,0.055,0.005,0.03
YBR095C,0.02,0.0,0.07,0.085,0.02,0.045,0.01,0.105,0.075,0.1,0.02,0.085,0.03,0.025,0.065,0.1,0.065,0.055,0.0,0.025
YBR098W,0.06,0.01,0.115,0.065,0.03,0.035,0.01,0.095,0.08,0.065,0.015,0.07,0.04,0.045,0.025,0.15,0.02,0.05,0.01,0.01
YBR101C,0.09,0.005,0.08,0.065,0.035,0.045,0.005,0.06,0.085,0.145,0.04,0.085,0.045,0.04,0.03,0.05,0.035,0.04,0.01,0.01
YBR102C,0.075,0.0,0.055,0.02,0.025,0.015,0.025,0.025,0.09,0.065,0.035,0.12,0.095,0.015,0.045,0.15,0.07,0.045,0.005,0.025
YBR103W,0.045,0.005,0.08,0.13,0.025,0.05,0.02,0.065,0.065,0.11,0.015,0.05,0.015,0.035,0.035,0.095,0.055,0.06,0.015,0.03
YBR105C,0.05,0.015,0.035,0.045,0.03,0.03,0.04,0.035,0.06,0.08,0.01,0.055,0.08,0.06,0.045,0.125,0.08,0.06,0.005,0.06
YBR106W,0.06382978723404255,0.005319148936170213,0.0425531914893617,0.05851063829787234,0.026595744680851064,0.07446808510638298,0.015957446808510637,0.10106382978723404,0.0851063829787234,0.06382978723404255,0.0851063829787234,0.03723404255319149,0.047872340425531915,0.031914893617021274,0.0425531914893617,0.06914893617021277,0.05319148936170213,0.047872340425531915,0.005319148936170213,0.0425531914893617
YBR107C,0.045,0.015,0.055,0.085,0.04,0.06,0.01,0.085,0.06,0.095,0.04,0.06,0.045,0.04,0.03,0.055,0.055,0.05,0.02,0.055
YBR108W,0.055,0.0,0.03,0.05,0.015,0.09,0.005,0.02,0.085,0.03,0.02,0.055,0.1,0.175,0.025,0.095,0.04,0.025,0.005,0.08
YBR128C,0.045,0.03,0.055,0.06,0.025,0.015,0.035,0.09,0.115,0.14,0.03,0.09,0.03,0.045,0.05,0.045,0.02,0.045,0.005,0.03
YBR129C,0.06,0.01,0.07,0.07,0.03,0.055,0.06,0.06,0.065,0.07,0.02,0.045,0.05,0.04,0.04,0.11,0.06,0.035,0.02,0.03
YBR130C,0.03,0.005,0.05,0.105,0.01,0.01,0.02,0.035,0.095,0.155,0.025,0.125,0.01,0.07,0.025,0.15,0.04,0.01,0.0,0.03
YBR131W,0.025,0.01,0.06,0.055,0.085,0.04,0.015,0.095,0.05,0.11,0.01,0.09,0.03,0.03,0.035,0.105,0.05,0.04,0.025,0.04
YBR133C,0.03,0.01,0.055,0.045,0.04,0.035,0.02,0.065,0.065,0.135,0.01,0.065,0.085,0.055,0.05,0.08,0.03,0.065,0.02,0.04
YBR147W,0.05,0.02,0.04,0.065,0.04,0.05,0.005,0.11,0.055,0.135,0.035,0.06,0.055,0.035,0.025,0.07,0.02,0.07,0.02,0.04
YBR152W,0.045,0.005,0.105,0.105,0.02,0.03,0.02,0.025,0.095,0.075,0.025,0.09,0.04,0.055,0.055,0.125,0.045,0.02,0.01,0.01
YBR156C,0.045,0.0,0.06,0.105,0.015,0.02,0.02,0.04,0.115,0.06,0.03,0.09,0.05,0.02,0.055,0.11,0.075,0.045,0.02,0.025
YBR158W,0.04,0.015,0.025,0.075,0.03,0.03,0.02,0.055,0.085,0.09,0.02,0.05,0.08,0.045,0.055,0.14,0.065,0.06,0.005,0.015
YBR159W,0.075,0.02,0.03,0.08,0.05,0.06,0.015,0.09,0.08,0.125,0.015,0.05,0.025,0.05,0.035,0.045,0.065,0.07,0.005,0.015
YBR161W,0.03,0.015,0.085,0.045,0.05,0.035,0.03,0.105,0.08,0.105,0.015,0.035,0.07,0.03,0.04,0.055,0.065,0.03,0.02,0.06
YBR163W,0.025,0.01,0.055,0.055,0.07,0.04,0.03,0.045,0.09,0.13,0.01,0.1,0.055,0.045,0.04,0.07,0.06,0.03,0.005,0.035
YBR167C,0.05,0.007142857142857143,0.06428571428571428,0.06428571428571428,0.02142857142857143,0.04285714285714286,0.04285714285714286,0.05714285714285714,0.14285714285714285,0.07857142857142857,0.02142857142857143,0.02857142857142857,0.014285714285714285,0.04285714285714286,0.02857142857142857,0.06428571428571428,0.1,0.1,0.0,0.02857142857142857
YBR179C,0.04,0.0,0.085,0.055,0.045,0.05,0.035,0.05,0.09,0.1,0.01,0.09,0.02,0.06,0.05,0.09,0.06,0.05,0.005,0.015
YBR183W,0.07,0.015,0.025,0.05,0.045,0.065,0.02,0.085,0.05,0.11,0.025,0.045,0.035,0.02,0.025,0.065,0.065,0.09,0.03,0.065
YBR185C,0.065,0.005,0.025,0.035,0.07,0.03,0.02,0.065,0.08,0.135,0.015,0.065,0.06,0.045,0.055,0.085,0.045,0.065,0.015,0.02
YBR187W,0.13,0.0,0.045,0.075,0.06,0.065,0.02,0.07,0.065,0.1,0.075,0.015,0.01,0.015,0.025,0.095,0.045,0.07,0.005,0.015
YBR188C,0.03571428571428571,0.007142857142857143,0.07142857142857142,0.09285714285714286,0.014285714285714285,0.05,0.007142857142857143,0.07857142857142857,0.1,0.07857142857142857,0.014285714285714285,0.07142857142857142,0.04285714285714286,0.08571428571428572,0.05714285714285714,0.06428571428571428,0.05714285714285714,0.05,0.0,0.02142857142857143
YBR193C,0.04,0.0,0.06,0.09,0.035,0.03,0.025,0.02,0.055,0.12,0.02,0.04,0.045,0.065,0.055,0.1,0.09,0.075,0.015,0.02
YBR201W,0.04,0.015,0.045,0.025,0.06,0.065,0.015,0.105,0.05,0.13,0.045,0.06,0.03,0.015,0.035,0.07,0.025,0.085,0.02,0.065
YBR207W,0.07,0.005,0.05,0.085,0.07,0.075,0.015,0.075,0.035,0.115,0.02,0.045,0.025,0.03,0.03,0.105,0.05,0.06,0.005,0.035
YBR211C,0.03,0.0,0.13,0.045,0.05,0.01,0.015,0.08,0.045,0.1,0.015,0.08,0.055,0.05,0.065,0.1,0.06,0.045,0.0,0.025
YBR217W,0.03763440860215054,0.016129032258064516,0.03763440860215054,0.08064516129032258,0.03763440860215054,0.03763440860215054,0.016129032258064516,0.08064516129032258,0.06451612903225806,0.06989247311827956,0.03225806451612903,0.06451612903225806,0.026881720430107527,0.08602150537634409,0.04838709677419355,0.14516129032258066,0.04838709677419355,0.043010752688172046,0.005376344086021506,0.021505376344086023
YBR223C,0.055,0.01,0.07,0.09,0.06,0.035,0.015,0.085,0.08,0.07,0.045,0.06,0.025,0.035,0.05,0.065,0.065,0.06,0.005,0.02
YBR227C,0.09,0.01,0.05,0.08,0.03,0.07,0.005,0.06,0.08,0.105,0.01,0.05,0.025,0.05,0.07,0.075,0.04,0.065,0.005,0.03
YBR228W,0.055,0.01,0.04,0.075,0.055,0.045,0.05,0.065,0.09,0.07,0.03,0.05,0.035,0.065,0.065,0.035,0.03,0.08,0.02,0.035
YBR231C,0.07,0.0,0.09,0.145,0.015,0.075,0.01,0.045,0.1,0.055,0.005,0.035,0.03,0.045,0.05,0.1,0.035,0.05,0.01,0.035
YBR234C,0.08,0.03,0.05,0.025,0.035,0.06,0.03,0.065,0.075,0.065,0.01,0.05,0.04,0.015,0.035,0.105,0.065,0.095,0.03,0.04
YBR235W,0.06,0.01,0.02,0.035,0.055,0.11,0.015,0.075,0.02,0.125,0.02,0.05,0.055,0.035,0.04,0.11,0.06,0.045,0.005,0.055
YBR246W,0.07,0.04,0.09,0.045,0.04,0.04,0.025,0.08,0.07,0.125,0.015,0.04,0.025,0.035,0.03,0.075,0.075,0.05,0.005,0.025
YBR247C,0.1,0.0,0.125,0.16,0.035,0.04,0.01,0.05,0.09,0.06,0.025,0.05,0.015,0.055,0.04,0.085,0.025,0.01,0.0,0.025
YBR254C,0.05142857142857143,0.005714285714285714,0.05714285714285714,0.04,0.05714285714285714,0.08,0.02857142857142857,0.06857142857142857,0.05142857142857143,0.07428571428571429,0.02857142857142857,0.09714285714285714,0.05142857142857143,0.04,0.04,0.07428571428571429,0.04,0.05714285714285714,0.005714285714285714,0.05142857142857143
YBR257W,0.03,0.02,0.06,0.065,0.03,0.03,0.01,0.06,0.13,0.155,0.015,0.08,0.03,0.055,0.045,0.045,0.065,0.025,0.005,0.045
YBR260C,0.065,0.01,0.05,0.075,0.035,0.03,0.03,0.04,0.135,0.105,0.035,0.03,0.015,0.05,0.035,0.115,0.075,0.04,0.005,0.025
YBR261C,0.06,0.015,0.1,0.06,0.03,0.08,0.025,0.06,0.07,0.07,0.03,0.035,0.045,0.04,0.03,0.035,0.06,0.1,0.025,0.03
YBR262C,0.02830188679245283,0.0,0.08490566037735849,0.03773584905660377,0.018867924528301886,0.07547169811320754,0.018867924528301886,0.04716981132075472,0.0660377358490566,0.0660377358490566,0.018867924528301886,0.05660377358490566,0.018867924528301886,0.03773584905660377,0.0660377358490566,0.08490566037735849,0.05660377358490566,0.10377358490566038,0.05660377358490566,0.05660377358490566
YBR265W,0.095,0.03,0.04,0.08,0.035,0.055,0.03,0.06,0.055,0.14,0.01,0.04,0.03,0.05,0.045,0.05,0.065,0.045,0.0,0.045
YBR267W,0.055,0.02,0.04,0.15,0.035,0.015,0.03,0.02,0.125,0.09,0.035,0.05,0.04,0.05,0.055,0.08,0.04,0.045,0.005,0.02
YBR269C,0.050724637681159424,0.007246376811594203,0.050724637681159424,0.08695652173913043,0.050724637681159424,0.08695652173913043,0.007246376811594203,0.050724637681159424,0.057971014492753624,0.07246376811594203,0.014492753623188406,0.050724637681159424,0.08695652173913043,0.043478260869565216,0.08695652173913043,0.057971014492753624,0.08695652173913043,0.021739130434782608,0.0,0.028985507246376812
YBR272C,0.045,0.01,0.1,0.085,0.035,0.01,0.0,0.06,0.06,0.17,0.02,0.07,0.035,0.01,0.05,0.065,0.05,0.095,0.0,0.03
YBR279W,0.025,0.0,0.115,0.035,0.025,0.03,0.015,0.06,0.105,0.12,0.025,0.06,0.06,0.04,0.05,0.065,0.06,0.065,0.01,0.035
YBR283C,0.055,0.005,0.045,0.035,0.105,0.085,0.0,0.115,0.045,0.135,0.01,0.04,0.055,0.035,0.02,0.04,0.055,0.095,0.0,0.025
YBR290W,0.055,0.005,0.075,0.09,0.035,0.1,0.02,0.09,0.02,0.07,0.025,0.065,0.035,0.055,0.04,0.08,0.075,0.03,0.005,0.03
YBR295W,0.035,0.065,0.09,0.11,0.01,0.085,0.035,0.035,0.035,0.05,0.02,0.065,0.02,0.035,0.05,0.1,0.08,0.075,0.0,0.005
YBR296C,0.145,0.01,0.025,0.015,0.07,0.09,0.01,0.11,0.02,0.1,0.03,0.04,0.015,0.015,0.02,0.115,0.055,0.08,0.025,0.01
YMR261C,0.1,0.01,0.025,0.07,0.03,0.03,0.03,0.04,0.025,0.06,0.025,0.08,0.075,0.045,0.035,0.195,0.05,0.06,0.0,0.015
YML100W,0.08,0.0,0.045,0.04,0.03,0.02,0.02,0.05,0.025,0.095,0.02,0.085,0.08,0.085,0.04,0.15,0.085,0.045,0.0,0.005
YMR264W,0.065,0.005,0.055,0.075,0.05,0.07,0.025,0.03,0.05,0.105,0.025,0.08,0.05,0.055,0.07,0.065,0.05,0.06,0.005,0.01
YMR263W,0.04,0.01,0.055,0.04,0.035,0.065,0.04,0.035,0.08,0.055,0.015,0.175,0.04,0.055,0.07,0.06,0.065,0.025,0.0,0.04
YOR123C,0.045,0.0,0.15,0.145,0.04,0.03,0.025,0.04,0.05,0.03,0.01,0.095,0.04,0.04,0.04,0.1,0.06,0.045,0.0,0.015
YOR232W,0.075,0.0,0.07,0.105,0.065,0.03,0.015,0.025,0.11,0.085,0.025,0.04,0.05,0.04,0.065,0.075,0.07,0.045,0.0,0.01
YER031C,0.09,0.005,0.07,0.075,0.035,0.07,0.015,0.06,0.06,0.085,0.015,0.075,0.01,0.03,0.04,0.105,0.055,0.05,0.01,0.045
YHR072W,0.055,0.015,0.055,0.05,0.05,0.08,0.04,0.06,0.045,0.1,0.015,0.03,0.09,0.035,0.05,0.06,0.06,0.045,0.03,0.035
YLR248W,0.045,0.0,0.1,0.08,0.035,0.03,0.015,0.08,0.11,0.06,0.015,0.05,0.045,0.045,0.01,0.15,0.06,0.055,0.0,0.015
YJL001W,0.085,0.02,0.065,0.045,0.025,0.095,0.02,0.08,0.07,0.06,0.02,0.04,0.015,0.025,0.035,0.08,0.085,0.075,0.01,0.05
YIL043C,0.045,0.005,0.06,0.04,0.035,0.085,0.035,0.1,0.09,0.095,0.035,0.045,0.06,0.025,0.025,0.045,0.06,0.085,0.0,0.03
YJR103W,0.04,0.01,0.065,0.06,0.025,0.11,0.03,0.095,0.055,0.09,0.02,0.025,0.04,0.035,0.04,0.06,0.07,0.095,0.005,0.03
YEL058W,0.075,0.02,0.06,0.055,0.035,0.05,0.025,0.035,0.045,0.11,0.03,0.04,0.035,0.045,0.045,0.07,0.085,0.085,0.005,0.05
YNL290W,0.08,0.01,0.04,0.08,0.04,0.04,0.015,0.06,0.075,0.105,0.015,0.06,0.045,0.03,0.08,0.05,0.07,0.065,0.005,0.035
YOR217W,0.06,0.005,0.06,0.06,0.03,0.045,0.005,0.045,0.12,0.06,0.01,0.05,0.075,0.015,0.035,0.16,0.07,0.09,0.0,0.005
YLR342W,0.06,0.0,0.095,0.045,0.03,0.1,0.005,0.03,0.0,0.03,0.045,0.065,0.095,0.105,0.025,0.095,0.055,0.015,0.005,0.1
YEL019C,0.04,0.03,0.08,0.065,0.015,0.025,0.02,0.08,0.08,0.1,0.015,0.06,0.085,0.045,0.015,0.08,0.08,0.03,0.01,0.045
YGL127C,0.03937007874015748,0.023622047244094488,0.023622047244094488,0.07874015748031496,0.03937007874015748,0.03937007874015748,0.0,0.06299212598425197,0.03937007874015748,0.12598425196850394,0.031496062992125984,0.09448818897637795,0.07874015748031496,0.07874015748031496,0.015748031496062992,0.06299212598425197,0.03937007874015748,0.03937007874015748,0.031496062992125984,0.05511811023622047
YLR079W,0.045,0.0,0.04,0.07,0.04,0.045,0.015,0.025,0.06,0.075,0.02,0.07,0.115,0.065,0.065,0.11,0.085,0.045,0.005,0.005
YNL259C,0.0273972602739726,0.0273972602739726,0.0547945205479452,0.0684931506849315,0.0273972602739726,0.0547945205479452,0.0136986301369863,0.0684931506849315,0.136986301369863,0.0958904109589041,0.0273972602739726,0.0273972602739726,0.0273972602739726,0.0410958904109589,0.0136986301369863,0.0684931506849315,0.0684931506849315,0.1095890410958904,0.0,0.0410958904109589
YIR011C,0.025,0.015,0.04,0.07,0.035,0.055,0.015,0.06,0.08,0.11,0.045,0.055,0.06,0.08,0.055,0.07,0.035,0.06,0.005,0.03
YER122C,0.04,0.02,0.07,0.035,0.05,0.05,0.02,0.02,0.1,0.075,0.025,0.1,0.035,0.045,0.03,0.115,0.075,0.065,0.015,0.015
YPL243W,0.095,0.01,0.045,0.065,0.025,0.025,0.03,0.045,0.135,0.135,0.005,0.07,0.005,0.04,0.055,0.055,0.05,0.055,0.005,0.05
YPL210C,0.055,0.025,0.08,0.065,0.04,0.02,0.03,0.055,0.08,0.13,0.025,0.055,0.025,0.065,0.035,0.07,0.04,0.05,0.0,0.055
YHL011C,0.105,0.005,0.08,0.035,0.03,0.05,0.02,0.095,0.055,0.095,0.03,0.04,0.045,0.03,0.075,0.07,0.055,0.065,0.0,0.02
YHR082C,0.05,0.02,0.115,0.08,0.015,0.055,0.03,0.09,0.095,0.06,0.02,0.065,0.01,0.03,0.035,0.085,0.035,0.045,0.0,0.065
YHR096C,0.05,0.015,0.045,0.05,0.045,0.115,0.01,0.09,0.055,0.075,0.025,0.045,0.025,0.035,0.035,0.105,0.06,0.07,0.01,0.04
YHR129C,0.06,0.02,0.06,0.065,0.03,0.09,0.01,0.055,0.04,0.115,0.04,0.05,0.045,0.055,0.03,0.06,0.04,0.075,0.01,0.05
YHR216W,0.055,0.005,0.065,0.05,0.045,0.08,0.01,0.065,0.055,0.09,0.04,0.055,0.05,0.03,0.04,0.07,0.095,0.08,0.0,0.02
YHL019C,0.01,0.01,0.075,0.06,0.05,0.035,0.025,0.08,0.115,0.11,0.01,0.055,0.04,0.025,0.03,0.12,0.04,0.075,0.01,0.025
YHL015W,0.024793388429752067,0.0,0.024793388429752067,0.09917355371900827,0.008264462809917356,0.03305785123966942,0.01652892561983471,0.09917355371900827,0.11570247933884298,0.049586776859504134,0.01652892561983471,0.049586776859504134,0.04132231404958678,0.09090909090909091,0.049586776859504134,0.05785123966942149,0.08264462809917356,0.11570247933884298,0.008264462809917356,0.01652892561983471
YHL003C,0.06,0.01,0.06,0.035,0.08,0.05,0.02,0.045,0.065,0.08,0.05,0.035,0.03,0.015,0.06,0.095,0.055,0.075,0.02,0.06
YHR006W,0.045,0.015,0.075,0.07,0.025,0.02,0.005,0.06,0.075,0.11,0.005,0.07,0.09,0.05,0.02,0.13,0.05,0.065,0.0,0.02
YHR046C,0.035,0.015,0.065,0.06,0.045,0.075,0.015,0.075,0.1,0.075,0.02,0.045,0.04,0.025,0.015,0.085,0.08,0.085,0.005,0.04
YHR021C,0.07317073170731707,0.06097560975609756,0.024390243902439025,0.036585365853658534,0.036585365853658534,0.06097560975609756,0.036585365853658534,0.012195121951219513,0.08536585365853659,0.10975609756097561,0.012195121951219513,0.012195121951219513,0.04878048780487805,0.036585365853658534,0.04878048780487805,0.08536585365853659,0.12195121951219512,0.08536585365853659,0.0,0.012195121951219513
YHR065C,0.09,0.015,0.045,0.105,0.02,0.05,0.01,0.065,0.11,0.09,0.03,0.05,0.045,0.045,0.035,0.09,0.055,0.03,0.005,0.015
YHR073W,0.04,0.005,0.06,0.04,0.02,0.055,0.035,0.075,0.095,0.065,0.015,0.06,0.025,0.045,0.05,0.16,0.05,0.065,0.005,0.035
YHR104W,0.05,0.025,0.065,0.065,0.04,0.085,0.04,0.08,0.09,0.11,0.015,0.035,0.045,0.02,0.03,0.045,0.03,0.065,0.01,0.055
YNL257C,0.065,0.0,0.08,0.045,0.075,0.02,0.01,0.055,0.08,0.11,0.02,0.035,0.04,0.05,0.055,0.125,0.04,0.05,0.005,0.04
YHR169W,0.095,0.015,0.055,0.035,0.035,0.08,0.02,0.08,0.065,0.11,0.04,0.01,0.045,0.05,0.04,0.075,0.09,0.045,0.01,0.005
YHR183W,0.085,0.02,0.05,0.065,0.035,0.125,0.03,0.085,0.07,0.075,0.03,0.045,0.045,0.025,0.03,0.07,0.015,0.06,0.01,0.03
YHL040C,0.075,0.005,0.035,0.045,0.03,0.065,0.025,0.105,0.03,0.115,0.015,0.05,0.015,0.045,0.04,0.11,0.03,0.065,0.01,0.09
YHL031C,0.05,0.005,0.055,0.05,0.025,0.03,0.02,0.09,0.055,0.085,0.01,0.075,0.025,0.105,0.065,0.12,0.075,0.04,0.01,0.01
YHL030W,0.08,0.005,0.035,0.055,0.055,0.015,0.015,0.045,0.05,0.17,0.015,0.035,0.055,0.1,0.05,0.095,0.04,0.075,0.005,0.005
YHL023C,0.045,0.01,0.04,0.045,0.02,0.045,0.035,0.04,0.035,0.075,0.01,0.09,0.06,0.035,0.015,0.22,0.115,0.03,0.0,0.035
YHL002W,0.06,0.01,0.08,0.085,0.015,0.015,0.015,0.045,0.1,0.125,0.025,0.045,0.035,0.08,0.04,0.1,0.035,0.06,0.005,0.025
YHL001W,0.15217391304347827,0.007246376811594203,0.028985507246376812,0.036231884057971016,0.021739130434782608,0.057971014492753624,0.0,0.057971014492753624,0.12318840579710146,0.07971014492753623,0.014492753623188406,0.014492753623188406,0.028985507246376812,0.050724637681159424,0.07971014492753623,0.050724637681159424,0.050724637681159424,0.10869565217391304,0.028985507246376812,0.007246376811594203
YHR001W,0.075,0.005,0.05,0.05,0.035,0.055,0.03,0.075,0.065,0.105,0.025,0.07,0.065,0.04,0.025,0.1,0.04,0.05,0.015,0.025
YHR004C,0.04,0.01,0.055,0.07,0.025,0.015,0.025,0.065,0.1,0.11,0.01,0.095,0.045,0.04,0.04,0.12,0.04,0.06,0.01,0.025
YHR009C,0.045,0.01,0.04,0.075,0.03,0.08,0.045,0.065,0.05,0.07,0.015,0.06,0.06,0.025,0.045,0.15,0.04,0.045,0.01,0.04
YHR031C,0.065,0.005,0.055,0.045,0.045,0.05,0.02,0.03,0.085,0.06,0.025,0.05,0.04,0.04,0.065,0.205,0.075,0.02,0.005,0.015
YHR034C,0.055,0.05,0.09,0.085,0.03,0.03,0.025,0.1,0.085,0.075,0.025,0.035,0.055,0.03,0.055,0.055,0.01,0.07,0.02,0.02
YHR036W,0.06,0.0,0.08,0.175,0.03,0.035,0.02,0.055,0.03,0.06,0.02,0.07,0.065,0.035,0.035,0.105,0.055,0.065,0.0,0.005
YHR050W,0.1,0.01,0.04,0.035,0.04,0.06,0.02,0.07,0.03,0.115,0.035,0.055,0.035,0.035,0.04,0.08,0.07,0.075,0.01,0.045
YHR052W,0.055,0.005,0.075,0.08,0.04,0.035,0.005,0.065,0.175,0.095,0.01,0.06,0.03,0.02,0.015,0.1,0.045,0.065,0.005,0.02
YHR056C,0.055,0.03,0.06,0.01,0.04,0.06,0.015,0.04,0.05,0.015,0.05,0.115,0.065,0.075,0.045,0.095,0.065,0.075,0.005,0.035
YHR058C,0.035,0.0,0.05,0.075,0.05,0.045,0.005,0.065,0.045,0.09,0.04,0.07,0.06,0.075,0.045,0.075,0.05,0.06,0.015,0.05
YHR061C,0.035,0.0,0.07,0.06,0.035,0.035,0.035,0.05,0.1,0.08,0.045,0.08,0.06,0.04,0.04,0.12,0.05,0.045,0.005,0.015
YHR062C,0.045,0.01,0.055,0.025,0.035,0.055,0.02,0.085,0.06,0.12,0.02,0.055,0.04,0.035,0.065,0.105,0.06,0.075,0.005,0.03
YHR064C,0.105,0.01,0.06,0.075,0.05,0.075,0.015,0.075,0.065,0.065,0.005,0.06,0.05,0.035,0.03,0.07,0.035,0.1,0.0,0.02
YHR066W,0.03,0.005,0.05,0.04,0.05,0.05,0.02,0.05,0.1,0.095,0.035,0.065,0.06,0.065,0.065,0.07,0.065,0.08,0.0,0.005
YHR069C,0.04,0.005,0.07,0.06,0.025,0.095,0.025,0.05,0.05,0.09,0.035,0.065,0.025,0.03,0.06,0.11,0.05,0.075,0.01,0.03
YHR070W,0.05,0.015,0.04,0.075,0.07,0.03,0.03,0.065,0.095,0.095,0.02,0.06,0.08,0.02,0.04,0.065,0.045,0.08,0.005,0.02
YHR076W,0.085,0.015,0.06,0.04,0.05,0.095,0.02,0.055,0.075,0.05,0.01,0.045,0.03,0.025,0.045,0.125,0.055,0.065,0.01,0.045
YHR080C,0.075,0.0,0.045,0.07,0.045,0.07,0.04,0.04,0.085,0.06,0.01,0.085,0.045,0.035,0.055,0.105,0.085,0.045,0.005,0.0
YHR081W,0.04891304347826087,0.0,0.06521739130434782,0.08695652173913043,0.02717391304347826,0.03804347826086957,0.010869565217391304,0.06521739130434782,0.16847826086956522,0.09782608695652174,0.02717391304347826,0.05434782608695652,0.021739130434782608,0.03260869565217391,0.043478260869565216,0.10869565217391304,0.03804347826086957,0.03804347826086957,0.0,0.02717391304347826
YHR085W,0.03,0.015,0.055,0.03,0.03,0.045,0.04,0.08,0.115,0.115,0.02,0.045,0.025,0.07,0.045,0.075,0.075,0.07,0.01,0.01
YHR088W,0.03,0.005,0.04,0.115,0.055,0.035,0.025,0.1,0.115,0.07,0.015,0.09,0.04,0.015,0.065,0.035,0.07,0.055,0.0,0.025
YHR090C,0.055,0.01,0.05,0.115,0.015,0.03,0.015,0.06,0.12,0.105,0.01,0.035,0.045,0.05,0.05,0.13,0.035,0.06,0.0,0.01
YHR098C,0.06,0.015,0.035,0.035,0.05,0.065,0.03,0.02,0.02,0.075,0.035,0.035,0.09,0.095,0.04,0.135,0.09,0.045,0.0,0.03
YHR099W,0.04,0.01,0.075,0.095,0.065,0.015,0.01,0.065,0.065,0.135,0.03,0.055,0.05,0.07,0.03,0.09,0.04,0.025,0.0,0.035
YHR105W,0.05,0.015,0.055,0.065,0.04,0.025,0.025,0.065,0.07,0.09,0.01,0.07,0.055,0.045,0.06,0.11,0.06,0.04,0.02,0.03
YHR108W,0.095,0.015,0.04,0.06,0.025,0.03,0.04,0.08,0.08,0.13,0.02,0.045,0.06,0.05,0.06,0.075,0.015,0.03,0.005,0.045
YHR111W,0.06,0.015,0.055,0.065,0.01,0.09,0.02,0.045,0.035,0.125,0.015,0.055,0.03,0.045,0.055,0.07,0.06,0.1,0.0,0.05
YHR113W,0.06,0.005,0.05,0.045,0.05,0.08,0.04,0.065,0.095,0.08,0.01,0.04,0.045,0.03,0.055,0.085,0.05,0.07,0.02,0.025
YHR114W,0.055,0.01,0.08,0.09,0.03,0.03,0.02,0.05,0.125,0.075,0.04,0.085,0.015,0.025,0.035,0.09,0.06,0.035,0.015,0.035
YHR115C,0.085,0.0,0.035,0.025,0.035,0.055,0.025,0.085,0.02,0.06,0.01,0.11,0.085,0.03,0.055,0.11,0.115,0.05,0.0,0.01
YHR117W,0.1,0.005,0.05,0.06,0.04,0.06,0.01,0.05,0.115,0.07,0.005,0.075,0.035,0.075,0.045,0.07,0.04,0.045,0.0,0.05
YHR118C,0.04,0.02,0.055,0.08,0.03,0.03,0.02,0.035,0.095,0.09,0.04,0.065,0.08,0.055,0.045,0.1,0.045,0.04,0.01,0.025
YHR119W,0.035,0.0,0.045,0.03,0.035,0.05,0.05,0.015,0.065,0.045,0.015,0.085,0.045,0.08,0.09,0.155,0.04,0.025,0.005,0.09
YHR121W,0.016042780748663103,0.0053475935828877,0.053475935828877004,0.06951871657754011,0.0481283422459893,0.058823529411764705,0.0106951871657754,0.09090909090909091,0.12299465240641712,0.0748663101604278,0.0053475935828877,0.0481283422459893,0.026737967914438502,0.06951871657754011,0.0374331550802139,0.08021390374331551,0.058823529411764705,0.0962566844919786,0.0106951871657754,0.016042780748663103
YHR124W,0.025,0.02,0.1,0.08,0.05,0.03,0.02,0.05,0.065,0.095,0.01,0.04,0.065,0.04,0.06,0.065,0.075,0.075,0.005,0.03
YHR132C,0.05,0.01,0.07,0.075,0.05,0.05,0.02,0.07,0.03,0.11,0.03,0.06,0.03,0.04,0.045,0.06,0.06,0.07,0.025,0.045
YHR134W,0.03,0.01,0.035,0.055,0.035,0.09,0.05,0.06,0.09,0.105,0.045,0.065,0.045,0.04,0.065,0.055,0.045,0.045,0.005,0.03
YHR137W,0.055,0.005,0.075,0.07,0.08,0.045,0.015,0.06,0.055,0.065,0.035,0.055,0.07,0.015,0.04,0.11,0.065,0.06,0.015,0.01
YHR142W,0.085,0.03,0.04,0.01,0.07,0.075,0.015,0.115,0.035,0.135,0.02,0.05,0.035,0.015,0.025,0.07,0.065,0.06,0.015,0.035
YHR143W,0.065,0.0,0.01,0.045,0.05,0.025,0.0,0.06,0.025,0.055,0.005,0.03,0.03,0.02,0.015,0.31,0.15,0.075,0.0,0.03
YHR154W,0.025,0.02,0.045,0.04,0.06,0.02,0.04,0.065,0.065,0.115,0.02,0.075,0.045,0.035,0.03,0.1,0.075,0.07,0.01,0.045
YHR155W,0.06,0.0,0.065,0.055,0.06,0.015,0.025,0.05,0.055,0.115,0.025,0.065,0.04,0.04,0.04,0.11,0.08,0.045,0.005,0.05
YHR160C,0.03,0.005,0.055,0.105,0.065,0.035,0.025,0.065,0.055,0.08,0.005,0.12,0.055,0.04,0.04,0.105,0.06,0.03,0.005,0.02
YHR161C,0.05,0.005,0.07,0.05,0.035,0.06,0.015,0.08,0.09,0.12,0.015,0.065,0.015,0.03,0.06,0.075,0.04,0.05,0.005,0.07
YHR162W,0.06976744186046512,0.015503875968992248,0.023255813953488372,0.031007751937984496,0.06201550387596899,0.06976744186046512,0.007751937984496124,0.06976744186046512,0.05426356589147287,0.10077519379844961,0.015503875968992248,0.03875968992248062,0.031007751937984496,0.031007751937984496,0.07751937984496124,0.12403100775193798,0.06976744186046512,0.046511627906976744,0.03875968992248062,0.023255813953488372
YHR164C,0.06,0.0,0.055,0.055,0.015,0.02,0.01,0.055,0.12,0.045,0.02,0.09,0.07,0.065,0.045,0.115,0.06,0.075,0.005,0.02
YHR170W,0.06,0.05,0.045,0.06,0.045,0.04,0.03,0.095,0.04,0.09,0.02,0.035,0.045,0.06,0.075,0.04,0.09,0.05,0.015,0.015
YHR171W,0.03,0.035,0.075,0.045,0.08,0.02,0.02,0.05,0.09,0.12,0.005,0.06,0.045,0.04,0.045,0.085,0.035,0.07,0.02,0.03
YHR172W,0.03,0.0,0.05,0.11,0.055,0.025,0.005,0.08,0.075,0.11,0.025,0.055,0.045,0.035,0.08,0.05,0.045,0.06,0.01,0.055
YHR181W,0.06,0.02,0.03,0.04,0.105,0.04,0.015,0.075,0.04,0.135,0.01,0.035,0.055,0.02,0.045,0.075,0.065,0.07,0.01,0.055
YHR182W,0.04,0.02,0.07,0.085,0.045,0.02,0.01,0.07,0.1,0.1,0.025,0.085,0.02,0.035,0.05,0.09,0.045,0.05,0.01,0.03
YHR186C,0.035,0.02,0.075,0.055,0.04,0.045,0.025,0.045,0.08,0.085,0.02,0.055,0.07,0.07,0.065,0.045,0.05,0.055,0.015,0.05
YHR187W,0.05,0.015,0.06,0.055,0.04,0.015,0.03,0.1,0.055,0.095,0.025,0.055,0.045,0.04,0.025,0.09,0.09,0.065,0.005,0.045
YHR188C,0.085,0.005,0.05,0.055,0.07,0.05,0.02,0.03,0.025,0.14,0.025,0.04,0.065,0.045,0.04,0.105,0.055,0.03,0.025,0.04
YHR192W,0.07,0.005,0.06,0.055,0.04,0.035,0.025,0.055,0.11,0.14,0.01,0.05,0.005,0.05,0.035,0.08,0.055,0.04,0.025,0.055
YHR193C,0.13793103448275862,0.0,0.06896551724137931,0.08620689655172414,0.022988505747126436,0.06321839080459771,0.005747126436781609,0.06896551724137931,0.09195402298850575,0.05747126436781609,0.022988505747126436,0.08045977011494253,0.028735632183908046,0.06896551724137931,0.022988505747126436,0.05172413793103448,0.028735632183908046,0.08045977011494253,0.0,0.011494252873563218
YHR195W,0.035,0.005,0.065,0.105,0.035,0.05,0.025,0.055,0.065,0.13,0.01,0.06,0.03,0.03,0.07,0.075,0.05,0.07,0.015,0.02
YHR196W,0.025,0.015,0.11,0.05,0.05,0.05,0.02,0.085,0.08,0.07,0.015,0.07,0.015,0.04,0.02,0.1,0.05,0.095,0.01,0.03
YHR197W,0.055,0.01,0.02,0.05,0.045,0.035,0.02,0.095,0.07,0.15,0.01,0.05,0.04,0.03,0.04,0.1,0.085,0.06,0.005,0.03
YHR202W,0.05,0.01,0.095,0.04,0.06,0.065,0.03,0.075,0.045,0.105,0.02,0.035,0.035,0.05,0.045,0.07,0.06,0.06,0.015,0.035
YHR204W,0.055,0.02,0.095,0.05,0.05,0.045,0.02,0.06,0.055,0.135,0.015,0.035,0.05,0.025,0.05,0.05,0.07,0.06,0.01,0.05
YHR206W,0.045,0.005,0.045,0.055,0.055,0.05,0.035,0.04,0.075,0.07,0.025,0.125,0.045,0.045,0.05,0.085,0.07,0.05,0.01,0.02
YHR207C,0.05,0.035,0.09,0.075,0.035,0.045,0.04,0.08,0.11,0.095,0.01,0.035,0.03,0.025,0.04,0.055,0.06,0.045,0.015,0.03
YHR208W,0.06,0.01,0.025,0.05,0.045,0.08,0.025,0.055,0.08,0.105,0.03,0.04,0.085,0.025,0.05,0.065,0.085,0.035,0.01,0.04
YHR211W,0.085,0.04,0.04,0.025,0.055,0.1,0.01,0.07,0.03,0.06,0.025,0.05,0.05,0.04,0.005,0.115,0.09,0.035,0.015,0.06
YOL005C,0.10833333333333334,0.008333333333333333,0.075,0.08333333333333333,0.075,0.041666666666666664,0.016666666666666666,0.05,0.09166666666666666,0.125,0.008333333333333333,0.075,0.041666666666666664,0.016666666666666666,0.041666666666666664,0.016666666666666666,0.06666666666666667,0.03333333333333333,0.008333333333333333,0.016666666666666666
YOR014W,0.055,0.0,0.025,0.03,0.005,0.065,0.03,0.015,0.125,0.02,0.015,0.01,0.045,0.055,0.025,0.325,0.115,0.04,0.0,0.0
YDR254W,0.025,0.01,0.06,0.04,0.055,0.045,0.02,0.065,0.085,0.15,0.02,0.055,0.06,0.03,0.04,0.06,0.045,0.07,0.015,0.05
YOR020C,0.09433962264150944,0.0,0.0660377358490566,0.04716981132075472,0.02830188679245283,0.07547169811320754,0.0,0.0660377358490566,0.10377358490566038,0.10377358490566038,0.018867924528301886,0.04716981132075472,0.04716981132075472,0.05660377358490566,0.02830188679245283,0.04716981132075472,0.03773584905660377,0.12264150943396226,0.0,0.009433962264150943
YML074C,0.045,0.0,0.145,0.17,0.03,0.04,0.005,0.065,0.055,0.07,0.02,0.025,0.065,0.03,0.015,0.075,0.065,0.045,0.0,0.035
YLR055C,0.1,0.0,0.205,0.12,0.005,0.095,0.025,0.04,0.035,0.05,0.02,0.045,0.015,0.035,0.025,0.065,0.035,0.05,0.0,0.035
YMR167W,0.08,0.015,0.065,0.06,0.035,0.065,0.015,0.095,0.085,0.08,0.025,0.045,0.025,0.02,0.05,0.09,0.05,0.07,0.005,0.025
YNL004W,0.02,0.0,0.105,0.06,0.035,0.1,0.025,0.02,0.015,0.03,0.01,0.075,0.025,0.01,0.225,0.115,0.04,0.03,0.0,0.06
YOL122C,0.105,0.025,0.05,0.055,0.05,0.05,0.01,0.09,0.04,0.095,0.015,0.04,0.035,0.015,0.05,0.08,0.05,0.105,0.01,0.03
YIL139C,0.02,0.02,0.08,0.09,0.05,0.01,0.025,0.09,0.07,0.115,0.01,0.075,0.045,0.035,0.05,0.05,0.04,0.065,0.015,0.045
YIL140W,0.05,0.005,0.06,0.035,0.065,0.035,0.005,0.04,0.03,0.12,0.01,0.085,0.05,0.035,0.025,0.135,0.09,0.055,0.01,0.06
YGL006W,0.06,0.0,0.05,0.055,0.045,0.04,0.005,0.055,0.095,0.1,0.02,0.105,0.04,0.045,0.04,0.08,0.025,0.075,0.015,0.05
YDR443C,0.065,0.015,0.05,0.045,0.04,0.035,0.035,0.06,0.075,0.13,0.03,0.055,0.07,0.035,0.035,0.09,0.03,0.05,0.01,0.045
YGL095C,0.03,0.02,0.045,0.1,0.05,0.02,0.02,0.065,0.065,0.145,0.005,0.055,0.025,0.05,0.06,0.085,0.05,0.075,0.005,0.03
YDR076W,0.01,0.025,0.035,0.055,0.065,0.075,0.02,0.12,0.065,0.115,0.025,0.05,0.03,0.06,0.04,0.075,0.06,0.05,0.005,0.02
YDR072C,0.07,0.01,0.035,0.01,0.145,0.01,0.03,0.1,0.05,0.12,0.015,0.065,0.05,0.03,0.04,0.065,0.035,0.04,0.03,0.05
YDR073W,0.10650887573964497,0.005917159763313609,0.01775147928994083,0.03550295857988166,0.011834319526627219,0.01775147928994083,0.011834319526627219,0.08284023668639054,0.023668639053254437,0.11834319526627218,0.011834319526627219,0.1834319526627219,0.04142011834319527,0.10059171597633136,0.03550295857988166,0.05917159763313609,0.0650887573964497,0.047337278106508875,0.005917159763313609,0.01775147928994083
YDR080W,0.035,0.025,0.155,0.06,0.045,0.055,0.02,0.08,0.04,0.04,0.01,0.06,0.035,0.04,0.035,0.11,0.1,0.04,0.0,0.015
YDR082W,0.01,0.03,0.07,0.055,0.045,0.06,0.03,0.08,0.055,0.12,0.03,0.025,0.015,0.065,0.045,0.07,0.05,0.045,0.025,0.075
YDR083W,0.045,0.005,0.06,0.105,0.03,0.04,0.01,0.04,0.155,0.07,0.025,0.06,0.055,0.07,0.04,0.06,0.05,0.05,0.015,0.015
YOL020W,0.055,0.005,0.045,0.04,0.065,0.095,0.03,0.095,0.05,0.065,0.015,0.045,0.035,0.03,0.04,0.12,0.05,0.08,0.02,0.02
YDL195W,0.1,0.005,0.06,0.045,0.045,0.045,0.025,0.05,0.06,0.09,0.02,0.09,0.025,0.02,0.01,0.16,0.05,0.06,0.03,0.01
YDL092W,0.04794520547945205,0.0136986301369863,0.04794520547945205,0.06164383561643835,0.0410958904109589,0.0547945205479452,0.0273972602739726,0.0410958904109589,0.15753424657534246,0.06164383561643835,0.02054794520547945,0.0547945205479452,0.03424657534246575,0.0273972602739726,0.03424657534246575,0.11643835616438356,0.06164383561643835,0.06164383561643835,0.00684931506849315,0.0273972602739726
YFR031C,0.055,0.005,0.04,0.05,0.04,0.065,0.005,0.085,0.075,0.09,0.03,0.065,0.03,0.06,0.045,0.09,0.085,0.065,0.005,0.015
YER129W,0.05,0.01,0.04,0.06,0.02,0.035,0.035,0.07,0.12,0.075,0.02,0.055,0.025,0.045,0.06,0.15,0.055,0.065,0.0,0.01
YPL209C,0.015,0.01,0.02,0.06,0.035,0.04,0.03,0.055,0.135,0.1,0.03,0.085,0.065,0.03,0.07,0.09,0.04,0.045,0.005,0.04
YDR297W,0.1,0.0,0.025,0.05,0.075,0.05,0.06,0.07,0.05,0.1,0.055,0.03,0.05,0.015,0.035,0.05,0.04,0.065,0.02,0.06
YMR058W,0.035,0.01,0.07,0.03,0.05,0.07,0.03,0.045,0.025,0.095,0.045,0.085,0.05,0.035,0.015,0.07,0.105,0.055,0.025,0.055
YDR208W,0.005,0.005,0.075,0.055,0.005,0.01,0.05,0.055,0.05,0.08,0.015,0.125,0.075,0.025,0.055,0.185,0.075,0.035,0.0,0.02
YDR270W,0.04,0.05,0.065,0.11,0.025,0.06,0.01,0.09,0.05,0.075,0.03,0.035,0.01,0.025,0.025,0.09,0.1,0.1,0.0,0.01
YPL190C,0.03,0.0,0.19,0.315,0.01,0.04,0.02,0.025,0.06,0.025,0.01,0.085,0.02,0.025,0.025,0.06,0.025,0.035,0.0,0.0
YIR034C,0.125,0.005,0.06,0.06,0.05,0.07,0.03,0.06,0.075,0.08,0.015,0.025,0.055,0.035,0.05,0.025,0.07,0.06,0.015,0.035
YDR207C,0.095,0.01,0.08,0.04,0.005,0.035,0.045,0.03,0.055,0.06,0.025,0.075,0.07,0.04,0.025,0.145,0.115,0.03,0.0,0.02
YIL009W,0.07,0.01,0.04,0.07,0.035,0.065,0.04,0.08,0.1,0.07,0.05,0.03,0.035,0.025,0.045,0.07,0.055,0.06,0.02,0.03
YDR343C,0.065,0.01,0.035,0.05,0.04,0.11,0.025,0.145,0.05,0.055,0.03,0.025,0.035,0.025,0.035,0.09,0.04,0.09,0.01,0.035
YDR342C,0.065,0.01,0.035,0.05,0.04,0.11,0.025,0.145,0.05,0.055,0.03,0.025,0.035,0.025,0.035,0.09,0.04,0.09,0.01,0.035
YNL169C,0.065,0.005,0.03,0.035,0.055,0.055,0.005,0.04,0.055,0.105,0.04,0.065,0.04,0.035,0.1,0.075,0.07,0.07,0.03,0.025
YGL022W,0.11,0.015,0.035,0.025,0.09,0.065,0.015,0.09,0.04,0.095,0.025,0.035,0.03,0.01,0.04,0.07,0.07,0.065,0.035,0.04
YNR052C,0.04,0.0,0.005,0.03,0.04,0.055,0.015,0.03,0.025,0.085,0.035,0.08,0.09,0.215,0.04,0.07,0.03,0.085,0.005,0.025
YDL101C,0.03,0.015,0.075,0.05,0.055,0.04,0.02,0.065,0.09,0.06,0.01,0.075,0.025,0.035,0.065,0.14,0.065,0.06,0.0,0.025
YDR264C,0.075,0.005,0.075,0.08,0.02,0.06,0.045,0.04,0.02,0.115,0.02,0.095,0.025,0.03,0.035,0.08,0.06,0.085,0.01,0.025
YPL161C,0.04,0.015,0.085,0.055,0.03,0.055,0.005,0.09,0.05,0.155,0.02,0.06,0.03,0.03,0.04,0.095,0.025,0.075,0.0,0.045
YLR088W,0.08,0.005,0.03,0.07,0.045,0.07,0.015,0.07,0.02,0.1,0.055,0.05,0.04,0.025,0.07,0.08,0.04,0.06,0.03,0.045
YNL084C,0.015,0.015,0.095,0.055,0.055,0.015,0.01,0.095,0.11,0.105,0.02,0.08,0.06,0.035,0.03,0.07,0.035,0.045,0.025,0.03
YIL046W,0.035,0.015,0.085,0.035,0.03,0.025,0.025,0.08,0.075,0.1,0.045,0.055,0.055,0.05,0.05,0.135,0.065,0.01,0.0,0.03
YLR150W,0.13,0.0,0.09,0.08,0.01,0.04,0.005,0.02,0.135,0.04,0.005,0.07,0.06,0.04,0.06,0.07,0.065,0.065,0.005,0.01
YGL178W,0.075,0.005,0.03,0.025,0.04,0.035,0.02,0.035,0.02,0.085,0.035,0.13,0.085,0.035,0.02,0.22,0.065,0.035,0.0,0.005
YPL042C,0.065,0.0,0.04,0.03,0.025,0.08,0.015,0.05,0.095,0.045,0.04,0.07,0.045,0.08,0.06,0.075,0.07,0.06,0.0,0.055
YDL143W,0.11,0.005,0.06,0.045,0.015,0.045,0.02,0.085,0.085,0.095,0.03,0.04,0.03,0.03,0.05,0.12,0.045,0.085,0.0,0.005
YDR228C,0.045,0.02,0.05,0.07,0.045,0.015,0.01,0.065,0.1,0.16,0.025,0.065,0.045,0.04,0.04,0.055,0.075,0.035,0.005,0.035
YNL267W,0.07,0.015,0.03,0.065,0.055,0.02,0.035,0.04,0.065,0.155,0.025,0.055,0.035,0.06,0.035,0.1,0.055,0.06,0.005,0.02
YMR008C,0.095,0.01,0.06,0.035,0.02,0.085,0.015,0.04,0.03,0.115,0.025,0.095,0.02,0.015,0.03,0.125,0.085,0.045,0.035,0.02
YPL050C,0.04,0.0,0.04,0.055,0.06,0.03,0.04,0.08,0.105,0.12,0.02,0.055,0.04,0.06,0.04,0.065,0.055,0.03,0.02,0.045
YDR142C,0.045,0.02,0.045,0.045,0.075,0.065,0.02,0.055,0.05,0.105,0.02,0.075,0.035,0.05,0.05,0.1,0.04,0.06,0.02,0.025
YDR135C,0.07,0.025,0.02,0.045,0.075,0.055,0.025,0.105,0.045,0.135,0.025,0.045,0.025,0.025,0.035,0.075,0.05,0.06,0.025,0.035
YGR020C,0.07627118644067797,0.0,0.07627118644067797,0.11016949152542373,0.059322033898305086,0.0423728813559322,0.025423728813559324,0.1016949152542373,0.07627118644067797,0.07627118644067797,0.00847457627118644,0.0423728813559322,0.0423728813559322,0.03389830508474576,0.05084745762711865,0.025423728813559324,0.09322033898305085,0.0423728813559322,0.0,0.01694915254237288
YMR287C,0.025,0.01,0.065,0.06,0.04,0.025,0.015,0.045,0.09,0.095,0.03,0.04,0.07,0.06,0.075,0.07,0.065,0.08,0.01,0.03
YMR280C,0.065,0.035,0.05,0.055,0.015,0.05,0.01,0.05,0.075,0.09,0.015,0.08,0.05,0.06,0.075,0.115,0.06,0.03,0.0,0.02
YJL143W,0.13291139240506328,0.02531645569620253,0.03164556962025317,0.02531645569620253,0.056962025316455694,0.14556962025316456,0.0189873417721519,0.056962025316455694,0.03164556962025317,0.06329113924050633,0.03164556962025317,0.03164556962025317,0.06962025316455696,0.02531645569620253,0.06329113924050633,0.06329113924050633,0.02531645569620253,0.06329113924050633,0.03164556962025317,0.006329113924050633
YJL191W,0.13043478260869565,0.007246376811594203,0.06521739130434782,0.028985507246376812,0.021739130434782608,0.10869565217391304,0.014492753623188406,0.043478260869565216,0.06521739130434782,0.050724637681159424,0.021739130434782608,0.021739130434782608,0.036231884057971016,0.028985507246376812,0.10869565217391304,0.057971014492753624,0.07971014492753623,0.09420289855072464,0.0,0.014492753623188406
YDL160C,0.065,0.015,0.075,0.05,0.035,0.065,0.01,0.07,0.075,0.105,0.03,0.075,0.045,0.025,0.055,0.04,0.095,0.06,0.005,0.005
YER015W,0.075,0.02,0.055,0.065,0.04,0.04,0.015,0.045,0.05,0.105,0.01,0.055,0.05,0.02,0.065,0.11,0.075,0.035,0.015,0.055
YLR223C,0.04,0.0,0.13,0.1,0.01,0.035,0.015,0.045,0.105,0.045,0.015,0.075,0.03,0.03,0.055,0.175,0.065,0.015,0.0,0.015
YPR104C,0.045,0.0,0.115,0.125,0.02,0.02,0.03,0.065,0.06,0.06,0.015,0.09,0.055,0.025,0.015,0.095,0.11,0.05,0.0,0.005
YJR016C,0.065,0.03,0.035,0.03,0.03,0.095,0.02,0.08,0.08,0.05,0.065,0.05,0.04,0.045,0.035,0.105,0.055,0.04,0.01,0.04
YAL026C,0.055,0.0,0.12,0.055,0.06,0.05,0.035,0.045,0.055,0.065,0.015,0.125,0.055,0.015,0.055,0.08,0.045,0.035,0.005,0.03
YJL207C,0.04,0.015,0.065,0.07,0.05,0.02,0.02,0.085,0.11,0.12,0.015,0.065,0.02,0.03,0.015,0.09,0.07,0.055,0.01,0.035
YJL204C,0.04,0.005,0.04,0.07,0.065,0.01,0.005,0.085,0.08,0.1,0.015,0.135,0.015,0.04,0.045,0.09,0.05,0.045,0.005,0.06
YJL200C,0.08,0.015,0.05,0.035,0.04,0.065,0.035,0.065,0.06,0.11,0.035,0.06,0.055,0.045,0.025,0.09,0.07,0.035,0.005,0.025
YJL196C,0.05,0.02,0.025,0.035,0.08,0.04,0.03,0.035,0.05,0.125,0.04,0.035,0.05,0.03,0.05,0.045,0.07,0.1,0.03,0.06
YAR027W,0.045,0.02,0.03,0.065,0.065,0.035,0.035,0.115,0.06,0.11,0.025,0.06,0.05,0.02,0.025,0.065,0.065,0.06,0.015,0.035
YAR033W,0.055,0.01,0.045,0.06,0.05,0.035,0.015,0.08,0.045,0.105,0.015,0.06,0.06,0.02,0.05,0.08,0.065,0.075,0.015,0.06
YGR234W,0.095,0.0,0.035,0.085,0.03,0.05,0.03,0.1,0.08,0.08,0.02,0.04,0.055,0.045,0.025,0.025,0.085,0.07,0.015,0.035
YDL056W,0.09,0.0,0.04,0.045,0.04,0.065,0.03,0.05,0.115,0.05,0.02,0.045,0.055,0.05,0.075,0.09,0.055,0.05,0.01,0.025
YML046W,0.045,0.01,0.065,0.065,0.075,0.035,0.015,0.08,0.055,0.11,0.01,0.06,0.045,0.055,0.04,0.04,0.06,0.06,0.035,0.04
YOR209C,0.045,0.0,0.045,0.1,0.055,0.03,0.015,0.085,0.085,0.095,0.025,0.045,0.035,0.04,0.035,0.085,0.065,0.035,0.015,0.065
YMR129W,0.015,0.005,0.06,0.04,0.075,0.03,0.015,0.095,0.06,0.1,0.015,0.055,0.055,0.02,0.075,0.13,0.035,0.055,0.01,0.055
YAL002W,0.05,0.02,0.045,0.05,0.02,0.07,0.035,0.065,0.035,0.08,0.015,0.05,0.065,0.025,0.02,0.12,0.11,0.07,0.01,0.045
YAL007C,0.08,0.01,0.06,0.065,0.045,0.035,0.005,0.105,0.065,0.095,0.015,0.065,0.02,0.015,0.025,0.095,0.075,0.075,0.01,0.04
YAR002W,0.065,0.0,0.03,0.085,0.04,0.04,0.02,0.07,0.08,0.04,0.02,0.095,0.055,0.03,0.055,0.16,0.05,0.045,0.0,0.02
YAR003W,0.05,0.035,0.075,0.04,0.04,0.05,0.035,0.07,0.06,0.115,0.015,0.03,0.07,0.02,0.04,0.09,0.055,0.055,0.03,0.025
YAR008W,0.045,0.005,0.09,0.05,0.035,0.055,0.015,0.08,0.085,0.145,0.025,0.045,0.025,0.05,0.065,0.075,0.035,0.04,0.01,0.025
YAL060W,0.08,0.04,0.065,0.045,0.035,0.095,0.055,0.065,0.07,0.07,0.02,0.02,0.065,0.02,0.015,0.08,0.025,0.105,0.015,0.015
YAL059W,0.105,0.0,0.055,0.085,0.02,0.03,0.0,0.055,0.14,0.1,0.015,0.065,0.02,0.035,0.07,0.09,0.055,0.04,0.01,0.01
YAL056W,0.035,0.01,0.045,0.05,0.055,0.055,0.02,0.055,0.07,0.1,0.02,0.085,0.055,0.035,0.055,0.11,0.04,0.045,0.01,0.05
YAL053W,0.09,0.035,0.065,0.02,0.055,0.05,0.005,0.055,0.04,0.105,0.015,0.045,0.035,0.045,0.02,0.08,0.125,0.085,0.005,0.025
YAL051W,0.055,0.03,0.055,0.075,0.025,0.05,0.03,0.05,0.1,0.04,0.03,0.085,0.07,0.025,0.06,0.1,0.055,0.035,0.005,0.025
YAL048C,0.045,0.03,0.095,0.06,0.045,0.025,0.025,0.1,0.06,0.09,0.02,0.04,0.06,0.02,0.02,0.1,0.06,0.075,0.01,0.02
YAL047C,0.025,0.0,0.09,0.1,0.025,0.03,0.025,0.065,0.07,0.115,0.03,0.105,0.03,0.03,0.05,0.09,0.06,0.035,0.005,0.02
YAL046C,0.025423728813559324,0.01694915254237288,0.03389830508474576,0.0423728813559322,0.01694915254237288,0.06779661016949153,0.025423728813559324,0.06779661016949153,0.1016949152542373,0.1016949152542373,0.05084745762711865,0.025423728813559324,0.0423728813559322,0.06779661016949153,0.05084745762711865,0.1016949152542373,0.07627118644067797,0.05084745762711865,0.025423728813559324,0.00847457627118644
YAL044C,0.058823529411764705,0.0,0.047058823529411764,0.1,0.01764705882352941,0.08235294117647059,0.01764705882352941,0.03529411764705882,0.052941176470588235,0.09411764705882353,0.029411764705882353,0.052941176470588235,0.041176470588235294,0.047058823529411764,0.029411764705882353,0.07058823529411765,0.08235294117647059,0.08823529411764706,0.01764705882352941,0.03529411764705882
YAL042W,0.065,0.04,0.09,0.075,0.035,0.08,0.01,0.03,0.035,0.1,0.03,0.065,0.035,0.04,0.055,0.055,0.055,0.075,0.01,0.02
YAL036C,0.075,0.005,0.035,0.06,0.03,0.115,0.02,0.085,0.105,0.1,0.015,0.025,0.035,0.025,0.045,0.06,0.085,0.07,0.0,0.01
YAL035W,0.135,0.0,0.035,0.185,0.01,0.03,0.0,0.02,0.225,0.05,0.01,0.035,0.035,0.08,0.03,0.075,0.02,0.015,0.005,0.005
YAL034W-A,0.035,0.01,0.07,0.11,0.025,0.025,0.005,0.06,0.125,0.155,0.03,0.055,0.025,0.02,0.045,0.06,0.045,0.07,0.0,0.03
YAL027W,0.065,0.01,0.045,0.035,0.04,0.02,0.025,0.1,0.1,0.125,0.015,0.07,0.045,0.045,0.04,0.08,0.06,0.05,0.005,0.025
YLR292C,0.10362694300518134,0.015544041450777202,0.04145077720207254,0.08808290155440414,0.031088082901554404,0.04145077720207254,0.010362694300518135,0.05699481865284974,0.06735751295336788,0.16580310880829016,0.031088082901554404,0.06217616580310881,0.03626943005181347,0.046632124352331605,0.046632124352331605,0.04145077720207254,0.05699481865284974,0.03626943005181347,0.010362694300518135,0.010362694300518135
YDR388W,0.075,0.005,0.05,0.125,0.035,0.03,0.02,0.05,0.115,0.07,0.03,0.035,0.045,0.07,0.05,0.05,0.06,0.04,0.0,0.045
YOR206W,0.04,0.0,0.08,0.145,0.03,0.045,0.015,0.035,0.18,0.085,0.025,0.03,0.02,0.065,0.045,0.085,0.04,0.02,0.005,0.01
YOR033C,0.07,0.05,0.06,0.07,0.045,0.055,0.005,0.08,0.095,0.095,0.025,0.035,0.04,0.04,0.06,0.04,0.025,0.05,0.01,0.05
YDR484W,0.045,0.01,0.115,0.07,0.04,0.005,0.01,0.085,0.11,0.12,0.02,0.095,0.04,0.05,0.015,0.07,0.045,0.02,0.005,0.03
YEL062W,0.02,0.015,0.04,0.045,0.09,0.035,0.025,0.07,0.07,0.07,0.015,0.065,0.095,0.025,0.03,0.1,0.09,0.045,0.0,0.055
YER017C,0.03,0.0,0.04,0.06,0.065,0.06,0.015,0.05,0.075,0.08,0.03,0.085,0.025,0.035,0.075,0.105,0.08,0.06,0.01,0.02
YMR183C,0.105,0.005,0.085,0.095,0.02,0.025,0.015,0.07,0.055,0.07,0.02,0.105,0.02,0.1,0.05,0.06,0.03,0.025,0.0,0.045
YGR156W,0.045,0.005,0.055,0.05,0.035,0.035,0.015,0.085,0.065,0.085,0.01,0.085,0.11,0.055,0.055,0.075,0.065,0.045,0.01,0.015
YIL147C,0.07,0.0,0.06,0.015,0.04,0.04,0.0,0.07,0.03,0.15,0.015,0.06,0.05,0.035,0.03,0.135,0.075,0.06,0.005,0.06
YLR025W,0.075,0.0,0.05,0.12,0.015,0.035,0.015,0.07,0.09,0.095,0.045,0.085,0.02,0.05,0.035,0.085,0.06,0.045,0.01,0.0
YGR162W,0.06,0.0,0.03,0.065,0.01,0.08,0.025,0.02,0.07,0.025,0.015,0.09,0.085,0.09,0.035,0.125,0.09,0.025,0.005,0.055
YGL049C,0.05,0.0,0.02,0.06,0.02,0.06,0.03,0.015,0.09,0.035,0.025,0.15,0.125,0.075,0.03,0.05,0.06,0.02,0.005,0.08
YER131W,0.13445378151260504,0.03361344537815126,0.03361344537815126,0.03361344537815126,0.008403361344537815,0.025210084033613446,0.025210084033613446,0.05042016806722689,0.12605042016806722,0.03361344537815126,0.01680672268907563,0.06722689075630252,0.07563025210084033,0.008403361344537815,0.13445378151260504,0.06722689075630252,0.008403361344537815,0.08403361344537816,0.0,0.03361344537815126
YER125W,0.065,0.0,0.06,0.035,0.035,0.06,0.03,0.035,0.07,0.065,0.01,0.045,0.045,0.035,0.05,0.155,0.115,0.07,0.005,0.015
YER028C,0.04,0.025,0.04,0.035,0.035,0.06,0.04,0.065,0.06,0.045,0.005,0.065,0.095,0.035,0.08,0.095,0.095,0.065,0.0,0.02
YOR269W,0.04,0.005,0.05,0.06,0.03,0.015,0.035,0.055,0.065,0.125,0.01,0.08,0.04,0.07,0.03,0.09,0.08,0.075,0.02,0.025
YER154W,0.08,0.005,0.035,0.025,0.025,0.04,0.03,0.07,0.04,0.115,0.02,0.045,0.05,0.05,0.05,0.13,0.09,0.05,0.03,0.02
YER169W,0.03,0.005,0.055,0.07,0.06,0.05,0.005,0.065,0.125,0.065,0.02,0.06,0.065,0.04,0.025,0.07,0.06,0.055,0.02,0.055
YER136W,0.035,0.005,0.085,0.075,0.045,0.075,0.025,0.075,0.1,0.09,0.03,0.035,0.02,0.035,0.025,0.07,0.055,0.06,0.015,0.045
YER123W,0.055,0.025,0.065,0.05,0.045,0.075,0.04,0.105,0.05,0.055,0.035,0.04,0.05,0.05,0.065,0.085,0.015,0.05,0.005,0.04
YER089C,0.085,0.02,0.08,0.055,0.04,0.085,0.035,0.06,0.065,0.09,0.03,0.055,0.025,0.03,0.03,0.09,0.045,0.06,0.005,0.015
YEL013W,0.1,0.03,0.055,0.07,0.01,0.055,0.015,0.055,0.05,0.14,0.025,0.075,0.03,0.05,0.035,0.07,0.05,0.065,0.0,0.02
YER114C,0.04,0.0,0.1,0.075,0.04,0.05,0.0,0.065,0.07,0.075,0.03,0.07,0.065,0.015,0.055,0.095,0.085,0.035,0.005,0.03
YEL071W,0.065,0.015,0.075,0.035,0.045,0.065,0.03,0.03,0.06,0.11,0.025,0.085,0.055,0.035,0.04,0.07,0.03,0.1,0.005,0.025
YEL066W,0.08074534161490683,0.0,0.055900621118012424,0.08695652173913043,0.037267080745341616,0.049689440993788817,0.031055900621118012,0.031055900621118012,0.08074534161490683,0.06832298136645963,0.024844720496894408,0.043478260869565216,0.037267080745341616,0.018633540372670808,0.049689440993788817,0.018633540372670808,0.08074534161490683,0.10559006211180125,0.031055900621118012,0.06832298136645963
YEL056W,0.04,0.0,0.05,0.115,0.03,0.07,0.02,0.05,0.05,0.1,0.015,0.045,0.065,0.045,0.035,0.085,0.07,0.055,0.02,0.04
YEL055C,0.05,0.01,0.055,0.085,0.075,0.055,0.005,0.05,0.09,0.16,0.03,0.06,0.035,0.015,0.045,0.075,0.05,0.04,0.01,0.005
YEL031W,0.045,0.005,0.035,0.05,0.085,0.045,0.025,0.06,0.085,0.095,0.02,0.045,0.065,0.045,0.025,0.07,0.07,0.07,0.015,0.045
YEL030W,0.115,0.0,0.04,0.06,0.04,0.06,0.01,0.08,0.07,0.055,0.015,0.065,0.045,0.04,0.07,0.05,0.07,0.09,0.01,0.015
YEL026W,0.14285714285714285,0.023809523809523808,0.047619047619047616,0.047619047619047616,0.023809523809523808,0.031746031746031744,0.007936507936507936,0.09523809523809523,0.06349206349206349,0.1111111111111111,0.015873015873015872,0.047619047619047616,0.06349206349206349,0.047619047619047616,0.03968253968253968,0.047619047619047616,0.05555555555555555,0.07142857142857142,0.0,0.015873015873015872
YEL022W,0.04,0.01,0.065,0.025,0.055,0.045,0.02,0.09,0.04,0.15,0.015,0.075,0.02,0.045,0.03,0.125,0.065,0.055,0.0,0.03
YEL018W,0.035,0.0,0.045,0.075,0.01,0.065,0.03,0.075,0.085,0.14,0.035,0.1,0.02,0.04,0.05,0.055,0.08,0.045,0.0,0.015
YEL016C,0.035,0.01,0.055,0.045,0.06,0.04,0.035,0.09,0.045,0.105,0.025,0.08,0.08,0.025,0.035,0.065,0.08,0.025,0.025,0.04
YEL015W,0.04,0.0,0.115,0.045,0.04,0.06,0.02,0.035,0.1,0.075,0.01,0.07,0.015,0.16,0.045,0.06,0.025,0.06,0.01,0.015
YEL005C,0.08,0.015,0.055,0.07,0.02,0.025,0.025,0.075,0.11,0.125,0.01,0.075,0.03,0.04,0.025,0.1,0.03,0.055,0.005,0.03
YEL003W,0.036036036036036036,0.009009009009009009,0.04504504504504504,0.12612612612612611,0.018018018018018018,0.036036036036036036,0.018018018018018018,0.0990990990990991,0.15315315315315314,0.07207207207207207,0.02702702702702703,0.05405405405405406,0.018018018018018018,0.06306306306306306,0.02702702702702703,0.02702702702702703,0.08108108108108109,0.05405405405405406,0.009009009009009009,0.02702702702702703
YER005W,0.055,0.015,0.075,0.05,0.06,0.08,0.05,0.075,0.045,0.09,0.02,0.04,0.05,0.065,0.015,0.095,0.04,0.035,0.02,0.025
YER006W,0.105,0.0,0.105,0.125,0.015,0.035,0.005,0.05,0.135,0.055,0.025,0.02,0.025,0.03,0.08,0.07,0.025,0.06,0.005,0.03
YER016W,0.06,0.02,0.035,0.055,0.025,0.075,0.02,0.065,0.075,0.085,0.02,0.06,0.025,0.045,0.06,0.095,0.09,0.035,0.015,0.04
YER018C,0.115,0.01,0.065,0.065,0.025,0.035,0.055,0.025,0.015,0.11,0.02,0.025,0.015,0.135,0.105,0.065,0.035,0.055,0.015,0.01
YER019W,0.09,0.01,0.06,0.055,0.035,0.07,0.03,0.07,0.065,0.08,0.025,0.055,0.045,0.02,0.055,0.08,0.045,0.04,0.02,0.05
YER029C,0.05102040816326531,0.00510204081632653,0.04591836734693878,0.061224489795918366,0.02040816326530612,0.05102040816326531,0.015306122448979591,0.05102040816326531,0.14285714285714285,0.09183673469387756,0.015306122448979591,0.0663265306122449,0.05612244897959184,0.05612244897959184,0.08673469387755102,0.0663265306122449,0.05102040816326531,0.05102040816326531,0.0,0.015306122448979591
YER033C,0.05,0.0,0.05,0.03,0.055,0.025,0.04,0.03,0.075,0.055,0.01,0.085,0.11,0.02,0.03,0.195,0.105,0.015,0.005,0.015
YER035W,0.09655172413793103,0.006896551724137931,0.04827586206896552,0.04827586206896552,0.034482758620689655,0.041379310344827586,0.04827586206896552,0.034482758620689655,0.15172413793103448,0.027586206896551724,0.020689655172413793,0.020689655172413793,0.0896551724137931,0.034482758620689655,0.05517241379310345,0.08275862068965517,0.09655172413793103,0.04827586206896552,0.0,0.013793103448275862
YER036C,0.095,0.005,0.075,0.12,0.01,0.06,0.015,0.045,0.095,0.13,0.02,0.01,0.045,0.02,0.06,0.08,0.035,0.05,0.0,0.03
YER041W,0.045,0.025,0.06,0.065,0.055,0.05,0.015,0.07,0.065,0.08,0.015,0.045,0.04,0.04,0.07,0.11,0.03,0.055,0.02,0.045
YER049W,0.02,0.005,0.085,0.06,0.04,0.07,0.025,0.07,0.11,0.105,0.015,0.045,0.04,0.03,0.06,0.07,0.055,0.035,0.02,0.04
YER050C,0.057971014492753624,0.007246376811594203,0.043478260869565216,0.021739130434782608,0.036231884057971016,0.06521739130434782,0.014492753623188406,0.09420289855072464,0.10869565217391304,0.06521739130434782,0.036231884057971016,0.057971014492753624,0.036231884057971016,0.057971014492753624,0.10144927536231885,0.08695652173913043,0.050724637681159424,0.021739130434782608,0.0,0.036231884057971016
YER051W,0.04,0.035,0.06,0.06,0.025,0.045,0.04,0.07,0.11,0.06,0.02,0.095,0.055,0.035,0.035,0.065,0.03,0.05,0.015,0.055
YER072W,0.08527131782945736,0.007751937984496124,0.031007751937984496,0.015503875968992248,0.07751937984496124,0.09302325581395349,0.007751937984496124,0.05426356589147287,0.046511627906976744,0.14728682170542637,0.031007751937984496,0.046511627906976744,0.046511627906976744,0.007751937984496124,0.07751937984496124,0.03875968992248062,0.06976744186046512,0.06976744186046512,0.015503875968992248,0.031007751937984496
YER073W,0.095,0.015,0.045,0.065,0.05,0.055,0.01,0.065,0.08,0.085,0.02,0.05,0.05,0.025,0.045,0.065,0.06,0.065,0.025,0.03
YER075C,0.045,0.02,0.04,0.04,0.02,0.02,0.03,0.065,0.07,0.115,0.015,0.05,0.075,0.02,0.04,0.16,0.075,0.065,0.0,0.035
YER078C,0.05,0.01,0.045,0.07,0.07,0.045,0.02,0.075,0.045,0.09,0.025,0.06,0.07,0.04,0.055,0.095,0.04,0.045,0.01,0.04
YER082C,0.075,0.005,0.04,0.085,0.035,0.05,0.055,0.035,0.12,0.095,0.01,0.065,0.02,0.055,0.05,0.055,0.065,0.03,0.005,0.05
YER083C,0.12,0.0,0.04,0.035,0.035,0.045,0.015,0.03,0.05,0.12,0.02,0.05,0.085,0.05,0.05,0.115,0.07,0.025,0.02,0.025
YER088C,0.065,0.005,0.04,0.04,0.025,0.02,0.035,0.04,0.075,0.075,0.025,0.06,0.07,0.045,0.035,0.215,0.085,0.02,0.015,0.01
YER092W,0.04,0.0,0.104,0.12,0.0,0.016,0.008,0.08,0.08,0.112,0.016,0.032,0.056,0.024,0.04,0.072,0.096,0.056,0.008,0.04
YER093C,0.045,0.0,0.045,0.035,0.015,0.01,0.03,0.07,0.085,0.085,0.02,0.065,0.04,0.05,0.095,0.18,0.095,0.02,0.0,0.015
YER104W,0.045,0.01,0.07,0.115,0.03,0.03,0.025,0.03,0.05,0.08,0.05,0.07,0.03,0.065,0.095,0.105,0.045,0.025,0.01,0.02
YER105C,0.025,0.01,0.08,0.07,0.04,0.055,0.015,0.06,0.05,0.095,0.01,0.085,0.04,0.035,0.065,0.105,0.07,0.04,0.01,0.04
YER106W,0.03,0.03,0.045,0.1,0.03,0.01,0.03,0.055,0.12,0.095,0.015,0.105,0.03,0.045,0.055,0.08,0.04,0.02,0.015,0.05
YER107C,0.08,0.02,0.065,0.03,0.035,0.055,0.015,0.07,0.04,0.045,0.04,0.06,0.05,0.06,0.04,0.115,0.07,0.07,0.025,0.015
YER110C,0.08,0.0,0.055,0.07,0.04,0.04,0.03,0.075,0.04,0.13,0.005,0.04,0.03,0.08,0.03,0.11,0.09,0.04,0.01,0.005
YER112W,0.0213903743315508,0.0,0.026737967914438502,0.0481283422459893,0.0213903743315508,0.058823529411764705,0.016042780748663103,0.08021390374331551,0.053475935828877004,0.058823529411764705,0.0213903743315508,0.23529411764705882,0.0213903743315508,0.06417112299465241,0.0481283422459893,0.11764705882352941,0.026737967914438502,0.03208556149732621,0.0053475935828877,0.0427807486631016
YER116C,0.07,0.0,0.105,0.145,0.01,0.04,0.025,0.035,0.025,0.065,0.02,0.09,0.055,0.045,0.055,0.075,0.085,0.05,0.0,0.005
YER118C,0.085,0.01,0.045,0.01,0.055,0.05,0.015,0.115,0.04,0.06,0.02,0.065,0.05,0.01,0.065,0.125,0.055,0.045,0.025,0.055
YER120W,0.08,0.01,0.045,0.105,0.03,0.015,0.01,0.05,0.095,0.045,0.005,0.045,0.1,0.07,0.01,0.06,0.06,0.135,0.005,0.025
YER126C,0.06,0.0,0.035,0.08,0.03,0.05,0.035,0.06,0.16,0.06,0.025,0.02,0.045,0.04,0.095,0.075,0.05,0.055,0.01,0.015
YER139C,0.035,0.03,0.095,0.105,0.055,0.04,0.03,0.05,0.085,0.125,0.02,0.03,0.04,0.035,0.045,0.06,0.06,0.025,0.0,0.035
YER141W,0.05,0.0,0.01,0.065,0.065,0.06,0.02,0.08,0.08,0.095,0.015,0.04,0.045,0.03,0.065,0.1,0.065,0.065,0.03,0.02
YER143W,0.055,0.005,0.1,0.07,0.03,0.05,0.005,0.08,0.035,0.155,0.035,0.065,0.045,0.07,0.055,0.04,0.06,0.01,0.0,0.035
YER146W,0.03225806451612903,0.0,0.06451612903225806,0.10752688172043011,0.03225806451612903,0.06451612903225806,0.021505376344086023,0.08602150537634409,0.053763440860215055,0.12903225806451613,0.03225806451612903,0.06451612903225806,0.053763440860215055,0.03225806451612903,0.03225806451612903,0.043010752688172046,0.043010752688172046,0.0967741935483871,0.010752688172043012,0.0
YER147C,0.03,0.025,0.045,0.08,0.04,0.03,0.035,0.045,0.07,0.155,0.045,0.045,0.005,0.075,0.04,0.075,0.035,0.055,0.015,0.055
YER157W,0.05,0.005,0.085,0.065,0.03,0.02,0.015,0.065,0.09,0.11,0.015,0.045,0.025,0.04,0.045,0.115,0.085,0.055,0.0,0.04
YER159C,0.06338028169014084,0.007042253521126761,0.056338028169014086,0.09859154929577464,0.04225352112676056,0.08450704225352113,0.014084507042253521,0.06338028169014084,0.08450704225352113,0.07042253521126761,0.028169014084507043,0.04929577464788732,0.07042253521126761,0.04929577464788732,0.035211267605633804,0.04225352112676056,0.07042253521126761,0.07042253521126761,0.0,0.0
YER183C,0.06,0.02,0.065,0.065,0.035,0.055,0.055,0.075,0.065,0.095,0.04,0.015,0.05,0.05,0.06,0.065,0.035,0.06,0.0,0.035
YER062C,0.125,0.01,0.055,0.06,0.05,0.08,0.02,0.075,0.1,0.055,0.01,0.04,0.07,0.025,0.03,0.035,0.045,0.065,0.02,0.03
YGL225W,0.1,0.015,0.015,0.02,0.075,0.06,0.01,0.075,0.045,0.125,0.04,0.055,0.025,0.02,0.01,0.105,0.065,0.085,0.02,0.035
YNL209W,0.12,0.005,0.05,0.08,0.04,0.07,0.005,0.085,0.075,0.05,0.02,0.045,0.04,0.045,0.045,0.045,0.065,0.085,0.005,0.025
YNL218W,0.04,0.015,0.05,0.07,0.03,0.045,0.025,0.07,0.11,0.095,0.01,0.04,0.06,0.045,0.05,0.135,0.05,0.035,0.01,0.015
YNL217W,0.045,0.02,0.07,0.055,0.05,0.05,0.035,0.08,0.075,0.125,0.03,0.045,0.045,0.015,0.04,0.065,0.055,0.065,0.005,0.03
YNL215W,0.045,0.0,0.13,0.185,0.0,0.085,0.01,0.045,0.07,0.04,0.01,0.035,0.015,0.025,0.055,0.12,0.03,0.07,0.0,0.03
YNL207W,0.035,0.0,0.055,0.035,0.025,0.065,0.035,0.05,0.07,0.09,0.055,0.065,0.03,0.03,0.085,0.095,0.05,0.07,0.005,0.055
YNL206C,0.015,0.01,0.055,0.08,0.05,0.035,0.005,0.06,0.095,0.145,0.02,0.075,0.045,0.015,0.04,0.095,0.055,0.07,0.0,0.035
YNL201C,0.02,0.015,0.07,0.105,0.035,0.06,0.01,0.07,0.055,0.1,0.015,0.065,0.04,0.045,0.015,0.085,0.095,0.07,0.01,0.02
YNL196C,0.04,0.005,0.08,0.085,0.04,0.03,0.005,0.04,0.17,0.055,0.03,0.075,0.03,0.06,0.055,0.065,0.06,0.05,0.01,0.015
YIL050W,0.035,0.01,0.065,0.075,0.035,0.03,0.02,0.08,0.06,0.105,0.01,0.07,0.06,0.03,0.025,0.14,0.08,0.045,0.0,0.025
YMR038C,0.065,0.025,0.05,0.065,0.035,0.07,0.025,0.085,0.075,0.06,0.015,0.075,0.045,0.03,0.025,0.08,0.07,0.07,0.01,0.025
YFL017W-A,0.06493506493506493,0.0,0.07792207792207792,0.05194805194805195,0.012987012987012988,0.07792207792207792,0.012987012987012988,0.11688311688311688,0.06493506493506493,0.12987012987012986,0.03896103896103896,0.09090909090909091,0.025974025974025976,0.025974025974025976,0.03896103896103896,0.05194805194805195,0.025974025974025976,0.06493506493506493,0.0,0.025974025974025976
YMR135C,0.045,0.01,0.045,0.08,0.055,0.08,0.02,0.075,0.085,0.09,0.025,0.055,0.025,0.065,0.035,0.07,0.075,0.02,0.005,0.04
YMR146C,0.05,0.025,0.07,0.06,0.02,0.075,0.035,0.08,0.09,0.065,0.01,0.045,0.03,0.01,0.02,0.105,0.065,0.07,0.025,0.05
YMR147W,0.07,0.005,0.035,0.1,0.055,0.025,0.025,0.05,0.095,0.085,0.015,0.07,0.05,0.05,0.02,0.09,0.055,0.05,0.01,0.045
YMR148W,0.08783783783783784,0.006756756756756757,0.02027027027027027,0.04054054054054054,0.11486486486486487,0.033783783783783786,0.0,0.060810810810810814,0.0472972972972973,0.10135135135135136,0.02702702702702703,0.02702702702702703,0.06756756756756757,0.060810810810810814,0.033783783783783786,0.10135135135135136,0.06756756756756757,0.08783783783783784,0.0,0.013513513513513514
YMR314W,0.085,0.015,0.05,0.05,0.03,0.095,0.02,0.05,0.06,0.115,0.01,0.05,0.025,0.05,0.055,0.075,0.055,0.06,0.0,0.05
YOL038W,0.055,0.02,0.05,0.07,0.03,0.07,0.015,0.045,0.06,0.085,0.005,0.02,0.045,0.04,0.08,0.095,0.07,0.1,0.005,0.04
YMR313C,0.035,0.02,0.045,0.06,0.055,0.035,0.015,0.08,0.07,0.11,0.025,0.05,0.03,0.045,0.055,0.05,0.07,0.07,0.025,0.055
YDR252W,0.06711409395973154,0.013422818791946308,0.03355704697986577,0.06711409395973154,0.020134228187919462,0.06040268456375839,0.040268456375838924,0.026845637583892617,0.10067114093959731,0.12080536912751678,0.026845637583892617,0.11409395973154363,0.03355704697986577,0.0738255033557047,0.020134228187919462,0.04697986577181208,0.053691275167785234,0.06040268456375839,0.0,0.020134228187919462
YDR113C,0.05,0.0,0.07,0.05,0.015,0.055,0.025,0.035,0.095,0.115,0.015,0.105,0.05,0.06,0.06,0.12,0.035,0.025,0.0,0.02
YIL030C,0.07,0.035,0.07,0.055,0.045,0.05,0.025,0.07,0.06,0.105,0.03,0.04,0.055,0.02,0.035,0.075,0.06,0.045,0.01,0.045
YLR372W,0.065,0.015,0.01,0.045,0.09,0.035,0.04,0.08,0.05,0.155,0.015,0.045,0.035,0.03,0.015,0.075,0.06,0.07,0.015,0.055
YGR268C,0.04040404040404041,0.04040404040404041,0.03535353535353535,0.03535353535353535,0.015151515151515152,0.06565656565656566,0.030303030303030304,0.020202020202020204,0.030303030303030304,0.05555555555555555,0.015151515151515152,0.045454545454545456,0.13636363636363635,0.0707070707070707,0.09090909090909091,0.09090909090909091,0.0707070707070707,0.03535353535353535,0.015151515151515152,0.06060606060606061
YDL007W,0.02,0.01,0.06,0.11,0.02,0.065,0.02,0.065,0.125,0.095,0.035,0.02,0.065,0.045,0.03,0.095,0.035,0.06,0.0,0.025
YOL094C,0.07,0.015,0.065,0.055,0.02,0.06,0.03,0.085,0.075,0.115,0.03,0.04,0.035,0.055,0.055,0.07,0.045,0.05,0.005,0.025
YGR270W,0.055,0.0,0.185,0.16,0.025,0.025,0.035,0.03,0.06,0.04,0.01,0.075,0.025,0.015,0.09,0.055,0.04,0.055,0.0,0.02
YMR089C,0.03,0.0,0.035,0.105,0.03,0.03,0.01,0.055,0.1,0.105,0.005,0.105,0.085,0.045,0.075,0.07,0.04,0.04,0.01,0.025
YNR006W,0.045,0.04,0.07,0.065,0.035,0.03,0.015,0.075,0.08,0.1,0.03,0.06,0.045,0.015,0.05,0.11,0.055,0.05,0.01,0.02
YNR007C,0.04,0.015,0.095,0.11,0.04,0.06,0.015,0.07,0.06,0.055,0.03,0.03,0.05,0.04,0.035,0.08,0.065,0.045,0.015,0.05
YNR008W,0.03,0.005,0.105,0.035,0.055,0.1,0.04,0.055,0.06,0.075,0.01,0.07,0.02,0.035,0.085,0.105,0.015,0.065,0.015,0.02
YJR068W,0.085,0.02,0.055,0.055,0.035,0.04,0.015,0.06,0.095,0.1,0.025,0.04,0.06,0.025,0.065,0.075,0.065,0.045,0.005,0.035
YJR035W,0.045,0.0,0.095,0.12,0.025,0.04,0.01,0.045,0.1,0.1,0.015,0.09,0.005,0.08,0.055,0.065,0.06,0.04,0.0,0.01
YOR377W,0.03,0.03,0.03,0.085,0.03,0.04,0.035,0.055,0.06,0.105,0.025,0.06,0.055,0.045,0.055,0.075,0.06,0.05,0.015,0.06
YGL025C,0.09,0.01,0.055,0.045,0.025,0.035,0.04,0.055,0.055,0.095,0.025,0.08,0.06,0.055,0.045,0.08,0.095,0.04,0.0,0.015
YJL073W,0.055,0.015,0.07,0.07,0.025,0.03,0.02,0.085,0.075,0.135,0.02,0.055,0.02,0.055,0.025,0.08,0.035,0.07,0.01,0.05
YJL072C,0.04,0.005,0.06,0.075,0.035,0.025,0.035,0.095,0.075,0.135,0.02,0.045,0.045,0.06,0.07,0.045,0.065,0.035,0.025,0.01
YJL071W,0.05,0.015,0.05,0.05,0.065,0.05,0.04,0.075,0.07,0.1,0.025,0.06,0.055,0.03,0.04,0.085,0.05,0.055,0.005,0.03
YJL069C,0.04,0.0,0.17,0.15,0.04,0.035,0.01,0.035,0.055,0.05,0.025,0.08,0.03,0.04,0.02,0.085,0.045,0.06,0.01,0.02
YJL062W,0.045,0.01,0.095,0.015,0.105,0.03,0.025,0.06,0.035,0.115,0.01,0.06,0.05,0.085,0.04,0.07,0.07,0.045,0.03,0.005
YJL061W,0.025,0.015,0.085,0.045,0.065,0.03,0.025,0.085,0.04,0.1,0.015,0.065,0.035,0.04,0.035,0.13,0.05,0.07,0.01,0.035
YLR039C,0.04,0.02,0.035,0.065,0.03,0.04,0.015,0.075,0.1,0.12,0.045,0.07,0.06,0.035,0.035,0.06,0.055,0.04,0.015,0.045
YIL138C,0.049689440993788817,0.006211180124223602,0.055900621118012424,0.22981366459627328,0.006211180124223602,0.006211180124223602,0.0,0.024844720496894408,0.13043478260869565,0.13043478260869565,0.018633540372670808,0.08074534161490683,0.0,0.07453416149068323,0.031055900621118012,0.09316770186335403,0.018633540372670808,0.012422360248447204,0.012422360248447204,0.018633540372670808
YMR301C,0.075,0.01,0.025,0.015,0.06,0.04,0.015,0.08,0.09,0.12,0.015,0.05,0.05,0.05,0.06,0.075,0.055,0.09,0.015,0.01
YHR143W-A,0.14285714285714285,0.05714285714285714,0.04285714285714286,0.04285714285714286,0.02857142857142857,0.04285714285714286,0.014285714285714285,0.04285714285714286,0.07142857142857142,0.1,0.014285714285714285,0.014285714285714285,0.014285714285714285,0.04285714285714286,0.11428571428571428,0.08571428571428572,0.08571428571428572,0.02857142857142857,0.0,0.014285714285714285
YIL173W,0.05,0.015,0.085,0.065,0.075,0.05,0.02,0.095,0.065,0.065,0.01,0.035,0.045,0.01,0.05,0.085,0.07,0.065,0.015,0.03
YIL156W,0.055,0.005,0.085,0.07,0.035,0.04,0.05,0.055,0.065,0.115,0.03,0.035,0.05,0.04,0.03,0.06,0.065,0.055,0.005,0.055
YIL153W,0.06,0.01,0.06,0.045,0.04,0.06,0.065,0.04,0.03,0.13,0.045,0.02,0.065,0.025,0.055,0.07,0.075,0.04,0.015,0.05
YIL149C,0.025,0.005,0.06,0.135,0.02,0.015,0.01,0.045,0.13,0.13,0.025,0.06,0.01,0.06,0.065,0.095,0.02,0.05,0.005,0.035
YIL146C,0.04,0.01,0.07,0.085,0.02,0.07,0.025,0.07,0.05,0.085,0.015,0.04,0.065,0.07,0.01,0.16,0.07,0.035,0.005,0.005
YIL144W,0.03,0.0,0.045,0.03,0.04,0.06,0.03,0.09,0.07,0.09,0.015,0.085,0.045,0.065,0.07,0.1,0.085,0.015,0.005,0.03
YIL137C,0.055,0.015,0.065,0.04,0.06,0.03,0.045,0.08,0.075,0.085,0.015,0.07,0.055,0.04,0.015,0.115,0.075,0.05,0.0,0.015
YIL132C,0.03,0.01,0.04,0.08,0.04,0.02,0.01,0.075,0.075,0.14,0.02,0.08,0.045,0.05,0.065,0.08,0.065,0.045,0.005,0.025
YIL131C,0.06,0.02,0.05,0.035,0.025,0.075,0.01,0.08,0.05,0.075,0.015,0.075,0.045,0.04,0.045,0.11,0.06,0.08,0.01,0.04
YIL130W,0.045,0.03,0.055,0.035,0.03,0.035,0.01,0.055,0.095,0.06,0.005,0.065,0.07,0.065,0.055,0.115,0.08,0.065,0.0,0.03
YIL128W,0.08,0.01,0.06,0.065,0.06,0.02,0.02,0.055,0.08,0.14,0.015,0.065,0.025,0.04,0.04,0.07,0.06,0.07,0.005,0.02
YIL124W,0.11,0.02,0.04,0.05,0.055,0.085,0.015,0.07,0.065,0.09,0.02,0.045,0.045,0.035,0.04,0.065,0.045,0.07,0.0,0.035
YIL123W,0.17,0.0,0.03,0.035,0.005,0.015,0.025,0.03,0.03,0.025,0.005,0.005,0.025,0.02,0.005,0.345,0.135,0.08,0.0,0.015
YIL122W,0.035,0.01,0.06,0.09,0.01,0.045,0.025,0.07,0.075,0.08,0.025,0.07,0.05,0.055,0.065,0.105,0.08,0.04,0.0,0.01
YIL121W,0.115,0.02,0.035,0.06,0.065,0.085,0.005,0.085,0.02,0.065,0.02,0.02,0.04,0.035,0.055,0.07,0.065,0.1,0.0,0.04
YIL115C,0.045,0.005,0.06,0.07,0.085,0.03,0.01,0.03,0.07,0.13,0.01,0.06,0.03,0.055,0.03,0.12,0.065,0.08,0.01,0.005
YIL109C,0.085,0.0,0.035,0.02,0.01,0.045,0.025,0.025,0.03,0.095,0.075,0.045,0.16,0.145,0.02,0.06,0.045,0.045,0.0,0.035
YIL106W,0.065,0.015,0.03,0.05,0.045,0.055,0.035,0.045,0.03,0.05,0.025,0.13,0.075,0.065,0.035,0.055,0.1,0.05,0.015,0.03
YIL105C,0.06,0.0,0.035,0.0,0.015,0.04,0.02,0.04,0.015,0.09,0.025,0.11,0.045,0.215,0.045,0.125,0.075,0.035,0.005,0.005
YIL103W,0.05,0.025,0.055,0.055,0.04,0.055,0.03,0.115,0.08,0.08,0.015,0.07,0.03,0.03,0.05,0.065,0.055,0.065,0.005,0.03
YIL101C,0.085,0.01,0.055,0.03,0.035,0.02,0.04,0.06,0.065,0.105,0.015,0.09,0.055,0.055,0.03,0.12,0.06,0.04,0.005,0.025
YIL097W,0.035,0.005,0.06,0.075,0.04,0.025,0.06,0.09,0.085,0.115,0.01,0.085,0.015,0.055,0.04,0.065,0.06,0.035,0.01,0.035
YIL095W,0.06,0.015,0.04,0.055,0.03,0.06,0.045,0.095,0.04,0.085,0.03,0.06,0.05,0.05,0.05,0.065,0.05,0.08,0.0,0.04
YIL094C,0.1,0.01,0.04,0.065,0.035,0.085,0.005,0.08,0.08,0.085,0.015,0.03,0.035,0.04,0.07,0.055,0.08,0.07,0.0,0.02
YIL093C,0.05,0.0,0.04,0.085,0.025,0.05,0.025,0.045,0.075,0.09,0.03,0.05,0.06,0.05,0.07,0.06,0.055,0.065,0.015,0.06
YIL091C,0.035,0.0,0.15,0.15,0.03,0.06,0.03,0.03,0.09,0.05,0.005,0.045,0.03,0.02,0.065,0.11,0.03,0.055,0.0,0.015
YIL088C,0.07,0.025,0.03,0.02,0.075,0.08,0.01,0.105,0.05,0.165,0.015,0.03,0.03,0.01,0.015,0.095,0.06,0.07,0.015,0.03
YIL084C,0.055,0.005,0.075,0.095,0.02,0.035,0.02,0.04,0.085,0.085,0.015,0.065,0.005,0.06,0.11,0.09,0.045,0.04,0.005,0.05
YIL083C,0.05,0.0,0.04,0.085,0.06,0.03,0.02,0.075,0.085,0.115,0.01,0.065,0.055,0.025,0.035,0.075,0.075,0.045,0.005,0.05
YIL079C,0.045,0.075,0.075,0.045,0.04,0.06,0.04,0.04,0.06,0.055,0.015,0.07,0.05,0.03,0.06,0.09,0.065,0.035,0.01,0.04
YIL076W,0.065,0.01,0.065,0.09,0.045,0.035,0.0,0.05,0.07,0.14,0.01,0.085,0.015,0.055,0.0,0.055,0.1,0.04,0.005,0.065
YIL071C,0.02,0.025,0.035,0.095,0.06,0.055,0.03,0.085,0.06,0.115,0.04,0.05,0.025,0.06,0.05,0.075,0.035,0.045,0.005,0.035
YIL070C,0.085,0.005,0.06,0.095,0.06,0.025,0.005,0.04,0.045,0.07,0.02,0.085,0.045,0.035,0.045,0.1,0.065,0.09,0.005,0.02
YIL065C,0.07096774193548387,0.012903225806451613,0.04516129032258064,0.07741935483870968,0.03225806451612903,0.07096774193548387,0.0064516129032258064,0.04516129032258064,0.08387096774193549,0.0967741935483871,0.01935483870967742,0.03225806451612903,0.025806451612903226,0.04516129032258064,0.07096774193548387,0.04516129032258064,0.05806451612903226,0.09032258064516129,0.012903225806451613,0.05806451612903226
YIL048W,0.035,0.0,0.09,0.04,0.07,0.01,0.045,0.03,0.055,0.08,0.015,0.13,0.06,0.03,0.035,0.145,0.05,0.04,0.005,0.035
YIL042C,0.05,0.015,0.025,0.055,0.03,0.015,0.04,0.08,0.08,0.155,0.03,0.05,0.055,0.065,0.05,0.065,0.045,0.02,0.015,0.06
YIL036W,0.08,0.0,0.07,0.02,0.005,0.03,0.03,0.04,0.04,0.05,0.03,0.115,0.035,0.09,0.035,0.145,0.1,0.05,0.0,0.035
YIL027C,0.05673758865248227,0.0070921985815602835,0.028368794326241134,0.05673758865248227,0.06382978723404255,0.04964539007092199,0.028368794326241134,0.07801418439716312,0.09219858156028368,0.12056737588652482,0.02127659574468085,0.07801418439716312,0.028368794326241134,0.02127659574468085,0.014184397163120567,0.09929078014184398,0.0425531914893617,0.06382978723404255,0.0070921985815602835,0.0425531914893617
YIL026C,0.06,0.01,0.105,0.13,0.02,0.01,0.03,0.04,0.085,0.05,0.005,0.035,0.02,0.06,0.06,0.125,0.075,0.045,0.005,0.03
YIL024C,0.031746031746031744,0.021164021164021163,0.09523809523809523,0.047619047619047616,0.037037037037037035,0.037037037037037035,0.026455026455026454,0.047619047619047616,0.08465608465608465,0.06878306878306878,0.031746031746031744,0.08465608465608465,0.026455026455026454,0.037037037037037035,0.037037037037037035,0.09523809523809523,0.06349206349206349,0.06878306878306878,0.021164021164021163,0.037037037037037035
YIL017C,0.04,0.03,0.055,0.07,0.055,0.03,0.02,0.065,0.09,0.14,0.02,0.06,0.02,0.05,0.015,0.085,0.04,0.06,0.0,0.055
YIL016W,0.03773584905660377,0.006289308176100629,0.05660377358490566,0.0880503144654088,0.018867924528301886,0.03773584905660377,0.012578616352201259,0.06289308176100629,0.13836477987421383,0.12578616352201258,0.025157232704402517,0.06289308176100629,0.025157232704402517,0.018867924528301886,0.06289308176100629,0.09433962264150944,0.031446540880503145,0.06289308176100629,0.006289308176100629,0.025157232704402517
YIL010W,0.06,0.01,0.05,0.07,0.045,0.05,0.015,0.06,0.105,0.085,0.01,0.055,0.06,0.035,0.06,0.1,0.04,0.07,0.0,0.02
YIL008W,0.010101010101010102,0.0,0.13131313131313133,0.0707070707070707,0.04040404040404041,0.09090909090909091,0.030303030303030304,0.1414141414141414,0.06060606060606061,0.0707070707070707,0.030303030303030304,0.050505050505050504,0.030303030303030304,0.010101010101010102,0.020202020202020204,0.050505050505050504,0.06060606060606061,0.08080808080808081,0.010101010101010102,0.010101010101010102
YIL006W,0.07,0.02,0.035,0.05,0.06,0.07,0.02,0.07,0.035,0.095,0.02,0.025,0.07,0.055,0.03,0.085,0.08,0.06,0.015,0.035
YIL005W,0.05,0.03,0.055,0.105,0.08,0.03,0.02,0.055,0.075,0.095,0.025,0.055,0.07,0.01,0.03,0.08,0.065,0.025,0.015,0.03
YIL003W,0.04,0.01,0.05,0.065,0.03,0.115,0.01,0.095,0.07,0.095,0.025,0.025,0.05,0.03,0.02,0.095,0.065,0.08,0.015,0.015
YIL002C,0.02,0.025,0.075,0.035,0.05,0.05,0.025,0.07,0.045,0.11,0.005,0.07,0.035,0.04,0.055,0.13,0.025,0.07,0.01,0.055
YIR002C,0.07,0.01,0.08,0.055,0.05,0.035,0.02,0.065,0.08,0.075,0.015,0.04,0.05,0.045,0.05,0.045,0.08,0.075,0.01,0.05
YIR003W,0.05,0.0,0.03,0.12,0.01,0.04,0.03,0.035,0.08,0.06,0.02,0.09,0.09,0.025,0.05,0.135,0.075,0.06,0.0,0.0
YIR004W,0.1,0.0,0.08,0.13,0.03,0.07,0.01,0.035,0.115,0.06,0.015,0.065,0.025,0.04,0.025,0.045,0.075,0.045,0.0,0.035
YIR005W,0.0472972972972973,0.0,0.07432432432432433,0.08108108108108109,0.02702702702702703,0.060810810810810814,0.02027027027027027,0.08108108108108109,0.08783783783783784,0.0945945945945946,0.006756756756756757,0.08108108108108109,0.02702702702702703,0.05405405405405406,0.0472972972972973,0.060810810810810814,0.033783783783783786,0.0472972972972973,0.006756756756756757,0.060810810810810814
YIR007W,0.065,0.01,0.085,0.05,0.055,0.065,0.035,0.075,0.05,0.08,0.02,0.045,0.07,0.04,0.03,0.055,0.045,0.05,0.02,0.055
YIR010W,0.095,0.0,0.045,0.055,0.025,0.035,0.035,0.035,0.055,0.055,0.05,0.075,0.115,0.055,0.025,0.085,0.085,0.025,0.0,0.05
YIR015W,0.0625,0.027777777777777776,0.041666666666666664,0.034722222222222224,0.013888888888888888,0.0625,0.034722222222222224,0.0625,0.10416666666666667,0.09722222222222222,0.027777777777777776,0.05555555555555555,0.05555555555555555,0.027777777777777776,0.0763888888888889,0.05555555555555555,0.09027777777777778,0.020833333333333332,0.006944444444444444,0.041666666666666664
YIR017C,0.0481283422459893,0.0,0.0374331550802139,0.09090909090909091,0.0213903743315508,0.0374331550802139,0.0053475935828877,0.06417112299465241,0.12299465240641712,0.10695187165775401,0.026737967914438502,0.11764705882352941,0.0106951871657754,0.053475935828877004,0.08021390374331551,0.09090909090909091,0.03208556149732621,0.0427807486631016,0.0106951871657754,0.0
YIR033W,0.035,0.0,0.065,0.11,0.035,0.045,0.03,0.055,0.045,0.1,0.03,0.1,0.055,0.06,0.02,0.095,0.04,0.06,0.0,0.02
YIR037W,0.024539877300613498,0.018404907975460124,0.04294478527607362,0.09202453987730061,0.0736196319018405,0.08588957055214724,0.006134969325153374,0.049079754601226995,0.12883435582822086,0.08588957055214724,0.018404907975460124,0.03680981595092025,0.05521472392638037,0.049079754601226995,0.018404907975460124,0.06134969325153374,0.03067484662576687,0.06748466257668712,0.006134969325153374,0.049079754601226995
YNL002C,0.07,0.0,0.04,0.105,0.025,0.035,0.005,0.075,0.135,0.095,0.005,0.06,0.035,0.025,0.08,0.06,0.065,0.07,0.0,0.015
YOR335C,0.045,0.005,0.075,0.05,0.065,0.07,0.025,0.035,0.09,0.09,0.02,0.05,0.045,0.02,0.035,0.055,0.105,0.05,0.02,0.05
YNL085W,0.07,0.005,0.04,0.045,0.055,0.05,0.02,0.07,0.03,0.1,0.015,0.075,0.03,0.055,0.035,0.12,0.08,0.03,0.015,0.06
YPR122W,0.055,0.02,0.035,0.055,0.07,0.05,0.045,0.08,0.05,0.095,0.01,0.07,0.06,0.025,0.02,0.12,0.08,0.025,0.0,0.035
YJL097W,0.08,0.01,0.0,0.02,0.055,0.045,0.005,0.085,0.035,0.185,0.025,0.035,0.05,0.04,0.03,0.085,0.035,0.09,0.015,0.075
YJL222W,0.05,0.015,0.085,0.065,0.075,0.05,0.02,0.095,0.065,0.065,0.01,0.035,0.045,0.01,0.05,0.085,0.07,0.065,0.015,0.03
YOR028C,0.075,0.01,0.035,0.035,0.04,0.03,0.035,0.05,0.04,0.075,0.025,0.08,0.105,0.035,0.04,0.11,0.115,0.04,0.0,0.025
YJL099W,0.025,0.025,0.045,0.085,0.06,0.06,0.02,0.09,0.065,0.065,0.03,0.075,0.055,0.025,0.04,0.075,0.075,0.04,0.01,0.035
YGL181W,0.03,0.025,0.105,0.055,0.07,0.085,0.03,0.03,0.06,0.05,0.015,0.06,0.025,0.01,0.11,0.135,0.01,0.045,0.015,0.035
YGL086W,0.04,0.015,0.05,0.1,0.03,0.045,0.01,0.04,0.115,0.125,0.025,0.06,0.015,0.08,0.035,0.105,0.05,0.02,0.0,0.04
YJL030W,0.03571428571428571,0.01020408163265306,0.07653061224489796,0.061224489795918366,0.04081632653061224,0.05612244897959184,0.02040816326530612,0.05612244897959184,0.07142857142857142,0.09183673469387756,0.00510204081632653,0.04081632653061224,0.02040816326530612,0.05612244897959184,0.03571428571428571,0.08163265306122448,0.08163265306122448,0.09693877551020408,0.015306122448979591,0.04591836734693878
YMR004W,0.045,0.0,0.09,0.095,0.03,0.035,0.015,0.07,0.035,0.095,0.015,0.085,0.07,0.01,0.06,0.08,0.08,0.04,0.025,0.025
YGR132C,0.07,0.0,0.05,0.06,0.035,0.065,0.015,0.105,0.075,0.085,0.02,0.03,0.035,0.07,0.05,0.06,0.06,0.085,0.005,0.025
YMR127C,0.025,0.035,0.035,0.04,0.065,0.07,0.01,0.035,0.13,0.08,0.02,0.035,0.03,0.055,0.04,0.09,0.07,0.05,0.01,0.075
YDR364C,0.02,0.01,0.1,0.09,0.035,0.075,0.05,0.04,0.085,0.07,0.005,0.045,0.04,0.025,0.055,0.1,0.05,0.04,0.015,0.05
YMR168C,0.035,0.04,0.06,0.055,0.04,0.04,0.015,0.045,0.075,0.1,0.045,0.055,0.03,0.04,0.06,0.07,0.06,0.035,0.035,0.065
YDR062W,0.035,0.025,0.06,0.05,0.045,0.07,0.035,0.065,0.04,0.095,0.02,0.045,0.075,0.035,0.05,0.075,0.06,0.045,0.005,0.07
YMR319C,0.05,0.02,0.075,0.065,0.05,0.06,0.025,0.065,0.045,0.07,0.02,0.05,0.03,0.045,0.04,0.08,0.065,0.1,0.02,0.025
YGR032W,0.035,0.0,0.115,0.03,0.03,0.1,0.0,0.03,0.005,0.025,0.025,0.1,0.115,0.11,0.005,0.09,0.05,0.02,0.005,0.11
YNL061W,0.08,0.0,0.125,0.22,0.025,0.02,0.01,0.01,0.11,0.08,0.03,0.035,0.045,0.04,0.045,0.05,0.035,0.03,0.0,0.01
YJL025W,0.035,0.025,0.045,0.05,0.05,0.05,0.03,0.09,0.07,0.12,0.025,0.035,0.035,0.075,0.055,0.065,0.075,0.025,0.02,0.025
YDR478W,0.020202020202020204,0.030303030303030304,0.020202020202020204,0.0707070707070707,0.03535353535353535,0.050505050505050504,0.015151515151515152,0.015151515151515152,0.1414141414141414,0.10101010101010101,0.030303030303030304,0.0707070707070707,0.03535353535353535,0.05555555555555555,0.03535353535353535,0.13636363636363635,0.045454545454545456,0.050505050505050504,0.005050505050505051,0.03535353535353535
YOR094W,0.04371584699453552,0.00546448087431694,0.03278688524590164,0.07103825136612021,0.03278688524590164,0.07103825136612021,0.00546448087431694,0.0546448087431694,0.11475409836065574,0.11475409836065574,0.03825136612021858,0.07650273224043716,0.03278688524590164,0.03278688524590164,0.0273224043715847,0.06557377049180328,0.0546448087431694,0.07650273224043716,0.0273224043715847,0.02185792349726776
YOR234C,0.07476635514018691,0.0,0.0,0.037383177570093455,0.037383177570093455,0.07476635514018691,0.028037383177570093,0.056074766355140186,0.08411214953271028,0.056074766355140186,0.018691588785046728,0.06542056074766354,0.037383177570093455,0.028037383177570093,0.102803738317757,0.08411214953271028,0.04672897196261682,0.102803738317757,0.009345794392523364,0.056074766355140186
YIL053W,0.12,0.01,0.065,0.065,0.05,0.075,0.025,0.085,0.105,0.055,0.01,0.035,0.075,0.015,0.025,0.035,0.045,0.055,0.02,0.03
YNL006W,0.055,0.02,0.07,0.045,0.015,0.055,0.045,0.055,0.03,0.065,0.025,0.08,0.045,0.045,0.055,0.095,0.075,0.08,0.025,0.02
YPL028W,0.15,0.02,0.06,0.045,0.03,0.09,0.01,0.05,0.065,0.065,0.025,0.05,0.025,0.055,0.03,0.08,0.035,0.085,0.005,0.025
YJL002C,0.075,0.005,0.03,0.095,0.075,0.05,0.015,0.075,0.035,0.065,0.01,0.06,0.055,0.03,0.02,0.115,0.07,0.05,0.02,0.05
YFL031W,0.08,0.02,0.075,0.085,0.035,0.005,0.025,0.015,0.055,0.115,0.025,0.06,0.055,0.035,0.075,0.12,0.08,0.025,0.005,0.01
YGR188C,0.02,0.01,0.065,0.1,0.055,0.035,0.01,0.055,0.05,0.13,0.035,0.08,0.02,0.05,0.055,0.09,0.04,0.03,0.015,0.055
YOR113W,0.03,0.0,0.02,0.025,0.04,0.075,0.025,0.03,0.01,0.05,0.01,0.085,0.11,0.19,0.035,0.15,0.065,0.02,0.0,0.03
YLR353W,0.06,0.005,0.05,0.07,0.025,0.05,0.015,0.035,0.005,0.06,0.02,0.085,0.04,0.045,0.065,0.195,0.095,0.06,0.0,0.02
YOR125C,0.1,0.01,0.045,0.065,0.04,0.06,0.055,0.045,0.055,0.105,0.015,0.04,0.045,0.05,0.055,0.065,0.065,0.05,0.01,0.025
YLL006W,0.05,0.0,0.05,0.09,0.08,0.04,0.03,0.04,0.075,0.115,0.02,0.055,0.035,0.045,0.025,0.13,0.05,0.035,0.01,0.025
YLR075W,0.085,0.02,0.055,0.045,0.04,0.065,0.025,0.045,0.1,0.08,0.02,0.035,0.045,0.035,0.105,0.05,0.025,0.075,0.01,0.04
YPR036W,0.05,0.015,0.065,0.065,0.035,0.045,0.02,0.08,0.075,0.14,0.015,0.075,0.015,0.045,0.03,0.1,0.04,0.07,0.005,0.015
YDR420W,0.045,0.0,0.04,0.07,0.0,0.035,0.005,0.095,0.04,0.045,0.02,0.035,0.035,0.045,0.005,0.26,0.15,0.04,0.0,0.035
YDR238C,0.065,0.015,0.04,0.085,0.045,0.025,0.03,0.075,0.075,0.125,0.045,0.035,0.055,0.03,0.04,0.07,0.045,0.055,0.005,0.04
YGL137W,0.035,0.01,0.065,0.06,0.055,0.055,0.025,0.045,0.06,0.06,0.01,0.055,0.06,0.025,0.055,0.06,0.085,0.1,0.035,0.045
YNL221C,0.085,0.005,0.02,0.03,0.015,0.04,0.02,0.04,0.11,0.095,0.04,0.06,0.03,0.05,0.12,0.15,0.045,0.04,0.0,0.005
YNL068C,0.055,0.005,0.045,0.035,0.015,0.07,0.03,0.08,0.045,0.08,0.04,0.11,0.06,0.045,0.03,0.085,0.065,0.055,0.01,0.04
YNL291C,0.065,0.01,0.04,0.055,0.06,0.04,0.005,0.08,0.025,0.07,0.025,0.085,0.04,0.05,0.015,0.13,0.07,0.065,0.02,0.05
YNL271C,0.045,0.0,0.02,0.035,0.025,0.045,0.035,0.02,0.07,0.08,0.025,0.09,0.045,0.065,0.04,0.23,0.065,0.03,0.0,0.035
YGL192W,0.035,0.01,0.085,0.065,0.045,0.03,0.01,0.06,0.07,0.135,0.01,0.055,0.035,0.07,0.04,0.095,0.03,0.055,0.01,0.055
YOR075W,0.02,0.02,0.07,0.095,0.07,0.02,0.025,0.065,0.09,0.09,0.04,0.085,0.02,0.05,0.06,0.06,0.035,0.045,0.01,0.03
YGR186W,0.035,0.0,0.055,0.075,0.03,0.075,0.015,0.03,0.09,0.065,0.035,0.09,0.065,0.045,0.1,0.085,0.045,0.05,0.0,0.015
YGR005C,0.035,0.0,0.07,0.125,0.02,0.045,0.015,0.03,0.11,0.095,0.015,0.095,0.02,0.065,0.08,0.065,0.03,0.045,0.01,0.03
YGR059W,0.03,0.01,0.065,0.06,0.05,0.07,0.02,0.08,0.075,0.065,0.02,0.08,0.05,0.05,0.065,0.09,0.05,0.045,0.005,0.02
YJR019C,0.055,0.0,0.045,0.04,0.065,0.05,0.04,0.035,0.07,0.1,0.035,0.025,0.06,0.065,0.035,0.11,0.06,0.055,0.005,0.05
YPL147W,0.045,0.01,0.045,0.025,0.06,0.02,0.03,0.065,0.105,0.135,0.025,0.055,0.05,0.035,0.085,0.07,0.045,0.055,0.005,0.035
YDR005C,0.04,0.015,0.06,0.05,0.04,0.035,0.005,0.045,0.06,0.055,0.01,0.145,0.03,0.045,0.05,0.195,0.06,0.02,0.005,0.035
YOL059W,0.055,0.01,0.045,0.035,0.035,0.03,0.08,0.085,0.06,0.105,0.015,0.05,0.055,0.035,0.075,0.055,0.07,0.075,0.01,0.02
YDR002W,0.09,0.015,0.08,0.14,0.055,0.04,0.015,0.04,0.165,0.035,0.02,0.03,0.05,0.005,0.04,0.045,0.05,0.06,0.01,0.015
YPL091W,0.08,0.01,0.045,0.06,0.045,0.09,0.025,0.03,0.085,0.08,0.015,0.06,0.03,0.035,0.05,0.05,0.065,0.085,0.015,0.045
YLR174W,0.06,0.005,0.08,0.07,0.03,0.06,0.025,0.085,0.075,0.07,0.03,0.025,0.055,0.025,0.05,0.035,0.07,0.09,0.015,0.045
YDL055C,0.055,0.005,0.045,0.09,0.045,0.075,0.02,0.075,0.085,0.1,0.02,0.05,0.075,0.005,0.03,0.025,0.065,0.1,0.0,0.035
YNL142W,0.09,0.025,0.02,0.02,0.075,0.135,0.02,0.04,0.015,0.12,0.05,0.04,0.03,0.015,0.025,0.08,0.06,0.065,0.045,0.03
YDR195W,0.055,0.01,0.075,0.035,0.03,0.025,0.03,0.065,0.1,0.135,0.025,0.085,0.03,0.06,0.03,0.085,0.04,0.055,0.0,0.03
YNL327W,0.045,0.005,0.06,0.035,0.06,0.025,0.015,0.09,0.065,0.065,0.015,0.07,0.055,0.05,0.02,0.11,0.125,0.05,0.01,0.03
YNL326C,0.06,0.06,0.045,0.03,0.07,0.04,0.045,0.05,0.035,0.145,0.02,0.025,0.05,0.02,0.055,0.04,0.075,0.06,0.025,0.05
YNL325C,0.03,0.005,0.06,0.065,0.045,0.075,0.02,0.09,0.085,0.1,0.035,0.055,0.015,0.015,0.04,0.045,0.105,0.05,0.005,0.06
YNL323W,0.055,0.015,0.08,0.075,0.06,0.04,0.015,0.045,0.055,0.055,0.015,0.055,0.045,0.05,0.065,0.055,0.065,0.1,0.015,0.04
YNL321W,0.05,0.005,0.09,0.07,0.02,0.025,0.095,0.055,0.04,0.08,0.01,0.075,0.06,0.035,0.045,0.155,0.06,0.025,0.0,0.005
YNL317W,0.05,0.005,0.07,0.035,0.035,0.035,0.035,0.065,0.045,0.045,0.04,0.07,0.055,0.065,0.05,0.11,0.06,0.065,0.02,0.045
YNL310C,0.06896551724137931,0.034482758620689655,0.05747126436781609,0.040229885057471264,0.028735632183908046,0.028735632183908046,0.06321839080459771,0.05747126436781609,0.10919540229885058,0.07471264367816093,0.028735632183908046,0.04597701149425287,0.05172413793103448,0.040229885057471264,0.05172413793103448,0.06321839080459771,0.05747126436781609,0.06896551724137931,0.005747126436781609,0.022988505747126436
YNL309W,0.08,0.0,0.07,0.055,0.01,0.02,0.035,0.035,0.11,0.065,0.03,0.075,0.09,0.055,0.055,0.11,0.07,0.025,0.0,0.01
YNL308C,0.095,0.0,0.095,0.17,0.025,0.035,0.015,0.04,0.12,0.055,0.01,0.04,0.04,0.03,0.03,0.075,0.06,0.04,0.0,0.025
YGR200C,0.075,0.03,0.045,0.065,0.055,0.065,0.035,0.1,0.08,0.07,0.01,0.035,0.03,0.035,0.015,0.075,0.055,0.085,0.015,0.025
YGR206W,0.009900990099009901,0.0297029702970297,0.0594059405940594,0.06930693069306931,0.039603960396039604,0.0297029702970297,0.009900990099009901,0.0297029702970297,0.09900990099009901,0.10891089108910891,0.019801980198019802,0.07920792079207921,0.0891089108910891,0.0594059405940594,0.04950495049504951,0.0594059405940594,0.04950495049504951,0.039603960396039604,0.019801980198019802,0.04950495049504951
YJL109C,0.08,0.01,0.05,0.05,0.055,0.0,0.015,0.065,0.07,0.145,0.02,0.06,0.035,0.045,0.045,0.105,0.065,0.035,0.01,0.04
YJL104W,0.12751677852348994,0.006711409395973154,0.040268456375838924,0.06711409395973154,0.040268456375838924,0.087248322147651,0.006711409395973154,0.04697986577181208,0.09395973154362416,0.04697986577181208,0.013422818791946308,0.08053691275167785,0.020134228187919462,0.053691275167785234,0.053691275167785234,0.09395973154362416,0.04697986577181208,0.03355704697986577,0.006711409395973154,0.03355704697986577
YJL100W,0.06,0.01,0.05,0.105,0.035,0.065,0.045,0.03,0.04,0.045,0.005,0.055,0.07,0.075,0.045,0.1,0.035,0.075,0.005,0.05
YDL104C,0.07,0.02,0.07,0.03,0.035,0.1,0.04,0.095,0.045,0.11,0.02,0.035,0.05,0.02,0.065,0.06,0.055,0.06,0.01,0.01
YDL103C,0.06,0.01,0.035,0.085,0.045,0.075,0.01,0.065,0.085,0.105,0.02,0.045,0.045,0.07,0.03,0.095,0.05,0.025,0.015,0.03
YDL105W,0.07,0.0,0.1,0.065,0.03,0.045,0.02,0.045,0.08,0.07,0.03,0.075,0.015,0.04,0.07,0.125,0.055,0.055,0.0,0.01
YLR015W,0.04,0.02,0.07,0.075,0.04,0.09,0.025,0.05,0.05,0.045,0.03,0.05,0.05,0.05,0.065,0.07,0.045,0.08,0.01,0.045
YLR147C,0.04950495049504951,0.0,0.039603960396039604,0.04950495049504951,0.0297029702970297,0.06930693069306931,0.019801980198019802,0.06930693069306931,0.06930693069306931,0.0891089108910891,0.04950495049504951,0.04950495049504951,0.07920792079207921,0.04950495049504951,0.06930693069306931,0.0594059405940594,0.0594059405940594,0.0891089108910891,0.0,0.009900990099009901
YKL096W-A,0.2608695652173913,0.0,0.010869565217391304,0.05434782608695652,0.03260869565217391,0.05434782608695652,0.0,0.043478260869565216,0.010869565217391304,0.043478260869565216,0.03260869565217391,0.021739130434782608,0.021739130434782608,0.06521739130434782,0.0,0.10869565217391304,0.16304347826086957,0.07608695652173914,0.0,0.0
YFL048C,0.035,0.005,0.085,0.03,0.035,0.085,0.005,0.03,0.055,0.12,0.03,0.05,0.045,0.06,0.03,0.105,0.07,0.065,0.025,0.035
YFL044C,0.06,0.005,0.08,0.06,0.025,0.07,0.015,0.09,0.07,0.09,0.025,0.06,0.05,0.045,0.025,0.08,0.035,0.085,0.01,0.02
YFL041W,0.055,0.005,0.045,0.06,0.06,0.075,0.055,0.04,0.03,0.08,0.035,0.07,0.06,0.045,0.025,0.045,0.08,0.06,0.02,0.055
YFL034C-B,0.065,0.0,0.03,0.035,0.065,0.025,0.025,0.03,0.06,0.08,0.02,0.09,0.075,0.085,0.035,0.11,0.065,0.055,0.015,0.035
YFL034W,0.045,0.015,0.105,0.105,0.025,0.075,0.035,0.02,0.065,0.055,0.02,0.045,0.055,0.03,0.045,0.135,0.06,0.05,0.005,0.01
YFL033C,0.06,0.02,0.11,0.045,0.02,0.07,0.01,0.075,0.05,0.085,0.035,0.06,0.035,0.045,0.025,0.105,0.08,0.025,0.015,0.03
YFL025C,0.065,0.02,0.07,0.045,0.06,0.05,0.015,0.075,0.04,0.1,0.02,0.065,0.05,0.03,0.075,0.085,0.045,0.035,0.0,0.055
YFL024C,0.04,0.015,0.08,0.095,0.04,0.07,0.05,0.055,0.07,0.055,0.02,0.05,0.025,0.03,0.05,0.12,0.065,0.035,0.005,0.03
YFL023W,0.04,0.0,0.085,0.145,0.035,0.06,0.01,0.065,0.105,0.085,0.025,0.065,0.025,0.035,0.03,0.08,0.045,0.04,0.0,0.025
YFL013C,0.04,0.0,0.09,0.085,0.045,0.03,0.015,0.065,0.085,0.05,0.02,0.07,0.06,0.04,0.04,0.095,0.095,0.055,0.0,0.02
YFL007W,0.055,0.005,0.09,0.05,0.03,0.03,0.025,0.06,0.07,0.12,0.015,0.055,0.055,0.04,0.07,0.115,0.05,0.025,0.005,0.035
YFL004W,0.055,0.0,0.07,0.1,0.055,0.03,0.015,0.035,0.12,0.13,0.01,0.055,0.035,0.015,0.035,0.105,0.025,0.05,0.01,0.05
YFR001W,0.075,0.0,0.055,0.095,0.01,0.035,0.005,0.055,0.205,0.08,0.01,0.04,0.035,0.035,0.1,0.06,0.045,0.045,0.0,0.015
YFR003C,0.03225806451612903,0.01935483870967742,0.06451612903225806,0.12903225806451613,0.012903225806451613,0.03225806451612903,0.03225806451612903,0.025806451612903226,0.07096774193548387,0.03225806451612903,0.03225806451612903,0.07096774193548387,0.04516129032258064,0.07741935483870968,0.0967741935483871,0.11612903225806452,0.03225806451612903,0.04516129032258064,0.0064516129032258064,0.025806451612903226
YFR011C,0.041176470588235294,0.011764705882352941,0.07058823529411765,0.08823529411764706,0.029411764705882353,0.058823529411764705,0.0,0.03529411764705882,0.1411764705882353,0.12352941176470589,0.01764705882352941,0.06470588235294118,0.011764705882352941,0.058823529411764705,0.0058823529411764705,0.11764705882352941,0.052941176470588235,0.047058823529411764,0.0,0.023529411764705882
YFR021W,0.04,0.015,0.045,0.04,0.045,0.06,0.02,0.095,0.05,0.085,0.03,0.07,0.055,0.035,0.035,0.115,0.08,0.05,0.0,0.035
YFR024C-A,0.15,0.005,0.03,0.035,0.055,0.125,0.0,0.08,0.07,0.065,0.02,0.035,0.04,0.015,0.05,0.095,0.04,0.075,0.005,0.01
YFR027W,0.035,0.01,0.03,0.065,0.005,0.06,0.035,0.075,0.09,0.055,0.025,0.08,0.035,0.025,0.075,0.12,0.065,0.06,0.02,0.035
YFR037C,0.075,0.0,0.055,0.08,0.06,0.025,0.035,0.07,0.085,0.06,0.015,0.04,0.075,0.04,0.04,0.075,0.08,0.05,0.01,0.03
YFR038W,0.07,0.005,0.145,0.075,0.015,0.02,0.02,0.03,0.11,0.065,0.02,0.07,0.005,0.04,0.04,0.115,0.07,0.07,0.005,0.01
YFR040W,0.03,0.01,0.07,0.115,0.06,0.035,0.02,0.055,0.075,0.075,0.035,0.08,0.025,0.035,0.04,0.11,0.065,0.04,0.005,0.02
YFR044C,0.045,0.01,0.08,0.055,0.06,0.07,0.015,0.065,0.085,0.09,0.02,0.02,0.065,0.045,0.02,0.11,0.04,0.08,0.01,0.015
YFR046C,0.045,0.0,0.07,0.1,0.015,0.035,0.015,0.055,0.065,0.095,0.015,0.07,0.05,0.055,0.075,0.095,0.085,0.045,0.0,0.015
YFR051C,0.04,0.0,0.055,0.095,0.06,0.035,0.03,0.08,0.06,0.08,0.025,0.065,0.015,0.05,0.07,0.105,0.045,0.05,0.0,0.04
YPR001W,0.06,0.015,0.035,0.05,0.045,0.09,0.02,0.06,0.08,0.115,0.045,0.04,0.05,0.045,0.045,0.08,0.06,0.035,0.015,0.015
YGL065C,0.055,0.025,0.06,0.035,0.075,0.045,0.035,0.095,0.055,0.12,0.01,0.035,0.035,0.065,0.03,0.055,0.055,0.075,0.0,0.04
YKL006C-A,0.05154639175257732,0.0,0.05154639175257732,0.030927835051546393,0.061855670103092786,0.05154639175257732,0.0,0.07216494845360824,0.05154639175257732,0.12371134020618557,0.041237113402061855,0.09278350515463918,0.0,0.030927835051546393,0.07216494845360824,0.14432989690721648,0.061855670103092786,0.030927835051546393,0.010309278350515464,0.020618556701030927
YGL171W,0.05,0.015,0.08,0.075,0.04,0.07,0.005,0.095,0.09,0.08,0.005,0.08,0.055,0.025,0.045,0.075,0.05,0.055,0.0,0.01
YJR093C,0.075,0.0,0.155,0.075,0.015,0.05,0.0,0.055,0.06,0.06,0.01,0.025,0.05,0.015,0.04,0.15,0.085,0.055,0.005,0.02
YPR129W,0.055,0.005,0.045,0.06,0.02,0.055,0.005,0.045,0.06,0.03,0.02,0.095,0.1,0.08,0.045,0.09,0.07,0.08,0.005,0.035
YOR374W,0.06,0.015,0.065,0.065,0.045,0.07,0.015,0.085,0.055,0.085,0.02,0.05,0.05,0.035,0.055,0.085,0.05,0.045,0.02,0.03
YLR048W,0.115,0.005,0.055,0.04,0.035,0.05,0.025,0.075,0.03,0.095,0.01,0.045,0.075,0.03,0.07,0.05,0.065,0.09,0.015,0.025
YGL245W,0.125,0.01,0.07,0.05,0.04,0.05,0.01,0.07,0.115,0.11,0.02,0.065,0.03,0.02,0.02,0.065,0.04,0.06,0.015,0.015
YOR340C,0.045,0.01,0.07,0.06,0.03,0.065,0.03,0.07,0.08,0.075,0.02,0.115,0.05,0.035,0.02,0.045,0.045,0.09,0.015,0.03
YMR052W,0.055,0.005,0.065,0.1,0.04,0.015,0.01,0.08,0.115,0.1,0.005,0.08,0.015,0.06,0.05,0.1,0.04,0.01,0.01,0.045
YGL105W,0.11,0.0,0.075,0.07,0.02,0.02,0.03,0.045,0.135,0.095,0.01,0.03,0.04,0.065,0.025,0.075,0.055,0.065,0.01,0.025
YJR042W,0.045,0.005,0.1,0.075,0.055,0.05,0.005,0.05,0.06,0.105,0.035,0.075,0.04,0.035,0.05,0.045,0.05,0.08,0.0,0.04
YDR159W,0.04,0.005,0.06,0.065,0.055,0.035,0.02,0.04,0.105,0.075,0.03,0.105,0.05,0.055,0.03,0.105,0.055,0.045,0.005,0.02
YLR045C,0.085,0.015,0.045,0.065,0.035,0.035,0.015,0.06,0.05,0.135,0.015,0.055,0.035,0.045,0.04,0.08,0.08,0.065,0.015,0.03
YDR310C,0.05,0.005,0.095,0.04,0.015,0.025,0.025,0.04,0.075,0.12,0.02,0.12,0.035,0.05,0.02,0.13,0.08,0.055,0.0,0.0
YGR274C,0.08,0.0,0.125,0.095,0.03,0.13,0.025,0.055,0.035,0.08,0.05,0.075,0.03,0.03,0.0,0.07,0.04,0.03,0.0,0.02
YNL039W,0.045,0.0,0.065,0.07,0.03,0.065,0.015,0.05,0.085,0.07,0.01,0.07,0.08,0.025,0.075,0.12,0.08,0.045,0.0,0.0
YMR092C,0.03,0.025,0.065,0.04,0.06,0.095,0.02,0.05,0.05,0.04,0.015,0.035,0.06,0.04,0.045,0.14,0.05,0.1,0.02,0.02
YDL178W,0.04,0.015,0.06,0.055,0.04,0.065,0.005,0.055,0.075,0.115,0.025,0.075,0.035,0.025,0.06,0.095,0.03,0.065,0.005,0.06
YGR261C,0.09,0.005,0.075,0.045,0.015,0.015,0.02,0.08,0.065,0.135,0.035,0.055,0.02,0.025,0.055,0.11,0.055,0.065,0.0,0.035
YMR230W,0.02857142857142857,0.0,0.01904761904761905,0.09523809523809523,0.02857142857142857,0.0380952380952381,0.02857142857142857,0.047619047619047616,0.08571428571428572,0.08571428571428572,0.01904761904761905,0.047619047619047616,0.047619047619047616,0.09523809523809523,0.05714285714285714,0.0380952380952381,0.05714285714285714,0.06666666666666667,0.009523809523809525,0.10476190476190476
YLR289W,0.06,0.015,0.06,0.05,0.045,0.045,0.04,0.08,0.07,0.1,0.01,0.055,0.035,0.055,0.07,0.045,0.055,0.07,0.0,0.04
YDR108W,0.05,0.01,0.07,0.055,0.055,0.025,0.04,0.055,0.06,0.1,0.025,0.075,0.04,0.03,0.045,0.11,0.055,0.06,0.0,0.04
YGL175C,0.03,0.015,0.065,0.105,0.03,0.025,0.025,0.04,0.085,0.125,0.01,0.1,0.05,0.045,0.03,0.085,0.06,0.055,0.0,0.02
YGL174W,0.065,0.0,0.075,0.08,0.02,0.03,0.03,0.055,0.155,0.065,0.01,0.055,0.025,0.055,0.03,0.115,0.075,0.03,0.005,0.025
YGR195W,0.03,0.0,0.045,0.075,0.025,0.07,0.02,0.085,0.06,0.12,0.04,0.06,0.03,0.02,0.06,0.11,0.06,0.06,0.005,0.025
YGR198W,0.035,0.015,0.045,0.06,0.05,0.045,0.03,0.07,0.05,0.14,0.03,0.075,0.045,0.05,0.045,0.075,0.03,0.07,0.0,0.04
YJR006W,0.025,0.03,0.09,0.06,0.035,0.07,0.005,0.05,0.07,0.1,0.02,0.05,0.05,0.05,0.055,0.045,0.055,0.07,0.01,0.06
YJL125C,0.045,0.015,0.045,0.06,0.065,0.075,0.055,0.07,0.05,0.065,0.015,0.05,0.04,0.03,0.05,0.095,0.07,0.06,0.01,0.035
YJL006C,0.045,0.035,0.04,0.06,0.07,0.01,0.015,0.08,0.08,0.12,0.005,0.055,0.02,0.045,0.065,0.06,0.065,0.07,0.005,0.055
YML112W,0.02,0.02,0.09,0.04,0.03,0.0,0.04,0.045,0.075,0.14,0.02,0.045,0.035,0.05,0.05,0.08,0.115,0.05,0.01,0.045
YOR103C,0.08461538461538462,0.038461538461538464,0.023076923076923078,0.023076923076923078,0.13076923076923078,0.03076923076923077,0.015384615384615385,0.09230769230769231,0.06923076923076923,0.12307692307692308,0.015384615384615385,0.046153846153846156,0.038461538461538464,0.038461538461538464,0.03076923076923077,0.06153846153846154,0.06153846153846154,0.06153846153846154,0.0,0.015384615384615385
YJR010C-A,0.06382978723404255,0.031914893617021274,0.0425531914893617,0.031914893617021274,0.0425531914893617,0.031914893617021274,0.0,0.09574468085106383,0.07446808510638298,0.1276595744680851,0.02127659574468085,0.02127659574468085,0.05319148936170213,0.10638297872340426,0.031914893617021274,0.05319148936170213,0.031914893617021274,0.07446808510638298,0.02127659574468085,0.0425531914893617
YJR143C,0.09,0.015,0.045,0.055,0.08,0.035,0.03,0.075,0.065,0.095,0.02,0.02,0.07,0.01,0.035,0.06,0.06,0.06,0.02,0.06
YMR035W,0.03954802259887006,0.011299435028248588,0.05084745762711865,0.01694915254237288,0.04519774011299435,0.062146892655367235,0.01694915254237288,0.0847457627118644,0.07344632768361582,0.0903954802259887,0.011299435028248588,0.062146892655367235,0.07909604519774012,0.022598870056497175,0.05649717514124294,0.07344632768361582,0.07909604519774012,0.07344632768361582,0.03389830508474576,0.01694915254237288
YJL184W,0.06504065040650407,0.0,0.11382113821138211,0.08130081300813008,0.016260162601626018,0.0975609756097561,0.008130081300813009,0.04065040650406504,0.07317073170731707,0.08943089430894309,0.024390243902439025,0.032520325203252036,0.056910569105691054,0.06504065040650407,0.06504065040650407,0.04065040650406504,0.07317073170731707,0.032520325203252036,0.0,0.024390243902439025
YJL183W,0.04,0.005,0.035,0.055,0.05,0.05,0.03,0.085,0.08,0.085,0.01,0.04,0.04,0.045,0.06,0.08,0.055,0.08,0.01,0.065
YJL179W,0.045871559633027525,0.009174311926605505,0.07339449541284404,0.07339449541284404,0.009174311926605505,0.009174311926605505,0.009174311926605505,0.03669724770642202,0.12844036697247707,0.13761467889908258,0.03669724770642202,0.05504587155963303,0.009174311926605505,0.07339449541284404,0.045871559633027525,0.06422018348623854,0.08256880733944955,0.05504587155963303,0.009174311926605505,0.03669724770642202
YJL178C,0.045,0.035,0.09,0.07,0.035,0.08,0.015,0.06,0.12,0.07,0.015,0.05,0.035,0.03,0.005,0.075,0.09,0.045,0.03,0.005
YJL177W,0.14673913043478262,0.0,0.016304347826086956,0.05434782608695652,0.02717391304347826,0.05434782608695652,0.021739130434782608,0.043478260869565216,0.09239130434782608,0.05434782608695652,0.005434782608695652,0.043478260869565216,0.02717391304347826,0.06521739130434782,0.10326086956521739,0.07608695652173914,0.059782608695652176,0.06521739130434782,0.010869565217391304,0.03260869565217391
YJL168C,0.055,0.05,0.09,0.105,0.07,0.045,0.03,0.065,0.07,0.055,0.025,0.08,0.015,0.055,0.045,0.05,0.03,0.025,0.0,0.04
YJL158C,0.155,0.02,0.05,0.03,0.025,0.085,0.0,0.05,0.045,0.055,0.005,0.02,0.04,0.06,0.015,0.145,0.125,0.04,0.01,0.025
YJL156C,0.05,0.0,0.065,0.09,0.035,0.05,0.025,0.045,0.055,0.055,0.025,0.09,0.025,0.03,0.045,0.19,0.075,0.04,0.0,0.01
YJL148W,0.045,0.005,0.11,0.07,0.045,0.02,0.03,0.05,0.145,0.07,0.02,0.045,0.05,0.025,0.015,0.115,0.045,0.07,0.005,0.02
YJL145W,0.04,0.02,0.08,0.065,0.045,0.055,0.01,0.06,0.12,0.09,0.02,0.07,0.015,0.045,0.03,0.045,0.045,0.065,0.015,0.065
YJL137C,0.065,0.015,0.07,0.075,0.065,0.03,0.01,0.09,0.08,0.175,0.015,0.03,0.05,0.055,0.03,0.03,0.045,0.04,0.01,0.02
YJL134W,0.03,0.015,0.035,0.03,0.075,0.04,0.025,0.03,0.04,0.12,0.04,0.06,0.055,0.025,0.065,0.09,0.08,0.05,0.02,0.075
YJL126W,0.055,0.015,0.065,0.055,0.035,0.045,0.02,0.08,0.085,0.125,0.01,0.035,0.06,0.05,0.045,0.1,0.025,0.07,0.0,0.025
YJL124C,0.05813953488372093,0.005813953488372093,0.0872093023255814,0.09302325581395349,0.05813953488372093,0.046511627906976744,0.01744186046511628,0.05813953488372093,0.09302325581395349,0.06395348837209303,0.040697674418604654,0.05232558139534884,0.01744186046511628,0.05813953488372093,0.06976744186046512,0.046511627906976744,0.03488372093023256,0.05232558139534884,0.005813953488372093,0.040697674418604654
YJL113W,0.03,0.01,0.08,0.095,0.04,0.025,0.01,0.1,0.095,0.09,0.01,0.095,0.025,0.04,0.06,0.035,0.07,0.06,0.0,0.03
YJL112W,0.045,0.005,0.06,0.07,0.045,0.06,0.015,0.04,0.085,0.085,0.015,0.11,0.02,0.02,0.045,0.09,0.115,0.035,0.0,0.04
YJL091C,0.065,0.005,0.02,0.025,0.06,0.055,0.0,0.095,0.075,0.14,0.025,0.06,0.05,0.02,0.03,0.105,0.065,0.05,0.015,0.04
YJL090C,0.04,0.01,0.07,0.02,0.07,0.055,0.02,0.135,0.075,0.07,0.015,0.08,0.02,0.045,0.035,0.075,0.08,0.05,0.005,0.03
YJL084C,0.05,0.005,0.05,0.06,0.035,0.04,0.01,0.055,0.075,0.1,0.02,0.05,0.085,0.04,0.05,0.145,0.05,0.05,0.01,0.02
YJL079C,0.185,0.0,0.045,0.03,0.005,0.015,0.02,0.005,0.035,0.085,0.005,0.025,0.045,0.03,0.01,0.175,0.175,0.075,0.01,0.025
YJL078C,0.07,0.025,0.045,0.055,0.035,0.075,0.02,0.035,0.025,0.065,0.01,0.055,0.045,0.025,0.005,0.135,0.115,0.07,0.02,0.07
YJL076W,0.045,0.01,0.06,0.03,0.04,0.035,0.0,0.06,0.06,0.11,0.02,0.07,0.075,0.07,0.04,0.11,0.07,0.065,0.0,0.03
YJL074C,0.04,0.0,0.065,0.065,0.04,0.075,0.02,0.085,0.095,0.07,0.035,0.065,0.025,0.04,0.055,0.08,0.04,0.08,0.0,0.025
YJL060W,0.07,0.01,0.03,0.07,0.055,0.055,0.0,0.07,0.075,0.075,0.02,0.085,0.06,0.05,0.04,0.065,0.07,0.055,0.01,0.035
YJL058C,0.055,0.005,0.05,0.03,0.035,0.035,0.04,0.045,0.05,0.06,0.01,0.08,0.035,0.04,0.06,0.2,0.095,0.06,0.0,0.015
YJL056C,0.12,0.025,0.09,0.025,0.03,0.04,0.065,0.03,0.06,0.055,0.015,0.09,0.075,0.015,0.02,0.115,0.065,0.025,0.005,0.035
YJL050W,0.065,0.005,0.08,0.11,0.025,0.035,0.035,0.03,0.09,0.055,0.005,0.06,0.05,0.045,0.035,0.08,0.08,0.09,0.0,0.025
YJL047C,0.045,0.02,0.03,0.1,0.07,0.03,0.03,0.07,0.08,0.095,0.03,0.065,0.035,0.035,0.05,0.065,0.055,0.04,0.005,0.05
YJL039C,0.045,0.01,0.055,0.085,0.075,0.035,0.01,0.095,0.06,0.14,0.005,0.08,0.01,0.075,0.035,0.075,0.035,0.035,0.005,0.035
YJL036W,0.025,0.01,0.085,0.045,0.06,0.035,0.03,0.05,0.1,0.075,0.01,0.05,0.06,0.05,0.065,0.095,0.06,0.055,0.01,0.03
YJL035C,0.075,0.025,0.055,0.055,0.045,0.075,0.03,0.055,0.06,0.07,0.045,0.05,0.045,0.025,0.055,0.045,0.065,0.085,0.005,0.035
YJL029C,0.035,0.01,0.06,0.09,0.035,0.03,0.015,0.09,0.09,0.135,0.02,0.07,0.015,0.04,0.015,0.12,0.07,0.02,0.0,0.04
YJL024C,0.05670103092783505,0.010309278350515464,0.05670103092783505,0.08247422680412371,0.061855670103092786,0.041237113402061855,0.005154639175257732,0.07216494845360824,0.041237113402061855,0.11855670103092783,0.010309278350515464,0.07216494845360824,0.02577319587628866,0.07216494845360824,0.02577319587628866,0.07216494845360824,0.061855670103092786,0.07731958762886598,0.010309278350515464,0.02577319587628866
YJL020C,0.075,0.0,0.065,0.105,0.035,0.045,0.01,0.045,0.07,0.04,0.015,0.03,0.11,0.055,0.015,0.09,0.06,0.11,0.005,0.02
YJL019W,0.055,0.0,0.135,0.1,0.06,0.06,0.015,0.03,0.08,0.055,0.03,0.08,0.02,0.025,0.025,0.105,0.04,0.02,0.005,0.06
YJL013C,0.055,0.005,0.025,0.09,0.05,0.035,0.01,0.08,0.085,0.125,0.03,0.065,0.04,0.05,0.055,0.08,0.025,0.03,0.015,0.05
YJL012C,0.02,0.005,0.075,0.085,0.06,0.04,0.025,0.06,0.105,0.1,0.005,0.04,0.025,0.065,0.045,0.075,0.055,0.065,0.005,0.045
YJL011C,0.062111801242236024,0.006211180124223602,0.049689440993788817,0.12422360248447205,0.043478260869565216,0.037267080745341616,0.018633540372670808,0.055900621118012424,0.11180124223602485,0.10559006211180125,0.031055900621118012,0.06832298136645963,0.018633540372670808,0.037267080745341616,0.037267080745341616,0.08695652173913043,0.024844720496894408,0.043478260869565216,0.006211180124223602,0.031055900621118012
YJL010C,0.045,0.01,0.04,0.14,0.075,0.035,0.03,0.035,0.085,0.095,0.04,0.04,0.03,0.065,0.04,0.065,0.065,0.045,0.0,0.02
YJR001W,0.06,0.0,0.085,0.045,0.045,0.075,0.015,0.05,0.025,0.065,0.03,0.08,0.05,0.025,0.095,0.13,0.055,0.055,0.0,0.015
YJR002W,0.065,0.005,0.105,0.125,0.03,0.05,0.01,0.06,0.075,0.08,0.015,0.05,0.025,0.035,0.025,0.13,0.04,0.055,0.01,0.01
YJR022W,0.05504587155963303,0.01834862385321101,0.07339449541284404,0.08256880733944955,0.03669724770642202,0.03669724770642202,0.009174311926605505,0.10091743119266056,0.12844036697247707,0.10091743119266056,0.01834862385321101,0.08256880733944955,0.01834862385321101,0.009174311926605505,0.027522935779816515,0.05504587155963303,0.045871559633027525,0.07339449541284404,0.009174311926605505,0.01834862385321101
YJR025C,0.022598870056497175,0.02824858757062147,0.062146892655367235,0.07909604519774012,0.03954802259887006,0.07344632768361582,0.03389830508474576,0.062146892655367235,0.06779661016949153,0.07344632768361582,0.022598870056497175,0.07344632768361582,0.06779661016949153,0.03389830508474576,0.03954802259887006,0.03389830508474576,0.05649717514124294,0.07909604519774012,0.01694915254237288,0.03389830508474576
YJR027W,0.055,0.015,0.03,0.035,0.03,0.045,0.035,0.02,0.04,0.03,0.04,0.055,0.145,0.085,0.005,0.16,0.085,0.04,0.01,0.04
YJR029W,0.055,0.015,0.03,0.035,0.03,0.045,0.04,0.02,0.04,0.03,0.04,0.055,0.13,0.09,0.005,0.165,0.09,0.035,0.01,0.04
YJR031C,0.055,0.015,0.08,0.03,0.04,0.035,0.02,0.075,0.055,0.14,0.02,0.04,0.025,0.04,0.025,0.125,0.075,0.085,0.0,0.02
YJR033C,0.05,0.035,0.045,0.01,0.05,0.035,0.025,0.095,0.055,0.08,0.02,0.085,0.06,0.085,0.03,0.065,0.065,0.045,0.035,0.03
YJR041C,0.045,0.02,0.08,0.045,0.065,0.015,0.025,0.085,0.085,0.145,0.015,0.055,0.04,0.02,0.03,0.075,0.085,0.04,0.01,0.02
YJR043C,0.035,0.025,0.075,0.065,0.035,0.015,0.015,0.09,0.145,0.075,0.03,0.045,0.04,0.04,0.045,0.075,0.075,0.03,0.0,0.045
YJR046W,0.065,0.02,0.095,0.04,0.065,0.05,0.015,0.03,0.04,0.14,0.005,0.04,0.04,0.04,0.055,0.065,0.085,0.07,0.005,0.035
YJR053W,0.03,0.005,0.09,0.1,0.065,0.03,0.01,0.025,0.065,0.09,0.025,0.075,0.07,0.035,0.065,0.1,0.075,0.035,0.005,0.005
YJR054W,0.03,0.02,0.035,0.025,0.085,0.05,0.01,0.1,0.08,0.12,0.02,0.1,0.015,0.015,0.035,0.07,0.06,0.06,0.03,0.04
YJR059W,0.07,0.0,0.045,0.035,0.02,0.085,0.045,0.03,0.06,0.08,0.01,0.095,0.055,0.02,0.085,0.175,0.04,0.035,0.0,0.015
YJR065C,0.1,0.005,0.035,0.065,0.06,0.08,0.015,0.03,0.03,0.08,0.015,0.085,0.06,0.02,0.03,0.115,0.065,0.055,0.02,0.035
YJR069C,0.09137055837563451,0.005076142131979695,0.05583756345177665,0.08121827411167512,0.07614213197969544,0.07106598984771574,0.02030456852791878,0.06091370558375635,0.08629441624365482,0.08121827411167512,0.02030456852791878,0.07106598984771574,0.030456852791878174,0.03553299492385787,0.025380710659898477,0.04568527918781726,0.05583756345177665,0.050761421319796954,0.01015228426395939,0.025380710659898477
YJR070C,0.11,0.01,0.07,0.105,0.03,0.03,0.03,0.035,0.085,0.12,0.015,0.065,0.05,0.045,0.035,0.04,0.05,0.055,0.005,0.015
YJR072C,0.07,0.025,0.055,0.04,0.055,0.04,0.005,0.1,0.075,0.06,0.04,0.05,0.05,0.035,0.03,0.085,0.075,0.065,0.01,0.035
YJR075W,0.075,0.0,0.05,0.07,0.055,0.02,0.04,0.1,0.07,0.085,0.02,0.05,0.045,0.075,0.045,0.08,0.04,0.04,0.015,0.025
YJR082C,0.05309734513274336,0.0,0.07964601769911504,0.07079646017699115,0.05309734513274336,0.061946902654867256,0.07964601769911504,0.035398230088495575,0.07964601769911504,0.05309734513274336,0.008849557522123894,0.08849557522123894,0.0,0.07079646017699115,0.02654867256637168,0.1415929203539823,0.04424778761061947,0.008849557522123894,0.0,0.04424778761061947
YJR084W,0.035,0.02,0.06,0.08,0.035,0.025,0.01,0.075,0.1,0.12,0.02,0.075,0.03,0.03,0.095,0.05,0.04,0.045,0.01,0.045
YJR088C,0.06,0.02,0.055,0.09,0.05,0.03,0.0,0.05,0.075,0.135,0.045,0.065,0.015,0.045,0.02,0.04,0.06,0.065,0.01,0.07
YJR092W,0.05,0.005,0.065,0.115,0.005,0.03,0.03,0.05,0.065,0.1,0.03,0.085,0.055,0.04,0.035,0.12,0.065,0.035,0.005,0.015
YJR102C,0.02,0.02,0.08,0.055,0.03,0.03,0.005,0.08,0.07,0.09,0.025,0.06,0.04,0.05,0.05,0.11,0.07,0.04,0.035,0.04
YJR112W,0.045,0.02,0.065,0.13,0.02,0.025,0.025,0.05,0.07,0.11,0.03,0.07,0.015,0.08,0.05,0.06,0.025,0.07,0.01,0.03
YJR113C,0.1,0.015,0.025,0.07,0.015,0.035,0.015,0.05,0.07,0.105,0.03,0.035,0.07,0.065,0.07,0.075,0.055,0.055,0.025,0.02
YJR117W,0.045,0.005,0.055,0.035,0.09,0.03,0.025,0.075,0.075,0.15,0.025,0.025,0.045,0.03,0.02,0.085,0.05,0.06,0.02,0.055
YJR119C,0.02,0.01,0.05,0.065,0.07,0.025,0.02,0.08,0.09,0.105,0.02,0.065,0.06,0.03,0.065,0.07,0.05,0.05,0.005,0.05
YJR125C,0.08,0.0,0.06,0.075,0.04,0.065,0.015,0.07,0.08,0.075,0.025,0.055,0.005,0.035,0.08,0.09,0.06,0.04,0.01,0.04
YJR130C,0.03,0.035,0.025,0.11,0.045,0.04,0.02,0.075,0.09,0.065,0.035,0.05,0.04,0.03,0.055,0.07,0.065,0.07,0.015,0.035
YJR135C,0.04,0.0,0.095,0.065,0.04,0.025,0.02,0.05,0.085,0.15,0.04,0.075,0.02,0.05,0.05,0.09,0.04,0.04,0.01,0.015
YJR137C,0.07,0.0,0.07,0.05,0.04,0.015,0.025,0.065,0.065,0.145,0.005,0.055,0.045,0.04,0.0,0.125,0.115,0.045,0.0,0.025
YJR138W,0.04,0.0,0.05,0.045,0.035,0.07,0.035,0.065,0.1,0.09,0.01,0.1,0.04,0.045,0.065,0.105,0.04,0.035,0.005,0.025
YJR140C,0.035,0.01,0.06,0.095,0.05,0.02,0.02,0.045,0.055,0.155,0.03,0.105,0.015,0.045,0.055,0.08,0.025,0.045,0.005,0.05
YJR148W,0.075,0.025,0.05,0.05,0.04,0.075,0.015,0.05,0.08,0.09,0.035,0.025,0.075,0.025,0.04,0.045,0.095,0.05,0.015,0.045
YJR150C,0.19,0.0,0.02,0.075,0.02,0.04,0.01,0.05,0.01,0.05,0.02,0.02,0.025,0.01,0.02,0.22,0.115,0.07,0.005,0.03
YOR321W,0.05,0.005,0.075,0.05,0.07,0.07,0.03,0.055,0.05,0.11,0.04,0.03,0.04,0.005,0.04,0.07,0.045,0.075,0.02,0.07
YLR220W,0.06,0.0,0.07,0.06,0.03,0.11,0.01,0.075,0.055,0.105,0.015,0.08,0.025,0.015,0.035,0.145,0.035,0.05,0.0,0.025
YNL025C,0.04,0.025,0.025,0.065,0.04,0.02,0.035,0.08,0.06,0.13,0.02,0.03,0.05,0.07,0.055,0.055,0.065,0.05,0.02,0.065
YDR308C,0.03571428571428571,0.014285714285714285,0.09285714285714286,0.1,0.02857142857142857,0.02142857142857143,0.02142857142857143,0.08571428571428572,0.1,0.10714285714285714,0.02857142857142857,0.04285714285714286,0.02857142857142857,0.05714285714285714,0.03571428571428571,0.05714285714285714,0.07142857142857142,0.06428571428571428,0.0,0.007142857142857143
YMR246W,0.06,0.015,0.05,0.07,0.035,0.065,0.03,0.085,0.09,0.065,0.04,0.035,0.04,0.02,0.04,0.055,0.085,0.07,0.015,0.035
YLR136C,0.04,0.015,0.035,0.075,0.035,0.025,0.01,0.035,0.085,0.105,0.01,0.065,0.08,0.105,0.01,0.125,0.07,0.025,0.005,0.045
YPR026W,0.075,0.0,0.04,0.025,0.065,0.055,0.015,0.045,0.035,0.13,0.02,0.115,0.04,0.005,0.065,0.125,0.045,0.02,0.01,0.07
YNL096C,0.04736842105263158,0.0,0.04736842105263158,0.06315789473684211,0.03684210526315789,0.031578947368421054,0.015789473684210527,0.06315789473684211,0.10526315789473684,0.11052631578947368,0.010526315789473684,0.015789473684210527,0.05789473684210526,0.06842105263157895,0.06842105263157895,0.08421052631578947,0.05263157894736842,0.1,0.0,0.021052631578947368
YNL087W,0.035,0.005,0.065,0.085,0.03,0.055,0.005,0.06,0.08,0.09,0.02,0.04,0.035,0.035,0.025,0.105,0.075,0.09,0.025,0.04
YNL086W,0.06862745098039216,0.0,0.0784313725490196,0.06862745098039216,0.00980392156862745,0.058823529411764705,0.00980392156862745,0.0392156862745098,0.0392156862745098,0.1568627450980392,0.029411764705882353,0.0392156862745098,0.0392156862745098,0.049019607843137254,0.08823529411764706,0.08823529411764706,0.029411764705882353,0.06862745098039216,0.0,0.0392156862745098
YGR145W,0.045,0.01,0.07,0.05,0.045,0.06,0.025,0.04,0.075,0.095,0.01,0.085,0.02,0.045,0.055,0.08,0.055,0.08,0.01,0.045
YGR149W,0.03,0.015,0.05,0.04,0.135,0.025,0.055,0.05,0.06,0.115,0.02,0.055,0.04,0.02,0.06,0.08,0.04,0.035,0.01,0.065
YGR150C,0.03,0.01,0.065,0.065,0.06,0.02,0.03,0.06,0.09,0.09,0.03,0.08,0.04,0.02,0.06,0.115,0.04,0.065,0.01,0.02
YGR158C,0.065,0.01,0.05,0.055,0.03,0.075,0.02,0.065,0.05,0.1,0.03,0.065,0.04,0.04,0.035,0.115,0.08,0.05,0.0,0.025
YDR376W,0.03,0.015,0.05,0.06,0.06,0.085,0.025,0.085,0.075,0.07,0.005,0.06,0.05,0.025,0.035,0.085,0.065,0.075,0.02,0.025
YGR097W,0.06,0.0,0.07,0.055,0.05,0.06,0.005,0.065,0.085,0.065,0.02,0.035,0.08,0.055,0.03,0.09,0.085,0.045,0.005,0.04
YGR187C,0.06,0.015,0.085,0.035,0.065,0.045,0.01,0.085,0.095,0.12,0.035,0.06,0.03,0.025,0.04,0.065,0.03,0.07,0.005,0.025
YGR072W,0.045,0.02,0.07,0.05,0.055,0.055,0.015,0.035,0.155,0.06,0.01,0.14,0.025,0.015,0.06,0.065,0.05,0.03,0.005,0.04
YPL085W,0.075,0.0,0.08,0.11,0.015,0.01,0.05,0.055,0.075,0.065,0.01,0.085,0.055,0.05,0.015,0.135,0.06,0.045,0.0,0.01
YOR085W,0.06,0.015,0.055,0.04,0.08,0.015,0.025,0.1,0.06,0.095,0.02,0.055,0.07,0.03,0.015,0.12,0.07,0.05,0.015,0.01
YDL141W,0.085,0.01,0.05,0.045,0.07,0.11,0.015,0.02,0.04,0.05,0.015,0.045,0.07,0.04,0.035,0.09,0.05,0.11,0.005,0.045
YMR276W,0.11,0.0,0.05,0.035,0.03,0.075,0.02,0.045,0.04,0.075,0.065,0.09,0.065,0.09,0.02,0.09,0.04,0.035,0.005,0.02
YMR275C,0.085,0.0,0.055,0.03,0.02,0.085,0.04,0.02,0.03,0.075,0.015,0.07,0.08,0.03,0.085,0.15,0.085,0.03,0.005,0.01
YNL305C,0.06,0.03,0.025,0.065,0.04,0.025,0.015,0.055,0.025,0.135,0.02,0.015,0.065,0.045,0.03,0.145,0.05,0.085,0.015,0.055
YNL304W,0.065,0.005,0.045,0.055,0.03,0.065,0.035,0.055,0.06,0.075,0.03,0.08,0.06,0.03,0.065,0.135,0.045,0.045,0.005,0.015
YNL299W,0.03,0.015,0.1,0.11,0.04,0.01,0.03,0.05,0.09,0.055,0.02,0.065,0.02,0.035,0.07,0.12,0.065,0.045,0.01,0.02
YNL297C,0.065,0.025,0.04,0.07,0.045,0.03,0.025,0.07,0.06,0.125,0.03,0.035,0.04,0.05,0.055,0.105,0.045,0.07,0.0,0.015
YNL293W,0.055,0.01,0.11,0.075,0.03,0.065,0.045,0.015,0.045,0.075,0.01,0.085,0.035,0.05,0.055,0.11,0.02,0.06,0.015,0.035
YNL292W,0.065,0.0,0.04,0.065,0.035,0.085,0.025,0.05,0.125,0.095,0.02,0.025,0.04,0.055,0.04,0.075,0.06,0.07,0.0,0.03
YDL182W,0.085,0.02,0.085,0.065,0.045,0.06,0.015,0.08,0.08,0.065,0.015,0.045,0.025,0.025,0.05,0.065,0.05,0.09,0.0,0.035
YOR368W,0.05,0.025,0.075,0.09,0.055,0.035,0.035,0.085,0.06,0.11,0.02,0.055,0.01,0.01,0.04,0.105,0.045,0.06,0.0,0.035
YPL084W,0.065,0.015,0.05,0.075,0.065,0.03,0.02,0.035,0.09,0.135,0.01,0.07,0.015,0.04,0.03,0.115,0.05,0.015,0.015,0.06
YDR508C,0.03,0.01,0.04,0.095,0.015,0.09,0.03,0.075,0.065,0.055,0.04,0.09,0.035,0.045,0.05,0.11,0.05,0.04,0.0,0.035
YHR039C-A,0.12280701754385964,0.0,0.05263157894736842,0.13157894736842105,0.008771929824561403,0.05263157894736842,0.017543859649122806,0.08771929824561403,0.19298245614035087,0.07017543859649122,0.008771929824561403,0.02631578947368421,0.008771929824561403,0.06140350877192982,0.017543859649122806,0.03508771929824561,0.02631578947368421,0.06140350877192982,0.0,0.017543859649122806
YGR119C,0.065,0.0,0.0,0.0,0.08,0.235,0.0,0.005,0.03,0.05,0.015,0.115,0.04,0.075,0.0,0.13,0.155,0.005,0.0,0.0
YML110C,0.05,0.01,0.08,0.065,0.05,0.065,0.025,0.055,0.08,0.085,0.03,0.045,0.035,0.025,0.055,0.105,0.045,0.07,0.005,0.02
YDR331W,0.065,0.01,0.085,0.055,0.06,0.04,0.03,0.07,0.035,0.1,0.04,0.075,0.025,0.025,0.055,0.06,0.055,0.055,0.015,0.045
YMR189W,0.055,0.01,0.035,0.05,0.035,0.04,0.02,0.055,0.065,0.125,0.02,0.05,0.07,0.04,0.07,0.08,0.08,0.05,0.005,0.045
YLR185W,0.07954545454545454,0.045454545454545456,0.0,0.0,0.045454545454545456,0.11363636363636363,0.056818181818181816,0.0,0.125,0.022727272727272728,0.022727272727272728,0.045454545454545456,0.022727272727272728,0.022727272727272728,0.125,0.11363636363636363,0.09090909090909091,0.022727272727272728,0.011363636363636364,0.03409090909090909
YNL131W,0.09210526315789473,0.0,0.1118421052631579,0.09210526315789473,0.05921052631578947,0.03289473684210526,0.0,0.05263157894736842,0.046052631578947366,0.10526315789473684,0.013157894736842105,0.06578947368421052,0.02631578947368421,0.05263157894736842,0.02631578947368421,0.07236842105263158,0.07894736842105263,0.06578947368421052,0.006578947368421052,0.0
YDR234W,0.075,0.005,0.04,0.035,0.025,0.085,0.05,0.075,0.075,0.065,0.025,0.05,0.05,0.05,0.025,0.08,0.07,0.065,0.025,0.03
YML022W,0.10695187165775401,0.0053475935828877,0.0374331550802139,0.09090909090909091,0.08021390374331551,0.08021390374331551,0.0106951871657754,0.06417112299465241,0.0748663101604278,0.13903743315508021,0.0106951871657754,0.0427807486631016,0.053475935828877004,0.03208556149732621,0.0213903743315508,0.0427807486631016,0.0213903743315508,0.053475935828877004,0.0,0.03208556149732621
YPR124W,0.085,0.005,0.035,0.015,0.035,0.05,0.02,0.01,0.055,0.06,0.15,0.045,0.02,0.01,0.0,0.27,0.055,0.035,0.015,0.03
YDR012W,0.135,0.005,0.015,0.04,0.02,0.09,0.03,0.035,0.085,0.06,0.015,0.04,0.045,0.025,0.085,0.07,0.075,0.095,0.02,0.015
YDR192C,0.14,0.0,0.0,0.0,0.09,0.135,0.0,0.02,0.02,0.015,0.03,0.12,0.085,0.025,0.005,0.18,0.125,0.01,0.0,0.0
YGL092W,0.065,0.0,0.0,0.0,0.075,0.15,0.0,0.02,0.03,0.055,0.005,0.17,0.06,0.055,0.0,0.17,0.13,0.015,0.0,0.0
YGR091W,0.025,0.005,0.05,0.12,0.06,0.0,0.01,0.1,0.085,0.145,0.02,0.055,0.05,0.045,0.035,0.09,0.055,0.025,0.0,0.025
YGR180C,0.095,0.0,0.055,0.105,0.08,0.025,0.02,0.07,0.09,0.08,0.045,0.06,0.025,0.04,0.025,0.06,0.025,0.035,0.02,0.045
YDR305C,0.045,0.0,0.075,0.05,0.03,0.06,0.03,0.055,0.075,0.1,0.015,0.05,0.055,0.055,0.05,0.06,0.06,0.075,0.015,0.045
YMR288W,0.045,0.0,0.085,0.085,0.035,0.035,0.025,0.045,0.1,0.06,0.035,0.06,0.045,0.045,0.065,0.09,0.06,0.06,0.005,0.02
YMR078C,0.055,0.0,0.07,0.055,0.02,0.08,0.015,0.07,0.095,0.095,0.015,0.05,0.07,0.03,0.04,0.065,0.08,0.05,0.025,0.02
YML014W,0.05,0.015,0.035,0.06,0.025,0.075,0.035,0.075,0.075,0.065,0.02,0.05,0.08,0.04,0.06,0.065,0.04,0.075,0.02,0.04
YMR268C,0.075,0.015,0.045,0.055,0.035,0.04,0.03,0.055,0.09,0.095,0.01,0.065,0.045,0.02,0.07,0.065,0.07,0.07,0.005,0.045
YGR227W,0.035,0.015,0.025,0.035,0.065,0.055,0.005,0.115,0.045,0.14,0.02,0.045,0.065,0.025,0.02,0.04,0.09,0.07,0.03,0.06
YGR217W,0.06,0.0,0.075,0.08,0.035,0.04,0.01,0.035,0.06,0.065,0.015,0.07,0.065,0.02,0.09,0.175,0.05,0.04,0.0,0.015
YGR221C,0.055,0.02,0.07,0.05,0.04,0.025,0.02,0.065,0.06,0.06,0.02,0.075,0.05,0.045,0.05,0.15,0.03,0.07,0.0,0.045
YGR223C,0.04,0.02,0.05,0.035,0.055,0.045,0.015,0.095,0.065,0.085,0.015,0.06,0.045,0.06,0.065,0.1,0.055,0.07,0.005,0.02
YGR231C,0.065,0.005,0.045,0.03,0.05,0.085,0.015,0.065,0.04,0.105,0.01,0.055,0.045,0.06,0.09,0.065,0.045,0.095,0.005,0.025
YGR235C,0.065,0.01,0.05,0.08,0.045,0.04,0.015,0.065,0.065,0.08,0.035,0.045,0.045,0.025,0.085,0.065,0.08,0.06,0.015,0.03
YGR239C,0.025,0.015,0.07,0.07,0.05,0.02,0.04,0.055,0.055,0.06,0.015,0.06,0.06,0.095,0.07,0.1,0.065,0.03,0.01,0.035
YML056C,0.04,0.01,0.05,0.05,0.05,0.08,0.015,0.05,0.095,0.095,0.045,0.035,0.055,0.02,0.015,0.085,0.095,0.095,0.0,0.02
YLR432W,0.045,0.005,0.06,0.06,0.055,0.085,0.01,0.05,0.05,0.09,0.045,0.055,0.05,0.03,0.045,0.075,0.09,0.085,0.0,0.015
YMR304W,0.03,0.01,0.08,0.07,0.055,0.075,0.03,0.07,0.05,0.1,0.01,0.085,0.075,0.015,0.03,0.065,0.055,0.04,0.03,0.025
YMR223W,0.035,0.08,0.045,0.03,0.055,0.065,0.055,0.085,0.065,0.08,0.04,0.08,0.025,0.035,0.025,0.09,0.04,0.035,0.01,0.025
YMR005W,0.075,0.0,0.065,0.035,0.02,0.055,0.03,0.02,0.1,0.06,0.02,0.095,0.08,0.05,0.015,0.15,0.06,0.06,0.0,0.01
YDR156W,0.10218978102189781,0.0,0.06569343065693431,0.051094890510948905,0.0364963503649635,0.051094890510948905,0.014598540145985401,0.072992700729927,0.058394160583941604,0.058394160583941604,0.021897810218978103,0.06569343065693431,0.0364963503649635,0.051094890510948905,0.029197080291970802,0.10218978102189781,0.13138686131386862,0.051094890510948905,0.0,0.0
YDR245W,0.045,0.005,0.035,0.06,0.03,0.05,0.015,0.08,0.085,0.09,0.01,0.065,0.035,0.035,0.075,0.125,0.045,0.025,0.04,0.05
YML017W,0.03,0.0,0.07,0.05,0.075,0.08,0.05,0.065,0.075,0.065,0.025,0.085,0.05,0.045,0.03,0.075,0.075,0.02,0.015,0.02
YMR060C,0.045,0.015,0.06,0.08,0.035,0.045,0.01,0.055,0.09,0.13,0.02,0.055,0.015,0.035,0.025,0.1,0.05,0.07,0.015,0.05
YMR273C,0.035,0.0,0.08,0.055,0.01,0.07,0.015,0.05,0.07,0.095,0.02,0.12,0.04,0.035,0.055,0.135,0.055,0.04,0.01,0.01
YOR058C,0.025,0.0,0.04,0.08,0.035,0.035,0.01,0.105,0.07,0.09,0.03,0.105,0.055,0.035,0.04,0.105,0.08,0.035,0.0,0.025
YDL064W,0.06369426751592357,0.012738853503184714,0.050955414012738856,0.05732484076433121,0.03184713375796178,0.06369426751592357,0.012738853503184714,0.03821656050955414,0.10828025477707007,0.07643312101910828,0.012738853503184714,0.044585987261146494,0.10191082802547771,0.05732484076433121,0.03821656050955414,0.07006369426751592,0.025477707006369428,0.050955414012738856,0.03184713375796178,0.050955414012738856
YOL143C,0.09467455621301775,0.005917159763313609,0.05325443786982249,0.07100591715976332,0.029585798816568046,0.09467455621301775,0.03550295857988166,0.08875739644970414,0.0650887573964497,0.07100591715976332,0.047337278106508875,0.03550295857988166,0.03550295857988166,0.023668639053254437,0.04142011834319527,0.04142011834319527,0.04142011834319527,0.08875739644970414,0.01775147928994083,0.01775147928994083
YNL261W,0.045,0.015,0.05,0.055,0.05,0.02,0.015,0.065,0.065,0.135,0.015,0.06,0.065,0.045,0.02,0.055,0.09,0.06,0.01,0.065
YOL148C,0.06,0.005,0.025,0.065,0.03,0.035,0.02,0.04,0.045,0.1,0.035,0.1,0.075,0.105,0.065,0.055,0.05,0.05,0.0,0.04
YNL106C,0.045,0.02,0.04,0.045,0.06,0.055,0.03,0.08,0.065,0.085,0.015,0.06,0.045,0.03,0.055,0.14,0.06,0.04,0.005,0.025
YNL100W,0.07,0.005,0.035,0.055,0.045,0.045,0.03,0.065,0.065,0.1,0.005,0.075,0.04,0.035,0.05,0.095,0.045,0.075,0.03,0.035
YNL097C,0.06,0.005,0.065,0.09,0.02,0.035,0.06,0.045,0.065,0.115,0.04,0.075,0.035,0.035,0.06,0.1,0.04,0.03,0.0,0.025
YDR500C,0.07954545454545454,0.045454545454545456,0.0,0.0,0.045454545454545456,0.10227272727272728,0.06818181818181818,0.0,0.125,0.022727272727272728,0.022727272727272728,0.045454545454545456,0.022727272727272728,0.022727272727272728,0.125,0.11363636363636363,0.10227272727272728,0.022727272727272728,0.011363636363636364,0.022727272727272728
YGL251C,0.035,0.015,0.085,0.07,0.075,0.04,0.005,0.065,0.11,0.07,0.01,0.07,0.045,0.03,0.045,0.1,0.09,0.025,0.0,0.015
YGL210W,0.085,0.005,0.07,0.07,0.04,0.07,0.015,0.065,0.06,0.07,0.025,0.08,0.01,0.025,0.04,0.09,0.06,0.065,0.01,0.045
YDR328C,0.05154639175257732,0.005154639175257732,0.13402061855670103,0.1134020618556701,0.02577319587628866,0.02577319587628866,0.020618556701030927,0.05154639175257732,0.05154639175257732,0.06701030927835051,0.02577319587628866,0.08762886597938144,0.03608247422680412,0.015463917525773196,0.06701030927835051,0.08762886597938144,0.02577319587628866,0.07731958762886598,0.015463917525773196,0.015463917525773196
YDR390C,0.04,0.025,0.05,0.05,0.07,0.055,0.02,0.095,0.07,0.095,0.02,0.05,0.055,0.05,0.04,0.07,0.065,0.05,0.01,0.02
YDR092W,0.0784313725490196,0.006535947712418301,0.0718954248366013,0.08496732026143791,0.0196078431372549,0.032679738562091505,0.013071895424836602,0.0718954248366013,0.08496732026143791,0.1111111111111111,0.013071895424836602,0.0457516339869281,0.09803921568627451,0.032679738562091505,0.0457516339869281,0.0392156862745098,0.0457516339869281,0.0457516339869281,0.0196078431372549,0.0392156862745098
YLR200W,0.043859649122807015,0.008771929824561403,0.03508771929824561,0.17543859649122806,0.02631578947368421,0.03508771929824561,0.0,0.05263157894736842,0.07894736842105263,0.11403508771929824,0.017543859649122806,0.07017543859649122,0.02631578947368421,0.07894736842105263,0.06140350877192982,0.03508771929824561,0.07017543859649122,0.05263157894736842,0.0,0.017543859649122806
YML103C,0.07,0.0,0.08,0.025,0.065,0.015,0.025,0.095,0.04,0.115,0.025,0.09,0.02,0.06,0.03,0.11,0.05,0.065,0.0,0.02
YER087C-B,0.08536585365853659,0.0,0.024390243902439025,0.012195121951219513,0.04878048780487805,0.07317073170731707,0.012195121951219513,0.04878048780487805,0.0975609756097561,0.0975609756097561,0.012195121951219513,0.04878048780487805,0.06097560975609756,0.04878048780487805,0.036585365853658534,0.12195121951219512,0.04878048780487805,0.10975609756097561,0.0,0.012195121951219513
YER019C-A,0.07954545454545454,0.0,0.022727272727272728,0.022727272727272728,0.056818181818181816,0.07954545454545454,0.022727272727272728,0.07954545454545454,0.06818181818181818,0.10227272727272728,0.011363636363636364,0.011363636363636364,0.03409090909090909,0.07954545454545454,0.056818181818181816,0.11363636363636363,0.06818181818181818,0.06818181818181818,0.0,0.022727272727272728
YDL116W,0.05,0.005,0.075,0.11,0.055,0.03,0.015,0.06,0.07,0.125,0.025,0.07,0.035,0.035,0.04,0.06,0.04,0.045,0.025,0.03
YLR089C,0.06,0.0,0.025,0.05,0.035,0.015,0.045,0.045,0.07,0.125,0.015,0.07,0.055,0.075,0.06,0.11,0.06,0.05,0.005,0.03
YLR153C,0.105,0.005,0.06,0.05,0.04,0.06,0.035,0.06,0.09,0.06,0.03,0.055,0.04,0.04,0.02,0.06,0.03,0.095,0.015,0.05
YPR173C,0.105,0.0,0.04,0.095,0.03,0.09,0.01,0.035,0.12,0.105,0.01,0.055,0.04,0.02,0.02,0.09,0.05,0.035,0.005,0.045
YGL091C,0.055,0.03,0.095,0.075,0.01,0.08,0.03,0.07,0.065,0.105,0.035,0.035,0.08,0.015,0.005,0.08,0.045,0.05,0.02,0.02
YNR074C,0.065,0.005,0.075,0.05,0.045,0.08,0.015,0.075,0.075,0.11,0.005,0.05,0.02,0.0,0.04,0.085,0.06,0.085,0.005,0.055
YOR363C,0.07,0.045,0.04,0.05,0.035,0.01,0.005,0.05,0.11,0.085,0.03,0.06,0.05,0.04,0.1,0.065,0.07,0.05,0.005,0.03
YGL027C,0.03,0.005,0.045,0.065,0.06,0.075,0.025,0.05,0.08,0.095,0.035,0.05,0.045,0.035,0.035,0.095,0.04,0.06,0.025,0.05
YGL094C,0.04,0.025,0.075,0.025,0.045,0.065,0.035,0.075,0.055,0.095,0.015,0.1,0.025,0.015,0.05,0.12,0.055,0.03,0.015,0.04
YGL100W,0.07,0.03,0.1,0.05,0.03,0.05,0.035,0.045,0.06,0.105,0.01,0.025,0.045,0.03,0.045,0.12,0.03,0.05,0.035,0.035
YGL126W,0.095,0.015,0.04,0.01,0.04,0.09,0.05,0.055,0.035,0.09,0.02,0.045,0.025,0.055,0.05,0.04,0.07,0.09,0.045,0.04
YGL162W,0.065,0.025,0.055,0.035,0.01,0.03,0.01,0.075,0.06,0.095,0.025,0.05,0.095,0.025,0.065,0.115,0.1,0.04,0.005,0.02
YGR170W,0.04,0.01,0.015,0.02,0.025,0.04,0.03,0.06,0.085,0.085,0.005,0.09,0.06,0.02,0.055,0.16,0.135,0.03,0.01,0.025
YGR099W,0.05,0.01,0.055,0.065,0.075,0.045,0.005,0.07,0.055,0.165,0.02,0.02,0.045,0.035,0.05,0.1,0.04,0.05,0.01,0.035
YGR172C,0.045,0.01,0.03,0.02,0.085,0.11,0.03,0.065,0.025,0.135,0.025,0.095,0.06,0.035,0.005,0.08,0.065,0.045,0.0,0.035
YGL112C,0.065,0.0,0.075,0.06,0.025,0.04,0.015,0.055,0.04,0.09,0.01,0.055,0.055,0.06,0.04,0.085,0.08,0.105,0.01,0.035
YGR123C,0.13,0.02,0.07,0.075,0.065,0.025,0.015,0.05,0.12,0.095,0.02,0.075,0.025,0.025,0.05,0.055,0.035,0.025,0.0,0.025
YGR060W,0.08,0.015,0.015,0.05,0.09,0.035,0.055,0.045,0.045,0.12,0.035,0.03,0.055,0.045,0.025,0.055,0.05,0.05,0.035,0.07
YGR289C,0.075,0.01,0.055,0.095,0.04,0.055,0.005,0.065,0.065,0.105,0.045,0.075,0.01,0.04,0.015,0.08,0.075,0.045,0.01,0.035
YGR281W,0.03,0.0,0.085,0.08,0.045,0.015,0.02,0.065,0.095,0.08,0.03,0.045,0.06,0.025,0.05,0.085,0.075,0.06,0.015,0.04
YGR287C,0.06,0.02,0.08,0.085,0.06,0.055,0.02,0.06,0.09,0.04,0.02,0.045,0.065,0.02,0.025,0.08,0.055,0.01,0.055,0.055
YGL249W,0.02,0.02,0.025,0.09,0.035,0.065,0.015,0.05,0.1,0.125,0.025,0.075,0.025,0.055,0.05,0.065,0.04,0.065,0.02,0.035
YGL246C,0.065,0.01,0.065,0.07,0.06,0.055,0.01,0.065,0.085,0.09,0.005,0.055,0.03,0.03,0.065,0.085,0.065,0.045,0.0,0.045
YGL244W,0.065,0.0,0.13,0.155,0.015,0.035,0.02,0.015,0.085,0.07,0.02,0.04,0.02,0.05,0.09,0.09,0.04,0.02,0.0,0.04
YGL241W,0.09,0.02,0.06,0.075,0.04,0.03,0.02,0.08,0.055,0.125,0.025,0.05,0.015,0.05,0.025,0.085,0.05,0.065,0.015,0.025
YGL240W,0.06,0.015,0.095,0.04,0.055,0.04,0.035,0.065,0.055,0.1,0.04,0.055,0.055,0.05,0.04,0.065,0.02,0.07,0.015,0.03
YGL227W,0.035,0.005,0.18,0.07,0.035,0.035,0.01,0.03,0.055,0.115,0.035,0.075,0.025,0.025,0.045,0.065,0.05,0.06,0.01,0.04
YGL223C,0.01,0.02,0.075,0.05,0.055,0.0,0.015,0.06,0.085,0.16,0.01,0.095,0.05,0.05,0.025,0.085,0.07,0.05,0.015,0.02
YGL220W,0.041666666666666664,0.025,0.03333333333333333,0.10833333333333334,0.05,0.041666666666666664,0.03333333333333333,0.075,0.09166666666666666,0.041666666666666664,0.025,0.016666666666666666,0.016666666666666666,0.058333333333333334,0.06666666666666667,0.075,0.058333333333333334,0.09166666666666666,0.016666666666666666,0.03333333333333333
YGL219C,0.025,0.015,0.06,0.055,0.075,0.035,0.005,0.115,0.08,0.095,0.025,0.07,0.045,0.04,0.035,0.1,0.07,0.05,0.005,0.0
YGL216W,0.07,0.01,0.075,0.05,0.045,0.055,0.005,0.055,0.055,0.065,0.025,0.07,0.04,0.02,0.09,0.12,0.065,0.07,0.0,0.015
YGL211W,0.06,0.035,0.065,0.045,0.035,0.07,0.025,0.065,0.065,0.105,0.025,0.05,0.025,0.035,0.06,0.07,0.05,0.08,0.005,0.03
YGL202W,0.075,0.015,0.085,0.045,0.055,0.055,0.02,0.075,0.065,0.09,0.01,0.055,0.085,0.03,0.025,0.08,0.045,0.045,0.015,0.03
YGL201C,0.055,0.0,0.055,0.06,0.06,0.06,0.02,0.035,0.04,0.065,0.025,0.05,0.065,0.06,0.06,0.15,0.05,0.055,0.0,0.035
YGL198W,0.07,0.015,0.055,0.025,0.05,0.055,0.025,0.075,0.025,0.14,0.025,0.035,0.05,0.035,0.045,0.11,0.035,0.085,0.015,0.03
YGL194C,0.035,0.01,0.07,0.04,0.05,0.055,0.06,0.055,0.055,0.11,0.02,0.075,0.045,0.015,0.04,0.095,0.05,0.045,0.005,0.07
YGL183C,0.025,0.02,0.05,0.08,0.035,0.03,0.005,0.105,0.175,0.085,0.015,0.05,0.02,0.075,0.04,0.05,0.05,0.04,0.01,0.04
YGL180W,0.055,0.01,0.04,0.065,0.04,0.055,0.06,0.06,0.1,0.14,0.02,0.055,0.035,0.02,0.045,0.07,0.05,0.045,0.0,0.035
YGL160W,0.045,0.01,0.025,0.01,0.085,0.045,0.03,0.13,0.06,0.155,0.01,0.035,0.04,0.01,0.065,0.07,0.055,0.04,0.015,0.065
YGL153W,0.08,0.0,0.08,0.115,0.035,0.035,0.005,0.07,0.13,0.09,0.025,0.015,0.035,0.025,0.045,0.07,0.055,0.055,0.005,0.03
YGL151W,0.06,0.02,0.06,0.075,0.05,0.005,0.015,0.07,0.08,0.145,0.025,0.08,0.035,0.02,0.015,0.095,0.065,0.065,0.0,0.02
YGL150C,0.085,0.0,0.12,0.105,0.035,0.035,0.01,0.055,0.11,0.065,0.025,0.07,0.005,0.055,0.05,0.085,0.03,0.02,0.02,0.02
YGL141W,0.06,0.01,0.055,0.045,0.045,0.03,0.02,0.05,0.07,0.135,0.02,0.055,0.02,0.045,0.075,0.135,0.04,0.04,0.005,0.045
YGL133W,0.03,0.01,0.05,0.09,0.075,0.03,0.025,0.045,0.06,0.085,0.02,0.04,0.07,0.055,0.065,0.06,0.06,0.07,0.01,0.05
YGL131C,0.055,0.01,0.045,0.065,0.07,0.02,0.015,0.055,0.085,0.055,0.03,0.09,0.065,0.04,0.065,0.075,0.06,0.055,0.01,0.035
YGL124C,0.055,0.02,0.055,0.055,0.05,0.035,0.015,0.055,0.09,0.085,0.02,0.085,0.055,0.025,0.04,0.135,0.07,0.03,0.0,0.025
YGL120C,0.065,0.005,0.04,0.12,0.045,0.055,0.04,0.045,0.065,0.075,0.035,0.03,0.06,0.06,0.06,0.055,0.06,0.065,0.0,0.02
YGL113W,0.025,0.015,0.06,0.1,0.03,0.035,0.02,0.04,0.12,0.115,0.02,0.04,0.05,0.02,0.05,0.075,0.05,0.045,0.025,0.065
YGL110C,0.025,0.01,0.06,0.06,0.035,0.055,0.03,0.085,0.07,0.17,0.015,0.04,0.03,0.05,0.06,0.065,0.025,0.06,0.015,0.04
YGL107C,0.04,0.01,0.055,0.04,0.04,0.035,0.03,0.03,0.07,0.105,0.045,0.085,0.04,0.03,0.08,0.12,0.035,0.065,0.01,0.035
YGL106W,0.0738255033557047,0.0,0.11409395973154363,0.0738255033557047,0.040268456375838924,0.0738255033557047,0.0,0.06040268456375839,0.09395973154362416,0.10738255033557047,0.013422818791946308,0.040268456375838924,0.006711409395973154,0.040268456375838924,0.03355704697986577,0.06040268456375839,0.0738255033557047,0.06711409395973154,0.0,0.026845637583892617
YGL099W,0.085,0.0,0.06,0.095,0.035,0.035,0.02,0.03,0.105,0.095,0.025,0.06,0.05,0.045,0.085,0.055,0.045,0.035,0.03,0.01
YGL098W,0.06,0.0,0.085,0.09,0.025,0.05,0.015,0.035,0.07,0.095,0.02,0.035,0.01,0.1,0.055,0.1,0.055,0.055,0.0,0.045
YGL093W,0.035,0.0,0.065,0.1,0.025,0.045,0.01,0.065,0.06,0.035,0.03,0.055,0.07,0.055,0.07,0.12,0.1,0.06,0.0,0.0
YGL090W,0.03,0.025,0.07,0.13,0.03,0.045,0.01,0.08,0.085,0.105,0.035,0.045,0.01,0.025,0.05,0.08,0.04,0.065,0.015,0.025
YGL087C,0.029197080291970802,0.021897810218978103,0.058394160583941604,0.08029197080291971,0.0364963503649635,0.06569343065693431,0.021897810218978103,0.043795620437956206,0.08029197080291971,0.0948905109489051,0.029197080291970802,0.058394160583941604,0.08759124087591241,0.014598540145985401,0.051094890510948905,0.06569343065693431,0.08759124087591241,0.029197080291970802,0.014598540145985401,0.029197080291970802
YGL084C,0.065,0.005,0.035,0.02,0.08,0.04,0.02,0.105,0.05,0.125,0.02,0.05,0.04,0.015,0.06,0.1,0.055,0.05,0.015,0.05
YGL080W,0.07692307692307693,0.007692307692307693,0.03076923076923077,0.05384615384615385,0.06923076923076923,0.05384615384615385,0.015384615384615385,0.05384615384615385,0.11538461538461539,0.09230769230769231,0.023076923076923078,0.03076923076923077,0.046153846153846156,0.046153846153846156,0.023076923076923078,0.05384615384615385,0.08461538461538462,0.038461538461538464,0.015384615384615385,0.06923076923076923
YGL075C,0.04,0.0,0.045,0.105,0.075,0.045,0.01,0.095,0.095,0.105,0.01,0.075,0.04,0.04,0.04,0.08,0.04,0.035,0.005,0.02
YGL068W,0.0979381443298969,0.0,0.04639175257731959,0.07731958762886598,0.02577319587628866,0.061855670103092786,0.005154639175257732,0.06701030927835051,0.11855670103092783,0.09278350515463918,0.02577319587628866,0.02577319587628866,0.05154639175257732,0.010309278350515464,0.02577319587628866,0.09278350515463918,0.09278350515463918,0.07731958762886598,0.005154639175257732,0.0
YGL067W,0.035,0.02,0.045,0.06,0.08,0.06,0.015,0.055,0.07,0.1,0.01,0.055,0.045,0.025,0.03,0.11,0.075,0.06,0.01,0.04
YGL066W,0.05,0.015,0.165,0.06,0.01,0.05,0.015,0.035,0.08,0.05,0.025,0.115,0.05,0.02,0.045,0.115,0.05,0.02,0.005,0.025
YGL064C,0.05,0.0,0.045,0.05,0.03,0.06,0.01,0.08,0.135,0.095,0.025,0.06,0.07,0.045,0.04,0.085,0.045,0.045,0.01,0.02
YGL061C,0.05,0.005,0.06,0.05,0.015,0.045,0.025,0.075,0.085,0.095,0.02,0.12,0.035,0.05,0.04,0.105,0.06,0.04,0.005,0.02
YGL059W,0.035,0.015,0.03,0.065,0.055,0.02,0.03,0.08,0.06,0.095,0.025,0.085,0.055,0.05,0.05,0.06,0.06,0.05,0.0,0.08
YGL054C,0.07971014492753623,0.014492753623188406,0.036231884057971016,0.043478260869565216,0.09420289855072464,0.050724637681159424,0.028985507246376812,0.07246376811594203,0.050724637681159424,0.1956521739130435,0.028985507246376812,0.06521739130434782,0.021739130434782608,0.014492753623188406,0.021739130434782608,0.028985507246376812,0.028985507246376812,0.057971014492753624,0.014492753623188406,0.050724637681159424
YGL051W,0.055,0.01,0.045,0.06,0.04,0.035,0.015,0.075,0.045,0.115,0.015,0.06,0.055,0.02,0.05,0.075,0.06,0.08,0.015,0.075
YGL047W,0.04,0.03,0.05,0.065,0.06,0.075,0.02,0.08,0.05,0.1,0.02,0.03,0.04,0.065,0.045,0.08,0.045,0.075,0.005,0.025
YGL037C,0.04,0.01,0.1,0.05,0.025,0.04,0.055,0.075,0.07,0.065,0.025,0.035,0.05,0.03,0.035,0.06,0.075,0.085,0.025,0.05
YGL023C,0.055,0.0,0.085,0.085,0.02,0.075,0.025,0.045,0.08,0.05,0.015,0.04,0.045,0.06,0.065,0.13,0.065,0.055,0.0,0.005
YGL020C,0.07,0.0,0.03,0.05,0.07,0.04,0.035,0.055,0.11,0.105,0.025,0.06,0.025,0.035,0.02,0.08,0.045,0.07,0.04,0.035
YGL018C,0.059782608695652176,0.005434782608695652,0.07065217391304347,0.06521739130434782,0.02717391304347826,0.021739130434782608,0.02717391304347826,0.03260869565217391,0.09239130434782608,0.1358695652173913,0.02717391304347826,0.03804347826086957,0.03804347826086957,0.10326086956521739,0.04891304347826087,0.04891304347826087,0.059782608695652176,0.03260869565217391,0.016304347826086956,0.04891304347826087
YGL005C,0.035,0.0,0.075,0.085,0.03,0.015,0.015,0.045,0.045,0.135,0.02,0.07,0.01,0.045,0.05,0.105,0.115,0.06,0.01,0.035
YGL004C,0.06,0.0,0.095,0.055,0.045,0.07,0.03,0.085,0.08,0.085,0.02,0.06,0.01,0.03,0.055,0.065,0.065,0.065,0.005,0.02
YGL003C,0.04,0.0,0.035,0.075,0.025,0.04,0.02,0.04,0.035,0.06,0.02,0.06,0.085,0.025,0.085,0.195,0.085,0.05,0.0,0.025
YGL001C,0.06,0.015,0.1,0.035,0.05,0.07,0.03,0.085,0.065,0.065,0.03,0.065,0.065,0.035,0.025,0.055,0.035,0.09,0.005,0.02
YGR002C,0.02,0.005,0.035,0.1,0.065,0.035,0.015,0.035,0.1,0.065,0.02,0.1,0.055,0.035,0.035,0.135,0.045,0.05,0.02,0.03
YGR010W,0.045,0.005,0.08,0.07,0.04,0.04,0.025,0.065,0.05,0.085,0.025,0.05,0.1,0.045,0.04,0.085,0.065,0.055,0.0,0.03
YGR013W,0.06,0.015,0.08,0.045,0.06,0.03,0.025,0.06,0.06,0.115,0.005,0.07,0.015,0.065,0.035,0.155,0.04,0.04,0.01,0.015
YGR015C,0.04,0.015,0.055,0.035,0.035,0.05,0.035,0.115,0.075,0.14,0.025,0.045,0.055,0.015,0.065,0.075,0.04,0.04,0.005,0.04
YGR030C,0.012658227848101266,0.012658227848101266,0.05063291139240506,0.05063291139240506,0.03164556962025317,0.04430379746835443,0.0189873417721519,0.11392405063291139,0.10126582278481013,0.10126582278481013,0.0189873417721519,0.0949367088607595,0.0189873417721519,0.056962025316455694,0.0379746835443038,0.10126582278481013,0.0379746835443038,0.05063291139240506,0.006329113924050633,0.0379746835443038
YGR031W,0.045,0.02,0.035,0.04,0.025,0.075,0.04,0.09,0.075,0.115,0.04,0.08,0.045,0.035,0.045,0.07,0.025,0.07,0.0,0.03
YGR036C,0.06,0.025,0.03,0.025,0.105,0.055,0.02,0.1,0.03,0.115,0.025,0.07,0.035,0.025,0.03,0.09,0.035,0.06,0.015,0.05
YGR038W,0.055,0.005,0.055,0.05,0.06,0.045,0.03,0.065,0.035,0.09,0.025,0.045,0.05,0.03,0.035,0.09,0.1,0.06,0.03,0.045
YGR041W,0.05,0.0,0.075,0.07,0.035,0.06,0.035,0.045,0.045,0.06,0.02,0.065,0.05,0.015,0.06,0.195,0.07,0.035,0.0,0.015
YGR046W,0.025,0.01,0.045,0.05,0.07,0.085,0.035,0.075,0.065,0.075,0.03,0.06,0.045,0.045,0.045,0.105,0.045,0.04,0.0,0.05
YGR056W,0.055,0.0,0.055,0.06,0.045,0.025,0.025,0.09,0.085,0.07,0.03,0.075,0.085,0.05,0.03,0.07,0.05,0.035,0.005,0.06
YGR058W,0.095,0.01,0.05,0.05,0.025,0.025,0.045,0.035,0.07,0.055,0.015,0.07,0.09,0.085,0.065,0.065,0.06,0.055,0.0,0.035
YGR080W,0.065,0.0,0.055,0.07,0.04,0.035,0.015,0.075,0.055,0.11,0.015,0.055,0.05,0.07,0.04,0.12,0.05,0.06,0.0,0.02
YGR081C,0.06,0.0,0.08,0.06,0.04,0.045,0.005,0.06,0.12,0.085,0.025,0.105,0.035,0.05,0.08,0.075,0.04,0.03,0.0,0.005
YGR086C,0.08,0.0,0.075,0.07,0.03,0.045,0.005,0.055,0.075,0.105,0.01,0.035,0.05,0.05,0.09,0.095,0.045,0.045,0.005,0.035
YGR090W,0.06,0.0,0.065,0.09,0.04,0.025,0.03,0.065,0.115,0.06,0.005,0.07,0.045,0.055,0.02,0.09,0.07,0.065,0.005,0.025
YGR093W,0.055,0.01,0.065,0.09,0.055,0.055,0.015,0.08,0.095,0.11,0.01,0.065,0.025,0.025,0.035,0.09,0.035,0.03,0.015,0.04
YGR095C,0.08,0.035,0.06,0.085,0.03,0.05,0.015,0.09,0.045,0.13,0.01,0.03,0.04,0.05,0.035,0.075,0.055,0.08,0.0,0.005
YGR101W,0.03,0.005,0.01,0.025,0.075,0.065,0.02,0.07,0.055,0.105,0.025,0.055,0.055,0.06,0.06,0.11,0.055,0.055,0.02,0.045
YGR103W,0.08,0.01,0.045,0.05,0.05,0.035,0.015,0.07,0.105,0.08,0.015,0.06,0.035,0.035,0.1,0.06,0.045,0.055,0.01,0.045
YGR106C,0.05,0.015,0.125,0.08,0.09,0.02,0.005,0.065,0.04,0.105,0.015,0.04,0.02,0.02,0.005,0.155,0.055,0.055,0.01,0.03
YGR110W,0.05,0.01,0.065,0.06,0.075,0.045,0.02,0.08,0.055,0.09,0.005,0.04,0.095,0.02,0.085,0.075,0.055,0.04,0.005,0.03
YGR113W,0.045,0.005,0.065,0.08,0.03,0.045,0.01,0.06,0.08,0.11,0.03,0.065,0.03,0.055,0.06,0.14,0.04,0.02,0.005,0.025
YGR120C,0.02,0.01,0.1,0.11,0.035,0.03,0.02,0.07,0.065,0.16,0.02,0.05,0.015,0.05,0.03,0.075,0.07,0.03,0.0,0.04
YGR128C,0.075,0.005,0.07,0.05,0.035,0.045,0.005,0.11,0.075,0.075,0.015,0.1,0.035,0.04,0.01,0.095,0.09,0.035,0.005,0.03
YGR129W,0.06,0.0,0.09,0.085,0.015,0.045,0.01,0.035,0.14,0.06,0.015,0.05,0.02,0.065,0.07,0.085,0.05,0.06,0.005,0.04
YGR136W,0.095,0.0,0.04,0.065,0.03,0.035,0.0,0.04,0.055,0.055,0.01,0.055,0.135,0.1,0.03,0.115,0.025,0.045,0.01,0.06
YGR142W,0.055,0.025,0.08,0.085,0.07,0.04,0.02,0.05,0.085,0.095,0.005,0.045,0.05,0.03,0.05,0.09,0.015,0.05,0.0,0.06
YGR163W,0.045,0.01,0.065,0.08,0.045,0.04,0.025,0.08,0.04,0.13,0.04,0.045,0.03,0.04,0.03,0.1,0.035,0.075,0.0,0.045
YGR165W,0.02,0.005,0.02,0.045,0.045,0.055,0.03,0.04,0.095,0.09,0.015,0.06,0.085,0.06,0.075,0.075,0.06,0.065,0.01,0.05
YGR169C,0.035,0.01,0.055,0.055,0.025,0.06,0.03,0.095,0.075,0.105,0.015,0.03,0.055,0.04,0.07,0.055,0.06,0.075,0.01,0.045
YGR177C,0.025,0.01,0.05,0.08,0.05,0.05,0.05,0.07,0.075,0.09,0.03,0.06,0.055,0.035,0.045,0.06,0.04,0.06,0.01,0.055
YGR178C,0.035,0.005,0.08,0.1,0.025,0.08,0.01,0.04,0.065,0.075,0.01,0.09,0.025,0.015,0.06,0.1,0.08,0.075,0.01,0.02
YGR179C,0.045,0.0,0.06,0.115,0.025,0.055,0.025,0.05,0.085,0.075,0.03,0.08,0.025,0.04,0.06,0.11,0.04,0.04,0.01,0.03
YGR181W,0.14285714285714285,0.0380952380952381,0.01904761904761905,0.06666666666666667,0.01904761904761905,0.047619047619047616,0.0,0.08571428571428572,0.0761904761904762,0.05714285714285714,0.01904761904761905,0.0761904761904762,0.0380952380952381,0.05714285714285714,0.02857142857142857,0.09523809523809523,0.06666666666666667,0.02857142857142857,0.009523809523809525,0.02857142857142857
YGR189C,0.08,0.01,0.095,0.04,0.055,0.065,0.015,0.03,0.06,0.095,0.02,0.035,0.02,0.015,0.015,0.13,0.12,0.04,0.02,0.04
YGR211W,0.055,0.04,0.065,0.11,0.04,0.05,0.01,0.095,0.08,0.07,0.03,0.04,0.04,0.06,0.035,0.06,0.05,0.05,0.0,0.02
YGR241C,0.05,0.005,0.065,0.055,0.01,0.045,0.04,0.06,0.07,0.16,0.03,0.045,0.015,0.05,0.05,0.085,0.05,0.05,0.01,0.055
YGR243W,0.1095890410958904,0.00684931506849315,0.0136986301369863,0.02054794520547945,0.07534246575342465,0.0684931506849315,0.0273972602739726,0.0684931506849315,0.0684931506849315,0.07534246575342465,0.0136986301369863,0.0684931506849315,0.04794520547945205,0.02054794520547945,0.04794520547945205,0.0684931506849315,0.0821917808219178,0.06164383561643835,0.03424657534246575,0.02054794520547945
YGR247W,0.075,0.025,0.04,0.055,0.035,0.045,0.04,0.05,0.06,0.07,0.02,0.035,0.05,0.065,0.045,0.095,0.04,0.115,0.01,0.03
YGR251W,0.0663265306122449,0.0,0.08163265306122448,0.08163265306122448,0.03571428571428571,0.05612244897959184,0.02040816326530612,0.03571428571428571,0.17857142857142858,0.08673469387755102,0.025510204081632654,0.04081632653061224,0.015306122448979591,0.04591836734693878,0.05102040816326531,0.09183673469387756,0.05102040816326531,0.02040816326530612,0.00510204081632653,0.01020408163265306
YGR255C,0.06,0.01,0.09,0.015,0.025,0.05,0.015,0.075,0.07,0.12,0.03,0.055,0.045,0.02,0.045,0.095,0.07,0.07,0.005,0.035
YGR260W,0.055,0.015,0.065,0.06,0.045,0.065,0.03,0.065,0.055,0.11,0.055,0.045,0.055,0.015,0.025,0.07,0.075,0.06,0.005,0.03
YGR262C,0.045,0.015,0.08,0.03,0.035,0.07,0.045,0.065,0.05,0.125,0.01,0.035,0.065,0.04,0.05,0.055,0.06,0.055,0.02,0.05
YGR263C,0.05,0.02,0.055,0.04,0.085,0.035,0.03,0.065,0.045,0.1,0.02,0.06,0.06,0.045,0.045,0.085,0.045,0.065,0.005,0.045
YGR271W,0.05,0.0,0.085,0.075,0.04,0.015,0.01,0.075,0.085,0.115,0.03,0.055,0.015,0.075,0.03,0.09,0.075,0.055,0.005,0.02
YGR275W,0.050955414012738856,0.006369426751592357,0.08280254777070063,0.07006369426751592,0.012738853503184714,0.05732484076433121,0.006369426751592357,0.03184713375796178,0.09554140127388536,0.07006369426751592,0.025477707006369428,0.08280254777070063,0.044585987261146494,0.06369426751592357,0.044585987261146494,0.09554140127388536,0.05732484076433121,0.044585987261146494,0.01910828025477707,0.03821656050955414
YGR276C,0.03,0.01,0.065,0.055,0.045,0.045,0.01,0.065,0.13,0.085,0.035,0.08,0.05,0.045,0.02,0.08,0.055,0.07,0.005,0.02
YGR278W,0.035,0.02,0.05,0.065,0.035,0.025,0.02,0.12,0.055,0.165,0.035,0.06,0.015,0.055,0.045,0.07,0.045,0.055,0.015,0.015
YGR279C,0.185,0.01,0.03,0.04,0.02,0.035,0.01,0.035,0.035,0.05,0.005,0.05,0.03,0.05,0.02,0.2,0.085,0.085,0.0,0.025
YGR280C,0.035,0.005,0.12,0.06,0.035,0.085,0.045,0.035,0.205,0.065,0.015,0.045,0.02,0.025,0.055,0.06,0.04,0.025,0.02,0.005
YLR212C,0.07,0.01,0.09,0.055,0.05,0.09,0.015,0.06,0.04,0.08,0.015,0.06,0.035,0.035,0.055,0.095,0.065,0.045,0.015,0.02
YDR144C,0.05,0.015,0.09,0.045,0.055,0.045,0.0,0.03,0.06,0.07,0.015,0.055,0.025,0.025,0.015,0.135,0.13,0.095,0.005,0.04
YML060W,0.065,0.025,0.04,0.07,0.05,0.05,0.015,0.08,0.07,0.105,0.02,0.06,0.02,0.045,0.05,0.085,0.055,0.04,0.02,0.035
YNL070W,0.03333333333333333,0.0,0.016666666666666666,0.03333333333333333,0.06666666666666667,0.03333333333333333,0.05,0.06666666666666667,0.03333333333333333,0.16666666666666666,0.016666666666666666,0.06666666666666667,0.08333333333333333,0.0,0.03333333333333333,0.13333333333333333,0.05,0.05,0.03333333333333333,0.03333333333333333
YNL222W,0.045,0.035,0.09,0.065,0.035,0.045,0.02,0.055,0.075,0.09,0.03,0.08,0.035,0.035,0.045,0.095,0.03,0.055,0.01,0.03
YNL126W,0.05,0.0,0.04,0.06,0.045,0.02,0.02,0.05,0.04,0.135,0.03,0.05,0.055,0.045,0.04,0.135,0.07,0.06,0.005,0.05
YNL012W,0.035,0.01,0.045,0.085,0.055,0.065,0.005,0.07,0.105,0.13,0.025,0.035,0.035,0.045,0.02,0.09,0.04,0.055,0.01,0.04
YNL118C,0.03,0.02,0.075,0.085,0.07,0.03,0.01,0.105,0.075,0.1,0.01,0.06,0.04,0.035,0.05,0.08,0.025,0.06,0.02,0.02
YPL127C,0.12,0.0,0.015,0.065,0.02,0.055,0.0,0.04,0.225,0.05,0.015,0.025,0.065,0.015,0.02,0.13,0.075,0.045,0.0,0.02
YNL139C,0.05,0.01,0.045,0.08,0.045,0.015,0.015,0.06,0.08,0.155,0.01,0.07,0.04,0.035,0.025,0.115,0.055,0.055,0.015,0.025
YOR142W,0.09,0.015,0.03,0.045,0.035,0.08,0.025,0.11,0.085,0.06,0.015,0.025,0.07,0.06,0.03,0.055,0.095,0.055,0.0,0.02
YNL036W,0.055,0.045,0.04,0.055,0.03,0.045,0.05,0.07,0.06,0.1,0.015,0.09,0.03,0.055,0.025,0.075,0.07,0.05,0.01,0.03
YNL066W,0.095,0.01,0.04,0.055,0.015,0.075,0.015,0.05,0.03,0.04,0.005,0.01,0.035,0.03,0.005,0.21,0.175,0.065,0.01,0.03
YNL251C,0.055,0.015,0.085,0.03,0.025,0.035,0.02,0.1,0.08,0.12,0.015,0.065,0.03,0.05,0.04,0.14,0.055,0.01,0.005,0.025
YDL145C,0.05,0.02,0.075,0.04,0.055,0.055,0.05,0.065,0.04,0.095,0.025,0.025,0.04,0.04,0.06,0.085,0.075,0.05,0.035,0.02
YNR023W,0.06,0.0,0.065,0.06,0.055,0.015,0.04,0.045,0.085,0.075,0.04,0.09,0.065,0.045,0.045,0.09,0.04,0.06,0.015,0.01
YOL115W,0.04,0.0,0.095,0.13,0.025,0.03,0.035,0.075,0.13,0.06,0.005,0.055,0.04,0.035,0.03,0.1,0.045,0.045,0.01,0.015
YNL044W,0.056818181818181816,0.011363636363636364,0.005681818181818182,0.056818181818181816,0.07954545454545454,0.06818181818181818,0.005681818181818182,0.06818181818181818,0.056818181818181816,0.13636363636363635,0.017045454545454544,0.056818181818181816,0.03409090909090909,0.05113636363636364,0.017045454545454544,0.09090909090909091,0.0625,0.09090909090909091,0.005681818181818182,0.028409090909090908
YOL068C,0.055,0.005,0.065,0.065,0.06,0.025,0.02,0.07,0.105,0.13,0.035,0.065,0.03,0.02,0.045,0.055,0.07,0.055,0.0,0.025
YPL015C,0.065,0.03,0.07,0.045,0.075,0.06,0.035,0.05,0.08,0.085,0.02,0.03,0.07,0.025,0.03,0.075,0.04,0.075,0.005,0.035
YOR025W,0.045,0.035,0.075,0.03,0.045,0.05,0.025,0.06,0.08,0.12,0.02,0.03,0.035,0.035,0.065,0.13,0.055,0.035,0.01,0.02
YDR191W,0.04,0.01,0.06,0.04,0.05,0.055,0.025,0.03,0.07,0.11,0.03,0.065,0.055,0.04,0.08,0.1,0.045,0.06,0.0,0.035
YLR216C,0.04,0.025,0.09,0.07,0.07,0.085,0.02,0.06,0.075,0.05,0.02,0.07,0.065,0.04,0.03,0.03,0.06,0.07,0.0,0.03
YNR015W,0.075,0.025,0.04,0.04,0.015,0.05,0.025,0.065,0.08,0.125,0.025,0.035,0.06,0.04,0.055,0.06,0.08,0.085,0.005,0.015
YNR018W,0.1,0.005,0.03,0.075,0.03,0.055,0.02,0.075,0.085,0.085,0.03,0.045,0.035,0.025,0.05,0.08,0.065,0.05,0.03,0.03
YNR020C,0.035,0.045,0.075,0.07,0.045,0.07,0.04,0.05,0.08,0.08,0.02,0.035,0.025,0.03,0.085,0.075,0.04,0.025,0.04,0.035
YNR024W,0.016129032258064516,0.0,0.11290322580645161,0.07526881720430108,0.03763440860215054,0.08064516129032258,0.005376344086021506,0.03763440860215054,0.1774193548387097,0.04838709677419355,0.021505376344086023,0.0913978494623656,0.021505376344086023,0.016129032258064516,0.04838709677419355,0.10752688172043011,0.03225806451612903,0.043010752688172046,0.005376344086021506,0.021505376344086023
YNR035C,0.055,0.005,0.06,0.085,0.045,0.04,0.015,0.095,0.05,0.13,0.01,0.035,0.04,0.055,0.02,0.085,0.085,0.055,0.005,0.03
YNR036C,0.058823529411764705,0.026143790849673203,0.026143790849673203,0.013071895424836602,0.013071895424836602,0.08496732026143791,0.0196078431372549,0.0392156862745098,0.08496732026143791,0.06535947712418301,0.026143790849673203,0.0392156862745098,0.06535947712418301,0.06535947712418301,0.10457516339869281,0.09803921568627451,0.05228758169934641,0.08496732026143791,0.006535947712418301,0.026143790849673203
YNR038W,0.07,0.005,0.065,0.125,0.04,0.035,0.015,0.045,0.055,0.065,0.015,0.06,0.06,0.055,0.025,0.135,0.065,0.035,0.005,0.025
YNR046W,0.05185185185185185,0.037037037037037035,0.07407407407407407,0.05185185185185185,0.044444444444444446,0.037037037037037035,0.022222222222222223,0.05925925925925926,0.05185185185185185,0.14074074074074075,0.022222222222222223,0.08148148148148149,0.07407407407407407,0.037037037037037035,0.014814814814814815,0.05925925925925926,0.05925925925925926,0.05185185185185185,0.007407407407407408,0.022222222222222223
YNR047W,0.045,0.005,0.035,0.075,0.02,0.045,0.065,0.02,0.04,0.05,0.03,0.06,0.06,0.04,0.07,0.235,0.055,0.035,0.005,0.01
YNR048W,0.055,0.025,0.04,0.04,0.035,0.035,0.015,0.06,0.075,0.11,0.02,0.06,0.065,0.075,0.045,0.065,0.05,0.075,0.015,0.04
YNR053C,0.08,0.0,0.08,0.08,0.03,0.065,0.005,0.035,0.105,0.085,0.02,0.055,0.03,0.045,0.095,0.06,0.06,0.035,0.01,0.025
YNR054C,0.035,0.005,0.08,0.135,0.04,0.055,0.01,0.05,0.165,0.055,0.015,0.04,0.02,0.05,0.04,0.08,0.045,0.05,0.005,0.025
YNR060W,0.055,0.025,0.03,0.045,0.06,0.065,0.02,0.08,0.06,0.095,0.03,0.05,0.04,0.035,0.045,0.05,0.065,0.03,0.005,0.115
YNR067C,0.065,0.005,0.035,0.025,0.02,0.025,0.01,0.045,0.03,0.11,0.015,0.065,0.035,0.045,0.02,0.22,0.105,0.095,0.0,0.03
YLR323C,0.03,0.02,0.095,0.08,0.035,0.045,0.01,0.02,0.15,0.1,0.02,0.07,0.02,0.045,0.05,0.085,0.06,0.035,0.01,0.02
YNL288W,0.055,0.015,0.025,0.035,0.02,0.115,0.025,0.03,0.02,0.09,0.06,0.155,0.08,0.055,0.025,0.07,0.035,0.06,0.01,0.02
YNL283C,0.075,0.04,0.035,0.015,0.015,0.05,0.015,0.03,0.04,0.055,0.01,0.03,0.01,0.04,0.01,0.265,0.155,0.05,0.01,0.05
YNL282W,0.03076923076923077,0.020512820512820513,0.06153846153846154,0.020512820512820513,0.03076923076923077,0.020512820512820513,0.020512820512820513,0.05641025641025641,0.1076923076923077,0.1282051282051282,0.03076923076923077,0.046153846153846156,0.07179487179487179,0.06666666666666667,0.035897435897435895,0.07179487179487179,0.035897435897435895,0.08717948717948718,0.020512820512820513,0.035897435897435895
YNL275W,0.055,0.025,0.06,0.055,0.065,0.055,0.01,0.07,0.02,0.085,0.03,0.05,0.04,0.02,0.055,0.095,0.065,0.08,0.02,0.045
YNL274C,0.07,0.015,0.05,0.065,0.05,0.095,0.025,0.065,0.06,0.095,0.005,0.045,0.06,0.04,0.065,0.045,0.05,0.075,0.01,0.015
YNL273W,0.095,0.02,0.09,0.035,0.015,0.03,0.01,0.065,0.08,0.15,0.025,0.04,0.04,0.045,0.055,0.05,0.055,0.045,0.02,0.035
YNL265C,0.06,0.02,0.055,0.095,0.015,0.01,0.025,0.105,0.09,0.125,0.025,0.035,0.03,0.055,0.035,0.08,0.03,0.07,0.005,0.035
YNL264C,0.065,0.01,0.075,0.075,0.035,0.05,0.02,0.035,0.09,0.105,0.02,0.065,0.06,0.035,0.065,0.03,0.065,0.05,0.02,0.03
YNL263C,0.055,0.005,0.045,0.015,0.065,0.08,0.005,0.05,0.03,0.075,0.04,0.11,0.065,0.09,0.035,0.075,0.055,0.05,0.01,0.045
YNL260C,0.024691358024691357,0.006172839506172839,0.04938271604938271,0.10493827160493827,0.06172839506172839,0.06790123456790123,0.018518518518518517,0.06172839506172839,0.08024691358024691,0.1111111111111111,0.030864197530864196,0.06790123456790123,0.012345679012345678,0.06790123456790123,0.04938271604938271,0.037037037037037035,0.06172839506172839,0.05555555555555555,0.006172839506172839,0.024691358024691357
YNL258C,0.04,0.005,0.06,0.075,0.05,0.025,0.01,0.07,0.08,0.145,0.025,0.085,0.02,0.055,0.03,0.08,0.06,0.035,0.015,0.035
YNL256W,0.035,0.015,0.065,0.045,0.035,0.04,0.02,0.055,0.09,0.105,0.035,0.05,0.045,0.045,0.035,0.105,0.05,0.09,0.015,0.025
YNL246W,0.045,0.005,0.085,0.11,0.06,0.055,0.025,0.08,0.11,0.055,0.025,0.025,0.04,0.04,0.04,0.055,0.035,0.045,0.025,0.04
YNL242W,0.04,0.0,0.09,0.035,0.04,0.04,0.015,0.08,0.05,0.135,0.02,0.085,0.03,0.045,0.03,0.135,0.035,0.065,0.005,0.025
YNL232W,0.07,0.015,0.055,0.1,0.025,0.1,0.005,0.06,0.06,0.06,0.005,0.065,0.05,0.035,0.045,0.07,0.085,0.07,0.0,0.025
YNL231C,0.055,0.01,0.07,0.1,0.035,0.04,0.025,0.065,0.11,0.11,0.025,0.035,0.055,0.035,0.055,0.045,0.045,0.045,0.015,0.025
YNL227C,0.085,0.01,0.095,0.07,0.045,0.04,0.02,0.05,0.095,0.095,0.005,0.04,0.035,0.035,0.02,0.055,0.065,0.04,0.01,0.09
YNL225C,0.035,0.01,0.075,0.1,0.045,0.04,0.03,0.055,0.065,0.06,0.025,0.105,0.07,0.045,0.05,0.09,0.035,0.04,0.005,0.02
YNL224C,0.065,0.0,0.08,0.075,0.03,0.08,0.03,0.04,0.09,0.03,0.03,0.07,0.05,0.03,0.085,0.115,0.035,0.03,0.005,0.03
YNL223W,0.045,0.02,0.06,0.085,0.06,0.07,0.02,0.045,0.02,0.1,0.02,0.06,0.05,0.04,0.07,0.085,0.04,0.06,0.02,0.03
YNL219C,0.06,0.025,0.015,0.04,0.1,0.04,0.025,0.07,0.025,0.17,0.015,0.045,0.045,0.02,0.035,0.09,0.055,0.04,0.035,0.05
YNL191W,0.06,0.025,0.075,0.035,0.065,0.065,0.035,0.055,0.07,0.115,0.02,0.055,0.04,0.025,0.065,0.065,0.06,0.025,0.01,0.035
YNL190W,0.065,0.0,0.015,0.01,0.05,0.095,0.07,0.01,0.175,0.025,0.005,0.075,0.04,0.0,0.005,0.095,0.205,0.025,0.0,0.035
YNL186W,0.09,0.0,0.09,0.125,0.01,0.07,0.01,0.075,0.085,0.055,0.015,0.09,0.04,0.02,0.025,0.105,0.055,0.025,0.0,0.015
YNL182C,0.03,0.02,0.05,0.045,0.03,0.05,0.025,0.085,0.05,0.11,0.01,0.075,0.04,0.065,0.03,0.105,0.055,0.08,0.01,0.035
YNL180C,0.05,0.025,0.075,0.055,0.03,0.06,0.005,0.06,0.06,0.095,0.01,0.045,0.05,0.035,0.035,0.115,0.09,0.045,0.01,0.05
YNL172W,0.035,0.02,0.08,0.04,0.06,0.085,0.015,0.09,0.07,0.07,0.02,0.06,0.045,0.04,0.03,0.065,0.075,0.04,0.02,0.04
YNL166C,0.08,0.005,0.115,0.135,0.02,0.055,0.015,0.07,0.07,0.03,0.015,0.085,0.025,0.055,0.015,0.07,0.055,0.075,0.005,0.005
YNL163C,0.05,0.025,0.065,0.07,0.025,0.045,0.025,0.08,0.04,0.12,0.01,0.035,0.035,0.05,0.065,0.105,0.04,0.095,0.005,0.015
YNL159C,0.06,0.0,0.06,0.045,0.08,0.065,0.015,0.08,0.025,0.075,0.02,0.09,0.03,0.055,0.075,0.085,0.075,0.025,0.01,0.03
YNL158W,0.05555555555555555,0.005050505050505051,0.045454545454545456,0.04040404040404041,0.045454545454545456,0.025252525252525252,0.03535353535353535,0.10606060606060606,0.030303030303030304,0.10606060606060606,0.020202020202020204,0.045454545454545456,0.05555555555555555,0.04040404040404041,0.04040404040404041,0.07575757575757576,0.09090909090909091,0.09090909090909091,0.010101010101010102,0.03535353535353535
YNL155W,0.045,0.035,0.06,0.075,0.045,0.035,0.035,0.055,0.115,0.075,0.025,0.065,0.035,0.025,0.065,0.105,0.04,0.03,0.01,0.025
YNL152W,0.04,0.02,0.07,0.075,0.025,0.045,0.025,0.055,0.06,0.09,0.04,0.05,0.075,0.03,0.08,0.06,0.055,0.05,0.01,0.045
YNL148C,0.095,0.01,0.055,0.11,0.02,0.06,0.015,0.045,0.05,0.075,0.025,0.035,0.035,0.055,0.075,0.06,0.04,0.09,0.01,0.04
YNL147W,0.034782608695652174,0.0,0.06956521739130435,0.06086956521739131,0.008695652173913044,0.06956521739130435,0.017391304347826087,0.05217391304347826,0.12173913043478261,0.12173913043478261,0.043478260869565216,0.05217391304347826,0.02608695652173913,0.06086956521739131,0.043478260869565216,0.0782608695652174,0.034782608695652174,0.06956521739130435,0.0,0.034782608695652174
YNL141W,0.055,0.025,0.06,0.1,0.075,0.05,0.04,0.06,0.09,0.12,0.01,0.02,0.055,0.03,0.025,0.055,0.045,0.045,0.005,0.035
YNL136W,0.035,0.005,0.065,0.135,0.025,0.03,0.03,0.055,0.09,0.08,0.03,0.085,0.045,0.02,0.045,0.065,0.065,0.045,0.02,0.03
YNL132W,0.05,0.01,0.035,0.06,0.035,0.055,0.02,0.075,0.09,0.1,0.045,0.065,0.025,0.03,0.075,0.07,0.05,0.065,0.005,0.04
YNL124W,0.035,0.005,0.13,0.135,0.025,0.095,0.005,0.065,0.045,0.09,0.015,0.04,0.06,0.015,0.025,0.125,0.04,0.04,0.0,0.01
YNL123W,0.05,0.01,0.07,0.065,0.045,0.065,0.035,0.08,0.075,0.075,0.005,0.06,0.04,0.02,0.03,0.095,0.05,0.1,0.005,0.025
YNL119W,0.02,0.025,0.055,0.09,0.075,0.02,0.02,0.075,0.085,0.085,0.03,0.085,0.02,0.03,0.04,0.11,0.045,0.075,0.0,0.015
YNL116W,0.1,0.0,0.02,0.025,0.025,0.055,0.035,0.055,0.0,0.035,0.03,0.1,0.09,0.07,0.05,0.16,0.115,0.025,0.0,0.01
YNL110C,0.045,0.0,0.05,0.125,0.025,0.05,0.025,0.04,0.16,0.09,0.025,0.04,0.03,0.04,0.035,0.08,0.055,0.05,0.0,0.035
YNL107W,0.04,0.005,0.05,0.095,0.055,0.04,0.03,0.08,0.07,0.055,0.015,0.085,0.08,0.02,0.04,0.065,0.055,0.07,0.01,0.04
YNL094W,0.035,0.01,0.065,0.06,0.025,0.06,0.015,0.04,0.04,0.075,0.03,0.06,0.065,0.035,0.06,0.135,0.105,0.04,0.005,0.04
YNL091W,0.03,0.015,0.08,0.085,0.015,0.025,0.035,0.06,0.1,0.06,0.03,0.08,0.06,0.045,0.055,0.1,0.055,0.04,0.005,0.025
YNL078W,0.025,0.0,0.045,0.055,0.05,0.03,0.045,0.06,0.065,0.045,0.02,0.09,0.045,0.04,0.07,0.145,0.1,0.03,0.005,0.035
YNL077W,0.08,0.01,0.06,0.05,0.06,0.045,0.025,0.025,0.07,0.08,0.015,0.09,0.035,0.065,0.03,0.14,0.055,0.02,0.0,0.045
YNL075W,0.07,0.005,0.07,0.065,0.035,0.04,0.035,0.05,0.06,0.105,0.02,0.045,0.05,0.075,0.075,0.065,0.055,0.055,0.0,0.025
YNL072W,0.065,0.01,0.06,0.05,0.03,0.045,0.01,0.06,0.07,0.065,0.035,0.035,0.08,0.045,0.035,0.08,0.07,0.095,0.0,0.06
YNL065W,0.05,0.02,0.045,0.06,0.03,0.075,0.02,0.08,0.04,0.085,0.03,0.035,0.045,0.045,0.035,0.1,0.085,0.055,0.01,0.055
YNL059C,0.045,0.005,0.065,0.035,0.07,0.055,0.025,0.055,0.03,0.085,0.005,0.08,0.085,0.04,0.045,0.075,0.085,0.075,0.01,0.03
YNL054W,0.08,0.0,0.055,0.04,0.005,0.015,0.05,0.05,0.03,0.085,0.02,0.135,0.065,0.015,0.025,0.17,0.085,0.065,0.005,0.005
YNL051W,0.055,0.0,0.07,0.065,0.02,0.02,0.02,0.065,0.08,0.17,0.025,0.095,0.035,0.045,0.035,0.075,0.055,0.03,0.0,0.04
YNL049C,0.045,0.02,0.045,0.015,0.045,0.03,0.015,0.06,0.05,0.08,0.02,0.075,0.095,0.105,0.055,0.065,0.045,0.085,0.005,0.045
YNL048W,0.05,0.015,0.05,0.035,0.075,0.07,0.015,0.085,0.08,0.08,0.015,0.06,0.035,0.015,0.025,0.09,0.035,0.09,0.03,0.05
YNL047C,0.075,0.0,0.055,0.02,0.015,0.02,0.025,0.07,0.015,0.08,0.02,0.11,0.075,0.105,0.06,0.125,0.05,0.04,0.005,0.035
YNL041C,0.05,0.0,0.065,0.055,0.015,0.03,0.01,0.02,0.085,0.14,0.025,0.095,0.055,0.075,0.035,0.1,0.065,0.04,0.0,0.04
YNL032W,0.015,0.0,0.075,0.125,0.045,0.055,0.04,0.09,0.085,0.105,0.015,0.075,0.045,0.03,0.035,0.07,0.02,0.05,0.0,0.025
YNL027W,0.025,0.0,0.095,0.025,0.03,0.035,0.01,0.03,0.03,0.075,0.025,0.105,0.04,0.15,0.035,0.18,0.05,0.015,0.005,0.04
YNL026W,0.04,0.005,0.065,0.04,0.05,0.04,0.03,0.065,0.07,0.11,0.02,0.075,0.045,0.045,0.02,0.1,0.08,0.065,0.005,0.03
YNL022C,0.03,0.02,0.05,0.075,0.025,0.025,0.03,0.055,0.155,0.15,0.025,0.025,0.06,0.015,0.045,0.07,0.025,0.06,0.02,0.04
YNL021W,0.05,0.02,0.06,0.115,0.02,0.04,0.03,0.06,0.09,0.09,0.03,0.04,0.05,0.005,0.055,0.075,0.045,0.08,0.0,0.045
YNL020C,0.06,0.02,0.04,0.05,0.025,0.055,0.035,0.075,0.035,0.095,0.035,0.07,0.05,0.065,0.05,0.075,0.035,0.085,0.0,0.045
YNL014W,0.115,0.005,0.035,0.095,0.025,0.025,0.015,0.065,0.085,0.095,0.015,0.04,0.04,0.035,0.015,0.1,0.08,0.095,0.01,0.01
YNL010W,0.04,0.015,0.1,0.08,0.065,0.065,0.02,0.075,0.11,0.075,0.02,0.015,0.035,0.025,0.035,0.065,0.05,0.075,0.01,0.025
YNL008C,0.045,0.015,0.035,0.02,0.07,0.025,0.03,0.06,0.04,0.16,0.025,0.065,0.025,0.035,0.025,0.13,0.08,0.075,0.01,0.03
YMR039C,0.04,0.0,0.09,0.07,0.01,0.065,0.015,0.045,0.11,0.09,0.02,0.12,0.05,0.015,0.085,0.09,0.035,0.015,0.0,0.035
YPL053C,0.065,0.005,0.03,0.095,0.045,0.04,0.015,0.095,0.075,0.075,0.04,0.045,0.055,0.065,0.035,0.075,0.045,0.06,0.01,0.03
YMR119W,0.06,0.01,0.02,0.04,0.11,0.045,0.005,0.07,0.02,0.1,0.02,0.08,0.04,0.03,0.03,0.11,0.065,0.09,0.005,0.05
YLR028C,0.095,0.005,0.085,0.065,0.04,0.075,0.03,0.06,0.075,0.095,0.015,0.04,0.025,0.025,0.045,0.055,0.055,0.085,0.0,0.03
YPL061W,0.11,0.025,0.07,0.07,0.03,0.06,0.01,0.07,0.05,0.085,0.03,0.055,0.055,0.025,0.035,0.035,0.09,0.055,0.015,0.025
YMR121C,0.075,0.005,0.025,0.045,0.02,0.065,0.025,0.03,0.105,0.065,0.005,0.065,0.035,0.045,0.155,0.03,0.05,0.075,0.025,0.055
YMR015C,0.075,0.02,0.05,0.03,0.06,0.035,0.025,0.075,0.105,0.105,0.02,0.025,0.045,0.045,0.025,0.09,0.045,0.075,0.02,0.03
YML086C,0.06,0.005,0.04,0.06,0.04,0.08,0.02,0.07,0.065,0.085,0.015,0.05,0.04,0.035,0.03,0.11,0.04,0.1,0.01,0.045
YML065W,0.06,0.005,0.055,0.085,0.035,0.06,0.015,0.06,0.07,0.105,0.02,0.085,0.025,0.03,0.065,0.03,0.055,0.07,0.02,0.05
YMR070W,0.085,0.0,0.03,0.005,0.02,0.015,0.055,0.035,0.005,0.025,0.035,0.23,0.05,0.165,0.01,0.1,0.055,0.035,0.0,0.045
YML097C,0.045,0.005,0.11,0.08,0.07,0.025,0.01,0.065,0.1,0.1,0.035,0.045,0.06,0.04,0.05,0.055,0.05,0.015,0.005,0.035
YLL004W,0.04,0.005,0.09,0.09,0.04,0.02,0.04,0.05,0.08,0.1,0.025,0.065,0.03,0.035,0.045,0.1,0.045,0.05,0.005,0.045
YPR162C,0.025,0.01,0.055,0.095,0.025,0.045,0.02,0.105,0.07,0.125,0.005,0.03,0.025,0.09,0.045,0.095,0.08,0.025,0.0,0.03
YML012W,0.065,0.01,0.075,0.085,0.04,0.05,0.01,0.065,0.03,0.095,0.005,0.05,0.015,0.045,0.09,0.075,0.05,0.11,0.015,0.02
YDL245C,0.07,0.02,0.045,0.035,0.05,0.125,0.015,0.075,0.035,0.095,0.035,0.05,0.045,0.02,0.03,0.085,0.025,0.075,0.015,0.055
YDR058C,0.04,0.02,0.075,0.05,0.035,0.045,0.03,0.095,0.095,0.1,0.03,0.08,0.035,0.025,0.03,0.08,0.04,0.06,0.005,0.03
YDL190C,0.04,0.015,0.06,0.07,0.07,0.045,0.015,0.095,0.045,0.115,0.01,0.075,0.03,0.05,0.03,0.055,0.08,0.06,0.0,0.04
YLL001W,0.03,0.0,0.08,0.075,0.03,0.075,0.02,0.1,0.07,0.11,0.01,0.055,0.075,0.025,0.045,0.065,0.05,0.065,0.005,0.015
YOL156W,0.055,0.01,0.035,0.02,0.04,0.12,0.01,0.125,0.045,0.085,0.025,0.06,0.035,0.02,0.035,0.095,0.065,0.075,0.01,0.035
YOR008C,0.07,0.04,0.04,0.045,0.02,0.03,0.01,0.015,0.015,0.055,0.015,0.055,0.02,0.03,0.005,0.325,0.135,0.02,0.005,0.05
YPR182W,0.03488372093023256,0.011627906976744186,0.023255813953488372,0.08139534883720931,0.05813953488372093,0.06976744186046512,0.023255813953488372,0.046511627906976744,0.046511627906976744,0.10465116279069768,0.023255813953488372,0.10465116279069768,0.046511627906976744,0.023255813953488372,0.046511627906976744,0.08139534883720931,0.046511627906976744,0.09302325581395349,0.0,0.03488372093023256
YLR438C-A,0.0449438202247191,0.02247191011235955,0.0898876404494382,0.11235955056179775,0.02247191011235955,0.0449438202247191,0.011235955056179775,0.06741573033707865,0.02247191011235955,0.1348314606741573,0.02247191011235955,0.0449438202247191,0.02247191011235955,0.02247191011235955,0.06741573033707865,0.06741573033707865,0.07865168539325842,0.07865168539325842,0.0,0.02247191011235955
YFL039C,0.07,0.005,0.065,0.055,0.04,0.09,0.035,0.07,0.035,0.075,0.045,0.03,0.055,0.025,0.055,0.07,0.05,0.08,0.01,0.04
Q0130,0.13157894736842105,0.013157894736842105,0.013157894736842105,0.013157894736842105,0.07894736842105263,0.13157894736842105,0.0,0.11842105263157894,0.02631578947368421,0.15789473684210525,0.039473684210526314,0.02631578947368421,0.02631578947368421,0.013157894736842105,0.013157894736842105,0.06578947368421052,0.039473684210526314,0.07894736842105263,0.0,0.013157894736842105
YNL031C,0.11764705882352941,0.0,0.029411764705882353,0.051470588235294115,0.03676470588235294,0.051470588235294115,0.014705882352941176,0.051470588235294115,0.11764705882352941,0.09558823529411764,0.007352941176470588,0.007352941176470588,0.03676470588235294,0.058823529411764705,0.125,0.07352941176470588,0.0661764705882353,0.04411764705882353,0.0,0.014705882352941176
YPL096C-A,0.07352941176470588,0.04411764705882353,0.058823529411764705,0.029411764705882353,0.07352941176470588,0.029411764705882353,0.014705882352941176,0.029411764705882353,0.014705882352941176,0.19117647058823528,0.029411764705882353,0.029411764705882353,0.029411764705882353,0.014705882352941176,0.04411764705882353,0.08823529411764706,0.04411764705882353,0.04411764705882353,0.07352941176470588,0.04411764705882353
YKR035W-A,0.085,0.005,0.08,0.085,0.02,0.025,0.0,0.03,0.11,0.095,0.055,0.08,0.005,0.08,0.05,0.075,0.035,0.075,0.0,0.01
YBR233W-A,0.010638297872340425,0.0,0.05319148936170213,0.10638297872340426,0.0,0.0425531914893617,0.031914893617021274,0.05319148936170213,0.0851063829787234,0.1595744680851064,0.02127659574468085,0.031914893617021274,0.02127659574468085,0.1276595744680851,0.031914893617021274,0.10638297872340426,0.031914893617021274,0.05319148936170213,0.0,0.031914893617021274
YDR320C-A,0.05555555555555555,0.013888888888888888,0.013888888888888888,0.08333333333333333,0.013888888888888888,0.027777777777777776,0.027777777777777776,0.09722222222222222,0.05555555555555555,0.09722222222222222,0.027777777777777776,0.18055555555555555,0.041666666666666664,0.05555555555555555,0.041666666666666664,0.05555555555555555,0.027777777777777776,0.06944444444444445,0.0,0.013888888888888888
YKL138C-A,0.028985507246376812,0.014492753623188406,0.014492753623188406,0.07246376811594203,0.0,0.07246376811594203,0.028985507246376812,0.043478260869565216,0.07246376811594203,0.13043478260869565,0.057971014492753624,0.08695652173913043,0.0,0.14492753623188406,0.028985507246376812,0.043478260869565216,0.057971014492753624,0.028985507246376812,0.014492753623188406,0.057971014492753624
YNL220W,0.055,0.01,0.055,0.06,0.045,0.11,0.035,0.025,0.08,0.11,0.01,0.05,0.025,0.025,0.07,0.055,0.04,0.095,0.01,0.035
YJL081C,0.065,0.02,0.05,0.065,0.03,0.075,0.01,0.075,0.055,0.085,0.015,0.06,0.055,0.04,0.025,0.095,0.055,0.065,0.02,0.04
YLR191W,0.075,0.0,0.01,0.065,0.04,0.135,0.005,0.045,0.015,0.05,0.045,0.095,0.055,0.035,0.025,0.145,0.06,0.02,0.005,0.075
YPR133W-A,0.1,0.0,0.0,0.12,0.04,0.02,0.04,0.02,0.12,0.08,0.04,0.0,0.04,0.12,0.02,0.04,0.04,0.08,0.06,0.02
YDR322C-A,0.09375,0.010416666666666666,0.041666666666666664,0.11458333333333333,0.052083333333333336,0.03125,0.010416666666666666,0.03125,0.11458333333333333,0.11458333333333333,0.020833333333333332,0.07291666666666667,0.041666666666666664,0.020833333333333332,0.03125,0.052083333333333336,0.03125,0.08333333333333333,0.0,0.03125
YML081C-A,0.1016949152542373,0.0,0.05084745762711865,0.03389830508474576,0.1016949152542373,0.06779661016949153,0.0,0.03389830508474576,0.1016949152542373,0.05084745762711865,0.03389830508474576,0.05084745762711865,0.0847457627118644,0.0,0.05084745762711865,0.05084745762711865,0.03389830508474576,0.0847457627118644,0.01694915254237288,0.05084745762711865
YHR005C-A,0.06451612903225806,0.043010752688172046,0.03225806451612903,0.07526881720430108,0.06451612903225806,0.08602150537634409,0.0,0.021505376344086023,0.08602150537634409,0.07526881720430108,0.043010752688172046,0.0967741935483871,0.010752688172043012,0.08602150537634409,0.010752688172043012,0.08602150537634409,0.03225806451612903,0.053763440860215055,0.0,0.03225806451612903
YOL145C,0.07,0.01,0.06,0.095,0.025,0.045,0.04,0.04,0.075,0.15,0.03,0.05,0.035,0.03,0.025,0.06,0.07,0.035,0.02,0.035
YDL022W,0.085,0.02,0.035,0.07,0.03,0.075,0.03,0.08,0.06,0.08,0.01,0.055,0.04,0.035,0.03,0.08,0.055,0.095,0.015,0.02
YIL118W,0.045,0.035,0.06,0.07,0.035,0.065,0.015,0.07,0.06,0.095,0.015,0.105,0.02,0.025,0.035,0.1,0.05,0.06,0.01,0.03
YKR055W,0.03,0.02,0.05,0.065,0.03,0.07,0.01,0.05,0.055,0.115,0.02,0.065,0.075,0.025,0.03,0.095,0.07,0.07,0.01,0.045
YJR058C,0.034013605442176874,0.02040816326530612,0.09523809523809523,0.05442176870748299,0.08163265306122448,0.04081632653061224,0.034013605442176874,0.08843537414965986,0.034013605442176874,0.10884353741496598,0.04081632653061224,0.027210884353741496,0.013605442176870748,0.047619047619047616,0.061224489795918366,0.06802721088435375,0.006802721088435374,0.08843537414965986,0.006802721088435374,0.047619047619047616
YDR150W,0.035,0.015,0.065,0.1,0.02,0.035,0.015,0.03,0.14,0.115,0.025,0.09,0.005,0.035,0.03,0.15,0.055,0.025,0.01,0.005
YLR430W,0.06,0.035,0.04,0.06,0.045,0.025,0.035,0.09,0.06,0.085,0.02,0.135,0.055,0.045,0.025,0.045,0.05,0.06,0.01,0.02
YIL143C,0.075,0.0,0.115,0.065,0.04,0.05,0.025,0.06,0.055,0.065,0.03,0.02,0.06,0.025,0.06,0.125,0.055,0.04,0.005,0.03
YML121W,0.03,0.01,0.055,0.055,0.07,0.045,0.03,0.07,0.085,0.11,0.055,0.055,0.02,0.045,0.04,0.105,0.035,0.05,0.015,0.02
YFR028C,0.08,0.015,0.075,0.065,0.085,0.045,0.035,0.05,0.025,0.08,0.025,0.05,0.055,0.035,0.045,0.045,0.04,0.075,0.01,0.065
YKL148C,0.115,0.015,0.045,0.035,0.025,0.11,0.045,0.045,0.065,0.085,0.02,0.03,0.015,0.04,0.055,0.075,0.075,0.04,0.015,0.05
YBR126C,0.05,0.0,0.05,0.065,0.05,0.055,0.04,0.065,0.06,0.1,0.025,0.075,0.05,0.03,0.025,0.065,0.065,0.06,0.03,0.04
YPL259C,0.06,0.01,0.055,0.07,0.04,0.025,0.025,0.08,0.075,0.12,0.025,0.055,0.045,0.035,0.04,0.075,0.05,0.07,0.005,0.04
YDR028C,0.045,0.0,0.145,0.065,0.015,0.03,0.03,0.035,0.075,0.06,0.02,0.11,0.035,0.015,0.04,0.135,0.025,0.055,0.015,0.05
YIL061C,0.025,0.005,0.07,0.05,0.045,0.045,0.02,0.095,0.11,0.075,0.015,0.055,0.075,0.035,0.08,0.05,0.04,0.045,0.005,0.06
YDR463W,0.055,0.03,0.045,0.075,0.04,0.055,0.04,0.075,0.065,0.065,0.015,0.05,0.08,0.01,0.04,0.12,0.08,0.035,0.0,0.025
YNR016C,0.09,0.005,0.055,0.09,0.03,0.065,0.025,0.075,0.055,0.06,0.025,0.06,0.05,0.025,0.045,0.08,0.045,0.075,0.015,0.03
YNL248C,0.075,0.0,0.085,0.07,0.035,0.04,0.005,0.05,0.11,0.07,0.005,0.04,0.045,0.035,0.055,0.125,0.055,0.075,0.0,0.025
YGL130W,0.035,0.03,0.045,0.065,0.06,0.055,0.015,0.04,0.065,0.125,0.04,0.045,0.075,0.05,0.05,0.045,0.065,0.06,0.0,0.035
YGL129C,0.06,0.005,0.04,0.02,0.065,0.045,0.025,0.05,0.105,0.1,0.01,0.05,0.045,0.055,0.035,0.12,0.07,0.06,0.005,0.035
YER069W,0.08,0.01,0.02,0.04,0.05,0.065,0.02,0.06,0.06,0.1,0.01,0.04,0.04,0.05,0.055,0.1,0.07,0.095,0.0,0.035
YAL043C,0.085,0.01,0.05,0.05,0.03,0.015,0.02,0.05,0.06,0.135,0.05,0.055,0.055,0.055,0.015,0.08,0.07,0.08,0.01,0.025
YJL095W,0.035,0.0,0.065,0.03,0.075,0.035,0.04,0.04,0.07,0.06,0.01,0.055,0.06,0.03,0.04,0.18,0.09,0.03,0.025,0.03
YBR215W,0.045,0.0,0.05,0.05,0.02,0.045,0.01,0.055,0.105,0.045,0.025,0.14,0.05,0.035,0.03,0.165,0.095,0.025,0.0,0.01
YPR135W,0.045,0.02,0.09,0.055,0.03,0.04,0.03,0.075,0.07,0.115,0.04,0.075,0.025,0.03,0.02,0.095,0.055,0.065,0.0,0.025
YLR038C,0.060240963855421686,0.04819277108433735,0.10843373493975904,0.04819277108433735,0.060240963855421686,0.04819277108433735,0.03614457831325301,0.03614457831325301,0.08433734939759036,0.03614457831325301,0.024096385542168676,0.060240963855421686,0.04819277108433735,0.07228915662650602,0.024096385542168676,0.03614457831325301,0.03614457831325301,0.04819277108433735,0.04819277108433735,0.03614457831325301
YNL239W,0.055,0.005,0.07,0.03,0.045,0.025,0.01,0.035,0.07,0.15,0.015,0.065,0.03,0.06,0.045,0.105,0.07,0.055,0.01,0.05
YDR432W,0.08,0.0,0.025,0.155,0.04,0.04,0.055,0.02,0.03,0.04,0.02,0.03,0.17,0.1,0.025,0.06,0.01,0.07,0.0,0.03
YAL054C,0.075,0.015,0.05,0.065,0.04,0.045,0.03,0.045,0.09,0.07,0.025,0.035,0.07,0.075,0.03,0.085,0.045,0.06,0.01,0.04
YDR077W,0.085,0.005,0.03,0.06,0.015,0.045,0.0,0.02,0.01,0.045,0.005,0.045,0.11,0.005,0.0,0.14,0.32,0.03,0.0,0.03
YLR026C,0.07,0.0,0.045,0.07,0.035,0.03,0.02,0.04,0.105,0.085,0.02,0.09,0.02,0.09,0.05,0.105,0.06,0.05,0.005,0.01
YMR198W,0.04,0.015,0.07,0.1,0.02,0.025,0.02,0.065,0.11,0.09,0.03,0.085,0.03,0.03,0.065,0.075,0.055,0.055,0.005,0.015
YLR244C,0.07,0.04,0.055,0.05,0.02,0.05,0.025,0.065,0.09,0.06,0.015,0.055,0.075,0.03,0.045,0.07,0.07,0.055,0.005,0.055
YNL199C,0.085,0.0,0.04,0.025,0.025,0.07,0.01,0.07,0.04,0.07,0.02,0.09,0.04,0.05,0.03,0.165,0.105,0.025,0.005,0.035
YIL022W,0.085,0.0,0.03,0.09,0.03,0.07,0.015,0.04,0.11,0.07,0.01,0.02,0.015,0.045,0.1,0.095,0.1,0.035,0.01,0.03
YOL040C,0.09859154929577464,0.0,0.014084507042253521,0.06338028169014084,0.04929577464788732,0.07042253521126761,0.028169014084507043,0.04929577464788732,0.08450704225352113,0.06338028169014084,0.056338028169014086,0.035211267605633804,0.06338028169014084,0.014084507042253521,0.09859154929577464,0.04929577464788732,0.056338028169014086,0.07746478873239436,0.0,0.028169014084507043
YDR039C,0.065,0.01,0.06,0.09,0.03,0.065,0.015,0.07,0.065,0.095,0.03,0.07,0.02,0.015,0.025,0.07,0.09,0.095,0.005,0.015
YOR334W,0.05,0.025,0.045,0.035,0.06,0.01,0.02,0.105,0.07,0.11,0.025,0.065,0.045,0.025,0.055,0.13,0.065,0.035,0.005,0.02
YGL048C,0.045,0.005,0.05,0.09,0.015,0.055,0.015,0.07,0.115,0.105,0.025,0.03,0.05,0.04,0.045,0.06,0.045,0.11,0.0,0.03
YKR080W,0.065,0.015,0.05,0.07,0.035,0.06,0.015,0.07,0.075,0.105,0.02,0.09,0.04,0.04,0.04,0.035,0.04,0.075,0.005,0.055
YNL167C,0.02,0.0,0.025,0.035,0.025,0.05,0.025,0.045,0.03,0.075,0.005,0.1,0.11,0.045,0.04,0.235,0.09,0.035,0.0,0.01
YMR022W,0.04242424242424243,0.01818181818181818,0.05454545454545454,0.07272727272727272,0.03636363636363636,0.048484848484848485,0.012121212121212121,0.08484848484848485,0.06666666666666667,0.10909090909090909,0.024242424242424242,0.05454545454545454,0.10909090909090909,0.03636363636363636,0.030303030303030304,0.09090909090909091,0.024242424242424242,0.04242424242424243,0.01818181818181818,0.024242424242424242
YGL172W,0.105,0.0,0.0,0.0,0.075,0.235,0.0,0.005,0.025,0.06,0.015,0.14,0.035,0.06,0.005,0.13,0.11,0.0,0.0,0.0
YKR003W,0.05,0.01,0.065,0.05,0.04,0.045,0.035,0.065,0.075,0.095,0.03,0.035,0.065,0.04,0.035,0.115,0.05,0.045,0.015,0.04
YKR007W,0.07065217391304347,0.010869565217391304,0.06521739130434782,0.09782608695652174,0.016304347826086956,0.07065217391304347,0.03260869565217391,0.04891304347826087,0.04891304347826087,0.09239130434782608,0.016304347826086956,0.07065217391304347,0.03260869565217391,0.08152173913043478,0.04891304347826087,0.09782608695652174,0.05434782608695652,0.03260869565217391,0.0,0.010869565217391304
YKR008W,0.045,0.005,0.065,0.065,0.045,0.025,0.025,0.06,0.13,0.115,0.02,0.07,0.06,0.035,0.03,0.06,0.025,0.055,0.005,0.06
YKR009C,0.13,0.0,0.04,0.045,0.035,0.13,0.01,0.06,0.07,0.075,0.02,0.07,0.02,0.01,0.05,0.065,0.035,0.095,0.005,0.035
YGR074W,0.0547945205479452,0.0,0.04794520547945205,0.0136986301369863,0.0136986301369863,0.06164383561643835,0.0,0.0684931506849315,0.0684931506849315,0.14383561643835616,0.02054794520547945,0.0958904109589041,0.0547945205479452,0.07534246575342465,0.0821917808219178,0.07534246575342465,0.06164383561643835,0.0410958904109589,0.00684931506849315,0.0136986301369863
YML073C,0.09090909090909091,0.0,0.028409090909090908,0.07386363636363637,0.03977272727272727,0.03977272727272727,0.011363636363636364,0.03409090909090909,0.1534090909090909,0.10795454545454546,0.011363636363636364,0.045454545454545456,0.05113636363636364,0.03409090909090909,0.056818181818181816,0.05113636363636364,0.03977272727272727,0.09659090909090909,0.005681818181818182,0.028409090909090908
YDR448W,0.035,0.045,0.07,0.11,0.04,0.055,0.04,0.06,0.045,0.065,0.02,0.03,0.085,0.045,0.06,0.055,0.03,0.05,0.01,0.05
YDR449C,0.025,0.02,0.04,0.05,0.05,0.03,0.02,0.08,0.11,0.085,0.025,0.095,0.025,0.045,0.07,0.06,0.04,0.04,0.02,0.07
YKR095W,0.015,0.01,0.075,0.135,0.04,0.025,0.01,0.045,0.12,0.11,0.025,0.08,0.005,0.04,0.06,0.09,0.055,0.055,0.0,0.005
YPL128C,0.055,0.02,0.035,0.035,0.065,0.035,0.015,0.09,0.035,0.17,0.01,0.085,0.05,0.055,0.04,0.08,0.07,0.03,0.005,0.02
YMR072W,0.06557377049180328,0.0,0.04371584699453552,0.07650273224043716,0.03825136612021858,0.02185792349726776,0.01639344262295082,0.060109289617486336,0.14207650273224043,0.09836065573770492,0.01092896174863388,0.04371584699453552,0.060109289617486336,0.07103825136612021,0.04918032786885246,0.08743169398907104,0.0273224043715847,0.01639344262295082,0.01092896174863388,0.060109289617486336
YOR148C,0.04864864864864865,0.0,0.0972972972972973,0.07567567567567568,0.02702702702702703,0.04864864864864865,0.010810810810810811,0.05405405405405406,0.1783783783783784,0.07567567567567568,0.016216216216216217,0.05945945945945946,0.02702702702702703,0.032432432432432434,0.010810810810810811,0.11351351351351352,0.043243243243243246,0.05945945945945946,0.010810810810810811,0.010810810810810811
YMR240C,0.055,0.01,0.055,0.085,0.015,0.04,0.02,0.055,0.135,0.065,0.015,0.07,0.055,0.045,0.065,0.07,0.045,0.07,0.01,0.02
YLR288C,0.04,0.025,0.045,0.04,0.02,0.085,0.015,0.07,0.045,0.1,0.03,0.095,0.04,0.015,0.045,0.09,0.115,0.06,0.01,0.015
YPL014W,0.07,0.02,0.065,0.03,0.05,0.02,0.02,0.035,0.035,0.095,0.015,0.09,0.075,0.09,0.05,0.105,0.07,0.035,0.005,0.025
YKL068W,0.045,0.0,0.0,0.0,0.1,0.19,0.0,0.005,0.005,0.035,0.02,0.225,0.025,0.055,0.005,0.195,0.095,0.0,0.0,0.0
YMR047C,0.065,0.005,0.01,0.025,0.095,0.14,0.0,0.025,0.015,0.02,0.025,0.105,0.055,0.09,0.02,0.115,0.15,0.03,0.0,0.01
YPL037C,0.1337579617834395,0.0,0.07006369426751592,0.07006369426751592,0.03821656050955414,0.06369426751592357,0.025477707006369428,0.03821656050955414,0.11464968152866242,0.08917197452229299,0.01910828025477707,0.05732484076433121,0.03821656050955414,0.08280254777070063,0.012738853503184714,0.044585987261146494,0.03184713375796178,0.06369426751592357,0.0,0.006369426751592357
YDR424C,0.05434782608695652,0.0,0.08695652173913043,0.043478260869565216,0.05434782608695652,0.06521739130434782,0.03260869565217391,0.07608695652173914,0.13043478260869565,0.07608695652173914,0.010869565217391304,0.03260869565217391,0.021739130434782608,0.021739130434782608,0.010869565217391304,0.05434782608695652,0.07608695652173914,0.08695652173913043,0.010869565217391304,0.05434782608695652
YPL024W,0.065,0.01,0.075,0.035,0.045,0.05,0.0,0.08,0.09,0.09,0.02,0.075,0.03,0.05,0.03,0.1,0.055,0.075,0.01,0.015
YPL019C,0.03,0.005,0.07,0.09,0.05,0.015,0.025,0.045,0.105,0.13,0.005,0.07,0.035,0.025,0.045,0.11,0.03,0.05,0.01,0.055
YPL018W,0.03,0.005,0.095,0.055,0.02,0.03,0.035,0.055,0.05,0.13,0.02,0.1,0.02,0.065,0.055,0.08,0.075,0.055,0.0,0.025
YPL017C,0.11,0.015,0.055,0.055,0.035,0.095,0.015,0.065,0.055,0.09,0.03,0.025,0.035,0.055,0.035,0.06,0.05,0.075,0.0,0.045
YPL065W,0.065,0.005,0.08,0.065,0.04,0.015,0.03,0.09,0.085,0.085,0.01,0.085,0.02,0.05,0.025,0.09,0.08,0.045,0.0,0.035
YML091C,0.035,0.01,0.055,0.04,0.03,0.015,0.05,0.025,0.045,0.095,0.005,0.135,0.06,0.085,0.03,0.1,0.06,0.055,0.005,0.065
YDL212W,0.065,0.025,0.035,0.055,0.06,0.065,0.025,0.07,0.06,0.11,0.03,0.065,0.03,0.035,0.015,0.065,0.055,0.08,0.015,0.04
YDR088C,0.03,0.015,0.08,0.075,0.01,0.07,0.025,0.05,0.135,0.045,0.025,0.1,0.04,0.045,0.08,0.065,0.03,0.025,0.02,0.035
YPL063W,0.05,0.0,0.065,0.075,0.045,0.04,0.0,0.035,0.085,0.1,0.025,0.04,0.075,0.035,0.07,0.105,0.07,0.035,0.01,0.04
YPL059W,0.08,0.013333333333333334,0.04,0.12,0.06,0.06,0.0,0.06666666666666667,0.06,0.1,0.02666666666666667,0.03333333333333333,0.07333333333333333,0.02666666666666667,0.06,0.05333333333333334,0.04666666666666667,0.04666666666666667,0.006666666666666667,0.02666666666666667
YPL058C,0.07,0.015,0.07,0.09,0.035,0.065,0.03,0.065,0.045,0.085,0.025,0.05,0.025,0.03,0.05,0.135,0.04,0.055,0.0,0.02
YOR048C,0.09,0.005,0.065,0.075,0.03,0.04,0.01,0.06,0.05,0.075,0.04,0.06,0.08,0.035,0.08,0.045,0.04,0.075,0.02,0.025
YGL213C,0.07,0.015,0.085,0.05,0.06,0.045,0.04,0.04,0.075,0.105,0.015,0.04,0.025,0.015,0.03,0.11,0.07,0.065,0.025,0.02
YOR047C,0.055,0.0,0.05,0.055,0.035,0.025,0.025,0.055,0.045,0.055,0.025,0.12,0.09,0.03,0.035,0.12,0.095,0.055,0.0,0.03
YMR149W,0.085,0.005,0.05,0.07,0.06,0.03,0.025,0.09,0.08,0.095,0.02,0.05,0.065,0.03,0.03,0.07,0.05,0.08,0.0,0.015
YPL055C,0.05,0.0,0.035,0.02,0.0,0.105,0.035,0.005,0.01,0.015,0.015,0.095,0.075,0.06,0.105,0.18,0.07,0.015,0.0,0.11
YPL051W,0.045454545454545456,0.010101010101010102,0.06060606060606061,0.08585858585858586,0.030303030303030304,0.050505050505050504,0.015151515151515152,0.08585858585858586,0.08585858585858586,0.09595959595959595,0.030303030303030304,0.04040404040404041,0.030303030303030304,0.045454545454545456,0.050505050505050504,0.07575757575757576,0.04040404040404041,0.0707070707070707,0.020202020202020204,0.030303030303030304
YOR018W,0.06,0.0,0.035,0.045,0.045,0.045,0.025,0.075,0.065,0.12,0.005,0.07,0.06,0.025,0.055,0.13,0.055,0.045,0.005,0.035
YNL189W,0.085,0.0,0.075,0.08,0.04,0.035,0.005,0.035,0.045,0.08,0.025,0.04,0.045,0.095,0.08,0.075,0.055,0.08,0.01,0.015
YPL101W,0.045,0.0,0.045,0.05,0.02,0.09,0.025,0.045,0.065,0.105,0.025,0.055,0.06,0.035,0.075,0.12,0.085,0.05,0.0,0.005
YPL100W,0.05,0.04,0.065,0.085,0.045,0.045,0.015,0.085,0.08,0.06,0.025,0.095,0.015,0.03,0.04,0.095,0.06,0.055,0.005,0.01
YPL099C,0.02197802197802198,0.0,0.038461538461538464,0.0989010989010989,0.03296703296703297,0.027472527472527472,0.04395604395604396,0.06043956043956044,0.09340659340659341,0.13736263736263737,0.027472527472527472,0.04395604395604396,0.027472527472527472,0.03296703296703297,0.07692307692307693,0.08241758241758242,0.06043956043956044,0.038461538461538464,0.03296703296703297,0.02197802197802198
YPL096W,0.03,0.045,0.06,0.07,0.06,0.065,0.025,0.055,0.09,0.09,0.015,0.09,0.035,0.04,0.035,0.04,0.05,0.045,0.015,0.045
YPL093W,0.06,0.015,0.06,0.03,0.05,0.045,0.02,0.07,0.085,0.105,0.02,0.035,0.055,0.045,0.085,0.045,0.06,0.07,0.005,0.04
YPL087W,0.04,0.01,0.02,0.055,0.055,0.045,0.015,0.11,0.045,0.105,0.045,0.025,0.04,0.03,0.025,0.08,0.07,0.07,0.045,0.07
YPL086C,0.055,0.03,0.045,0.055,0.02,0.065,0.025,0.065,0.105,0.08,0.025,0.03,0.065,0.04,0.06,0.055,0.07,0.045,0.0,0.065
YPL126W,0.055,0.005,0.035,0.06,0.045,0.045,0.035,0.07,0.08,0.105,0.005,0.095,0.025,0.065,0.025,0.085,0.05,0.075,0.005,0.035
YPL123C,0.015,0.04,0.065,0.055,0.055,0.06,0.035,0.065,0.065,0.12,0.005,0.1,0.045,0.035,0.025,0.07,0.045,0.02,0.025,0.055
YPL122C,0.04,0.005,0.025,0.075,0.05,0.04,0.02,0.06,0.07,0.145,0.035,0.085,0.045,0.05,0.015,0.085,0.05,0.07,0.01,0.025
YPL120W,0.045,0.03,0.11,0.065,0.025,0.035,0.015,0.075,0.05,0.1,0.01,0.13,0.025,0.065,0.04,0.08,0.07,0.02,0.0,0.01
YPL118W,0.04,0.0,0.04,0.08,0.05,0.04,0.025,0.065,0.12,0.1,0.02,0.06,0.05,0.035,0.06,0.06,0.075,0.035,0.015,0.03
YPL116W,0.1,0.01,0.025,0.055,0.035,0.055,0.045,0.07,0.065,0.075,0.025,0.025,0.065,0.04,0.045,0.115,0.04,0.065,0.015,0.03
YPL110C,0.065,0.0,0.065,0.065,0.05,0.025,0.015,0.055,0.12,0.1,0.025,0.06,0.02,0.05,0.065,0.085,0.045,0.03,0.01,0.05
YPL141C,0.02,0.01,0.045,0.065,0.06,0.07,0.035,0.065,0.095,0.1,0.01,0.07,0.025,0.035,0.06,0.07,0.045,0.055,0.005,0.06
YPL139C,0.03,0.015,0.045,0.075,0.035,0.045,0.01,0.08,0.09,0.075,0.025,0.05,0.06,0.03,0.01,0.15,0.055,0.075,0.015,0.03
YPL138C,0.015,0.06,0.105,0.07,0.05,0.055,0.025,0.065,0.095,0.07,0.02,0.03,0.045,0.045,0.04,0.045,0.055,0.06,0.02,0.03
YGR098C,0.045,0.0,0.05,0.04,0.03,0.025,0.055,0.105,0.065,0.155,0.03,0.09,0.025,0.025,0.02,0.11,0.055,0.035,0.01,0.03
YPL135W,0.09696969696969697,0.01818181818181818,0.048484848484848485,0.03636363636363636,0.01818181818181818,0.06060606060606061,0.024242424242424242,0.06666666666666667,0.09090909090909091,0.09090909090909091,0.048484848484848485,0.03636363636363636,0.06060606060606061,0.012121212121212121,0.048484848484848485,0.07272727272727272,0.06666666666666667,0.07878787878787878,0.0,0.024242424242424242
YDR539W,0.05,0.015,0.07,0.07,0.02,0.06,0.045,0.095,0.095,0.115,0.02,0.02,0.075,0.03,0.035,0.055,0.05,0.04,0.015,0.025
YLL050C,0.07692307692307693,0.006993006993006993,0.08391608391608392,0.06993006993006994,0.055944055944055944,0.06293706293706294,0.006993006993006993,0.03496503496503497,0.07692307692307693,0.07692307692307693,0.013986013986013986,0.04195804195804196,0.027972027972027972,0.006993006993006993,0.04895104895104895,0.11188811188811189,0.055944055944055944,0.08391608391608392,0.006993006993006993,0.04895104895104895
YPL049C,0.095,0.0,0.055,0.05,0.01,0.065,0.03,0.035,0.08,0.04,0.03,0.09,0.075,0.05,0.04,0.14,0.05,0.05,0.0,0.015
YPL047W,0.050505050505050504,0.030303030303030304,0.06060606060606061,0.050505050505050504,0.010101010101010102,0.050505050505050504,0.020202020202020204,0.08080808080808081,0.020202020202020204,0.12121212121212122,0.010101010101010102,0.0707070707070707,0.020202020202020204,0.09090909090909091,0.09090909090909091,0.08080808080808081,0.08080808080808081,0.020202020202020204,0.0,0.04040404040404041
YPL046C,0.06060606060606061,0.0,0.08080808080808081,0.13131313131313133,0.04040404040404041,0.030303030303030304,0.010101010101010102,0.08080808080808081,0.0707070707070707,0.1111111111111111,0.04040404040404041,0.020202020202020204,0.04040404040404041,0.020202020202020204,0.030303030303030304,0.1111111111111111,0.030303030303030304,0.04040404040404041,0.0,0.050505050505050504
YPL038W,0.07909604519774012,0.02824858757062147,0.05084745762711865,0.062146892655367235,0.01694915254237288,0.05649717514124294,0.03954802259887006,0.06779661016949153,0.0847457627118644,0.1016949152542373,0.01694915254237288,0.05084745762711865,0.04519774011299435,0.03954802259887006,0.07344632768361582,0.0903954802259887,0.04519774011299435,0.04519774011299435,0.0,0.005649717514124294
YIL009C-A,0.03867403314917127,0.03314917127071823,0.055248618784530384,0.04419889502762431,0.049723756906077346,0.016574585635359115,0.049723756906077346,0.08839779005524862,0.055248618784530384,0.07734806629834254,0.022099447513812154,0.055248618784530384,0.055248618784530384,0.03867403314917127,0.022099447513812154,0.11049723756906077,0.06629834254143646,0.07734806629834254,0.0055248618784530384,0.03867403314917127
YML130C,0.07,0.045,0.12,0.045,0.06,0.035,0.01,0.045,0.05,0.085,0.01,0.095,0.025,0.04,0.035,0.06,0.075,0.045,0.02,0.03
YML127W,0.07,0.01,0.04,0.05,0.04,0.035,0.005,0.065,0.07,0.14,0.04,0.065,0.06,0.03,0.035,0.1,0.065,0.055,0.005,0.02
YDR043C,0.035,0.015,0.045,0.075,0.03,0.035,0.025,0.045,0.07,0.075,0.02,0.09,0.045,0.05,0.06,0.12,0.07,0.04,0.005,0.05
YMR100W,0.025,0.015,0.065,0.06,0.04,0.03,0.02,0.06,0.07,0.135,0.025,0.065,0.01,0.03,0.055,0.075,0.1,0.06,0.015,0.045
YKL164C,0.2,0.0,0.045,0.005,0.005,0.085,0.0,0.09,0.075,0.02,0.005,0.005,0.02,0.11,0.005,0.085,0.175,0.045,0.005,0.02
YKL163W,0.24,0.0,0.045,0.005,0.005,0.055,0.0,0.055,0.07,0.02,0.005,0.0,0.02,0.11,0.005,0.145,0.12,0.075,0.005,0.02
YDR091C,0.05,0.045,0.04,0.055,0.03,0.065,0.015,0.1,0.12,0.08,0.015,0.04,0.075,0.04,0.05,0.055,0.045,0.055,0.005,0.02
YMR172W,0.06,0.005,0.045,0.06,0.03,0.065,0.005,0.075,0.03,0.095,0.06,0.08,0.035,0.03,0.045,0.14,0.1,0.025,0.0,0.015
YMR178W,0.06,0.035,0.085,0.055,0.04,0.045,0.03,0.085,0.08,0.07,0.035,0.035,0.045,0.025,0.045,0.035,0.075,0.065,0.005,0.05
YMR278W,0.085,0.01,0.065,0.035,0.055,0.05,0.05,0.05,0.065,0.08,0.025,0.05,0.055,0.05,0.04,0.065,0.045,0.08,0.02,0.025
YDR457W,0.055,0.025,0.085,0.075,0.045,0.03,0.02,0.055,0.1,0.145,0.035,0.03,0.025,0.01,0.065,0.04,0.035,0.07,0.01,0.045
YDR460W,0.01,0.035,0.075,0.145,0.045,0.02,0.01,0.07,0.12,0.08,0.03,0.06,0.025,0.03,0.07,0.03,0.04,0.06,0.005,0.04
YDR465C,0.06,0.0,0.08,0.12,0.04,0.055,0.02,0.035,0.05,0.115,0.02,0.045,0.04,0.045,0.045,0.065,0.06,0.065,0.005,0.035
YPL045W,0.025,0.01,0.08,0.06,0.035,0.035,0.025,0.1,0.095,0.115,0.01,0.055,0.025,0.035,0.03,0.08,0.05,0.055,0.035,0.045
YDR468C,0.03,0.0,0.1,0.115,0.015,0.05,0.02,0.06,0.055,0.08,0.045,0.09,0.015,0.095,0.06,0.035,0.06,0.06,0.005,0.01
YDR469W,0.04,0.005714285714285714,0.05714285714285714,0.10285714285714286,0.011428571428571429,0.03428571428571429,0.022857142857142857,0.05142857142857143,0.06857142857142857,0.06857142857142857,0.02857142857142857,0.13142857142857142,0.045714285714285714,0.05142857142857143,0.022857142857142857,0.12,0.05142857142857143,0.06857142857142857,0.0,0.017142857142857144
YGR252W,0.035,0.005,0.05,0.135,0.045,0.065,0.025,0.055,0.1,0.05,0.03,0.055,0.035,0.035,0.05,0.03,0.065,0.105,0.0,0.03
YDR472W,0.075,0.005,0.04,0.055,0.045,0.04,0.02,0.06,0.045,0.11,0.025,0.045,0.035,0.06,0.055,0.165,0.06,0.02,0.005,0.035
YDR473C,0.025,0.0,0.065,0.135,0.03,0.055,0.025,0.03,0.11,0.105,0.015,0.06,0.045,0.045,0.075,0.065,0.045,0.0,0.01,0.06
YDR480W,0.04,0.005,0.04,0.06,0.015,0.035,0.035,0.04,0.075,0.075,0.035,0.05,0.11,0.065,0.05,0.11,0.065,0.035,0.0,0.06
YDR482C,0.06666666666666667,0.007407407407407408,0.022222222222222223,0.1259259259259259,0.0,0.037037037037037035,0.037037037037037035,0.037037037037037035,0.08148148148148149,0.07407407407407407,0.022222222222222223,0.037037037037037035,0.022222222222222223,0.11851851851851852,0.1111111111111111,0.1037037037037037,0.044444444444444446,0.02962962962962963,0.007407407407407408,0.014814814814814815
YDR485C,0.045,0.0,0.105,0.15,0.02,0.035,0.015,0.045,0.095,0.075,0.025,0.05,0.025,0.06,0.075,0.115,0.045,0.015,0.0,0.005
YDR486C,0.06,0.0,0.085,0.055,0.015,0.03,0.005,0.055,0.065,0.135,0.05,0.12,0.015,0.135,0.025,0.085,0.04,0.005,0.005,0.015
YDR489W,0.025,0.015,0.085,0.06,0.02,0.015,0.02,0.08,0.07,0.145,0.04,0.065,0.04,0.045,0.045,0.115,0.055,0.025,0.01,0.025
YML041C,0.03,0.0,0.06,0.065,0.025,0.045,0.015,0.055,0.095,0.09,0.015,0.055,0.05,0.04,0.08,0.12,0.08,0.035,0.005,0.04
YML039W,0.055,0.015,0.03,0.035,0.03,0.045,0.035,0.02,0.04,0.03,0.04,0.055,0.145,0.085,0.005,0.16,0.085,0.04,0.01,0.04
YDL002C,0.03,0.01,0.07,0.13,0.01,0.04,0.005,0.035,0.12,0.115,0.025,0.065,0.04,0.035,0.085,0.065,0.03,0.045,0.005,0.04
YDR205W,0.09,0.005,0.035,0.02,0.075,0.005,0.02,0.115,0.04,0.165,0.005,0.04,0.045,0.01,0.03,0.13,0.085,0.035,0.005,0.045
YDL020C,0.05,0.0,0.06,0.055,0.045,0.02,0.04,0.05,0.055,0.07,0.015,0.13,0.06,0.05,0.015,0.08,0.105,0.035,0.01,0.055
YDR206W,0.045,0.01,0.055,0.035,0.085,0.02,0.02,0.08,0.095,0.11,0.02,0.075,0.03,0.055,0.02,0.105,0.05,0.045,0.015,0.03
YDR210W-B,0.055,0.005,0.045,0.045,0.02,0.025,0.06,0.025,0.035,0.045,0.03,0.07,0.13,0.095,0.015,0.125,0.065,0.055,0.01,0.045
YMR259C,0.055,0.005,0.07,0.065,0.07,0.015,0.015,0.095,0.06,0.14,0.025,0.07,0.035,0.04,0.03,0.075,0.045,0.04,0.01,0.04
YHL007C,0.065,0.0,0.1,0.045,0.015,0.06,0.025,0.045,0.04,0.06,0.025,0.115,0.045,0.025,0.025,0.155,0.1,0.05,0.0,0.005
YPR051W,0.056818181818181816,0.022727272727272728,0.045454545454545456,0.08522727272727272,0.03409090909090909,0.056818181818181816,0.022727272727272728,0.09090909090909091,0.0625,0.09659090909090909,0.05113636363636364,0.045454545454545456,0.03977272727272727,0.017045454545454544,0.06818181818181818,0.045454545454545456,0.045454545454545456,0.045454545454545456,0.005681818181818182,0.0625
YMR272C,0.055,0.005,0.09,0.085,0.045,0.04,0.04,0.045,0.085,0.1,0.015,0.045,0.03,0.025,0.035,0.07,0.08,0.045,0.015,0.05
YMR290C,0.085,0.005,0.03,0.085,0.045,0.075,0.015,0.065,0.08,0.105,0.03,0.04,0.05,0.04,0.055,0.055,0.09,0.05,0.0,0.0
YMR291W,0.04,0.03,0.055,0.08,0.04,0.03,0.04,0.06,0.085,0.12,0.02,0.065,0.015,0.075,0.035,0.07,0.05,0.06,0.005,0.025
YMR292W,0.057971014492753624,0.0,0.021739130434782608,0.014492753623188406,0.16666666666666666,0.11594202898550725,0.007246376811594203,0.12318840579710146,0.036231884057971016,0.15217391304347827,0.014492753623188406,0.014492753623188406,0.043478260869565216,0.021739130434782608,0.043478260869565216,0.036231884057971016,0.043478260869565216,0.06521739130434782,0.014492753623188406,0.007246376811594203
YMR293C,0.055,0.02,0.045,0.03,0.045,0.1,0.02,0.07,0.085,0.09,0.015,0.04,0.05,0.015,0.035,0.12,0.065,0.07,0.0,0.03
YHR179W,0.11,0.0,0.05,0.065,0.035,0.065,0.025,0.07,0.075,0.06,0.015,0.07,0.065,0.055,0.04,0.045,0.04,0.045,0.03,0.04
YMR298W,0.04666666666666667,0.03333333333333333,0.05333333333333334,0.07333333333333333,0.04,0.05333333333333334,0.03333333333333333,0.09333333333333334,0.07333333333333333,0.05333333333333334,0.013333333333333334,0.03333333333333333,0.08,0.02,0.04,0.06,0.06,0.06,0.013333333333333334,0.06666666666666667
YER138C,0.055,0.015,0.03,0.035,0.03,0.045,0.03,0.02,0.04,0.03,0.04,0.055,0.15,0.085,0.005,0.16,0.085,0.04,0.01,0.04
YER160C,0.055,0.01,0.035,0.025,0.03,0.045,0.03,0.025,0.04,0.03,0.04,0.06,0.15,0.085,0.005,0.155,0.08,0.04,0.01,0.05
YML077W,0.03773584905660377,0.018867924528301886,0.03773584905660377,0.0440251572327044,0.05660377358490566,0.050314465408805034,0.018867924528301886,0.07547169811320754,0.05660377358490566,0.08176100628930817,0.025157232704402517,0.07547169811320754,0.012578616352201259,0.050314465408805034,0.050314465408805034,0.11949685534591195,0.05660377358490566,0.050314465408805034,0.018867924528301886,0.06289308176100629
YML076C,0.04,0.045,0.07,0.04,0.025,0.04,0.01,0.035,0.12,0.07,0.01,0.04,0.085,0.04,0.055,0.125,0.08,0.045,0.005,0.02
YML072C,0.05,0.0,0.075,0.05,0.035,0.08,0.045,0.045,0.12,0.06,0.01,0.055,0.08,0.06,0.025,0.1,0.045,0.05,0.005,0.01
YMR213W,0.105,0.005,0.05,0.105,0.01,0.05,0.005,0.04,0.08,0.105,0.03,0.055,0.04,0.06,0.08,0.04,0.05,0.05,0.02,0.02
YMR215W,0.085,0.01,0.09,0.025,0.05,0.055,0.015,0.07,0.05,0.075,0.02,0.08,0.05,0.035,0.035,0.1,0.03,0.06,0.0,0.065
YMR218C,0.03,0.01,0.05,0.07,0.065,0.035,0.02,0.07,0.07,0.1,0.015,0.045,0.06,0.06,0.06,0.095,0.025,0.075,0.015,0.03
YMR006C,0.08,0.01,0.055,0.03,0.015,0.105,0.015,0.06,0.025,0.11,0.025,0.065,0.025,0.02,0.035,0.165,0.085,0.025,0.025,0.025
YMR009W,0.0670391061452514,0.0223463687150838,0.0670391061452514,0.10614525139664804,0.0335195530726257,0.03910614525139665,0.0335195530726257,0.0670391061452514,0.061452513966480445,0.0893854748603352,0.00558659217877095,0.0670391061452514,0.0335195530726257,0.027932960893854747,0.061452513966480445,0.055865921787709494,0.0335195530726257,0.055865921787709494,0.0111731843575419,0.061452513966480445
YMR010W,0.05,0.015,0.05,0.035,0.08,0.015,0.01,0.115,0.065,0.14,0.025,0.03,0.035,0.025,0.03,0.095,0.085,0.025,0.015,0.06
YMR012W,0.03,0.0,0.055,0.12,0.045,0.04,0.025,0.06,0.145,0.08,0.02,0.045,0.03,0.03,0.015,0.125,0.06,0.065,0.0,0.01
YMR200W,0.03,0.015,0.06,0.06,0.035,0.075,0.01,0.04,0.035,0.09,0.025,0.05,0.085,0.045,0.02,0.09,0.09,0.04,0.015,0.09
YKL011C,0.04,0.02,0.035,0.07,0.05,0.02,0.005,0.075,0.095,0.12,0.04,0.075,0.04,0.065,0.045,0.085,0.06,0.035,0.005,0.02
YML036W,0.04419889502762431,0.022099447513812154,0.08287292817679558,0.055248618784530384,0.055248618784530384,0.027624309392265192,0.0055248618784530384,0.08839779005524862,0.08287292817679558,0.09944751381215469,0.027624309392265192,0.049723756906077346,0.027624309392265192,0.04419889502762431,0.049723756906077346,0.09944751381215469,0.04419889502762431,0.06629834254143646,0.0,0.027624309392265192
YML030W,0.08176100628930817,0.012578616352201259,0.031446540880503145,0.1320754716981132,0.025157232704402517,0.05660377358490566,0.006289308176100629,0.0440251572327044,0.11320754716981132,0.11949685534591195,0.031446540880503145,0.031446540880503145,0.018867924528301886,0.03773584905660377,0.08176100628930817,0.03773584905660377,0.050314465408805034,0.0440251572327044,0.018867924528301886,0.025157232704402517
YML029W,0.04,0.02,0.04,0.085,0.045,0.04,0.03,0.085,0.04,0.12,0.02,0.06,0.045,0.05,0.045,0.11,0.065,0.015,0.005,0.04
YML019W,0.06,0.02,0.05,0.035,0.07,0.03,0.025,0.07,0.05,0.085,0.02,0.065,0.05,0.065,0.015,0.065,0.065,0.095,0.015,0.05
YML114C,0.04,0.005,0.05,0.095,0.045,0.015,0.03,0.055,0.045,0.145,0.02,0.08,0.065,0.065,0.025,0.09,0.065,0.04,0.01,0.015
YML111W,0.04,0.01,0.065,0.045,0.02,0.03,0.05,0.025,0.015,0.095,0.025,0.085,0.06,0.07,0.09,0.145,0.085,0.035,0.0,0.01
YDR145W,0.07,0.0,0.02,0.085,0.02,0.035,0.005,0.04,0.07,0.07,0.025,0.125,0.04,0.145,0.05,0.065,0.075,0.035,0.005,0.02
YDR153C,0.055,0.01,0.05,0.065,0.025,0.04,0.03,0.075,0.105,0.115,0.015,0.06,0.025,0.055,0.08,0.035,0.045,0.06,0.01,0.045
YDR160W,0.025,0.0,0.07,0.08,0.045,0.035,0.04,0.07,0.07,0.08,0.025,0.07,0.045,0.07,0.065,0.09,0.05,0.015,0.005,0.05
YDR161W,0.085,0.015,0.03,0.12,0.04,0.08,0.0,0.08,0.085,0.085,0.04,0.06,0.03,0.06,0.015,0.055,0.045,0.045,0.015,0.015
YDR165W,0.055,0.015,0.08,0.055,0.045,0.04,0.015,0.085,0.095,0.08,0.01,0.06,0.045,0.035,0.045,0.115,0.05,0.045,0.01,0.02
YDR235W,0.04,0.02,0.035,0.06,0.06,0.02,0.025,0.06,0.085,0.15,0.02,0.05,0.025,0.045,0.035,0.1,0.04,0.03,0.025,0.075
YDR236C,0.04,0.01,0.08,0.045,0.06,0.08,0.02,0.085,0.04,0.1,0.02,0.07,0.06,0.02,0.045,0.03,0.07,0.075,0.005,0.045
YDR240C,0.025,0.015,0.055,0.05,0.06,0.06,0.025,0.065,0.085,0.085,0.025,0.045,0.05,0.065,0.075,0.08,0.04,0.045,0.01,0.04
YDR246W,0.045,0.01,0.05,0.035,0.05,0.055,0.01,0.07,0.065,0.085,0.035,0.09,0.045,0.06,0.035,0.085,0.09,0.035,0.005,0.045
YDR247W,0.04,0.025,0.06,0.06,0.04,0.035,0.06,0.08,0.085,0.095,0.03,0.065,0.02,0.03,0.035,0.06,0.04,0.09,0.0,0.05
YMR153W,0.055,0.0,0.07,0.05,0.05,0.055,0.01,0.04,0.065,0.06,0.01,0.12,0.085,0.075,0.03,0.13,0.04,0.045,0.01,0.0
YMR159C,0.05333333333333334,0.0,0.07333333333333333,0.11333333333333333,0.013333333333333334,0.04,0.02,0.07333333333333333,0.11333333333333333,0.12666666666666668,0.02,0.08666666666666667,0.006666666666666667,0.04666666666666667,0.06,0.06,0.06,0.02666666666666667,0.006666666666666667,0.0
YMR164C,0.06,0.0,0.065,0.045,0.045,0.045,0.02,0.06,0.05,0.105,0.03,0.11,0.06,0.04,0.025,0.13,0.04,0.03,0.015,0.025
YDR096W,0.035,0.015,0.075,0.08,0.055,0.035,0.005,0.08,0.075,0.09,0.015,0.075,0.055,0.06,0.025,0.09,0.035,0.045,0.025,0.03
YDR097C,0.05,0.0,0.135,0.08,0.025,0.04,0.015,0.025,0.11,0.045,0.02,0.045,0.05,0.04,0.03,0.12,0.115,0.045,0.0,0.01
YDR098C-B,0.055,0.01,0.035,0.025,0.03,0.045,0.03,0.025,0.04,0.03,0.04,0.06,0.15,0.085,0.005,0.155,0.08,0.04,0.01,0.05
YDR101C,0.075,0.015,0.065,0.045,0.01,0.06,0.025,0.085,0.06,0.115,0.015,0.04,0.04,0.05,0.025,0.06,0.105,0.065,0.01,0.035
YDR104C,0.045,0.01,0.04,0.05,0.03,0.03,0.02,0.04,0.09,0.09,0.025,0.05,0.04,0.055,0.085,0.115,0.06,0.065,0.015,0.045
YDR128W,0.065,0.015,0.065,0.01,0.035,0.05,0.05,0.065,0.045,0.065,0.01,0.06,0.08,0.03,0.04,0.13,0.045,0.065,0.045,0.03
YDR130C,0.02,0.01,0.055,0.04,0.035,0.045,0.015,0.07,0.095,0.085,0.03,0.095,0.07,0.055,0.075,0.105,0.065,0.03,0.0,0.005
YDR140W,0.065,0.03,0.08,0.065,0.04,0.045,0.01,0.075,0.07,0.115,0.015,0.055,0.06,0.04,0.03,0.055,0.035,0.07,0.015,0.03
YDR141C,0.045,0.005,0.055,0.055,0.03,0.025,0.015,0.065,0.045,0.18,0.015,0.04,0.065,0.045,0.045,0.095,0.07,0.04,0.02,0.045
YDR190C,0.08,0.01,0.025,0.1,0.015,0.115,0.015,0.075,0.085,0.085,0.015,0.025,0.04,0.015,0.045,0.07,0.07,0.095,0.0,0.02
YDR196C,0.05,0.02,0.06,0.075,0.02,0.06,0.015,0.065,0.065,0.125,0.03,0.05,0.03,0.045,0.06,0.055,0.04,0.08,0.005,0.05
YDR200C,0.035,0.0,0.045,0.04,0.03,0.045,0.02,0.045,0.06,0.075,0.015,0.065,0.12,0.075,0.065,0.125,0.07,0.06,0.0,0.01
YDR201W,0.04242424242424243,0.006060606060606061,0.09090909090909091,0.12121212121212122,0.006060606060606061,0.030303030303030304,0.0,0.01818181818181818,0.10303030303030303,0.15151515151515152,0.048484848484848485,0.04242424242424243,0.024242424242424242,0.048484848484848485,0.05454545454545454,0.07272727272727272,0.05454545454545454,0.06666666666666667,0.0,0.01818181818181818
YKL139W,0.025,0.0,0.03,0.03,0.015,0.065,0.025,0.03,0.09,0.035,0.015,0.125,0.06,0.045,0.085,0.15,0.055,0.045,0.0,0.075
YDR174W,0.09,0.0,0.06,0.1,0.025,0.03,0.015,0.05,0.105,0.09,0.005,0.05,0.06,0.035,0.035,0.095,0.065,0.05,0.01,0.03
YDR175C,0.06,0.005,0.035,0.085,0.02,0.055,0.025,0.02,0.065,0.105,0.025,0.06,0.07,0.045,0.085,0.07,0.035,0.055,0.02,0.06
YDR179C,0.012345679012345678,0.018518518518518517,0.05555555555555555,0.13580246913580246,0.037037037037037035,0.012345679012345678,0.018518518518518517,0.09259259259259259,0.09876543209876543,0.11728395061728394,0.030864197530864196,0.04938271604938271,0.024691358024691357,0.043209876543209874,0.043209876543209874,0.06790123456790123,0.04938271604938271,0.037037037037037035,0.012345679012345678,0.043209876543209874
YDR180W,0.065,0.0,0.065,0.055,0.035,0.05,0.01,0.055,0.08,0.1,0.015,0.1,0.05,0.02,0.03,0.115,0.07,0.065,0.0,0.02
YDR181C,0.015,0.01,0.07,0.12,0.03,0.025,0.03,0.065,0.1,0.075,0.04,0.07,0.04,0.04,0.065,0.07,0.07,0.04,0.005,0.02
YMR241W,0.085,0.015,0.005,0.05,0.045,0.11,0.01,0.06,0.06,0.085,0.025,0.06,0.025,0.025,0.04,0.085,0.08,0.085,0.025,0.025
YDR412W,0.05,0.0,0.085,0.125,0.04,0.035,0.015,0.045,0.135,0.085,0.01,0.06,0.01,0.06,0.055,0.05,0.065,0.045,0.005,0.025
YDR416W,0.04,0.025,0.065,0.13,0.04,0.025,0.01,0.085,0.065,0.08,0.03,0.025,0.015,0.04,0.065,0.06,0.06,0.065,0.035,0.04
YDR419W,0.08,0.035,0.07,0.07,0.05,0.05,0.02,0.075,0.08,0.08,0.03,0.035,0.025,0.04,0.045,0.085,0.02,0.055,0.02,0.035
YDR425W,0.07,0.0,0.05,0.06,0.03,0.045,0.045,0.095,0.035,0.055,0.02,0.05,0.07,0.03,0.03,0.175,0.07,0.03,0.01,0.03
YDR429C,0.085,0.02,0.045,0.12,0.005,0.08,0.015,0.05,0.09,0.055,0.025,0.035,0.045,0.035,0.065,0.085,0.045,0.065,0.01,0.025
YDR434W,0.045,0.01,0.06,0.055,0.05,0.03,0.035,0.05,0.035,0.115,0.01,0.07,0.04,0.055,0.02,0.07,0.065,0.105,0.02,0.06
YDR437W,0.03571428571428571,0.014285714285714285,0.07857142857142857,0.04285714285714286,0.03571428571428571,0.04285714285714286,0.007142857142857143,0.09285714285714286,0.03571428571428571,0.14285714285714285,0.05,0.02142857142857143,0.04285714285714286,0.03571428571428571,0.014285714285714285,0.07857142857142857,0.1,0.03571428571428571,0.02857142857142857,0.06428571428571428
YDR439W,0.035,0.0,0.08,0.05,0.025,0.03,0.015,0.04,0.11,0.125,0.005,0.085,0.035,0.085,0.055,0.11,0.05,0.035,0.0,0.03
YDR440W,0.025,0.005,0.065,0.045,0.02,0.06,0.015,0.05,0.145,0.075,0.015,0.08,0.065,0.035,0.055,0.115,0.065,0.035,0.005,0.025
YDR446W,0.055,0.005,0.045,0.085,0.02,0.02,0.015,0.05,0.155,0.075,0.005,0.07,0.09,0.03,0.025,0.13,0.07,0.025,0.0,0.03
YDR452W,0.035,0.015,0.085,0.05,0.055,0.055,0.03,0.085,0.1,0.075,0.03,0.04,0.045,0.015,0.06,0.065,0.05,0.085,0.01,0.015
YDR453C,0.08673469387755102,0.01020408163265306,0.061224489795918366,0.061224489795918366,0.05612244897959184,0.07142857142857142,0.01020408163265306,0.061224489795918366,0.09183673469387756,0.09183673469387756,0.00510204081632653,0.05102040816326531,0.05612244897959184,0.025510204081632654,0.030612244897959183,0.05102040816326531,0.04591836734693878,0.09183673469387756,0.015306122448979591,0.025510204081632654
YDR456W,0.065,0.0,0.07,0.03,0.065,0.05,0.01,0.11,0.02,0.14,0.035,0.045,0.055,0.015,0.02,0.095,0.055,0.07,0.015,0.035
YDR386W,0.06,0.015,0.03,0.075,0.015,0.05,0.02,0.07,0.125,0.105,0.01,0.05,0.05,0.03,0.05,0.085,0.07,0.035,0.01,0.045
YDR395W,0.055,0.015,0.065,0.08,0.035,0.045,0.015,0.12,0.065,0.12,0.015,0.055,0.025,0.05,0.04,0.075,0.035,0.045,0.015,0.03
YDR398W,0.05,0.02,0.065,0.04,0.035,0.045,0.015,0.06,0.05,0.115,0.02,0.06,0.03,0.06,0.015,0.09,0.065,0.105,0.02,0.04
YDR399W,0.075,0.01,0.075,0.075,0.04,0.05,0.015,0.08,0.095,0.08,0.015,0.045,0.045,0.035,0.035,0.05,0.05,0.075,0.015,0.04
YDR400W,0.095,0.03,0.065,0.04,0.04,0.08,0.025,0.085,0.06,0.085,0.015,0.055,0.08,0.01,0.03,0.05,0.06,0.045,0.015,0.035
YDR407C,0.04,0.005,0.06,0.05,0.075,0.04,0.03,0.08,0.06,0.1,0.025,0.065,0.07,0.02,0.025,0.075,0.085,0.05,0.005,0.04
YDR409W,0.04,0.005,0.04,0.08,0.03,0.03,0.005,0.055,0.055,0.085,0.02,0.045,0.095,0.045,0.075,0.105,0.075,0.085,0.01,0.02
YML102W,0.08,0.01,0.085,0.055,0.03,0.09,0.03,0.04,0.05,0.075,0.02,0.07,0.025,0.06,0.045,0.07,0.03,0.08,0.035,0.02
YMR044W,0.055,0.015,0.08,0.145,0.04,0.045,0.005,0.08,0.12,0.04,0.035,0.04,0.055,0.015,0.035,0.065,0.03,0.045,0.02,0.035
YMR045C,0.06,0.01,0.025,0.035,0.02,0.04,0.04,0.035,0.03,0.05,0.035,0.065,0.13,0.11,0.01,0.14,0.07,0.045,0.01,0.04
YMR128W,0.04,0.0,0.06,0.16,0.035,0.06,0.01,0.035,0.135,0.08,0.02,0.04,0.035,0.04,0.08,0.07,0.055,0.015,0.005,0.025
YML015C,0.035,0.005,0.06,0.06,0.03,0.025,0.005,0.08,0.085,0.08,0.02,0.1,0.045,0.105,0.025,0.045,0.09,0.055,0.01,0.04
YML013W,0.04,0.005,0.04,0.07,0.07,0.065,0.03,0.055,0.03,0.12,0.02,0.055,0.105,0.02,0.055,0.075,0.07,0.05,0.015,0.01
YML005W,0.035,0.005,0.05,0.06,0.055,0.035,0.05,0.06,0.08,0.135,0.01,0.085,0.065,0.015,0.04,0.08,0.055,0.055,0.005,0.025
YMR076C,0.06,0.01,0.08,0.05,0.055,0.04,0.02,0.075,0.06,0.175,0.005,0.045,0.035,0.04,0.04,0.07,0.055,0.045,0.0,0.04
YMR077C,0.03,0.0,0.065,0.105,0.025,0.03,0.02,0.055,0.11,0.12,0.035,0.09,0.025,0.065,0.04,0.07,0.045,0.05,0.0,0.02
YMR093W,0.075,0.005,0.06,0.02,0.04,0.03,0.04,0.055,0.035,0.08,0.005,0.03,0.055,0.05,0.075,0.11,0.115,0.065,0.01,0.045
YDR045C,0.02727272727272727,0.07272727272727272,0.07272727272727272,0.06363636363636363,0.045454545454545456,0.08181818181818182,0.00909090909090909,0.045454545454545456,0.05454545454545454,0.06363636363636363,0.02727272727272727,0.05454545454545454,0.05454545454545454,0.03636363636363636,0.045454545454545456,0.06363636363636363,0.06363636363636363,0.045454545454545456,0.01818181818181818,0.05454545454545454
YDR049W,0.03,0.01,0.09,0.095,0.03,0.035,0.025,0.05,0.09,0.09,0.035,0.07,0.01,0.06,0.04,0.125,0.045,0.035,0.0,0.035
YMR192W,0.085,0.005,0.06,0.115,0.01,0.035,0.025,0.04,0.06,0.075,0.015,0.055,0.095,0.045,0.045,0.14,0.05,0.04,0.0,0.005
YMR197C,0.075,0.0,0.095,0.06,0.025,0.03,0.01,0.06,0.07,0.115,0.025,0.045,0.015,0.085,0.07,0.105,0.06,0.03,0.005,0.02
YMR017W,0.03,0.02,0.06,0.085,0.025,0.03,0.06,0.05,0.085,0.085,0.01,0.07,0.035,0.035,0.095,0.095,0.05,0.05,0.005,0.025
YMR018W,0.055,0.02,0.045,0.085,0.055,0.045,0.03,0.06,0.075,0.05,0.015,0.105,0.025,0.045,0.045,0.095,0.05,0.035,0.015,0.05
YMR026C,0.045,0.005,0.025,0.055,0.07,0.045,0.01,0.075,0.06,0.135,0.015,0.07,0.05,0.055,0.05,0.105,0.04,0.02,0.02,0.05
YDR496C,0.04,0.005,0.1,0.135,0.005,0.035,0.02,0.045,0.135,0.085,0.01,0.03,0.025,0.04,0.055,0.13,0.035,0.05,0.01,0.01
YDR499W,0.045,0.0,0.05,0.08,0.02,0.02,0.005,0.06,0.11,0.105,0.02,0.085,0.065,0.075,0.05,0.075,0.085,0.05,0.0,0.0
YDR503C,0.02,0.03,0.065,0.04,0.06,0.055,0.02,0.095,0.065,0.13,0.045,0.04,0.04,0.02,0.04,0.095,0.04,0.055,0.01,0.035
YDR511W,0.022556390977443608,0.0,0.06015037593984962,0.06766917293233082,0.022556390977443608,0.03007518796992481,0.045112781954887216,0.045112781954887216,0.09022556390977443,0.14285714285714285,0.03007518796992481,0.06766917293233082,0.045112781954887216,0.06766917293233082,0.06015037593984962,0.06766917293233082,0.03759398496240601,0.045112781954887216,0.015037593984962405,0.03759398496240601
YDR516C,0.045,0.015,0.06,0.085,0.045,0.07,0.02,0.035,0.075,0.11,0.025,0.04,0.035,0.025,0.04,0.075,0.085,0.08,0.005,0.03
YDR517W,0.045,0.005,0.08,0.05,0.07,0.05,0.03,0.065,0.03,0.08,0.01,0.06,0.045,0.06,0.045,0.105,0.05,0.08,0.015,0.025
YDR531W,0.03,0.01,0.055,0.065,0.06,0.105,0.03,0.11,0.04,0.085,0.035,0.055,0.035,0.025,0.03,0.07,0.07,0.035,0.005,0.05
YDR532C,0.035,0.005,0.065,0.145,0.04,0.02,0.01,0.07,0.085,0.13,0.01,0.09,0.02,0.04,0.025,0.075,0.06,0.05,0.005,0.02
YDR533C,0.1,0.005,0.095,0.055,0.075,0.09,0.02,0.045,0.11,0.075,0.005,0.04,0.03,0.015,0.01,0.045,0.07,0.075,0.005,0.035
YMR106C,0.03,0.025,0.065,0.07,0.03,0.015,0.01,0.09,0.075,0.105,0.03,0.065,0.025,0.06,0.03,0.11,0.07,0.06,0.01,0.025
YMR109W,0.09,0.01,0.03,0.065,0.035,0.055,0.025,0.08,0.11,0.07,0.03,0.08,0.025,0.02,0.045,0.085,0.05,0.05,0.0,0.045
YMR110C,0.065,0.0,0.05,0.075,0.055,0.035,0.025,0.085,0.085,0.125,0.025,0.055,0.06,0.025,0.04,0.06,0.055,0.06,0.0,0.02
YMR111C,0.065,0.0,0.055,0.1,0.045,0.07,0.015,0.06,0.055,0.055,0.03,0.065,0.06,0.035,0.075,0.06,0.08,0.05,0.0,0.025
YMR115W,0.065,0.005,0.045,0.08,0.035,0.025,0.03,0.055,0.08,0.115,0.035,0.055,0.06,0.045,0.07,0.085,0.03,0.03,0.02,0.035
YMR117C,0.035,0.0,0.095,0.13,0.015,0.03,0.01,0.075,0.105,0.135,0.015,0.085,0.025,0.025,0.045,0.085,0.015,0.06,0.0,0.015
YLR208W,0.09,0.01,0.055,0.075,0.02,0.075,0.05,0.07,0.065,0.065,0.005,0.045,0.03,0.015,0.02,0.085,0.065,0.095,0.035,0.03
YML093W,0.04,0.0,0.165,0.165,0.02,0.035,0.005,0.045,0.065,0.065,0.015,0.065,0.015,0.035,0.045,0.145,0.035,0.02,0.005,0.015
YDR118W,0.04,0.005,0.105,0.03,0.07,0.04,0.015,0.125,0.065,0.075,0.005,0.085,0.055,0.005,0.065,0.065,0.04,0.06,0.015,0.035
YDR121W,0.0663265306122449,0.00510204081632653,0.09693877551020408,0.10714285714285714,0.015306122448979591,0.05102040816326531,0.02040816326530612,0.04591836734693878,0.10714285714285714,0.08673469387755102,0.01020408163265306,0.03571428571428571,0.03571428571428571,0.07653061224489796,0.03571428571428571,0.0663265306122449,0.04081632653061224,0.07653061224489796,0.00510204081632653,0.015306122448979591
YDR126W,0.035,0.04,0.03,0.03,0.065,0.025,0.03,0.095,0.05,0.14,0.02,0.04,0.05,0.015,0.045,0.075,0.035,0.075,0.025,0.08
YML071C,0.05,0.0,0.155,0.09,0.02,0.015,0.005,0.09,0.065,0.125,0.01,0.08,0.005,0.03,0.06,0.09,0.07,0.025,0.005,0.01
YML069W,0.045,0.005,0.06,0.075,0.055,0.075,0.01,0.065,0.055,0.065,0.02,0.09,0.035,0.055,0.065,0.07,0.055,0.05,0.02,0.03
YML067C,0.045,0.01,0.07,0.095,0.07,0.055,0.01,0.065,0.07,0.1,0.02,0.045,0.045,0.045,0.035,0.045,0.065,0.06,0.01,0.04
YMR048W,0.05,0.005,0.12,0.055,0.045,0.04,0.02,0.045,0.075,0.08,0.025,0.05,0.05,0.045,0.06,0.075,0.05,0.075,0.005,0.03
YMR049C,0.075,0.0,0.165,0.135,0.005,0.045,0.005,0.06,0.07,0.07,0.025,0.04,0.035,0.02,0.025,0.12,0.04,0.03,0.0,0.035
YMR050C,0.055,0.01,0.035,0.025,0.03,0.045,0.03,0.025,0.04,0.03,0.04,0.06,0.15,0.085,0.005,0.155,0.08,0.04,0.01,0.05
YLR005W,0.06,0.005,0.095,0.06,0.02,0.05,0.035,0.085,0.07,0.06,0.03,0.04,0.025,0.075,0.095,0.08,0.025,0.065,0.01,0.015
YML049C,0.08,0.01,0.05,0.045,0.03,0.06,0.04,0.045,0.065,0.12,0.04,0.035,0.03,0.035,0.06,0.085,0.09,0.045,0.01,0.025
YML047C,0.015,0.03,0.035,0.04,0.075,0.04,0.01,0.11,0.065,0.15,0.015,0.06,0.015,0.04,0.03,0.105,0.065,0.03,0.035,0.035
YML045W,0.055,0.01,0.035,0.025,0.03,0.045,0.025,0.025,0.04,0.035,0.04,0.065,0.145,0.085,0.005,0.155,0.08,0.04,0.01,0.05
YML043C,0.02,0.005,0.04,0.135,0.035,0.035,0.02,0.06,0.115,0.05,0.015,0.05,0.04,0.05,0.085,0.085,0.08,0.025,0.015,0.04
YMR062C,0.06,0.01,0.045,0.025,0.045,0.085,0.0,0.06,0.105,0.085,0.025,0.065,0.03,0.03,0.03,0.095,0.1,0.08,0.005,0.02
YER027C,0.055,0.0,0.115,0.05,0.03,0.085,0.025,0.04,0.04,0.045,0.045,0.075,0.06,0.09,0.015,0.105,0.055,0.04,0.01,0.02
YMR065W,0.04,0.035,0.065,0.08,0.07,0.04,0.005,0.06,0.05,0.13,0.045,0.06,0.02,0.045,0.03,0.09,0.045,0.04,0.01,0.04
YMR068W,0.035,0.03,0.055,0.06,0.02,0.075,0.05,0.07,0.055,0.145,0.03,0.065,0.03,0.03,0.05,0.05,0.035,0.06,0.015,0.04
YMR075W,0.005,0.0,0.05,0.095,0.02,0.04,0.01,0.06,0.105,0.075,0.015,0.1,0.055,0.02,0.07,0.165,0.065,0.03,0.01,0.01
YMR247C,0.025,0.015,0.065,0.06,0.06,0.035,0.01,0.085,0.08,0.155,0.015,0.08,0.025,0.04,0.025,0.095,0.04,0.04,0.01,0.04
YMR255W,0.026595744680851064,0.0,0.047872340425531915,0.0851063829787234,0.010638297872340425,0.015957446808510637,0.026595744680851064,0.05319148936170213,0.17553191489361702,0.06382978723404255,0.02127659574468085,0.09574468085106383,0.06914893617021277,0.06382978723404255,0.026595744680851064,0.12234042553191489,0.047872340425531915,0.031914893617021274,0.015957446808510637,0.0
YMR258C,0.02,0.01,0.08,0.055,0.05,0.04,0.025,0.08,0.08,0.155,0.015,0.05,0.025,0.045,0.045,0.075,0.05,0.05,0.015,0.035
YMR312W,0.04,0.015,0.055,0.035,0.06,0.015,0.04,0.08,0.035,0.125,0.015,0.095,0.045,0.05,0.02,0.14,0.045,0.07,0.005,0.015
YMR318C,0.04,0.045,0.045,0.05,0.025,0.13,0.04,0.06,0.085,0.055,0.02,0.04,0.07,0.025,0.02,0.06,0.03,0.1,0.01,0.05
YDR218C,0.02,0.02,0.1,0.05,0.03,0.075,0.02,0.06,0.09,0.12,0.015,0.065,0.045,0.03,0.05,0.06,0.055,0.065,0.0,0.03
YDR221W,0.055,0.055,0.085,0.11,0.035,0.07,0.02,0.055,0.07,0.09,0.015,0.04,0.03,0.035,0.03,0.095,0.015,0.05,0.01,0.035
YDR223W,0.055,0.005,0.06,0.07,0.025,0.04,0.025,0.04,0.08,0.055,0.005,0.095,0.04,0.015,0.04,0.185,0.075,0.06,0.005,0.025
YDR231C,0.07,0.01,0.05,0.055,0.04,0.045,0.015,0.045,0.1,0.085,0.03,0.04,0.05,0.105,0.04,0.11,0.04,0.02,0.04,0.01
YDR233C,0.075,0.02,0.02,0.035,0.09,0.045,0.035,0.075,0.095,0.1,0.01,0.02,0.04,0.085,0.01,0.06,0.075,0.065,0.015,0.03
YMR305C,0.105,0.01,0.035,0.035,0.02,0.055,0.015,0.025,0.03,0.06,0.005,0.04,0.025,0.055,0.02,0.21,0.12,0.11,0.0,0.025
YML059C,0.06,0.01,0.015,0.03,0.07,0.045,0.015,0.065,0.045,0.1,0.025,0.08,0.025,0.035,0.035,0.15,0.095,0.035,0.025,0.04
YML058W,0.0673076923076923,0.009615384615384616,0.04807692307692308,0.08653846153846154,0.04807692307692308,0.038461538461538464,0.009615384615384616,0.009615384615384616,0.038461538461538464,0.0673076923076923,0.08653846153846154,0.07692307692307693,0.04807692307692308,0.08653846153846154,0.04807692307692308,0.125,0.038461538461538464,0.038461538461538464,0.009615384615384616,0.019230769230769232
YML055W,0.06179775280898876,0.0,0.033707865168539325,0.0898876404494382,0.06741573033707865,0.0449438202247191,0.0056179775280898875,0.03932584269662921,0.12359550561797752,0.11797752808988764,0.0056179775280898875,0.056179775280898875,0.02247191011235955,0.033707865168539325,0.033707865168539325,0.06741573033707865,0.028089887640449437,0.08426966292134831,0.011235955056179775,0.07303370786516854
YMR226C,0.125,0.005,0.06,0.06,0.035,0.07,0.005,0.105,0.085,0.1,0.01,0.05,0.03,0.045,0.04,0.045,0.06,0.055,0.0,0.015
YMR227C,0.035,0.005,0.07,0.085,0.01,0.045,0.01,0.105,0.165,0.105,0.015,0.045,0.07,0.02,0.05,0.055,0.025,0.065,0.005,0.015
YMR229C,0.08,0.005,0.1,0.11,0.03,0.04,0.01,0.035,0.1,0.08,0.01,0.04,0.03,0.02,0.035,0.145,0.075,0.045,0.0,0.01
YMR236W,0.08280254777070063,0.006369426751592357,0.05732484076433121,0.06369426751592357,0.012738853503184714,0.08280254777070063,0.01910828025477707,0.01910828025477707,0.06369426751592357,0.12101910828025478,0.03184713375796178,0.044585987261146494,0.05732484076433121,0.06369426751592357,0.044585987261146494,0.06369426751592357,0.044585987261146494,0.07006369426751592,0.012738853503184714,0.03821656050955414
YMR237W,0.055,0.005,0.065,0.03,0.045,0.065,0.03,0.1,0.055,0.06,0.02,0.05,0.045,0.055,0.025,0.115,0.095,0.05,0.015,0.02
YMR238W,0.075,0.025,0.06,0.04,0.055,0.105,0.015,0.055,0.025,0.07,0.05,0.06,0.02,0.045,0.02,0.06,0.08,0.04,0.04,0.06
YMR029C,0.05,0.0,0.035,0.12,0.01,0.04,0.04,0.055,0.095,0.105,0.02,0.085,0.055,0.045,0.035,0.085,0.055,0.05,0.005,0.015
YMR031C,0.105,0.0,0.03,0.035,0.01,0.06,0.02,0.04,0.105,0.045,0.025,0.045,0.035,0.03,0.04,0.2,0.09,0.045,0.0,0.04
YMR032W,0.06,0.015,0.06,0.07,0.04,0.05,0.015,0.055,0.11,0.1,0.025,0.065,0.005,0.07,0.065,0.07,0.035,0.04,0.01,0.04
YMR033W,0.05,0.01,0.06,0.055,0.04,0.03,0.03,0.13,0.03,0.105,0.015,0.055,0.045,0.07,0.03,0.095,0.075,0.035,0.005,0.035
YOL155C,0.08,0.0,0.005,0.05,0.01,0.085,0.0,0.035,0.005,0.04,0.005,0.02,0.005,0.015,0.005,0.47,0.1,0.055,0.0,0.015
YDL088C,0.03,0.0,0.045,0.015,0.045,0.055,0.02,0.05,0.04,0.04,0.02,0.185,0.055,0.12,0.04,0.145,0.06,0.02,0.01,0.005
YAR002C-A,0.095,0.02,0.075,0.06,0.045,0.06,0.025,0.07,0.075,0.1,0.015,0.025,0.01,0.06,0.04,0.06,0.05,0.07,0.015,0.03
YDR334W,0.05,0.005,0.065,0.115,0.045,0.03,0.045,0.035,0.12,0.105,0.005,0.04,0.035,0.02,0.08,0.08,0.065,0.04,0.0,0.02
YDR339C,0.0582010582010582,0.031746031746031744,0.0582010582010582,0.031746031746031744,0.031746031746031744,0.047619047619047616,0.021164021164021163,0.07936507936507936,0.12698412698412698,0.10052910052910052,0.026455026455026454,0.047619047619047616,0.05291005291005291,0.047619047619047616,0.06349206349206349,0.031746031746031744,0.047619047619047616,0.06349206349206349,0.0,0.031746031746031744
YDR346C,0.05,0.01,0.065,0.065,0.06,0.07,0.04,0.08,0.06,0.05,0.015,0.06,0.045,0.025,0.04,0.08,0.055,0.06,0.025,0.045
YDR284C,0.03,0.015,0.04,0.035,0.085,0.05,0.02,0.075,0.03,0.15,0.02,0.05,0.055,0.025,0.06,0.07,0.075,0.045,0.025,0.045
YDR289C,0.05,0.005,0.05,0.075,0.045,0.025,0.015,0.045,0.12,0.1,0.04,0.05,0.035,0.055,0.05,0.1,0.03,0.075,0.01,0.025
YDR291W,0.045,0.015,0.055,0.09,0.09,0.04,0.005,0.065,0.105,0.085,0.035,0.045,0.03,0.055,0.05,0.05,0.085,0.03,0.005,0.02
YDR294C,0.03,0.01,0.055,0.06,0.045,0.06,0.035,0.075,0.06,0.12,0.025,0.055,0.045,0.04,0.045,0.06,0.04,0.065,0.02,0.055
YDR265W,0.06,0.015,0.035,0.06,0.08,0.05,0.015,0.065,0.11,0.125,0.035,0.04,0.025,0.035,0.055,0.055,0.05,0.04,0.0,0.05
YDR266C,0.035,0.065,0.05,0.095,0.055,0.025,0.04,0.045,0.095,0.07,0.015,0.09,0.035,0.025,0.06,0.06,0.08,0.035,0.0,0.025
YDR267C,0.075,0.015,0.095,0.085,0.025,0.045,0.035,0.07,0.07,0.08,0.01,0.02,0.01,0.015,0.03,0.11,0.055,0.075,0.045,0.035
YDR272W,0.03,0.035,0.07,0.085,0.025,0.065,0.035,0.07,0.09,0.07,0.015,0.05,0.05,0.01,0.04,0.06,0.08,0.065,0.015,0.04
YDR280W,0.06,0.04,0.065,0.08,0.065,0.08,0.03,0.1,0.045,0.055,0.025,0.025,0.04,0.03,0.055,0.075,0.03,0.085,0.005,0.01
YLR192C,0.115,0.0,0.095,0.11,0.015,0.03,0.01,0.05,0.11,0.085,0.035,0.035,0.06,0.035,0.045,0.065,0.05,0.03,0.015,0.01
YLR193C,0.04,0.0,0.045714285714285714,0.05142857142857143,0.06285714285714286,0.04,0.022857142857142857,0.05714285714285714,0.08,0.05714285714285714,0.03428571428571429,0.05714285714285714,0.045714285714285714,0.022857142857142857,0.06285714285714286,0.10285714285714286,0.09714285714285714,0.07428571428571429,0.017142857142857144,0.02857142857142857
YLR194C,0.075,0.005,0.03,0.045,0.005,0.045,0.0,0.03,0.05,0.04,0.005,0.04,0.03,0.045,0.0,0.23,0.205,0.08,0.02,0.02
YLR206W,0.055,0.01,0.085,0.09,0.035,0.025,0.015,0.03,0.055,0.08,0.03,0.055,0.025,0.04,0.14,0.09,0.045,0.055,0.01,0.03
YLR207W,0.1,0.015,0.05,0.055,0.035,0.03,0.035,0.06,0.045,0.1,0.03,0.07,0.04,0.06,0.03,0.07,0.05,0.04,0.015,0.07
YLR211C,0.05,0.005,0.05,0.1,0.02,0.04,0.0,0.09,0.105,0.115,0.03,0.12,0.025,0.065,0.02,0.065,0.04,0.03,0.005,0.025
YLR215C,0.05,0.02,0.085,0.09,0.04,0.025,0.015,0.055,0.065,0.105,0.02,0.06,0.055,0.045,0.035,0.065,0.04,0.06,0.025,0.045
YLR284C,0.06,0.025,0.055,0.055,0.07,0.07,0.01,0.085,0.06,0.095,0.02,0.08,0.035,0.02,0.03,0.07,0.05,0.05,0.005,0.055
YLR298C,0.035,0.02,0.05,0.05,0.025,0.03,0.055,0.055,0.115,0.08,0.015,0.07,0.04,0.035,0.08,0.095,0.06,0.04,0.005,0.045
YLR299W,0.05,0.03,0.095,0.035,0.05,0.085,0.03,0.06,0.065,0.12,0.03,0.06,0.04,0.02,0.04,0.08,0.04,0.06,0.0,0.01
YLR360W,0.03,0.025,0.05,0.05,0.04,0.055,0.02,0.09,0.085,0.155,0.015,0.04,0.03,0.03,0.045,0.105,0.045,0.055,0.005,0.03
YLR368W,0.04,0.02,0.05,0.045,0.04,0.025,0.035,0.08,0.06,0.14,0.02,0.065,0.04,0.02,0.085,0.055,0.055,0.025,0.03,0.07
YLR369W,0.08,0.005,0.05,0.04,0.03,0.05,0.0,0.07,0.095,0.09,0.025,0.08,0.03,0.06,0.045,0.09,0.07,0.055,0.0,0.035
YLR370C,0.056179775280898875,0.011235955056179775,0.06741573033707865,0.033707865168539325,0.08426966292134831,0.028089887640449437,0.016853932584269662,0.0449438202247191,0.05056179775280899,0.11235955056179775,0.028089887640449437,0.07865168539325842,0.06741573033707865,0.028089887640449437,0.056179775280898875,0.06741573033707865,0.06179775280898876,0.056179775280898875,0.0056179775280898875,0.0449438202247191
YLR373C,0.095,0.01,0.065,0.07,0.02,0.06,0.02,0.045,0.035,0.085,0.04,0.05,0.04,0.03,0.06,0.09,0.09,0.055,0.015,0.025
YLR222C,0.05,0.005,0.06,0.04,0.015,0.085,0.03,0.1,0.08,0.115,0.015,0.035,0.025,0.03,0.02,0.105,0.08,0.065,0.01,0.035
YLR226W,0.055,0.035,0.035,0.075,0.055,0.035,0.01,0.1,0.1,0.08,0.025,0.065,0.06,0.02,0.025,0.065,0.075,0.03,0.02,0.035
YLR228C,0.05,0.03,0.05,0.045,0.02,0.05,0.035,0.02,0.09,0.07,0.02,0.09,0.045,0.11,0.05,0.115,0.05,0.055,0.0,0.005
YLR231C,0.055,0.02,0.055,0.1,0.045,0.05,0.015,0.07,0.055,0.105,0.02,0.055,0.065,0.03,0.03,0.08,0.045,0.055,0.01,0.04
YLR389C,0.065,0.015,0.055,0.05,0.095,0.04,0.03,0.025,0.065,0.12,0.015,0.085,0.055,0.02,0.03,0.105,0.055,0.035,0.0,0.04
YLR394W,0.025,0.05,0.025,0.045,0.03,0.03,0.03,0.075,0.075,0.125,0.025,0.04,0.06,0.08,0.055,0.105,0.035,0.055,0.0,0.035
YLR401C,0.025,0.03,0.065,0.07,0.04,0.06,0.025,0.07,0.11,0.055,0.02,0.095,0.05,0.04,0.055,0.085,0.03,0.055,0.005,0.015
YLR404W,0.02,0.01,0.07,0.04,0.04,0.05,0.015,0.095,0.04,0.16,0.02,0.06,0.065,0.055,0.035,0.09,0.04,0.05,0.01,0.035
YLR409C,0.045,0.015,0.045,0.065,0.06,0.06,0.03,0.07,0.08,0.095,0.005,0.05,0.025,0.02,0.03,0.08,0.08,0.09,0.0,0.055
YPR105C,0.085,0.005,0.045,0.08,0.02,0.01,0.015,0.07,0.095,0.125,0.005,0.06,0.02,0.06,0.035,0.115,0.075,0.055,0.01,0.015
YPR107C,0.01,0.075,0.06,0.08,0.06,0.045,0.035,0.055,0.095,0.07,0.03,0.035,0.095,0.035,0.075,0.055,0.02,0.02,0.005,0.045
YPR108W,0.065,0.01,0.06,0.16,0.025,0.035,0.005,0.055,0.115,0.095,0.02,0.06,0.015,0.05,0.015,0.06,0.025,0.065,0.01,0.055
YPR112C,0.04,0.0,0.07,0.115,0.045,0.045,0.025,0.055,0.115,0.07,0.025,0.055,0.03,0.04,0.085,0.08,0.03,0.055,0.005,0.015
YLR336C,0.06,0.0,0.065,0.12,0.015,0.065,0.01,0.055,0.12,0.045,0.03,0.065,0.025,0.03,0.085,0.115,0.035,0.03,0.005,0.025
YLR343W,0.09,0.015,0.06,0.07,0.07,0.05,0.02,0.085,0.06,0.08,0.025,0.06,0.04,0.025,0.03,0.09,0.035,0.05,0.005,0.04
YLR347C,0.13,0.005,0.035,0.07,0.02,0.03,0.005,0.075,0.055,0.125,0.02,0.065,0.035,0.08,0.03,0.095,0.06,0.05,0.01,0.005
YLR348C,0.105,0.01,0.03,0.035,0.035,0.085,0.005,0.045,0.065,0.105,0.045,0.06,0.04,0.025,0.05,0.045,0.065,0.075,0.015,0.06
YLR350W,0.025,0.0,0.045,0.045,0.06,0.04,0.025,0.075,0.035,0.105,0.035,0.07,0.06,0.035,0.045,0.07,0.095,0.075,0.025,0.035
YLR260W,0.045,0.015,0.065,0.05,0.015,0.03,0.015,0.07,0.075,0.065,0.02,0.065,0.05,0.025,0.075,0.195,0.075,0.015,0.0,0.035
YLR265C,0.02,0.03,0.06,0.04,0.035,0.035,0.01,0.07,0.06,0.16,0.035,0.05,0.03,0.09,0.015,0.115,0.035,0.075,0.01,0.025
YLR270W,0.03,0.015,0.065,0.085,0.04,0.04,0.015,0.08,0.07,0.08,0.035,0.07,0.05,0.045,0.04,0.065,0.055,0.055,0.02,0.045
YLR272C,0.03,0.01,0.06,0.07,0.045,0.025,0.02,0.065,0.06,0.16,0.01,0.065,0.045,0.06,0.035,0.12,0.06,0.03,0.005,0.025
YLR312C,0.035,0.0,0.085,0.085,0.04,0.065,0.02,0.045,0.06,0.105,0.03,0.055,0.01,0.025,0.05,0.165,0.05,0.045,0.01,0.02
YLR313C,0.025,0.0,0.11,0.055,0.055,0.03,0.025,0.085,0.065,0.13,0.02,0.085,0.015,0.04,0.07,0.06,0.08,0.03,0.005,0.015
YLR315W,0.05228758169934641,0.0,0.05228758169934641,0.09803921568627451,0.0392156862745098,0.013071895424836602,0.0196078431372549,0.0718954248366013,0.026143790849673203,0.1830065359477124,0.013071895424836602,0.0457516339869281,0.013071895424836602,0.1111111111111111,0.05228758169934641,0.10457516339869281,0.0457516339869281,0.0196078431372549,0.006535947712418301,0.032679738562091505
YLR318W,0.06,0.03,0.04,0.035,0.07,0.045,0.035,0.07,0.065,0.12,0.01,0.09,0.04,0.045,0.02,0.07,0.065,0.05,0.01,0.03
YLR320W,0.03,0.005,0.095,0.1,0.02,0.025,0.015,0.08,0.065,0.07,0.01,0.04,0.045,0.06,0.055,0.12,0.075,0.055,0.01,0.025
YLR321C,0.075,0.0,0.075,0.045,0.035,0.055,0.035,0.05,0.04,0.055,0.03,0.165,0.04,0.055,0.03,0.075,0.05,0.05,0.0,0.04
YLR328W,0.06,0.005,0.09,0.08,0.04,0.025,0.065,0.065,0.08,0.07,0.015,0.025,0.1,0.035,0.055,0.09,0.035,0.04,0.0,0.025
YLR455W,0.04,0.015,0.065,0.085,0.055,0.04,0.01,0.035,0.14,0.06,0.005,0.09,0.055,0.03,0.06,0.085,0.025,0.07,0.01,0.025
YLR449W,0.04,0.005,0.11,0.175,0.025,0.035,0.005,0.05,0.055,0.06,0.015,0.05,0.065,0.035,0.025,0.1,0.055,0.05,0.0,0.045
YPR164W,0.01,0.01,0.075,0.085,0.045,0.05,0.025,0.075,0.05,0.105,0.03,0.055,0.065,0.05,0.045,0.1,0.045,0.03,0.015,0.035
YPR168W,0.03184713375796178,0.0,0.07643312101910828,0.08280254777070063,0.025477707006369428,0.044585987261146494,0.012738853503184714,0.07643312101910828,0.050955414012738856,0.07643312101910828,0.01910828025477707,0.07643312101910828,0.050955414012738856,0.07006369426751592,0.06369426751592357,0.07643312101910828,0.05732484076433121,0.07643312101910828,0.0,0.03184713375796178
YLR275W,0.03636363636363636,0.00909090909090909,0.03636363636363636,0.10909090909090909,0.045454545454545456,0.02727272727272727,0.03636363636363636,0.09090909090909091,0.09090909090909091,0.09090909090909091,0.03636363636363636,0.06363636363636363,0.03636363636363636,0.00909090909090909,0.08181818181818182,0.06363636363636363,0.03636363636363636,0.09090909090909091,0.00909090909090909,0.0
YLR276C,0.05,0.005,0.07,0.065,0.025,0.055,0.01,0.1,0.07,0.15,0.015,0.04,0.03,0.05,0.02,0.07,0.07,0.06,0.0,0.045
YLR277C,0.06,0.005,0.075,0.045,0.075,0.075,0.05,0.05,0.04,0.09,0.03,0.025,0.03,0.025,0.05,0.09,0.07,0.075,0.005,0.035
YLR181C,0.07,0.02,0.095,0.1,0.025,0.04,0.02,0.07,0.095,0.12,0.03,0.035,0.005,0.03,0.02,0.085,0.05,0.035,0.015,0.04
YLR183C,0.045,0.03,0.035,0.03,0.045,0.04,0.015,0.05,0.075,0.04,0.015,0.075,0.095,0.04,0.055,0.155,0.055,0.06,0.0,0.045
YLR186W,0.045,0.015,0.08,0.04,0.015,0.05,0.025,0.075,0.095,0.125,0.025,0.03,0.06,0.04,0.06,0.07,0.055,0.08,0.0,0.015
YLR189C,0.05,0.005,0.08,0.085,0.025,0.035,0.015,0.035,0.085,0.075,0.03,0.065,0.06,0.045,0.065,0.155,0.035,0.035,0.005,0.015
YLR190W,0.035,0.01,0.03,0.06,0.025,0.04,0.0,0.035,0.095,0.13,0.025,0.075,0.095,0.055,0.05,0.135,0.06,0.03,0.0,0.015
YDR352W,0.07,0.02,0.03,0.05,0.04,0.095,0.015,0.07,0.025,0.13,0.01,0.035,0.05,0.04,0.035,0.12,0.055,0.05,0.015,0.045
YDR357C,0.05737704918032787,0.01639344262295082,0.09016393442622951,0.08196721311475409,0.01639344262295082,0.03278688524590164,0.01639344262295082,0.07377049180327869,0.10655737704918032,0.09836065573770492,0.03278688524590164,0.08196721311475409,0.00819672131147541,0.040983606557377046,0.02459016393442623,0.07377049180327869,0.05737704918032787,0.040983606557377046,0.0,0.04918032786885246
YDR359C,0.045,0.005,0.07,0.1,0.02,0.025,0.02,0.035,0.09,0.1,0.04,0.07,0.05,0.03,0.08,0.14,0.035,0.035,0.005,0.005
YDR362C,0.065,0.0,0.08,0.075,0.035,0.065,0.005,0.03,0.095,0.08,0.01,0.075,0.045,0.02,0.075,0.115,0.035,0.085,0.0,0.01
YDR363W,0.02,0.0,0.12,0.08,0.03,0.02,0.015,0.055,0.085,0.04,0.015,0.05,0.05,0.025,0.07,0.2,0.055,0.045,0.0,0.025
YDR365C,0.05,0.0,0.095,0.15,0.045,0.055,0.015,0.04,0.12,0.03,0.015,0.055,0.03,0.015,0.045,0.105,0.025,0.08,0.005,0.025
YDR367W,0.04,0.015,0.04,0.035,0.08,0.045,0.02,0.095,0.04,0.15,0.02,0.045,0.035,0.04,0.02,0.08,0.085,0.05,0.02,0.045
YDR370C,0.035,0.015,0.06,0.065,0.045,0.04,0.04,0.065,0.09,0.115,0.02,0.045,0.055,0.02,0.055,0.085,0.07,0.045,0.005,0.03
YDR372C,0.045,0.005,0.095,0.07,0.01,0.06,0.005,0.085,0.07,0.135,0.025,0.07,0.015,0.02,0.08,0.085,0.05,0.04,0.015,0.02
YDR373W,0.03684210526315789,0.010526315789473684,0.08947368421052632,0.07894736842105263,0.08421052631578947,0.06315789473684211,0.021052631578947368,0.05789473684210526,0.07894736842105263,0.09473684210526316,0.03684210526315789,0.03684210526315789,0.02631578947368421,0.02631578947368421,0.03684210526315789,0.06315789473684211,0.06842105263157895,0.042105263157894736,0.010526315789473684,0.03684210526315789
YDR378C,0.046511627906976744,0.0,0.03488372093023256,0.06976744186046512,0.046511627906976744,0.08139534883720931,0.011627906976744186,0.05813953488372093,0.06976744186046512,0.10465116279069768,0.03488372093023256,0.08139534883720931,0.0,0.023255813953488372,0.023255813953488372,0.13953488372093023,0.06976744186046512,0.06976744186046512,0.0,0.03488372093023256
YDR379W,0.035,0.085,0.08,0.045,0.02,0.02,0.01,0.055,0.105,0.095,0.01,0.075,0.035,0.045,0.05,0.115,0.05,0.04,0.005,0.025
YDR380W,0.07,0.02,0.06,0.055,0.04,0.065,0.035,0.06,0.055,0.085,0.01,0.065,0.03,0.015,0.045,0.1,0.035,0.095,0.005,0.055
YLR422W,0.04,0.02,0.05,0.07,0.075,0.025,0.01,0.045,0.075,0.06,0.03,0.03,0.085,0.03,0.06,0.115,0.025,0.08,0.01,0.065
YLR423C,0.03,0.005,0.07,0.065,0.03,0.035,0.0,0.08,0.11,0.12,0.02,0.075,0.01,0.07,0.035,0.065,0.055,0.085,0.015,0.025
YLR424W,0.04,0.0,0.075,0.085,0.025,0.075,0.01,0.045,0.08,0.09,0.035,0.075,0.035,0.02,0.03,0.115,0.075,0.055,0.0,0.035
YPR154W,0.075,0.005,0.04,0.03,0.035,0.055,0.015,0.035,0.055,0.08,0.005,0.07,0.12,0.145,0.02,0.11,0.025,0.025,0.01,0.045
YLR357W,0.065,0.0,0.07,0.085,0.025,0.025,0.005,0.035,0.09,0.08,0.02,0.07,0.075,0.035,0.055,0.085,0.06,0.045,0.005,0.07
YPR125W,0.05,0.0,0.015,0.06,0.045,0.025,0.02,0.065,0.13,0.13,0.025,0.055,0.075,0.02,0.07,0.1,0.04,0.045,0.01,0.02
YPR128C,0.085,0.005,0.03,0.04,0.045,0.055,0.01,0.075,0.06,0.09,0.03,0.055,0.035,0.04,0.035,0.09,0.09,0.08,0.01,0.04
YPR131C,0.046153846153846156,0.015384615384615385,0.07692307692307693,0.05641025641025641,0.06666666666666667,0.03076923076923077,0.03076923076923077,0.046153846153846156,0.07179487179487179,0.06666666666666667,0.046153846153846156,0.06153846153846154,0.05128205128205128,0.010256410256410256,0.06153846153846154,0.046153846153846156,0.08205128205128205,0.07179487179487179,0.010256410256410256,0.05128205128205128
YPR133C,0.065,0.0,0.11,0.125,0.005,0.02,0.01,0.045,0.1,0.07,0.02,0.065,0.04,0.06,0.06,0.085,0.075,0.04,0.0,0.005
YPR137W,0.05,0.01,0.1,0.13,0.04,0.04,0.0,0.035,0.095,0.085,0.005,0.08,0.025,0.045,0.06,0.075,0.05,0.045,0.0,0.03
YPR139C,0.035,0.02,0.03,0.04,0.05,0.08,0.01,0.09,0.09,0.13,0.03,0.055,0.05,0.025,0.025,0.06,0.075,0.065,0.01,0.03
YPR140W,0.035,0.01,0.045,0.06,0.075,0.05,0.02,0.03,0.045,0.14,0.025,0.04,0.065,0.02,0.06,0.11,0.05,0.06,0.025,0.035
YPR144C,0.055,0.005,0.045,0.1,0.075,0.03,0.005,0.085,0.09,0.12,0.015,0.045,0.025,0.035,0.035,0.09,0.055,0.045,0.01,0.035
YPR147C,0.04,0.02,0.03,0.035,0.04,0.07,0.05,0.09,0.065,0.1,0.04,0.04,0.05,0.035,0.015,0.08,0.055,0.085,0.015,0.045
YLR242C,0.035,0.04,0.06,0.035,0.055,0.01,0.02,0.065,0.07,0.155,0.02,0.06,0.03,0.03,0.04,0.06,0.06,0.05,0.025,0.08
YLR246W,0.03,0.03,0.03,0.035,0.055,0.055,0.035,0.08,0.045,0.1,0.015,0.045,0.05,0.025,0.06,0.095,0.075,0.07,0.025,0.045
YLR247C,0.06,0.02,0.05,0.09,0.045,0.025,0.01,0.065,0.085,0.105,0.01,0.095,0.035,0.04,0.06,0.095,0.02,0.075,0.0,0.015
YPR188C,0.04294478527607362,0.0,0.08588957055214724,0.12883435582822086,0.06748466257668712,0.06134969325153374,0.012269938650306749,0.049079754601226995,0.06748466257668712,0.1165644171779141,0.024539877300613498,0.049079754601226995,0.03067484662576687,0.03680981595092025,0.03067484662576687,0.06748466257668712,0.07975460122699386,0.03067484662576687,0.006134969325153374,0.012269938650306749
YPR194C,0.045,0.0,0.105,0.1,0.06,0.03,0.025,0.095,0.07,0.065,0.015,0.025,0.04,0.02,0.035,0.09,0.045,0.065,0.015,0.055
YPR199C,0.04,0.035,0.04,0.085,0.055,0.05,0.015,0.04,0.08,0.11,0.02,0.07,0.06,0.035,0.06,0.09,0.06,0.035,0.0,0.02
YPR201W,0.05,0.02,0.04,0.025,0.03,0.04,0.025,0.125,0.035,0.12,0.06,0.04,0.045,0.03,0.03,0.085,0.04,0.09,0.025,0.045
YPR171W,0.045,0.005,0.06,0.085,0.025,0.04,0.015,0.045,0.08,0.085,0.025,0.055,0.09,0.02,0.08,0.13,0.045,0.02,0.0,0.05
YPR174C,0.06,0.01,0.035,0.06,0.03,0.025,0.03,0.04,0.09,0.085,0.015,0.055,0.08,0.09,0.08,0.085,0.03,0.07,0.01,0.02
YPR179C,0.04,0.015,0.07,0.05,0.03,0.045,0.04,0.075,0.07,0.125,0.03,0.035,0.04,0.02,0.04,0.085,0.085,0.05,0.005,0.05
YPR184W,0.04,0.02,0.07,0.04,0.05,0.04,0.025,0.05,0.065,0.115,0.015,0.055,0.085,0.035,0.035,0.09,0.045,0.05,0.015,0.06
YPR185W,0.005,0.015,0.055,0.1,0.035,0.03,0.025,0.06,0.055,0.155,0.01,0.04,0.04,0.045,0.035,0.11,0.075,0.055,0.02,0.035
YDR295C,0.05,0.01,0.04,0.05,0.035,0.045,0.035,0.08,0.085,0.115,0.015,0.055,0.07,0.04,0.045,0.105,0.055,0.04,0.0,0.03
YDR296W,0.045,0.02,0.05,0.045,0.04,0.03,0.025,0.04,0.09,0.08,0.015,0.065,0.055,0.065,0.08,0.065,0.025,0.075,0.035,0.055
YDR299W,0.065,0.0,0.09,0.195,0.02,0.04,0.015,0.055,0.1,0.08,0.005,0.05,0.01,0.065,0.03,0.085,0.035,0.035,0.0,0.025
YDR301W,0.035,0.015,0.095,0.06,0.05,0.045,0.03,0.06,0.075,0.125,0.015,0.06,0.03,0.015,0.03,0.085,0.085,0.06,0.0,0.03
YDR303C,0.06,0.03,0.025,0.05,0.015,0.04,0.02,0.05,0.075,0.085,0.03,0.085,0.07,0.07,0.06,0.095,0.05,0.045,0.005,0.04
YDR309C,0.045,0.005,0.06,0.07,0.035,0.04,0.03,0.05,0.095,0.09,0.02,0.08,0.05,0.045,0.04,0.16,0.055,0.015,0.005,0.01
YDR313C,0.065,0.07,0.085,0.095,0.035,0.01,0.04,0.03,0.04,0.065,0.005,0.085,0.035,0.05,0.06,0.1,0.055,0.055,0.005,0.015
YLR431C,0.055,0.01,0.08,0.095,0.01,0.025,0.03,0.09,0.085,0.14,0.015,0.055,0.005,0.055,0.05,0.085,0.045,0.04,0.01,0.02
YLR435W,0.055,0.005,0.135,0.14,0.035,0.035,0.005,0.055,0.07,0.065,0.025,0.045,0.03,0.04,0.02,0.045,0.035,0.105,0.02,0.035
YDR318W,0.04,0.0,0.11,0.12,0.05,0.015,0.01,0.085,0.085,0.1,0.02,0.04,0.065,0.05,0.05,0.065,0.035,0.04,0.005,0.015
YDR319C,0.045,0.025,0.02,0.035,0.095,0.04,0.03,0.085,0.05,0.135,0.025,0.045,0.025,0.035,0.03,0.105,0.05,0.045,0.03,0.05
YDR320C,0.075,0.0,0.095,0.07,0.025,0.035,0.015,0.045,0.08,0.08,0.025,0.06,0.07,0.02,0.025,0.12,0.09,0.04,0.0,0.03
YDR322W,0.04,0.0,0.045,0.055,0.05,0.02,0.025,0.075,0.09,0.095,0.02,0.07,0.07,0.045,0.055,0.1,0.05,0.04,0.015,0.04
YDR324C,0.03,0.02,0.06,0.05,0.03,0.075,0.015,0.08,0.055,0.1,0.025,0.07,0.03,0.02,0.065,0.115,0.055,0.07,0.03,0.005
YDR325W,0.06,0.005,0.07,0.08,0.065,0.04,0.02,0.095,0.085,0.105,0.01,0.055,0.02,0.055,0.055,0.045,0.035,0.075,0.005,0.02
YDR326C,0.045,0.0,0.04,0.04,0.035,0.045,0.03,0.055,0.105,0.065,0.015,0.075,0.06,0.025,0.09,0.155,0.075,0.035,0.0,0.01
YLR410W,0.06,0.005,0.05,0.065,0.01,0.06,0.02,0.05,0.08,0.07,0.035,0.085,0.085,0.04,0.015,0.145,0.085,0.04,0.0,0.0
YLR417W,0.05,0.045,0.06,0.06,0.04,0.06,0.015,0.08,0.045,0.075,0.01,0.065,0.06,0.05,0.035,0.095,0.065,0.045,0.01,0.035
YLR418C,0.055,0.01,0.085,0.08,0.015,0.05,0.02,0.05,0.075,0.115,0.02,0.07,0.02,0.04,0.03,0.105,0.075,0.06,0.01,0.015
YLR308W,0.05,0.035,0.09,0.045,0.055,0.035,0.05,0.075,0.045,0.085,0.015,0.045,0.06,0.06,0.03,0.075,0.055,0.04,0.025,0.03
YLR309C,0.06,0.0,0.08,0.135,0.025,0.02,0.0,0.06,0.155,0.125,0.015,0.075,0.035,0.05,0.02,0.06,0.04,0.025,0.0,0.02
YLR380W,0.065,0.0,0.07,0.065,0.03,0.035,0.055,0.065,0.095,0.085,0.015,0.055,0.035,0.06,0.04,0.07,0.07,0.04,0.03,0.02
YLR384C,0.055,0.005,0.1,0.07,0.055,0.055,0.02,0.07,0.065,0.095,0.025,0.04,0.02,0.035,0.025,0.085,0.075,0.08,0.01,0.015
YLR385C,0.03787878787878788,0.015151515151515152,0.07575757575757576,0.03787878787878788,0.015151515151515152,0.030303030303030304,0.022727272727272728,0.045454545454545456,0.05303030303030303,0.16666666666666666,0.030303030303030304,0.06060606060606061,0.045454545454545456,0.09090909090909091,0.045454545454545456,0.03787878787878788,0.06060606060606061,0.09090909090909091,0.0,0.03787878787878788
YLR386W,0.11,0.025,0.08,0.075,0.02,0.06,0.01,0.09,0.065,0.115,0.015,0.055,0.025,0.035,0.05,0.045,0.015,0.055,0.0,0.055
YPR075C,0.07,0.04,0.075,0.055,0.02,0.055,0.005,0.025,0.055,0.07,0.02,0.045,0.03,0.02,0.035,0.215,0.08,0.05,0.005,0.03
YPR081C,0.025,0.01,0.07,0.065,0.06,0.065,0.015,0.04,0.06,0.13,0.05,0.07,0.055,0.045,0.05,0.045,0.065,0.04,0.01,0.03
YPR091C,0.065,0.005,0.07,0.055,0.06,0.03,0.025,0.065,0.1,0.145,0.005,0.055,0.02,0.04,0.045,0.06,0.055,0.055,0.01,0.035
YPR093C,0.05,0.075,0.065,0.105,0.025,0.07,0.03,0.075,0.03,0.095,0.03,0.05,0.01,0.045,0.06,0.065,0.05,0.035,0.01,0.025
YPR095C,0.025,0.005,0.075,0.08,0.035,0.05,0.025,0.045,0.105,0.09,0.015,0.08,0.06,0.035,0.07,0.12,0.035,0.04,0.0,0.01
YPL188W,0.03,0.0,0.045,0.05,0.06,0.045,0.03,0.05,0.075,0.095,0.015,0.055,0.08,0.045,0.035,0.1,0.055,0.095,0.015,0.025
YLR006C,0.095,0.005,0.07,0.02,0.05,0.035,0.005,0.03,0.065,0.075,0.01,0.09,0.08,0.04,0.045,0.125,0.07,0.055,0.015,0.02
YDL043C,0.025,0.015,0.04,0.065,0.02,0.095,0.025,0.055,0.12,0.08,0.015,0.065,0.03,0.055,0.045,0.105,0.035,0.08,0.005,0.025
YDL060W,0.065,0.01,0.06,0.06,0.035,0.07,0.03,0.09,0.13,0.1,0.015,0.05,0.025,0.04,0.04,0.07,0.015,0.075,0.0,0.02
YDL065C,0.055,0.005,0.11,0.125,0.02,0.055,0.005,0.02,0.085,0.08,0.03,0.13,0.025,0.055,0.01,0.09,0.035,0.055,0.0,0.01
YDL070W,0.08,0.0,0.045,0.075,0.025,0.04,0.055,0.05,0.04,0.085,0.02,0.075,0.07,0.03,0.035,0.15,0.05,0.045,0.0,0.03
YDL074C,0.065,0.02,0.065,0.11,0.045,0.01,0.005,0.07,0.095,0.095,0.015,0.05,0.02,0.04,0.075,0.07,0.085,0.035,0.0,0.03
YDL077C,0.045,0.01,0.04,0.07,0.025,0.035,0.025,0.085,0.085,0.115,0.02,0.07,0.04,0.03,0.055,0.065,0.08,0.035,0.015,0.055
YDL080C,0.08,0.025,0.045,0.04,0.03,0.075,0.035,0.075,0.035,0.13,0.025,0.065,0.045,0.035,0.035,0.065,0.055,0.05,0.01,0.045
YDL084W,0.1,0.015,0.06,0.08,0.03,0.08,0.03,0.055,0.065,0.08,0.01,0.04,0.045,0.045,0.03,0.065,0.065,0.075,0.0,0.03
YDL087C,0.04,0.02,0.04,0.09,0.03,0.055,0.03,0.05,0.085,0.1,0.04,0.03,0.025,0.095,0.07,0.065,0.04,0.07,0.0,0.025
YDL113C,0.06,0.005,0.04,0.12,0.02,0.075,0.02,0.035,0.08,0.07,0.02,0.085,0.05,0.025,0.05,0.11,0.06,0.05,0.0,0.025
YDL115C,0.05,0.0,0.095,0.1,0.035,0.03,0.03,0.06,0.105,0.08,0.01,0.035,0.035,0.04,0.07,0.095,0.045,0.055,0.0,0.03
YDL117W,0.035,0.005,0.035,0.06,0.035,0.045,0.02,0.03,0.11,0.085,0.03,0.085,0.105,0.02,0.06,0.115,0.04,0.05,0.01,0.025
YDL120W,0.06321839080459771,0.011494252873563218,0.05172413793103448,0.08620689655172414,0.028735632183908046,0.05172413793103448,0.028735632183908046,0.04597701149425287,0.05747126436781609,0.10919540229885058,0.022988505747126436,0.05172413793103448,0.05747126436781609,0.034482758620689655,0.05172413793103448,0.08045977011494253,0.05172413793103448,0.08045977011494253,0.011494252873563218,0.022988505747126436
YDL124W,0.07,0.005,0.05,0.07,0.05,0.055,0.02,0.075,0.085,0.095,0.02,0.055,0.05,0.055,0.02,0.065,0.05,0.055,0.01,0.045
YDL142C,0.065,0.01,0.035,0.005,0.045,0.05,0.01,0.115,0.05,0.14,0.02,0.045,0.075,0.015,0.065,0.07,0.08,0.045,0.01,0.05
YDL213C,0.055,0.0,0.065,0.09,0.03,0.095,0.01,0.05,0.175,0.075,0.015,0.06,0.025,0.055,0.08,0.035,0.05,0.035,0.0,0.0
YDL219W,0.04666666666666667,0.006666666666666667,0.06666666666666667,0.08,0.03333333333333333,0.06,0.02,0.08,0.12666666666666668,0.11333333333333333,0.04,0.02666666666666667,0.013333333333333334,0.03333333333333333,0.02,0.10666666666666667,0.03333333333333333,0.07333333333333333,0.006666666666666667,0.013333333333333334
YDL222C,0.08,0.025,0.02,0.01,0.115,0.07,0.0,0.035,0.035,0.145,0.015,0.07,0.045,0.01,0.06,0.08,0.05,0.055,0.03,0.05
YDL225W,0.045,0.01,0.045,0.085,0.05,0.07,0.025,0.065,0.065,0.075,0.03,0.065,0.06,0.02,0.045,0.075,0.08,0.06,0.0,0.03
YDL235C,0.04790419161676647,0.005988023952095809,0.08982035928143713,0.07784431137724551,0.041916167664670656,0.041916167664670656,0.011976047904191617,0.12574850299401197,0.0658682634730539,0.11377245508982035,0.023952095808383235,0.07784431137724551,0.011976047904191617,0.059880239520958084,0.03592814371257485,0.0718562874251497,0.04790419161676647,0.017964071856287425,0.011976047904191617,0.017964071856287425
YDL239C,0.04,0.005,0.03,0.085,0.025,0.055,0.025,0.04,0.07,0.07,0.01,0.08,0.06,0.035,0.055,0.16,0.08,0.05,0.015,0.01
YDR261W-B,0.06,0.005,0.04,0.04,0.02,0.025,0.06,0.025,0.035,0.05,0.03,0.075,0.13,0.095,0.015,0.125,0.065,0.055,0.01,0.04
YDR261C-D,0.055,0.015,0.03,0.035,0.03,0.045,0.03,0.02,0.04,0.03,0.04,0.055,0.15,0.085,0.005,0.16,0.085,0.04,0.01,0.04
YLL002W,0.05,0.015,0.045,0.055,0.06,0.015,0.015,0.075,0.07,0.115,0.005,0.025,0.055,0.045,0.06,0.105,0.07,0.07,0.005,0.045
YLL010C,0.035,0.01,0.06,0.06,0.01,0.035,0.015,0.035,0.08,0.02,0.015,0.065,0.04,0.14,0.055,0.175,0.09,0.045,0.0,0.015
YLL012W,0.05,0.015,0.055,0.08,0.06,0.03,0.06,0.055,0.065,0.1,0.01,0.08,0.02,0.03,0.05,0.055,0.065,0.09,0.0,0.03
YLL013C,0.09,0.0,0.045,0.045,0.045,0.11,0.03,0.035,0.04,0.065,0.03,0.105,0.025,0.04,0.025,0.14,0.055,0.035,0.0,0.04
YLL027W,0.08,0.015,0.03,0.045,0.04,0.05,0.015,0.06,0.12,0.065,0.01,0.05,0.075,0.035,0.075,0.11,0.055,0.045,0.01,0.015
YLL028W,0.07,0.025,0.06,0.055,0.03,0.07,0.025,0.06,0.03,0.08,0.03,0.045,0.075,0.01,0.035,0.105,0.09,0.075,0.005,0.025
YLL029W,0.055,0.045,0.065,0.035,0.03,0.08,0.035,0.025,0.03,0.1,0.02,0.045,0.04,0.04,0.1,0.14,0.05,0.035,0.005,0.025
YLL031C,0.06,0.0,0.07,0.03,0.09,0.03,0.03,0.095,0.085,0.12,0.01,0.07,0.035,0.025,0.03,0.095,0.06,0.035,0.005,0.025
YLL035W,0.025,0.005,0.085,0.085,0.065,0.055,0.03,0.05,0.055,0.085,0.015,0.07,0.05,0.03,0.035,0.1,0.04,0.065,0.015,0.04
YLL040C,0.035,0.015,0.065,0.065,0.02,0.045,0.01,0.065,0.075,0.14,0.025,0.085,0.03,0.025,0.04,0.115,0.055,0.055,0.02,0.015
YLL042C,0.011976047904191617,0.017964071856287425,0.0658682634730539,0.0718562874251497,0.03592814371257485,0.041916167664670656,0.029940119760479042,0.08383233532934131,0.041916167664670656,0.15568862275449102,0.023952095808383235,0.041916167664670656,0.03592814371257485,0.059880239520958084,0.03592814371257485,0.07784431137724551,0.04790419161676647,0.03592814371257485,0.03592814371257485,0.04790419161676647
YLR002C,0.055,0.01,0.09,0.16,0.02,0.035,0.01,0.04,0.1,0.065,0.03,0.06,0.055,0.035,0.055,0.065,0.045,0.05,0.005,0.015
YLR007W,0.095,0.005,0.035,0.09,0.035,0.04,0.02,0.095,0.045,0.1,0.02,0.09,0.015,0.04,0.04,0.055,0.065,0.07,0.015,0.03
YLR008C,0.07142857142857142,0.0,0.03571428571428571,0.041666666666666664,0.047619047619047616,0.125,0.017857142857142856,0.05357142857142857,0.10119047619047619,0.08928571428571429,0.02976190476190476,0.07738095238095238,0.041666666666666664,0.047619047619047616,0.011904761904761904,0.07142857142857142,0.07738095238095238,0.03571428571428571,0.0,0.023809523809523808
YLR009W,0.07537688442211055,0.02512562814070352,0.035175879396984924,0.1457286432160804,0.05025125628140704,0.020100502512562814,0.01507537688442211,0.04522613065326633,0.11557788944723618,0.06532663316582915,0.02512562814070352,0.04522613065326633,0.02512562814070352,0.04020100502512563,0.1306532663316583,0.04522613065326633,0.03015075376884422,0.04020100502512563,0.005025125628140704,0.020100502512562814
YLR010C,0.01875,0.03125,0.06875,0.05625,0.075,0.05625,0.03125,0.09375,0.0625,0.1,0.03125,0.075,0.03125,0.025,0.0625,0.06875,0.0125,0.06875,0.00625,0.025
YLR011W,0.06806282722513089,0.015706806282722512,0.05759162303664921,0.06806282722513089,0.005235602094240838,0.06282722513089005,0.02617801047120419,0.09947643979057591,0.06806282722513089,0.09424083769633508,0.015706806282722512,0.041884816753926704,0.05235602094240838,0.05235602094240838,0.03664921465968586,0.05235602094240838,0.031413612565445025,0.09947643979057591,0.015706806282722512,0.03664921465968586
YLR016C,0.025,0.02,0.105,0.075,0.025,0.065,0.025,0.065,0.06,0.095,0.03,0.06,0.04,0.02,0.075,0.065,0.035,0.055,0.005,0.055
YLR017W,0.05,0.015,0.035,0.05,0.065,0.07,0.045,0.07,0.06,0.08,0.02,0.06,0.075,0.035,0.035,0.075,0.06,0.065,0.005,0.03
YLR020C,0.045,0.0,0.075,0.075,0.035,0.035,0.025,0.065,0.075,0.09,0.02,0.075,0.045,0.035,0.055,0.075,0.065,0.065,0.01,0.035
YLR022C,0.055,0.015,0.03,0.075,0.02,0.025,0.015,0.095,0.135,0.095,0.035,0.055,0.05,0.065,0.04,0.065,0.025,0.09,0.0,0.015
YLR024C,0.03,0.05,0.075,0.08,0.045,0.025,0.035,0.06,0.055,0.105,0.015,0.1,0.035,0.0,0.045,0.08,0.06,0.045,0.02,0.04
YLR033W,0.025,0.025,0.065,0.07,0.055,0.05,0.015,0.09,0.09,0.085,0.015,0.07,0.025,0.035,0.04,0.075,0.055,0.055,0.0,0.06
YLR072W,0.05,0.01,0.075,0.055,0.055,0.08,0.02,0.045,0.06,0.065,0.035,0.07,0.045,0.025,0.05,0.125,0.055,0.055,0.005,0.02
YLR074C,0.10843373493975904,0.012048192771084338,0.04216867469879518,0.08433734939759036,0.006024096385542169,0.04216867469879518,0.030120481927710843,0.024096385542168676,0.0963855421686747,0.10240963855421686,0.012048192771084338,0.04819277108433735,0.03614457831325301,0.03614457831325301,0.05421686746987952,0.060240963855421686,0.0963855421686747,0.060240963855421686,0.006024096385542169,0.04216867469879518
YLR103C,0.04,0.02,0.125,0.095,0.045,0.065,0.015,0.07,0.035,0.11,0.01,0.05,0.015,0.055,0.03,0.09,0.03,0.05,0.005,0.045
YOL010W,0.05,0.01,0.025,0.05,0.04,0.095,0.025,0.105,0.065,0.08,0.025,0.02,0.065,0.015,0.045,0.105,0.065,0.075,0.005,0.035
YOL011W,0.085,0.01,0.06,0.035,0.03,0.085,0.005,0.07,0.035,0.105,0.02,0.08,0.03,0.025,0.03,0.12,0.065,0.06,0.025,0.025
YOL013C,0.025,0.01,0.025,0.05,0.095,0.015,0.02,0.085,0.04,0.195,0.03,0.04,0.01,0.035,0.04,0.08,0.085,0.07,0.01,0.04
YOL018C,0.045,0.005,0.09,0.06,0.05,0.025,0.025,0.07,0.09,0.11,0.035,0.065,0.035,0.05,0.065,0.07,0.035,0.035,0.0,0.04
YOL021C,0.04,0.03,0.075,0.05,0.04,0.02,0.03,0.065,0.05,0.095,0.005,0.06,0.065,0.03,0.09,0.065,0.05,0.105,0.005,0.03
YOL027C,0.075,0.01,0.02,0.055,0.06,0.035,0.02,0.045,0.1,0.125,0.015,0.035,0.07,0.035,0.07,0.08,0.065,0.045,0.005,0.035
YOL030W,0.095,0.015,0.075,0.025,0.04,0.055,0.01,0.055,0.04,0.075,0.015,0.075,0.035,0.03,0.045,0.105,0.065,0.085,0.0,0.06
YOL031C,0.045,0.01,0.075,0.085,0.03,0.055,0.035,0.105,0.05,0.115,0.025,0.055,0.05,0.015,0.045,0.115,0.03,0.035,0.005,0.02
YOL034W,0.03,0.015,0.06,0.07,0.035,0.05,0.01,0.095,0.08,0.095,0.01,0.045,0.035,0.04,0.065,0.09,0.07,0.075,0.0,0.03
YOL041C,0.075,0.005,0.08,0.16,0.03,0.025,0.0,0.04,0.155,0.06,0.005,0.05,0.035,0.01,0.03,0.1,0.065,0.06,0.0,0.015
YOL043C,0.04,0.02,0.055,0.095,0.025,0.045,0.005,0.085,0.095,0.08,0.035,0.055,0.055,0.02,0.075,0.055,0.05,0.07,0.015,0.025
YOL044W,0.015,0.03,0.08,0.08,0.075,0.02,0.01,0.115,0.065,0.12,0.04,0.045,0.02,0.04,0.03,0.08,0.065,0.065,0.0,0.005
YOL045W,0.085,0.005,0.055,0.04,0.025,0.015,0.025,0.04,0.035,0.135,0.025,0.07,0.1,0.01,0.05,0.155,0.05,0.055,0.0,0.025
YOL047C,0.055,0.015,0.03,0.04,0.06,0.055,0.03,0.07,0.05,0.135,0.025,0.03,0.055,0.03,0.04,0.075,0.06,0.045,0.03,0.07
YOL070C,0.035,0.0,0.05,0.08,0.015,0.04,0.005,0.04,0.075,0.09,0.025,0.075,0.07,0.04,0.07,0.145,0.075,0.055,0.0,0.015
YOL071W,0.05555555555555555,0.006172839506172839,0.07407407407407407,0.07407407407407407,0.030864197530864196,0.030864197530864196,0.012345679012345678,0.05555555555555555,0.11728395061728394,0.12345679012345678,0.024691358024691357,0.04938271604938271,0.037037037037037035,0.037037037037037035,0.04938271604938271,0.08641975308641975,0.04938271604938271,0.012345679012345678,0.030864197530864196,0.043209876543209874
YOL072W,0.05,0.02,0.05,0.045,0.065,0.03,0.04,0.09,0.04,0.13,0.025,0.085,0.045,0.055,0.045,0.09,0.045,0.02,0.01,0.02
YOL077C,0.025,0.01,0.05,0.045,0.05,0.04,0.045,0.055,0.11,0.11,0.02,0.075,0.05,0.05,0.05,0.09,0.035,0.045,0.01,0.035
YOL078W,0.03,0.01,0.065,0.095,0.025,0.04,0.02,0.04,0.085,0.09,0.04,0.08,0.04,0.035,0.065,0.125,0.05,0.04,0.0,0.025
YOL109W,0.12389380530973451,0.0,0.02654867256637168,0.17699115044247787,0.017699115044247787,0.035398230088495575,0.0,0.04424778761061947,0.17699115044247787,0.04424778761061947,0.008849557522123894,0.07079646017699115,0.008849557522123894,0.09734513274336283,0.008849557522123894,0.05309734513274336,0.05309734513274336,0.05309734513274336,0.0,0.0
YOL133W,0.09917355371900827,0.0743801652892562,0.08264462809917356,0.06611570247933884,0.024793388429752067,0.01652892561983471,0.03305785123966942,0.06611570247933884,0.06611570247933884,0.024793388429752067,0.03305785123966942,0.0743801652892562,0.04132231404958678,0.049586776859504134,0.049586776859504134,0.049586776859504134,0.04132231404958678,0.05785123966942149,0.049586776859504134,0.0
YOL135C,0.03,0.01,0.025,0.105,0.015,0.035,0.02,0.06,0.085,0.125,0.025,0.07,0.075,0.065,0.04,0.075,0.035,0.04,0.005,0.06
YOL138C,0.02,0.01,0.04,0.02,0.03,0.06,0.025,0.055,0.09,0.065,0.025,0.105,0.07,0.005,0.04,0.175,0.085,0.04,0.0,0.04
YOL141W,0.03,0.015,0.08,0.035,0.04,0.025,0.005,0.09,0.11,0.115,0.01,0.08,0.045,0.05,0.05,0.08,0.045,0.045,0.005,0.045
YOL142W,0.06,0.02,0.06,0.05,0.065,0.075,0.01,0.07,0.06,0.075,0.015,0.055,0.055,0.025,0.03,0.085,0.06,0.09,0.005,0.035
YOL144W,0.05,0.015,0.075,0.055,0.075,0.04,0.035,0.06,0.14,0.055,0.02,0.105,0.01,0.03,0.06,0.035,0.02,0.055,0.03,0.035
YOR005C,0.05,0.015,0.045,0.06,0.055,0.05,0.015,0.075,0.09,0.095,0.015,0.06,0.045,0.02,0.065,0.09,0.03,0.065,0.015,0.045
YOR042W,0.065,0.0,0.085,0.145,0.02,0.03,0.01,0.045,0.09,0.08,0.01,0.055,0.075,0.04,0.065,0.095,0.04,0.045,0.0,0.005
YOR049C,0.08,0.02,0.02,0.015,0.07,0.085,0.025,0.105,0.005,0.125,0.05,0.05,0.025,0.03,0.025,0.07,0.065,0.08,0.02,0.035
YOR056C,0.1,0.005,0.055,0.105,0.015,0.045,0.025,0.04,0.115,0.095,0.005,0.06,0.025,0.05,0.045,0.065,0.07,0.04,0.01,0.03
YOR059C,0.05,0.005,0.045,0.065,0.065,0.075,0.02,0.085,0.075,0.11,0.05,0.045,0.02,0.02,0.04,0.065,0.07,0.04,0.01,0.045
YOR064C,0.04,0.04,0.055,0.095,0.035,0.045,0.025,0.055,0.095,0.11,0.02,0.07,0.045,0.035,0.04,0.07,0.04,0.04,0.01,0.035
YOR070C,0.06,0.005,0.055,0.035,0.015,0.045,0.045,0.025,0.05,0.06,0.03,0.065,0.06,0.03,0.08,0.195,0.075,0.03,0.01,0.03
YOR073W,0.02,0.005,0.04,0.075,0.03,0.01,0.015,0.06,0.09,0.09,0.025,0.08,0.035,0.06,0.09,0.17,0.04,0.04,0.0,0.025
YOR076C,0.04,0.015,0.065,0.06,0.035,0.015,0.025,0.035,0.15,0.14,0.01,0.08,0.035,0.03,0.04,0.135,0.06,0.02,0.005,0.005
YOR078W,0.055,0.0,0.095,0.12,0.015,0.025,0.02,0.04,0.125,0.075,0.005,0.03,0.02,0.065,0.06,0.125,0.055,0.06,0.0,0.01
YOR080W,0.045,0.04,0.055,0.04,0.015,0.04,0.01,0.075,0.13,0.11,0.015,0.075,0.03,0.055,0.075,0.07,0.04,0.03,0.005,0.045
YOR175C,0.055,0.02,0.045,0.02,0.1,0.045,0.03,0.07,0.045,0.115,0.045,0.035,0.035,0.025,0.04,0.095,0.075,0.04,0.01,0.055
YOR177C,0.045,0.015,0.06,0.08,0.03,0.015,0.025,0.06,0.11,0.065,0.015,0.105,0.04,0.025,0.04,0.115,0.07,0.045,0.0,0.04
YOR180C,0.06,0.02,0.04,0.035,0.08,0.055,0.025,0.08,0.065,0.115,0.01,0.07,0.03,0.02,0.005,0.11,0.06,0.095,0.0,0.025
YOR189W,0.05172413793103448,0.0,0.09482758620689655,0.1206896551724138,0.02586206896551724,0.05172413793103448,0.0,0.034482758620689655,0.10344827586206896,0.04310344827586207,0.008620689655172414,0.05172413793103448,0.0603448275862069,0.04310344827586207,0.0603448275862069,0.12931034482758622,0.034482758620689655,0.05172413793103448,0.017241379310344827,0.017241379310344827
YOR191W,0.045,0.01,0.105,0.1,0.05,0.03,0.01,0.055,0.09,0.055,0.02,0.085,0.02,0.055,0.02,0.125,0.06,0.05,0.0,0.015
YOR195W,0.03,0.005,0.1,0.09,0.02,0.035,0.02,0.065,0.09,0.06,0.03,0.105,0.055,0.045,0.04,0.125,0.035,0.04,0.0,0.01
YOR197W,0.055,0.01,0.04,0.01,0.02,0.095,0.005,0.05,0.015,0.035,0.035,0.11,0.115,0.155,0.045,0.045,0.04,0.025,0.0,0.095
YOR239W,0.08,0.0,0.06,0.235,0.015,0.04,0.005,0.04,0.075,0.03,0.015,0.095,0.04,0.04,0.005,0.105,0.06,0.045,0.0,0.015
YOR241W,0.045,0.0,0.04,0.045,0.06,0.05,0.03,0.08,0.09,0.095,0.035,0.065,0.03,0.02,0.075,0.08,0.075,0.03,0.015,0.04
YOR243C,0.065,0.0,0.055,0.12,0.045,0.04,0.02,0.055,0.105,0.065,0.015,0.065,0.035,0.05,0.07,0.06,0.065,0.06,0.0,0.01
YOR245C,0.045,0.02,0.025,0.05,0.065,0.04,0.02,0.07,0.07,0.095,0.01,0.05,0.065,0.02,0.07,0.09,0.085,0.035,0.025,0.05
YOR246C,0.05,0.02,0.055,0.045,0.035,0.075,0.055,0.085,0.06,0.125,0.03,0.03,0.045,0.02,0.05,0.055,0.045,0.055,0.02,0.045
YOR249C,0.025,0.02,0.055,0.025,0.04,0.04,0.02,0.1,0.06,0.13,0.04,0.08,0.055,0.025,0.065,0.07,0.07,0.04,0.015,0.025
YOR250C,0.045,0.015,0.05,0.065,0.035,0.065,0.02,0.085,0.06,0.105,0.02,0.045,0.06,0.04,0.015,0.065,0.095,0.055,0.025,0.035
YOR251C,0.055,0.005,0.08,0.055,0.08,0.035,0.02,0.04,0.095,0.075,0.025,0.04,0.08,0.02,0.04,0.09,0.025,0.08,0.015,0.045
YOR253W,0.06818181818181818,0.017045454545454544,0.056818181818181816,0.05113636363636364,0.056818181818181816,0.0625,0.03977272727272727,0.05113636363636364,0.10227272727272728,0.10795454545454546,0.017045454545454544,0.0625,0.03409090909090909,0.045454545454545456,0.011363636363636364,0.056818181818181816,0.03409090909090909,0.08522727272727272,0.005681818181818182,0.03409090909090909
YOR258W,0.02,0.025,0.095,0.04,0.075,0.02,0.05,0.065,0.105,0.07,0.015,0.07,0.035,0.02,0.045,0.09,0.05,0.06,0.015,0.035
YOR294W,0.06,0.0,0.08,0.07,0.01,0.055,0.0,0.03,0.135,0.105,0.03,0.06,0.06,0.035,0.055,0.05,0.06,0.065,0.02,0.02
YOR295W,0.05,0.005,0.045,0.11,0.01,0.03,0.03,0.065,0.13,0.125,0.035,0.045,0.02,0.01,0.05,0.085,0.08,0.055,0.005,0.015
YOR297C,0.046875,0.010416666666666666,0.041666666666666664,0.041666666666666664,0.0625,0.052083333333333336,0.010416666666666666,0.07291666666666667,0.07291666666666667,0.11979166666666667,0.020833333333333332,0.06770833333333333,0.057291666666666664,0.020833333333333332,0.03125,0.08854166666666667,0.041666666666666664,0.057291666666666664,0.010416666666666666,0.07291666666666667
YOR299W,0.1,0.005,0.06,0.04,0.05,0.05,0.015,0.085,0.04,0.05,0.02,0.07,0.05,0.03,0.045,0.105,0.08,0.07,0.01,0.025
YOR301W,0.035,0.01,0.055,0.085,0.04,0.04,0.02,0.05,0.05,0.13,0.025,0.05,0.055,0.08,0.045,0.075,0.06,0.05,0.015,0.03
YOR304W,0.03,0.0,0.105,0.1,0.03,0.03,0.03,0.04,0.12,0.08,0.01,0.03,0.025,0.055,0.04,0.125,0.05,0.055,0.01,0.035
YOR352W,0.025,0.005,0.115,0.045,0.03,0.02,0.025,0.05,0.04,0.11,0.015,0.115,0.055,0.06,0.04,0.1,0.045,0.065,0.01,0.03
YOR357C,0.018518518518518517,0.012345679012345678,0.018518518518518517,0.09876543209876543,0.06790123456790123,0.06172839506172839,0.043209876543209874,0.06172839506172839,0.08024691358024691,0.08024691358024691,0.037037037037037035,0.04938271604938271,0.06172839506172839,0.018518518518518517,0.06790123456790123,0.09876543209876543,0.030864197530864196,0.06172839506172839,0.006172839506172839,0.024691358024691357
YOR359W,0.055,0.005,0.03,0.01,0.02,0.055,0.015,0.04,0.025,0.075,0.045,0.085,0.08,0.16,0.02,0.19,0.045,0.025,0.005,0.015
YOR367W,0.05,0.01,0.07,0.06,0.045,0.055,0.015,0.05,0.11,0.095,0.02,0.02,0.06,0.055,0.04,0.085,0.05,0.06,0.015,0.035
YOR371C,0.04,0.02,0.075,0.075,0.055,0.02,0.035,0.045,0.075,0.075,0.015,0.06,0.025,0.025,0.065,0.125,0.065,0.04,0.0,0.065
YOR372C,0.05,0.0,0.055,0.04,0.065,0.02,0.025,0.02,0.025,0.065,0.01,0.08,0.07,0.15,0.02,0.13,0.11,0.04,0.0,0.025
YOR381W,0.08,0.04,0.04,0.05,0.035,0.065,0.015,0.055,0.04,0.1,0.04,0.055,0.03,0.025,0.015,0.08,0.07,0.035,0.01,0.12
YPL178W,0.035,0.02,0.08,0.075,0.08,0.08,0.01,0.055,0.055,0.075,0.02,0.04,0.055,0.025,0.08,0.095,0.055,0.025,0.0,0.04
YPL180W,0.045,0.01,0.055,0.055,0.04,0.045,0.04,0.015,0.095,0.07,0.015,0.08,0.025,0.045,0.07,0.145,0.08,0.065,0.0,0.005
YPL181W,0.09,0.035,0.08,0.14,0.015,0.065,0.015,0.05,0.045,0.02,0.015,0.025,0.04,0.05,0.045,0.1,0.08,0.065,0.01,0.015
YPL183C,0.04,0.03,0.06,0.045,0.05,0.085,0.035,0.075,0.06,0.115,0.01,0.06,0.015,0.005,0.03,0.085,0.035,0.085,0.01,0.07
YPL184C,0.055,0.0,0.06,0.05,0.07,0.03,0.005,0.025,0.005,0.025,0.03,0.205,0.08,0.085,0.03,0.1,0.05,0.045,0.0,0.05
YPL191C,0.05,0.01,0.055,0.075,0.045,0.045,0.03,0.085,0.035,0.155,0.015,0.09,0.03,0.04,0.045,0.09,0.045,0.045,0.005,0.01
YPL192C,0.09774436090225563,0.0,0.03759398496240601,0.03759398496240601,0.03007518796992481,0.06015037593984962,0.022556390977443608,0.03007518796992481,0.15789473684210525,0.07518796992481203,0.015037593984962405,0.09022556390977443,0.015037593984962405,0.03759398496240601,0.03759398496240601,0.10526315789473684,0.07518796992481203,0.06766917293233082,0.0,0.007518796992481203
YPL194W,0.035,0.015,0.06,0.07,0.065,0.04,0.015,0.095,0.065,0.065,0.015,0.06,0.045,0.04,0.05,0.065,0.09,0.065,0.01,0.035
YPL195W,0.065,0.01,0.07,0.05,0.065,0.04,0.01,0.055,0.085,0.13,0.03,0.055,0.035,0.035,0.05,0.075,0.05,0.045,0.005,0.04
YPL200W,0.03205128205128205,0.01282051282051282,0.038461538461538464,0.07051282051282051,0.07051282051282051,0.00641025641025641,0.01282051282051282,0.07692307692307693,0.057692307692307696,0.15384615384615385,0.02564102564102564,0.057692307692307696,0.01282051282051282,0.057692307692307696,0.02564102564102564,0.10256410256410256,0.0641025641025641,0.07051282051282051,0.03205128205128205,0.019230769230769232
YPL202C,0.045,0.02,0.06,0.05,0.04,0.025,0.025,0.08,0.125,0.075,0.03,0.055,0.05,0.025,0.05,0.115,0.04,0.06,0.01,0.02
YPL206C,0.055,0.01,0.07,0.065,0.05,0.055,0.025,0.075,0.08,0.105,0.045,0.03,0.015,0.015,0.035,0.06,0.065,0.085,0.04,0.02
YPL207W,0.055,0.055,0.045,0.035,0.03,0.155,0.0,0.045,0.15,0.05,0.005,0.05,0.025,0.02,0.025,0.115,0.05,0.065,0.0,0.025
YPL211W,0.06629834254143646,0.0055248618784530384,0.049723756906077346,0.055248618784530384,0.055248618784530384,0.0718232044198895,0.03867403314917127,0.055248618784530384,0.08287292817679558,0.09392265193370165,0.03314917127071823,0.03867403314917127,0.04419889502762431,0.022099447513812154,0.049723756906077346,0.049723756906077346,0.06077348066298342,0.08839779005524862,0.0055248618784530384,0.03314917127071823
YPL213W,0.035,0.01,0.085,0.045,0.025,0.035,0.035,0.06,0.04,0.135,0.035,0.085,0.05,0.035,0.085,0.055,0.07,0.06,0.0,0.02
YPL217C,0.08,0.005,0.055,0.045,0.04,0.055,0.045,0.045,0.09,0.09,0.045,0.04,0.055,0.04,0.07,0.045,0.075,0.07,0.005,0.005
YPL221W,0.08,0.035,0.055,0.02,0.04,0.045,0.015,0.09,0.04,0.075,0.025,0.055,0.03,0.045,0.015,0.095,0.07,0.1,0.015,0.055
YPL222W,0.08,0.01,0.05,0.035,0.07,0.06,0.025,0.055,0.075,0.1,0.025,0.03,0.04,0.065,0.04,0.1,0.055,0.05,0.005,0.03
YPL226W,0.035,0.01,0.035,0.045,0.035,0.065,0.0,0.045,0.105,0.06,0.005,0.145,0.065,0.075,0.005,0.11,0.05,0.025,0.01,0.075
YPL273W,0.045,0.015,0.055,0.08,0.06,0.065,0.01,0.09,0.06,0.095,0.015,0.08,0.05,0.025,0.04,0.07,0.05,0.035,0.02,0.04
YPL274W,0.07,0.015,0.035,0.055,0.055,0.07,0.015,0.08,0.04,0.1,0.02,0.035,0.035,0.05,0.03,0.11,0.07,0.065,0.02,0.03
YPL280W,0.1,0.005,0.06,0.06,0.075,0.1,0.025,0.075,0.09,0.08,0.01,0.045,0.035,0.005,0.035,0.05,0.06,0.05,0.005,0.035
YNL045W,0.035,0.015,0.055,0.045,0.06,0.035,0.04,0.06,0.065,0.12,0.01,0.05,0.05,0.05,0.055,0.115,0.065,0.045,0.005,0.025
YPL236C,0.04,0.03,0.06,0.065,0.025,0.055,0.005,0.085,0.04,0.11,0.045,0.045,0.03,0.04,0.065,0.1,0.045,0.07,0.0,0.045
YPR056W,0.075,0.01,0.035,0.09,0.035,0.035,0.01,0.09,0.08,0.095,0.02,0.05,0.025,0.03,0.045,0.115,0.065,0.055,0.005,0.035
YOL003C,0.025,0.055,0.01,0.015,0.095,0.035,0.035,0.1,0.05,0.115,0.025,0.05,0.075,0.04,0.045,0.065,0.05,0.035,0.035,0.045
YDL201W,0.05,0.01,0.05,0.055,0.055,0.055,0.03,0.065,0.105,0.07,0.035,0.07,0.06,0.055,0.06,0.055,0.03,0.04,0.005,0.045
YOL092W,0.05,0.015,0.06,0.05,0.04,0.055,0.015,0.085,0.015,0.11,0.025,0.075,0.065,0.045,0.025,0.09,0.025,0.095,0.02,0.04
YOR223W,0.055,0.01,0.06,0.095,0.04,0.055,0.03,0.06,0.025,0.085,0.015,0.08,0.035,0.065,0.08,0.07,0.075,0.04,0.005,0.02
YOR281C,0.065,0.01,0.065,0.15,0.04,0.04,0.02,0.06,0.08,0.085,0.01,0.06,0.04,0.05,0.05,0.06,0.02,0.055,0.005,0.035
YDL132W,0.03,0.01,0.045,0.06,0.05,0.045,0.015,0.08,0.075,0.08,0.03,0.075,0.02,0.045,0.055,0.09,0.07,0.05,0.02,0.055
YLR106C,0.05,0.0,0.085,0.055,0.06,0.015,0.03,0.095,0.07,0.15,0.025,0.05,0.03,0.04,0.03,0.065,0.045,0.06,0.005,0.04
YOR272W,0.03,0.0,0.09,0.065,0.025,0.065,0.025,0.055,0.07,0.11,0.01,0.045,0.035,0.04,0.05,0.11,0.06,0.06,0.015,0.04
YPR029C,0.065,0.01,0.075,0.05,0.035,0.04,0.035,0.08,0.08,0.175,0.01,0.045,0.025,0.02,0.05,0.08,0.055,0.045,0.0,0.025
YDR167W,0.095,0.0,0.105,0.075,0.035,0.05,0.005,0.045,0.06,0.06,0.02,0.065,0.035,0.085,0.04,0.07,0.045,0.08,0.0,0.03
YOR275C,0.09,0.02,0.06,0.05,0.055,0.02,0.015,0.065,0.075,0.14,0.015,0.055,0.02,0.065,0.015,0.09,0.065,0.04,0.015,0.03
YPR032W,0.06,0.0,0.055,0.04,0.045,0.045,0.005,0.085,0.115,0.085,0.025,0.06,0.02,0.04,0.02,0.13,0.06,0.075,0.005,0.03
YOL095C,0.035,0.01,0.05,0.08,0.02,0.04,0.03,0.1,0.1,0.11,0.025,0.08,0.04,0.015,0.025,0.075,0.055,0.07,0.01,0.03
YDR253C,0.06282722513089005,0.02617801047120419,0.05759162303664921,0.05759162303664921,0.02617801047120419,0.05759162303664921,0.02617801047120419,0.06806282722513089,0.11518324607329843,0.07853403141361257,0.005235602094240838,0.09424083769633508,0.04712041884816754,0.04712041884816754,0.08376963350785341,0.06806282722513089,0.03664921465968586,0.03664921465968586,0.0,0.005235602094240838
YOR081C,0.035,0.0,0.055,0.03,0.02,0.045,0.055,0.06,0.05,0.165,0.02,0.06,0.01,0.045,0.06,0.1,0.085,0.03,0.02,0.055
YPL253C,0.045,0.005,0.055,0.06,0.035,0.01,0.015,0.06,0.12,0.11,0.03,0.095,0.025,0.065,0.07,0.11,0.045,0.025,0.005,0.015
YDL209C,0.065,0.03,0.055,0.06,0.08,0.09,0.02,0.05,0.09,0.075,0.02,0.04,0.035,0.04,0.06,0.07,0.035,0.04,0.015,0.03
YPL250C,0.10294117647058823,0.014705882352941176,0.08088235294117647,0.07352941176470588,0.07352941176470588,0.014705882352941176,0.014705882352941176,0.029411764705882353,0.022058823529411766,0.051470588235294115,0.029411764705882353,0.058823529411764705,0.051470588235294115,0.03676470588235294,0.022058823529411766,0.17647058823529413,0.051470588235294115,0.051470588235294115,0.007352941176470588,0.03676470588235294
YPR045C,0.055,0.005,0.03,0.045,0.03,0.08,0.02,0.025,0.065,0.075,0.025,0.125,0.065,0.05,0.055,0.12,0.04,0.055,0.01,0.025
YOR144C,0.035,0.01,0.105,0.065,0.035,0.015,0.04,0.09,0.1,0.085,0.01,0.05,0.05,0.02,0.055,0.12,0.07,0.045,0.0,0.0
YPL069C,0.03,0.0,0.04,0.055,0.035,0.04,0.04,0.095,0.035,0.15,0.04,0.09,0.055,0.045,0.045,0.07,0.05,0.045,0.01,0.03
YPL157W,0.06,0.025,0.05,0.035,0.055,0.065,0.03,0.07,0.11,0.075,0.025,0.05,0.04,0.025,0.06,0.07,0.03,0.045,0.025,0.055
YDL166C,0.030456852791878174,0.02030456852791878,0.116751269035533,0.10152284263959391,0.02030456852791878,0.05583756345177665,0.030456852791878174,0.050761421319796954,0.06091370558375635,0.07614213197969544,0.025380710659898477,0.05583756345177665,0.03553299492385787,0.025380710659898477,0.050761421319796954,0.07106598984771574,0.025380710659898477,0.08629441624365482,0.015228426395939087,0.04568527918781726
YOR226C,0.10256410256410256,0.019230769230769232,0.04487179487179487,0.038461538461538464,0.02564102564102564,0.0641025641025641,0.038461538461538464,0.07692307692307693,0.10256410256410256,0.07692307692307693,0.03205128205128205,0.05128205128205128,0.05128205128205128,0.01282051282051282,0.038461538461538464,0.07692307692307693,0.05128205128205128,0.07051282051282051,0.0,0.02564102564102564
YPL254W,0.065,0.0,0.01,0.065,0.02,0.065,0.03,0.06,0.065,0.12,0.025,0.12,0.075,0.035,0.04,0.11,0.04,0.025,0.01,0.02
YDL193W,0.05,0.01,0.06,0.055,0.03,0.065,0.02,0.08,0.115,0.09,0.025,0.05,0.065,0.035,0.04,0.045,0.04,0.07,0.005,0.05
YOL151W,0.095,0.015,0.07,0.08,0.07,0.04,0.025,0.05,0.085,0.065,0.015,0.055,0.035,0.02,0.02,0.09,0.035,0.095,0.015,0.025
YDR027C,0.03,0.0,0.06,0.07,0.035,0.05,0.025,0.06,0.045,0.07,0.03,0.09,0.045,0.035,0.075,0.15,0.055,0.045,0.01,0.02
YPL146C,0.055,0.0,0.06,0.065,0.005,0.055,0.035,0.065,0.185,0.09,0.015,0.055,0.025,0.04,0.025,0.09,0.055,0.055,0.015,0.01
YDL157C,0.0423728813559322,0.01694915254237288,0.01694915254237288,0.0847457627118644,0.06779661016949153,0.09322033898305085,0.00847457627118644,0.025423728813559324,0.11016949152542373,0.07627118644067797,0.03389830508474576,0.059322033898305086,0.05084745762711865,0.03389830508474576,0.0423728813559322,0.06779661016949153,0.05084745762711865,0.05084745762711865,0.03389830508474576,0.03389830508474576
YPL164C,0.05,0.015,0.07,0.03,0.03,0.025,0.015,0.075,0.075,0.09,0.05,0.055,0.045,0.025,0.055,0.1,0.065,0.08,0.015,0.035
YLR035C-A,0.055,0.01,0.035,0.025,0.03,0.045,0.03,0.025,0.04,0.03,0.04,0.06,0.15,0.085,0.005,0.155,0.08,0.04,0.01,0.05
YPL166W,0.015,0.005,0.075,0.09,0.03,0.03,0.02,0.04,0.1,0.115,0.025,0.08,0.035,0.06,0.03,0.095,0.07,0.045,0.015,0.025
YDL033C,0.05,0.01,0.06,0.05,0.04,0.07,0.015,0.04,0.05,0.095,0.03,0.06,0.055,0.035,0.075,0.085,0.025,0.07,0.025,0.06
YOR006C,0.055,0.04,0.045,0.075,0.035,0.09,0.035,0.03,0.085,0.09,0.04,0.055,0.045,0.04,0.065,0.055,0.005,0.07,0.025,0.02
YLR135W,0.05,0.005,0.075,0.07,0.03,0.025,0.01,0.05,0.1,0.065,0.02,0.105,0.035,0.06,0.05,0.1,0.09,0.04,0.0,0.02
YDR021W,0.065,0.01,0.07,0.04,0.04,0.07,0.005,0.07,0.11,0.115,0.035,0.03,0.02,0.08,0.035,0.075,0.065,0.045,0.0,0.02
YLR115W,0.05,0.03,0.07,0.035,0.02,0.065,0.02,0.095,0.045,0.095,0.005,0.05,0.045,0.02,0.035,0.09,0.065,0.075,0.02,0.07
YOR228C,0.05,0.01,0.045,0.025,0.03,0.055,0.04,0.09,0.05,0.115,0.025,0.045,0.1,0.02,0.055,0.085,0.04,0.075,0.015,0.03
YNL284C-B,0.055,0.01,0.04,0.025,0.03,0.04,0.035,0.025,0.04,0.035,0.04,0.055,0.125,0.095,0.01,0.165,0.085,0.035,0.01,0.045
YOR192C-B,0.055,0.005,0.04,0.04,0.025,0.03,0.05,0.025,0.035,0.045,0.03,0.07,0.13,0.095,0.015,0.13,0.07,0.055,0.01,0.045
YLR330W,0.03,0.015,0.04,0.05,0.02,0.05,0.03,0.08,0.1,0.135,0.025,0.025,0.05,0.045,0.02,0.095,0.085,0.08,0.01,0.015
YOR007C,0.145,0.005,0.07,0.115,0.03,0.045,0.01,0.075,0.1,0.06,0.02,0.055,0.025,0.02,0.025,0.09,0.015,0.045,0.0,0.05
YOR173W,0.03,0.005,0.08,0.06,0.045,0.055,0.035,0.08,0.06,0.08,0.025,0.05,0.04,0.035,0.055,0.075,0.05,0.075,0.02,0.045
YDL005C,0.055,0.005,0.03,0.115,0.025,0.045,0.01,0.01,0.095,0.11,0.03,0.075,0.01,0.11,0.035,0.105,0.065,0.05,0.0,0.02
YLR110C,0.21804511278195488,0.022556390977443608,0.022556390977443608,0.03759398496240601,0.007518796992481203,0.03007518796992481,0.015037593984962405,0.022556390977443608,0.022556390977443608,0.06766917293233082,0.007518796992481203,0.022556390977443608,0.05263157894736842,0.022556390977443608,0.0,0.10526315789473684,0.19548872180451127,0.10526315789473684,0.007518796992481203,0.015037593984962405
YDL153C,0.06,0.0,0.14,0.21,0.025,0.06,0.01,0.025,0.085,0.075,0.025,0.055,0.01,0.025,0.03,0.055,0.045,0.03,0.01,0.025
YGR027W-B,0.055,0.015,0.03,0.035,0.03,0.045,0.04,0.02,0.04,0.03,0.04,0.055,0.13,0.09,0.005,0.165,0.09,0.035,0.01,0.04
YDL149W,0.01,0.0,0.105,0.13,0.045,0.05,0.025,0.035,0.045,0.085,0.01,0.08,0.05,0.06,0.045,0.12,0.045,0.05,0.0,0.01
YPL233W,0.055,0.0,0.105,0.09,0.015,0.025,0.03,0.04,0.075,0.095,0.04,0.035,0.02,0.11,0.04,0.055,0.045,0.075,0.01,0.04
YOL146W,0.06701030927835051,0.005154639175257732,0.06701030927835051,0.07731958762886598,0.04639175257731959,0.041237113402061855,0.02577319587628866,0.061855670103092786,0.08247422680412371,0.12886597938144329,0.030927835051546393,0.05670103092783505,0.05154639175257732,0.015463917525773196,0.020618556701030927,0.07731958762886598,0.05154639175257732,0.04639175257731959,0.015463917525773196,0.030927835051546393
YOR001W,0.04,0.005,0.095,0.09,0.04,0.025,0.035,0.06,0.08,0.115,0.02,0.075,0.06,0.025,0.035,0.12,0.01,0.035,0.005,0.03
YLR087C,0.04,0.02,0.055,0.075,0.045,0.04,0.02,0.075,0.085,0.125,0.015,0.05,0.02,0.01,0.04,0.095,0.045,0.07,0.03,0.045
YDR213W,0.04,0.03,0.05,0.065,0.03,0.07,0.015,0.045,0.13,0.03,0.03,0.065,0.05,0.03,0.06,0.115,0.075,0.06,0.0,0.01
YDL100C,0.065,0.01,0.07,0.05,0.045,0.105,0.025,0.055,0.065,0.11,0.045,0.055,0.04,0.04,0.02,0.08,0.08,0.035,0.005,0.0
YDR063W,0.040268456375838924,0.013422818791946308,0.06711409395973154,0.14093959731543623,0.026845637583892617,0.03355704697986577,0.0,0.0738255033557047,0.08053691275167785,0.10067114093959731,0.026845637583892617,0.026845637583892617,0.04697986577181208,0.026845637583892617,0.040268456375838924,0.0738255033557047,0.08053691275167785,0.053691275167785234,0.013422818791946308,0.03355704697986577
YDL003W,0.06,0.005,0.06,0.075,0.03,0.05,0.015,0.05,0.045,0.11,0.04,0.055,0.035,0.045,0.055,0.08,0.1,0.07,0.01,0.01
YDR381W,0.09,0.0,0.04,0.035,0.02,0.105,0.0,0.04,0.07,0.065,0.02,0.085,0.065,0.045,0.14,0.065,0.03,0.08,0.0,0.005
YOL054W,0.045,0.055,0.105,0.095,0.035,0.045,0.03,0.05,0.065,0.09,0.02,0.07,0.03,0.03,0.04,0.05,0.065,0.03,0.01,0.04
YLL023C,0.08,0.01,0.03,0.03,0.1,0.03,0.02,0.07,0.055,0.135,0.02,0.03,0.04,0.04,0.04,0.1,0.03,0.085,0.015,0.04
YOR108W,0.09,0.005,0.06,0.055,0.045,0.02,0.025,0.06,0.095,0.07,0.03,0.025,0.06,0.04,0.075,0.075,0.065,0.065,0.015,0.025
YLR144C,0.045,0.01,0.055,0.035,0.06,0.025,0.02,0.035,0.045,0.06,0.015,0.095,0.14,0.04,0.06,0.105,0.06,0.065,0.01,0.02
YGR109W-A,0.06,0.01,0.05,0.065,0.07,0.04,0.02,0.08,0.055,0.085,0.05,0.06,0.07,0.05,0.06,0.04,0.065,0.02,0.015,0.035
YDR060W,0.07,0.0,0.12,0.145,0.02,0.045,0.015,0.045,0.125,0.065,0.01,0.075,0.015,0.045,0.02,0.13,0.025,0.03,0.0,0.0
YPR062W,0.0379746835443038,0.0379746835443038,0.06329113924050633,0.08227848101265822,0.02531645569620253,0.13291139240506328,0.0189873417721519,0.06329113924050633,0.08227848101265822,0.056962025316455694,0.04430379746835443,0.0379746835443038,0.02531645569620253,0.03164556962025317,0.04430379746835443,0.0379746835443038,0.056962025316455694,0.06962025316455696,0.012658227848101266,0.0379746835443038
YPR048W,0.045,0.015,0.045,0.06,0.05,0.075,0.035,0.065,0.07,0.115,0.015,0.055,0.04,0.035,0.055,0.085,0.045,0.04,0.01,0.045
YPL252C,0.05813953488372093,0.03488372093023256,0.0755813953488372,0.05813953488372093,0.029069767441860465,0.06976744186046512,0.03488372093023256,0.06395348837209303,0.05232558139534884,0.10465116279069768,0.029069767441860465,0.046511627906976744,0.046511627906976744,0.023255813953488372,0.046511627906976744,0.06976744186046512,0.09883720930232558,0.03488372093023256,0.0,0.023255813953488372
YLR116W,0.025,0.005,0.05,0.06,0.04,0.045,0.005,0.06,0.1,0.065,0.015,0.06,0.08,0.04,0.11,0.075,0.045,0.065,0.005,0.05
YPR007C,0.03,0.015,0.065,0.05,0.04,0.03,0.005,0.075,0.095,0.1,0.005,0.145,0.02,0.025,0.02,0.1,0.06,0.055,0.01,0.055
YDL099W,0.045,0.0,0.08,0.195,0.01,0.05,0.0,0.04,0.14,0.03,0.01,0.09,0.025,0.055,0.015,0.09,0.08,0.045,0.0,0.0
YBR012W-B,0.055,0.01,0.035,0.025,0.03,0.045,0.03,0.025,0.04,0.03,0.04,0.06,0.15,0.085,0.005,0.155,0.08,0.04,0.01,0.05
YOR119C,0.065,0.005,0.055,0.08,0.045,0.05,0.02,0.06,0.095,0.07,0.025,0.055,0.03,0.025,0.075,0.085,0.05,0.07,0.005,0.035
YLL058W,0.085,0.025,0.015,0.115,0.045,0.075,0.01,0.04,0.085,0.085,0.01,0.035,0.06,0.025,0.045,0.07,0.04,0.09,0.01,0.035
YPL006W,0.075,0.055,0.05,0.055,0.06,0.07,0.005,0.04,0.08,0.09,0.03,0.06,0.045,0.04,0.025,0.07,0.035,0.075,0.015,0.025
YPR149W,0.09248554913294797,0.028901734104046242,0.023121387283236993,0.005780346820809248,0.09826589595375723,0.06936416184971098,0.017341040462427744,0.07514450867052024,0.017341040462427744,0.10404624277456648,0.023121387283236993,0.06358381502890173,0.017341040462427744,0.03468208092485549,0.05202312138728324,0.10404624277456648,0.06358381502890173,0.07514450867052024,0.005780346820809248,0.028901734104046242
YLR132C,0.035,0.02,0.045,0.085,0.05,0.02,0.03,0.075,0.065,0.085,0.025,0.045,0.07,0.06,0.045,0.095,0.06,0.025,0.01,0.055
YPL212C,0.065,0.015,0.09,0.065,0.025,0.065,0.015,0.055,0.125,0.065,0.03,0.065,0.065,0.02,0.065,0.05,0.025,0.045,0.01,0.04
YPL198W,0.11,0.0,0.02,0.07,0.02,0.045,0.015,0.1,0.12,0.085,0.005,0.05,0.04,0.055,0.065,0.04,0.055,0.055,0.0,0.05
YOR156C,0.07,0.015,0.035,0.025,0.03,0.045,0.015,0.07,0.12,0.1,0.025,0.09,0.055,0.055,0.025,0.1,0.05,0.04,0.01,0.025
YLR129W,0.08,0.02,0.08,0.035,0.025,0.1,0.025,0.07,0.07,0.1,0.015,0.04,0.025,0.03,0.02,0.09,0.06,0.06,0.035,0.02
YDL059C,0.065,0.015,0.05,0.065,0.025,0.08,0.015,0.075,0.075,0.07,0.01,0.07,0.025,0.04,0.04,0.07,0.08,0.055,0.015,0.06
YPL089C,0.045,0.005,0.105,0.05,0.03,0.035,0.045,0.055,0.095,0.085,0.03,0.105,0.045,0.035,0.05,0.105,0.02,0.04,0.0,0.02
YDL091C,0.03,0.01,0.07,0.06,0.06,0.06,0.04,0.04,0.025,0.125,0.015,0.105,0.04,0.045,0.06,0.1,0.045,0.035,0.0,0.035
YPL004C,0.11,0.0,0.06,0.085,0.025,0.035,0.01,0.045,0.09,0.095,0.01,0.03,0.05,0.055,0.07,0.09,0.045,0.06,0.005,0.03
YOL100W,0.05,0.0,0.11,0.045,0.025,0.04,0.025,0.07,0.12,0.065,0.035,0.1,0.04,0.04,0.035,0.08,0.06,0.03,0.0,0.03
YOR106W,0.02,0.01,0.035,0.11,0.035,0.03,0.025,0.075,0.09,0.085,0.005,0.05,0.04,0.135,0.045,0.115,0.055,0.02,0.0,0.02
YOR138C,0.055,0.01,0.1,0.07,0.045,0.065,0.015,0.05,0.035,0.07,0.025,0.07,0.07,0.035,0.03,0.095,0.04,0.08,0.005,0.035
YPL144W,0.0472972972972973,0.02027027027027027,0.06756756756756757,0.0472972972972973,0.02027027027027027,0.04054054054054054,0.02027027027027027,0.08108108108108109,0.060810810810810814,0.12837837837837837,0.033783783783783786,0.033783783783783786,0.05405405405405406,0.013513513513513514,0.060810810810810814,0.12162162162162163,0.05405405405405406,0.05405405405405406,0.006756756756756757,0.033783783783783786
YOR171C,0.025,0.01,0.095,0.04,0.035,0.055,0.03,0.045,0.085,0.115,0.01,0.075,0.045,0.05,0.025,0.14,0.05,0.06,0.005,0.005
YDR016C,0.031914893617021274,0.0,0.06382978723404255,0.10638297872340426,0.02127659574468085,0.0425531914893617,0.0,0.0851063829787234,0.05319148936170213,0.11702127659574468,0.031914893617021274,0.07446808510638298,0.02127659574468085,0.05319148936170213,0.02127659574468085,0.13829787234042554,0.07446808510638298,0.031914893617021274,0.010638297872340425,0.02127659574468085
YLR093C,0.015,0.015,0.07,0.065,0.045,0.055,0.02,0.09,0.055,0.075,0.035,0.09,0.035,0.055,0.025,0.085,0.06,0.08,0.0,0.03
YOR273C,0.04,0.005,0.06,0.04,0.035,0.07,0.015,0.03,0.035,0.12,0.035,0.055,0.075,0.015,0.035,0.14,0.08,0.075,0.015,0.025
YLR108C,0.025,0.005,0.04,0.1,0.095,0.055,0.025,0.08,0.075,0.105,0.005,0.05,0.065,0.03,0.035,0.065,0.05,0.045,0.005,0.045
YPR046W,0.03314917127071823,0.0,0.03867403314917127,0.11602209944751381,0.011049723756906077,0.016574585635359115,0.03867403314917127,0.08287292817679558,0.06629834254143646,0.16574585635359115,0.016574585635359115,0.049723756906077346,0.027624309392265192,0.07734806629834254,0.049723756906077346,0.08287292817679558,0.06077348066298342,0.03314917127071823,0.0055248618784530384,0.027624309392265192
YDR507C,0.075,0.01,0.035,0.08,0.025,0.095,0.03,0.085,0.055,0.12,0.015,0.06,0.05,0.015,0.035,0.05,0.06,0.06,0.01,0.035
YOL061W,0.055,0.02,0.035,0.05,0.03,0.055,0.015,0.085,0.06,0.07,0.03,0.07,0.075,0.035,0.04,0.135,0.065,0.05,0.0,0.025
YLR086W,0.035,0.0,0.04,0.065,0.03,0.045,0.02,0.015,0.065,0.095,0.01,0.055,0.085,0.065,0.07,0.17,0.045,0.06,0.0,0.03
YGR038C-B,0.055,0.01,0.035,0.025,0.03,0.045,0.035,0.025,0.04,0.03,0.04,0.055,0.145,0.09,0.005,0.16,0.08,0.04,0.01,0.045
YOR109W,0.04,0.02,0.06,0.075,0.055,0.06,0.025,0.06,0.07,0.115,0.02,0.04,0.05,0.03,0.025,0.085,0.05,0.055,0.01,0.055
YOL103W-B,0.055,0.015,0.03,0.035,0.03,0.045,0.025,0.02,0.04,0.03,0.04,0.06,0.15,0.085,0.005,0.155,0.085,0.04,0.01,0.045
YOR093C,0.035,0.0,0.06,0.04,0.02,0.04,0.025,0.06,0.065,0.105,0.025,0.06,0.065,0.03,0.09,0.135,0.085,0.015,0.005,0.04
YDL111C,0.045,0.005,0.085,0.045,0.045,0.035,0.03,0.08,0.055,0.125,0.015,0.035,0.05,0.02,0.025,0.14,0.035,0.1,0.0,0.03
YPL242C,0.045,0.01,0.03,0.06,0.04,0.045,0.015,0.055,0.08,0.11,0.005,0.08,0.06,0.025,0.035,0.13,0.055,0.075,0.005,0.04
YPR037C,0.08673469387755102,0.030612244897959183,0.05612244897959184,0.08673469387755102,0.030612244897959183,0.0663265306122449,0.03571428571428571,0.07653061224489796,0.10204081632653061,0.07653061224489796,0.025510204081632654,0.02040816326530612,0.03571428571428571,0.025510204081632654,0.04081632653061224,0.061224489795918366,0.04081632653061224,0.04591836734693878,0.015306122448979591,0.04081632653061224
YOL111C,0.07,0.0,0.05,0.065,0.03,0.02,0.035,0.055,0.12,0.12,0.01,0.05,0.085,0.055,0.01,0.08,0.075,0.05,0.005,0.015
YLL009C,0.028985507246376812,0.10144927536231885,0.057971014492753624,0.18840579710144928,0.043478260869565216,0.043478260869565216,0.014492753623188406,0.028985507246376812,0.15942028985507245,0.014492753623188406,0.028985507246376812,0.043478260869565216,0.057971014492753624,0.043478260869565216,0.014492753623188406,0.028985507246376812,0.043478260869565216,0.028985507246376812,0.0,0.028985507246376812
YOL083W,0.025,0.025,0.055,0.08,0.075,0.04,0.01,0.085,0.12,0.085,0.01,0.065,0.035,0.055,0.02,0.075,0.03,0.075,0.005,0.03
YPL011C,0.075,0.01,0.085,0.07,0.025,0.025,0.0,0.075,0.07,0.145,0.02,0.06,0.025,0.055,0.05,0.075,0.06,0.04,0.01,0.025
YDL138W,0.065,0.015,0.045,0.035,0.05,0.08,0.03,0.08,0.015,0.085,0.03,0.085,0.05,0.035,0.025,0.1,0.075,0.055,0.0,0.045
YLR121C,0.08,0.01,0.06,0.045,0.06,0.1,0.005,0.02,0.085,0.1,0.015,0.055,0.04,0.025,0.015,0.095,0.06,0.07,0.005,0.055
YOR285W,0.06474820143884892,0.007194244604316547,0.06474820143884892,0.05755395683453238,0.02877697841726619,0.07194244604316546,0.03597122302158273,0.05755395683453238,0.07194244604316546,0.050359712230215826,0.02877697841726619,0.05755395683453238,0.06474820143884892,0.02877697841726619,0.02877697841726619,0.1223021582733813,0.014388489208633094,0.07913669064748201,0.02158273381294964,0.04316546762589928
YPL007C,0.035,0.02,0.075,0.07,0.06,0.04,0.015,0.045,0.075,0.105,0.015,0.09,0.045,0.025,0.03,0.09,0.04,0.065,0.03,0.03
YLR117C,0.055,0.01,0.055,0.085,0.025,0.03,0.02,0.075,0.06,0.09,0.03,0.055,0.025,0.045,0.1,0.055,0.035,0.065,0.03,0.055
YPR031W,0.025,0.01,0.07,0.075,0.06,0.03,0.015,0.055,0.115,0.07,0.01,0.08,0.05,0.045,0.045,0.08,0.065,0.055,0.0,0.045
YDL207W,0.075,0.01,0.035,0.145,0.03,0.005,0.01,0.05,0.095,0.085,0.015,0.06,0.065,0.045,0.075,0.1,0.05,0.05,0.0,0.0
YGR161C-D,0.055,0.01,0.035,0.025,0.03,0.045,0.03,0.025,0.04,0.03,0.04,0.06,0.15,0.085,0.005,0.155,0.08,0.04,0.01,0.05
YOL112W,0.065,0.005,0.1,0.1,0.045,0.05,0.005,0.035,0.075,0.07,0.025,0.055,0.025,0.015,0.07,0.075,0.05,0.05,0.03,0.055
YLR376C,0.015,0.02,0.055,0.06,0.065,0.035,0.01,0.12,0.075,0.125,0.015,0.085,0.025,0.04,0.045,0.08,0.04,0.045,0.015,0.03
YOR040W,0.035,0.03,0.055,0.06,0.025,0.085,0.045,0.08,0.06,0.09,0.03,0.055,0.04,0.035,0.045,0.065,0.06,0.045,0.015,0.045
YPR070W,0.025,0.02,0.095,0.06,0.065,0.035,0.025,0.06,0.075,0.12,0.01,0.09,0.01,0.035,0.03,0.11,0.05,0.035,0.0,0.05
YOR087W,0.05,0.035,0.05,0.075,0.025,0.04,0.02,0.07,0.06,0.13,0.025,0.065,0.045,0.045,0.05,0.055,0.04,0.065,0.02,0.035
YDL217C,0.12,0.01,0.03,0.045,0.055,0.135,0.005,0.05,0.05,0.06,0.055,0.035,0.05,0.045,0.025,0.065,0.07,0.05,0.0,0.045
YOR159C,0.0425531914893617,0.010638297872340425,0.06382978723404255,0.06382978723404255,0.05319148936170213,0.07446808510638298,0.0,0.1276595744680851,0.09574468085106383,0.06382978723404255,0.031914893617021274,0.06382978723404255,0.05319148936170213,0.0425531914893617,0.010638297872340425,0.031914893617021274,0.06382978723404255,0.09574468085106383,0.010638297872340425,0.0
YOL152W,0.065,0.02,0.015,0.04,0.075,0.05,0.02,0.085,0.06,0.105,0.025,0.025,0.06,0.02,0.035,0.08,0.055,0.08,0.015,0.07
YDL139C,0.035,0.005,0.105,0.105,0.0,0.045,0.035,0.08,0.135,0.06,0.02,0.07,0.025,0.005,0.055,0.085,0.055,0.045,0.01,0.025
YOR004W,0.055,0.025,0.04,0.06,0.025,0.045,0.02,0.05,0.105,0.095,0.02,0.06,0.045,0.055,0.075,0.08,0.045,0.07,0.0,0.03
YPL001W,0.055,0.005,0.08,0.075,0.065,0.03,0.02,0.06,0.085,0.085,0.01,0.045,0.03,0.015,0.035,0.08,0.045,0.09,0.025,0.065
YOR174W,0.065,0.01,0.08,0.095,0.035,0.02,0.015,0.055,0.09,0.125,0.025,0.055,0.03,0.03,0.045,0.09,0.055,0.05,0.005,0.025
YPL249C,0.045,0.0,0.085,0.155,0.005,0.05,0.02,0.065,0.065,0.04,0.01,0.08,0.045,0.04,0.02,0.125,0.075,0.06,0.0,0.015
YLR052W,0.085,0.0,0.095,0.07,0.035,0.015,0.035,0.055,0.09,0.095,0.02,0.085,0.025,0.065,0.015,0.055,0.09,0.04,0.005,0.025
YOL117W,0.04,0.005,0.125,0.145,0.065,0.03,0.015,0.075,0.06,0.09,0.035,0.04,0.005,0.065,0.06,0.05,0.03,0.03,0.01,0.025
YLR295C,0.07258064516129033,0.008064516129032258,0.04838709677419355,0.13709677419354838,0.016129032258064516,0.024193548387096774,0.016129032258064516,0.04032258064516129,0.056451612903225805,0.12903225806451613,0.008064516129032258,0.06451612903225806,0.08064516129032258,0.04032258064516129,0.04838709677419355,0.056451612903225805,0.06451612903225806,0.04838709677419355,0.016129032258064516,0.024193548387096774
YDR055W,0.085,0.01,0.045,0.015,0.04,0.045,0.01,0.085,0.055,0.12,0.005,0.08,0.015,0.035,0.005,0.19,0.105,0.045,0.0,0.01
YDL035C,0.1,0.01,0.025,0.02,0.08,0.055,0.01,0.115,0.055,0.13,0.045,0.055,0.045,0.02,0.045,0.055,0.06,0.03,0.02,0.025
YOL066C,0.03,0.005,0.095,0.085,0.05,0.03,0.025,0.07,0.095,0.06,0.01,0.07,0.055,0.01,0.08,0.06,0.065,0.065,0.005,0.035
YOR230W,0.045,0.0,0.065,0.07,0.04,0.055,0.02,0.06,0.08,0.07,0.02,0.04,0.055,0.03,0.02,0.14,0.07,0.075,0.01,0.035
YPL255W,0.015,0.0,0.08,0.06,0.05,0.065,0.025,0.045,0.07,0.08,0.015,0.08,0.075,0.025,0.095,0.105,0.055,0.025,0.01,0.025
YOL104C,0.02,0.03,0.055,0.055,0.06,0.03,0.025,0.04,0.075,0.115,0.015,0.07,0.035,0.055,0.045,0.105,0.05,0.075,0.005,0.04
YLL022C,0.065,0.005,0.095,0.16,0.045,0.075,0.02,0.03,0.045,0.09,0.02,0.06,0.03,0.06,0.035,0.085,0.025,0.045,0.0,0.01
YPL149W,0.035,0.01,0.04,0.045,0.075,0.035,0.02,0.09,0.07,0.09,0.025,0.06,0.06,0.03,0.045,0.1,0.05,0.065,0.035,0.02
YOR311C,0.06,0.005,0.04,0.045,0.065,0.045,0.04,0.095,0.07,0.115,0.015,0.04,0.04,0.015,0.04,0.085,0.07,0.05,0.025,0.04
YOL125W,0.05,0.025,0.04,0.09,0.02,0.04,0.035,0.02,0.105,0.12,0.03,0.08,0.055,0.05,0.05,0.085,0.025,0.045,0.005,0.03
YOR141C,0.065,0.0,0.135,0.17,0.01,0.04,0.005,0.04,0.07,0.075,0.01,0.065,0.07,0.025,0.04,0.07,0.04,0.055,0.0,0.015
YDL031W,0.065,0.0,0.115,0.095,0.035,0.06,0.005,0.065,0.12,0.05,0.025,0.08,0.035,0.035,0.035,0.08,0.04,0.045,0.0,0.015
YLR080W,0.03,0.01,0.05,0.055,0.05,0.105,0.005,0.035,0.115,0.13,0.03,0.04,0.02,0.04,0.025,0.075,0.085,0.035,0.035,0.03
YOL093W,0.045,0.01,0.06,0.12,0.035,0.025,0.02,0.065,0.12,0.06,0.025,0.075,0.05,0.04,0.08,0.045,0.04,0.045,0.015,0.025
YPR028W,0.07777777777777778,0.0,0.03333333333333333,0.03888888888888889,0.06111111111111111,0.05555555555555555,0.011111111111111112,0.08333333333333333,0.06111111111111111,0.12777777777777777,0.016666666666666666,0.03333333333333333,0.03333333333333333,0.03888888888888889,0.027777777777777776,0.08888888888888889,0.06666666666666667,0.06666666666666667,0.016666666666666666,0.06111111111111111
YOR288C,0.075,0.02,0.06,0.02,0.06,0.035,0.02,0.06,0.11,0.115,0.015,0.055,0.05,0.015,0.04,0.095,0.035,0.075,0.01,0.035
YPR034W,0.075,0.015,0.06,0.065,0.045,0.07,0.015,0.08,0.045,0.085,0.03,0.05,0.055,0.03,0.04,0.055,0.045,0.09,0.01,0.04
YOL091W,0.03,0.015,0.055,0.04,0.015,0.05,0.02,0.05,0.09,0.055,0.04,0.1,0.015,0.03,0.035,0.255,0.065,0.02,0.005,0.015
YPL257W-B,0.055,0.015,0.03,0.035,0.03,0.045,0.03,0.02,0.04,0.03,0.04,0.055,0.15,0.085,0.005,0.16,0.085,0.04,0.01,0.04
YOR110W,0.06,0.01,0.04,0.095,0.035,0.065,0.02,0.065,0.05,0.1,0.025,0.04,0.09,0.03,0.05,0.055,0.035,0.06,0.02,0.055
YOR083W,0.02,0.0,0.045,0.085,0.015,0.055,0.035,0.03,0.05,0.065,0.015,0.055,0.105,0.055,0.105,0.105,0.095,0.045,0.005,0.015
YPL151C,0.055,0.005,0.07,0.06,0.04,0.05,0.045,0.035,0.07,0.075,0.03,0.045,0.04,0.035,0.05,0.085,0.06,0.09,0.03,0.03
YOR308C,0.05,0.0,0.06,0.125,0.02,0.015,0.025,0.06,0.095,0.1,0.025,0.095,0.05,0.03,0.045,0.095,0.065,0.035,0.005,0.005
YDR022C,0.025510204081632654,0.00510204081632653,0.12755102040816327,0.09183673469387756,0.025510204081632654,0.030612244897959183,0.01020408163265306,0.05612244897959184,0.04591836734693878,0.11224489795918367,0.02040816326530612,0.09183673469387756,0.02040816326530612,0.04081632653061224,0.030612244897959183,0.11734693877551021,0.04591836734693878,0.0663265306122449,0.0,0.03571428571428571
YPR067W,0.02702702702702703,0.021621621621621623,0.07567567567567568,0.05405405405405406,0.05405405405405406,0.04864864864864865,0.010810810810810811,0.08648648648648649,0.08108108108108109,0.11351351351351352,0.005405405405405406,0.07567567567567568,0.043243243243243246,0.016216216216216217,0.05405405405405406,0.10810810810810811,0.07027027027027027,0.02702702702702703,0.0,0.02702702702702703
YLR143W,0.045,0.02,0.06,0.08,0.04,0.055,0.02,0.07,0.055,0.115,0.04,0.075,0.025,0.035,0.045,0.075,0.035,0.07,0.005,0.035
YPR023C,0.055,0.01,0.05,0.07,0.025,0.09,0.015,0.055,0.11,0.07,0.02,0.05,0.04,0.04,0.06,0.155,0.025,0.015,0.02,0.025
YOR023C,0.035,0.01,0.045,0.04,0.01,0.025,0.08,0.03,0.075,0.095,0.03,0.11,0.045,0.065,0.04,0.115,0.075,0.04,0.0,0.035
YDL010W,0.05,0.005,0.035,0.09,0.035,0.065,0.01,0.09,0.08,0.095,0.025,0.075,0.03,0.035,0.03,0.1,0.06,0.055,0.0,0.035
YLR127C,0.025,0.0,0.07,0.035,0.065,0.005,0.025,0.08,0.05,0.135,0.02,0.125,0.04,0.045,0.05,0.065,0.06,0.04,0.02,0.045
YDL204W,0.065,0.0,0.045,0.025,0.06,0.05,0.03,0.07,0.055,0.12,0.03,0.085,0.03,0.015,0.075,0.06,0.07,0.08,0.005,0.03
YLR018C,0.03,0.005,0.055,0.025,0.06,0.035,0.035,0.05,0.075,0.14,0.035,0.07,0.04,0.06,0.035,0.085,0.07,0.055,0.02,0.02
YDR214W,0.055,0.01,0.055,0.07,0.045,0.055,0.015,0.065,0.115,0.065,0.005,0.055,0.045,0.045,0.02,0.13,0.035,0.08,0.015,0.02
YDL019C,0.06,0.01,0.105,0.04,0.025,0.025,0.035,0.055,0.085,0.145,0.02,0.07,0.035,0.07,0.03,0.08,0.01,0.075,0.01,0.015
YLR100W,0.05,0.0,0.065,0.04,0.05,0.05,0.0,0.1,0.065,0.095,0.02,0.085,0.03,0.03,0.04,0.05,0.065,0.1,0.01,0.055
YDR026C,0.065,0.005,0.1,0.07,0.02,0.02,0.03,0.025,0.17,0.065,0.025,0.07,0.025,0.015,0.05,0.1,0.055,0.06,0.005,0.025
YDR368W,0.07,0.005,0.055,0.07,0.02,0.065,0.02,0.07,0.075,0.11,0.015,0.07,0.055,0.015,0.035,0.05,0.08,0.07,0.025,0.025
YLR197W,0.09,0.005,0.065,0.08,0.05,0.065,0.015,0.075,0.095,0.125,0.01,0.05,0.03,0.05,0.03,0.065,0.02,0.05,0.005,0.025
YPL152W,0.02,0.005,0.07,0.085,0.05,0.05,0.03,0.07,0.07,0.12,0.03,0.045,0.04,0.025,0.05,0.1,0.035,0.035,0.02,0.05
YOL147C,0.1,0.015,0.055,0.015,0.06,0.035,0.025,0.03,0.08,0.15,0.01,0.04,0.02,0.06,0.07,0.06,0.04,0.085,0.02,0.03
YOL124C,0.035,0.005,0.05,0.095,0.07,0.05,0.02,0.055,0.09,0.085,0.025,0.04,0.025,0.065,0.055,0.065,0.055,0.045,0.01,0.06
YPL235W,0.08,0.0,0.045,0.075,0.015,0.105,0.015,0.1,0.08,0.095,0.03,0.02,0.03,0.045,0.03,0.085,0.09,0.055,0.0,0.005
YLR084C,0.045,0.0,0.05,0.04,0.06,0.085,0.01,0.085,0.02,0.105,0.015,0.105,0.03,0.05,0.01,0.12,0.065,0.05,0.01,0.045
YOR086C,0.07,0.0,0.065,0.095,0.05,0.055,0.02,0.065,0.085,0.075,0.02,0.025,0.035,0.03,0.025,0.1,0.055,0.065,0.025,0.04
YDL216C,0.03,0.015,0.065,0.065,0.03,0.055,0.03,0.06,0.065,0.1,0.035,0.05,0.035,0.055,0.035,0.085,0.055,0.075,0.01,0.05
YDR034C-D,0.055,0.005,0.04,0.04,0.02,0.03,0.05,0.03,0.04,0.055,0.03,0.08,0.13,0.09,0.01,0.125,0.065,0.05,0.01,0.045
YLL051C,0.065,0.02,0.045,0.04,0.065,0.03,0.04,0.075,0.04,0.1,0.015,0.06,0.02,0.01,0.04,0.14,0.065,0.05,0.02,0.06
YDL175C,0.06,0.075,0.075,0.05,0.025,0.06,0.045,0.04,0.11,0.04,0.005,0.05,0.07,0.025,0.05,0.08,0.04,0.055,0.01,0.035
YOR287C,0.025,0.0,0.115,0.135,0.045,0.03,0.02,0.05,0.125,0.07,0.01,0.035,0.04,0.04,0.06,0.095,0.04,0.035,0.0,0.03
YPL002C,0.03,0.025,0.065,0.085,0.07,0.045,0.02,0.065,0.1,0.12,0.03,0.04,0.015,0.045,0.045,0.09,0.025,0.06,0.005,0.02
YDR013W,0.03,0.02,0.095,0.06,0.03,0.04,0.01,0.055,0.065,0.14,0.03,0.065,0.015,0.07,0.055,0.065,0.04,0.065,0.005,0.045
YBL005W-B,0.06,0.01,0.025,0.035,0.025,0.04,0.04,0.035,0.03,0.045,0.035,0.065,0.135,0.11,0.01,0.135,0.07,0.045,0.01,0.04
YBL100W-B,0.055,0.005,0.045,0.04,0.02,0.025,0.06,0.025,0.035,0.05,0.03,0.07,0.125,0.095,0.015,0.125,0.065,0.055,0.01,0.05
YDR017C,0.035,0.02,0.065,0.08,0.01,0.055,0.055,0.06,0.075,0.08,0.005,0.065,0.05,0.065,0.035,0.115,0.075,0.045,0.0,0.01
YPR018W,0.04,0.015,0.045,0.15,0.015,0.015,0.01,0.045,0.195,0.07,0.02,0.045,0.035,0.055,0.065,0.075,0.065,0.03,0.0,0.01
YOR310C,0.1,0.005,0.07,0.07,0.03,0.035,0.015,0.075,0.12,0.135,0.025,0.045,0.015,0.015,0.015,0.1,0.035,0.05,0.01,0.035
YOR343W-B,0.055,0.01,0.045,0.045,0.02,0.025,0.065,0.025,0.035,0.04,0.03,0.07,0.14,0.09,0.015,0.12,0.06,0.055,0.01,0.045
YOR322C,0.04,0.015,0.02,0.025,0.03,0.04,0.03,0.05,0.065,0.08,0.03,0.06,0.05,0.03,0.02,0.225,0.105,0.055,0.005,0.025
YDR255C,0.02,0.015,0.055,0.1,0.045,0.025,0.035,0.055,0.15,0.095,0.02,0.07,0.015,0.055,0.025,0.085,0.045,0.04,0.01,0.04
YLR085C,0.035,0.02,0.08,0.075,0.07,0.06,0.03,0.07,0.075,0.07,0.015,0.05,0.045,0.02,0.025,0.12,0.055,0.04,0.015,0.03
YDL156W,0.055,0.0,0.085,0.08,0.05,0.055,0.015,0.055,0.13,0.085,0.02,0.06,0.045,0.035,0.06,0.065,0.05,0.04,0.0,0.015
YOR090C,0.035,0.005,0.055,0.05,0.035,0.055,0.035,0.085,0.08,0.085,0.01,0.055,0.04,0.045,0.04,0.13,0.075,0.035,0.0,0.05
YDL110C,0.06666666666666667,0.006666666666666667,0.10666666666666667,0.1,0.013333333333333334,0.06,0.02,0.08,0.06666666666666667,0.06666666666666667,0.02666666666666667,0.08666666666666667,0.02,0.02666666666666667,0.05333333333333334,0.07333333333333333,0.04,0.06,0.0,0.02666666666666667
YPR072W,0.015,0.005,0.105,0.13,0.04,0.01,0.025,0.06,0.14,0.095,0.025,0.055,0.03,0.08,0.045,0.05,0.03,0.035,0.005,0.02
YOL149W,0.045,0.01,0.06,0.055,0.035,0.06,0.015,0.06,0.075,0.09,0.015,0.135,0.035,0.035,0.03,0.08,0.04,0.07,0.01,0.045
YDL161W,0.06,0.01,0.1,0.09,0.025,0.045,0.015,0.055,0.08,0.095,0.02,0.06,0.0,0.04,0.11,0.07,0.04,0.045,0.01,0.03
YPR016C,0.055,0.02,0.04,0.07,0.025,0.09,0.02,0.06,0.01,0.1,0.015,0.06,0.03,0.055,0.055,0.085,0.075,0.115,0.0,0.02
YLR151C,0.03,0.01,0.055,0.08,0.065,0.045,0.025,0.05,0.09,0.125,0.035,0.025,0.055,0.02,0.065,0.085,0.035,0.06,0.005,0.04
YPR049C,0.04,0.005,0.075,0.04,0.045,0.02,0.015,0.075,0.06,0.13,0.025,0.065,0.07,0.035,0.025,0.1,0.09,0.035,0.01,0.04
YLR145W,0.045,0.025,0.035,0.075,0.035,0.045,0.015,0.075,0.095,0.125,0.02,0.08,0.015,0.045,0.085,0.04,0.04,0.06,0.025,0.02
YPL009C,0.06,0.005,0.06,0.08,0.05,0.03,0.015,0.065,0.085,0.135,0.015,0.055,0.025,0.045,0.06,0.065,0.035,0.075,0.005,0.035
YMR162C,0.045,0.01,0.095,0.06,0.05,0.055,0.025,0.09,0.05,0.06,0.025,0.045,0.03,0.03,0.08,0.08,0.08,0.02,0.005,0.065
YDR093W,0.04,0.0,0.12,0.075,0.05,0.06,0.035,0.045,0.085,0.05,0.02,0.09,0.045,0.025,0.035,0.13,0.05,0.035,0.005,0.005
YDR038C,0.065,0.01,0.06,0.09,0.03,0.065,0.015,0.07,0.065,0.095,0.03,0.07,0.02,0.015,0.025,0.07,0.09,0.095,0.005,0.015
YOL012C,0.11940298507462686,0.0,0.03731343283582089,0.03731343283582089,0.007462686567164179,0.11194029850746269,0.029850746268656716,0.05223880597014925,0.11940298507462686,0.12686567164179105,0.007462686567164179,0.014925373134328358,0.022388059701492536,0.022388059701492536,0.08208955223880597,0.08955223880597014,0.04477611940298507,0.05223880597014925,0.0,0.022388059701492536
YOR291W,0.085,0.0,0.03,0.055,0.045,0.055,0.03,0.03,0.01,0.055,0.02,0.05,0.055,0.055,0.1,0.21,0.065,0.02,0.005,0.025
YPR030W,0.06,0.005,0.07,0.015,0.035,0.06,0.02,0.055,0.03,0.05,0.03,0.08,0.04,0.045,0.09,0.155,0.075,0.05,0.0,0.035
YLR440C,0.02,0.015,0.05,0.14,0.04,0.025,0.015,0.075,0.075,0.165,0.015,0.045,0.04,0.02,0.045,0.075,0.055,0.04,0.025,0.02
YML125C,0.055,0.0,0.05,0.055,0.03,0.08,0.02,0.1,0.065,0.105,0.015,0.035,0.05,0.015,0.045,0.08,0.05,0.08,0.01,0.06
YLR381W,0.045,0.025,0.03,0.04,0.035,0.03,0.03,0.08,0.05,0.155,0.01,0.025,0.065,0.055,0.04,0.08,0.075,0.065,0.03,0.035
YLR383W,0.055,0.01,0.05,0.085,0.045,0.08,0.02,0.09,0.06,0.08,0.015,0.065,0.02,0.06,0.065,0.11,0.045,0.025,0.0,0.02
YPL012W,0.115,0.01,0.06,0.055,0.02,0.02,0.025,0.09,0.07,0.135,0.01,0.055,0.045,0.045,0.035,0.07,0.045,0.07,0.005,0.02
YLL018C-A,0.05102040816326531,0.04081632653061224,0.09183673469387756,0.061224489795918366,0.01020408163265306,0.07142857142857142,0.030612244897959183,0.01020408163265306,0.061224489795918366,0.11224489795918367,0.061224489795918366,0.07142857142857142,0.07142857142857142,0.04081632653061224,0.05102040816326531,0.061224489795918366,0.04081632653061224,0.01020408163265306,0.01020408163265306,0.04081632653061224
YJL136C,0.08045977011494253,0.011494252873563218,0.08045977011494253,0.06896551724137931,0.0,0.06896551724137931,0.011494252873563218,0.05747126436781609,0.05747126436781609,0.08045977011494253,0.011494252873563218,0.06896551724137931,0.022988505747126436,0.034482758620689655,0.08045977011494253,0.09195402298850575,0.022988505747126436,0.08045977011494253,0.011494252873563218,0.05747126436781609
YGR085C,0.04597701149425287,0.005747126436781609,0.06321839080459771,0.05747126436781609,0.040229885057471264,0.08620689655172414,0.017241379310344827,0.05747126436781609,0.09770114942528736,0.06321839080459771,0.022988505747126436,0.040229885057471264,0.028735632183908046,0.034482758620689655,0.09195402298850575,0.05747126436781609,0.06896551724137931,0.08620689655172414,0.005747126436781609,0.028735632183908046
YGR169C-A,0.16304347826086957,0.0,0.021739130434782608,0.16304347826086957,0.010869565217391304,0.07608695652173914,0.010869565217391304,0.0,0.1956521739130435,0.06521739130434782,0.03260869565217391,0.010869565217391304,0.0,0.08695652173913043,0.09782608695652174,0.043478260869565216,0.010869565217391304,0.0,0.010869565217391304,0.0
YGR027C,0.12962962962962962,0.0,0.037037037037037035,0.046296296296296294,0.0,0.046296296296296294,0.027777777777777776,0.07407407407407407,0.16666666666666666,0.08333333333333333,0.018518518518518517,0.0,0.037037037037037035,0.046296296296296294,0.06481481481481481,0.09259259259259259,0.027777777777777776,0.05555555555555555,0.009259259259259259,0.037037037037037035
YAL044W-A,0.08181818181818182,0.00909090909090909,0.03636363636363636,0.06363636363636363,0.05454545454545454,0.07272727272727272,0.05454545454545454,0.02727272727272727,0.1,0.09090909090909091,0.045454545454545456,0.03636363636363636,0.03636363636363636,0.05454545454545454,0.05454545454545454,0.06363636363636363,0.03636363636363636,0.045454545454545456,0.0,0.03636363636363636
YBL059C-A,0.08256880733944955,0.03669724770642202,0.07339449541284404,0.11926605504587157,0.027522935779816515,0.01834862385321101,0.027522935779816515,0.06422018348623854,0.1559633027522936,0.08256880733944955,0.009174311926605505,0.07339449541284404,0.009174311926605505,0.03669724770642202,0.06422018348623854,0.045871559633027525,0.009174311926605505,0.01834862385321101,0.009174311926605505,0.03669724770642202
YJL062W-A,0.07058823529411765,0.0,0.058823529411764705,0.047058823529411764,0.047058823529411764,0.047058823529411764,0.023529411764705882,0.03529411764705882,0.11764705882352941,0.10588235294117647,0.047058823529411764,0.03529411764705882,0.08235294117647059,0.023529411764705882,0.03529411764705882,0.023529411764705882,0.07058823529411765,0.047058823529411764,0.011764705882352941,0.07058823529411765
YCL005W-A,0.0958904109589041,0.0136986301369863,0.0136986301369863,0.0273972602739726,0.0821917808219178,0.0136986301369863,0.0136986301369863,0.0547945205479452,0.0136986301369863,0.1095890410958904,0.0821917808219178,0.0273972602739726,0.0547945205479452,0.0273972602739726,0.0547945205479452,0.0821917808219178,0.0547945205479452,0.1232876712328767,0.0410958904109589,0.0136986301369863
YDR079C-A,0.06944444444444445,0.013888888888888888,0.08333333333333333,0.09722222222222222,0.013888888888888888,0.013888888888888888,0.027777777777777776,0.06944444444444445,0.08333333333333333,0.1388888888888889,0.041666666666666664,0.06944444444444445,0.041666666666666664,0.041666666666666664,0.041666666666666664,0.05555555555555555,0.013888888888888888,0.06944444444444445,0.0,0.013888888888888888
YOR167C,0.029850746268656716,0.0,0.04477611940298507,0.08955223880597014,0.014925373134328358,0.07462686567164178,0.0,0.04477611940298507,0.05970149253731343,0.08955223880597014,0.029850746268656716,0.04477611940298507,0.029850746268656716,0.014925373134328358,0.14925373134328357,0.04477611940298507,0.08955223880597014,0.14925373134328357,0.0,0.0
YKR095W-A,0.03409090909090909,0.0,0.09090909090909091,0.06818181818181818,0.03409090909090909,0.011363636363636364,0.011363636363636364,0.09090909090909091,0.07954545454545454,0.09090909090909091,0.03409090909090909,0.011363636363636364,0.045454545454545456,0.045454545454545456,0.056818181818181816,0.11363636363636363,0.06818181818181818,0.10227272727272728,0.0,0.011363636363636364
YBL071W-A,0.08536585365853659,0.04878048780487805,0.0975609756097561,0.14634146341463414,0.06097560975609756,0.036585365853658534,0.012195121951219513,0.07317073170731707,0.024390243902439025,0.036585365853658534,0.06097560975609756,0.012195121951219513,0.08536585365853659,0.024390243902439025,0.012195121951219513,0.036585365853658534,0.036585365853658534,0.04878048780487805,0.0,0.06097560975609756
YMR244C-A,0.04807692307692308,0.038461538461538464,0.0673076923076923,0.10576923076923077,0.0673076923076923,0.028846153846153848,0.019230769230769232,0.057692307692307696,0.14423076923076922,0.038461538461538464,0.019230769230769232,0.04807692307692308,0.028846153846153848,0.0673076923076923,0.07692307692307693,0.07692307692307693,0.019230769230769232,0.019230769230769232,0.019230769230769232,0.009615384615384616
YHR072W-A,0.034482758620689655,0.0,0.05172413793103448,0.034482758620689655,0.034482758620689655,0.08620689655172414,0.034482758620689655,0.034482758620689655,0.1206896551724138,0.08620689655172414,0.034482758620689655,0.0,0.06896551724137931,0.034482758620689655,0.08620689655172414,0.06896551724137931,0.08620689655172414,0.05172413793103448,0.0,0.05172413793103448
YBR111W-A,0.03125,0.0,0.052083333333333336,0.125,0.020833333333333332,0.020833333333333332,0.0,0.0625,0.07291666666666667,0.11458333333333333,0.041666666666666664,0.052083333333333336,0.010416666666666666,0.08333333333333333,0.03125,0.08333333333333333,0.09375,0.07291666666666667,0.010416666666666666,0.020833333333333332
YIL082W-A,0.06,0.01,0.05,0.065,0.07,0.04,0.02,0.08,0.055,0.085,0.05,0.06,0.07,0.05,0.06,0.04,0.065,0.02,0.015,0.035
YGL226C-A,0.06976744186046512,0.011627906976744186,0.011627906976744186,0.023255813953488372,0.11627906976744186,0.05813953488372093,0.023255813953488372,0.06976744186046512,0.06976744186046512,0.11627906976744186,0.011627906976744186,0.011627906976744186,0.023255813953488372,0.03488372093023256,0.0,0.13953488372093023,0.06976744186046512,0.08139534883720931,0.0,0.05813953488372093
YDR397C,0.0547945205479452,0.0,0.06164383561643835,0.13013698630136986,0.04794520547945205,0.0273972602739726,0.02054794520547945,0.0821917808219178,0.08904109589041095,0.0958904109589041,0.0410958904109589,0.0410958904109589,0.0273972602739726,0.0410958904109589,0.0410958904109589,0.1232876712328767,0.0273972602739726,0.0410958904109589,0.0,0.00684931506849315
YOL009C,0.035,0.02,0.115,0.075,0.04,0.035,0.02,0.06,0.05,0.135,0.015,0.065,0.065,0.03,0.025,0.075,0.045,0.065,0.005,0.025
YOR069W,0.085,0.0,0.105,0.075,0.03,0.045,0.015,0.055,0.07,0.08,0.005,0.075,0.055,0.03,0.045,0.11,0.08,0.02,0.01,0.01
YOR142W-B,0.055,0.01,0.035,0.025,0.03,0.045,0.03,0.025,0.04,0.03,0.04,0.06,0.15,0.085,0.005,0.155,0.08,0.04,0.01,0.05
YCL057C-A,0.07216494845360824,0.0,0.041237113402061855,0.020618556701030927,0.07216494845360824,0.1134020618556701,0.0,0.041237113402061855,0.07216494845360824,0.061855670103092786,0.030927835051546393,0.030927835051546393,0.030927835051546393,0.041237113402061855,0.05154639175257732,0.13402061855670103,0.061855670103092786,0.09278350515463918,0.020618556701030927,0.010309278350515464
YLR119W,0.04,0.005,0.075,0.09,0.035,0.025,0.03,0.075,0.12,0.115,0.01,0.05,0.03,0.06,0.06,0.065,0.045,0.035,0.005,0.03
YOL062C,0.04,0.0,0.065,0.045,0.05,0.065,0.025,0.065,0.045,0.11,0.035,0.07,0.03,0.015,0.055,0.13,0.05,0.07,0.015,0.02
YDL015C,0.03,0.01,0.045,0.04,0.1,0.05,0.03,0.065,0.08,0.115,0.015,0.04,0.045,0.02,0.04,0.095,0.04,0.055,0.015,0.07
YDL148C,0.085,0.0,0.08,0.12,0.045,0.07,0.005,0.035,0.13,0.085,0.025,0.06,0.015,0.05,0.095,0.05,0.03,0.015,0.0,0.005
YOR111W,0.025,0.02,0.085,0.09,0.04,0.065,0.01,0.11,0.085,0.065,0.025,0.045,0.05,0.025,0.03,0.05,0.06,0.06,0.01,0.05
YOR145C,0.045,0.0,0.105,0.065,0.035,0.06,0.02,0.05,0.095,0.09,0.02,0.04,0.05,0.025,0.05,0.07,0.095,0.07,0.005,0.01
YIL082W,0.06,0.01,0.05,0.065,0.07,0.04,0.02,0.08,0.055,0.085,0.05,0.06,0.07,0.05,0.06,0.04,0.065,0.02,0.015,0.035
YDR057W,0.05,0.02,0.075,0.085,0.035,0.065,0.01,0.1,0.045,0.09,0.015,0.065,0.025,0.04,0.035,0.08,0.04,0.06,0.01,0.055
YOR129C,0.04,0.005,0.06,0.07,0.06,0.035,0.025,0.08,0.045,0.065,0.015,0.12,0.055,0.055,0.05,0.085,0.045,0.05,0.0,0.04
YDR210C-D,0.055,0.01,0.035,0.025,0.03,0.045,0.03,0.025,0.04,0.03,0.04,0.06,0.15,0.085,0.005,0.155,0.08,0.04,0.01,0.05
YPL169C,0.085,0.005,0.04,0.035,0.04,0.055,0.015,0.065,0.06,0.11,0.045,0.105,0.025,0.06,0.035,0.095,0.04,0.06,0.01,0.015
YDR487C,0.09,0.03,0.085,0.05,0.035,0.085,0.035,0.06,0.045,0.08,0.04,0.035,0.04,0.035,0.05,0.065,0.07,0.06,0.0,0.01
YLR262C,0.05,0.005,0.075,0.07,0.045,0.06,0.005,0.09,0.105,0.075,0.02,0.045,0.02,0.035,0.05,0.09,0.065,0.045,0.01,0.04
YLR138W,0.075,0.025,0.015,0.04,0.055,0.075,0.02,0.09,0.035,0.145,0.03,0.04,0.045,0.02,0.025,0.085,0.035,0.095,0.03,0.02
YMR112C,0.02608695652173913,0.008695652173913044,0.05217391304347826,0.10434782608695652,0.034782608695652174,0.034782608695652174,0.008695652173913044,0.05217391304347826,0.09565217391304348,0.1391304347826087,0.02608695652173913,0.05217391304347826,0.043478260869565216,0.09565217391304348,0.043478260869565216,0.06956521739130435,0.05217391304347826,0.043478260869565216,0.0,0.017391304347826087
YOR165W,0.05,0.005,0.085,0.065,0.055,0.06,0.025,0.06,0.045,0.105,0.02,0.06,0.015,0.07,0.04,0.07,0.055,0.09,0.01,0.015
YPL158C,0.06,0.0,0.065,0.04,0.045,0.045,0.03,0.06,0.035,0.06,0.015,0.1,0.05,0.025,0.04,0.18,0.085,0.03,0.0,0.035
YOR213C,0.04,0.01,0.065,0.095,0.07,0.03,0.035,0.08,0.055,0.095,0.04,0.04,0.055,0.04,0.05,0.06,0.04,0.06,0.02,0.02
YGR109W-B,0.06,0.01,0.05,0.065,0.07,0.04,0.02,0.08,0.055,0.085,0.05,0.06,0.07,0.05,0.06,0.04,0.065,0.02,0.015,0.035
YOR163W,0.06914893617021277,0.02127659574468085,0.05851063829787234,0.10638297872340426,0.02127659574468085,0.05319148936170213,0.031914893617021274,0.05319148936170213,0.10638297872340426,0.06382978723404255,0.015957446808510637,0.047872340425531915,0.05851063829787234,0.026595744680851064,0.06914893617021277,0.0425531914893617,0.05851063829787234,0.05319148936170213,0.015957446808510637,0.026595744680851064
YOR152C,0.045,0.005,0.035,0.035,0.105,0.025,0.005,0.075,0.05,0.16,0.015,0.045,0.045,0.035,0.025,0.09,0.085,0.05,0.015,0.055
YNL054W-B,0.055,0.01,0.04,0.025,0.03,0.04,0.035,0.025,0.04,0.035,0.04,0.055,0.13,0.09,0.01,0.165,0.085,0.035,0.01,0.045
YDL232W,0.05555555555555555,0.0,0.05555555555555555,0.027777777777777776,0.027777777777777776,0.027777777777777776,0.027777777777777776,0.1388888888888889,0.027777777777777776,0.08333333333333333,0.1111111111111111,0.05555555555555555,0.027777777777777776,0.027777777777777776,0.0,0.1111111111111111,0.08333333333333333,0.08333333333333333,0.0,0.027777777777777776
YOL123W,0.065,0.005,0.075,0.085,0.02,0.06,0.0,0.015,0.085,0.06,0.02,0.095,0.04,0.09,0.02,0.145,0.08,0.015,0.01,0.015
YDL128W,0.13,0.01,0.025,0.025,0.06,0.065,0.03,0.075,0.035,0.175,0.015,0.055,0.04,0.04,0.025,0.055,0.065,0.05,0.01,0.015
YOR115C,0.02,0.005,0.045,0.075,0.04,0.045,0.035,0.09,0.065,0.11,0.035,0.08,0.035,0.075,0.045,0.09,0.03,0.045,0.005,0.03
YLR316C,0.025,0.01,0.075,0.065,0.025,0.025,0.005,0.09,0.115,0.08,0.02,0.09,0.05,0.03,0.055,0.07,0.035,0.085,0.025,0.025
YCR020W-B,0.038461538461538464,0.01282051282051282,0.01282051282051282,0.11538461538461539,0.01282051282051282,0.0,0.01282051282051282,0.05128205128205128,0.07692307692307693,0.1282051282051282,0.0641025641025641,0.14102564102564102,0.02564102564102564,0.05128205128205128,0.07692307692307693,0.08974358974358974,0.05128205128205128,0.02564102564102564,0.0,0.01282051282051282
Q0115,0.05,0.02,0.02,0.015,0.065,0.07,0.03,0.1,0.015,0.085,0.075,0.075,0.025,0.015,0.025,0.095,0.03,0.075,0.04,0.075
Q0070,0.09,0.005,0.015,0.01,0.065,0.08,0.025,0.08,0.01,0.165,0.055,0.045,0.045,0.02,0.02,0.08,0.07,0.075,0.02,0.025
YNL083W,0.055,0.015,0.105,0.05,0.05,0.04,0.025,0.05,0.1,0.1,0.015,0.095,0.015,0.04,0.055,0.065,0.04,0.04,0.015,0.03
YLR437C,0.06766917293233082,0.0,0.05263157894736842,0.05263157894736842,0.015037593984962405,0.03007518796992481,0.015037593984962405,0.03007518796992481,0.03007518796992481,0.07518796992481203,0.045112781954887216,0.022556390977443608,0.06766917293233082,0.16541353383458646,0.07518796992481203,0.10526315789473684,0.06015037593984962,0.06015037593984962,0.015037593984962405,0.015037593984962405
YPL183W-A,0.06451612903225806,0.043010752688172046,0.010752688172043012,0.0,0.053763440860215055,0.03225806451612903,0.021505376344086023,0.03225806451612903,0.0967741935483871,0.0967741935483871,0.043010752688172046,0.03225806451612903,0.07526881720430108,0.043010752688172046,0.10752688172043011,0.06451612903225806,0.06451612903225806,0.08602150537634409,0.0,0.03225806451612903
YOR304C-A,0.06578947368421052,0.0,0.07894736842105263,0.14473684210526316,0.02631578947368421,0.013157894736842105,0.0,0.06578947368421052,0.09210526315789473,0.06578947368421052,0.039473684210526314,0.07894736842105263,0.02631578947368421,0.05263157894736842,0.039473684210526314,0.10526315789473684,0.06578947368421052,0.039473684210526314,0.0,0.0
YEL039C,0.07079646017699115,0.017699115044247787,0.04424778761061947,0.05309734513274336,0.035398230088495575,0.10619469026548672,0.02654867256637168,0.04424778761061947,0.1504424778761062,0.04424778761061947,0.035398230088495575,0.061946902654867256,0.04424778761061947,0.02654867256637168,0.02654867256637168,0.05309734513274336,0.07964601769911504,0.02654867256637168,0.008849557522123894,0.04424778761061947
YIL111W,0.059602649006622516,0.0,0.026490066225165563,0.0728476821192053,0.033112582781456956,0.08609271523178808,0.006622516556291391,0.033112582781456956,0.09271523178807947,0.11920529801324503,0.019867549668874173,0.059602649006622516,0.052980132450331126,0.039735099337748346,0.059602649006622516,0.052980132450331126,0.07947019867549669,0.039735099337748346,0.039735099337748346,0.026490066225165563
YHR051W,0.10135135135135136,0.006756756756756757,0.060810810810810814,0.10810810810810811,0.060810810810810814,0.013513513513513514,0.013513513513513514,0.033783783783783786,0.060810810810810814,0.10135135135135136,0.006756756756756757,0.0472972972972973,0.0472972972972973,0.02702702702702703,0.0945945945945946,0.0472972972972973,0.0472972972972973,0.06756756756756757,0.0,0.05405405405405406
YHR008C,0.1,0.005,0.045,0.05,0.045,0.095,0.03,0.045,0.07,0.11,0.01,0.06,0.045,0.055,0.015,0.045,0.08,0.05,0.02,0.025
Q0080,0.0,0.0,0.0,0.0,0.14583333333333334,0.020833333333333332,0.0,0.08333333333333333,0.020833333333333332,0.25,0.08333333333333333,0.020833333333333332,0.0625,0.0625,0.041666666666666664,0.0625,0.041666666666666664,0.041666666666666664,0.0,0.0625
YDL130W-A,0.05813953488372093,0.011627906976744186,0.03488372093023256,0.09302325581395349,0.023255813953488372,0.05813953488372093,0.023255813953488372,0.05813953488372093,0.10465116279069768,0.10465116279069768,0.011627906976744186,0.09302325581395349,0.046511627906976744,0.05813953488372093,0.10465116279069768,0.046511627906976744,0.011627906976744186,0.023255813953488372,0.0,0.03488372093023256
Q0140,0.015,0.005,0.02,0.005,0.005,0.015,0.015,0.085,0.105,0.12,0.125,0.32,0.015,0.015,0.01,0.025,0.03,0.01,0.005,0.055
R0040C,0.08,0.01,0.09,0.065,0.015,0.035,0.0,0.07,0.07,0.11,0.05,0.025,0.055,0.035,0.055,0.09,0.05,0.07,0.005,0.02
Q0160,0.035,0.015,0.035,0.055,0.045,0.05,0.02,0.07,0.115,0.105,0.03,0.115,0.03,0.045,0.02,0.04,0.04,0.055,0.025,0.055
YCL018W,0.105,0.005,0.07,0.06,0.035,0.085,0.015,0.055,0.075,0.1,0.015,0.025,0.065,0.035,0.045,0.06,0.03,0.09,0.015,0.015
YJL189W,0.09803921568627451,0.0,0.0,0.0,0.0196078431372549,0.0,0.0,0.0784313725490196,0.1568627450980392,0.0392156862745098,0.058823529411764705,0.11764705882352941,0.0392156862745098,0.0784313725490196,0.17647058823529413,0.0196078431372549,0.058823529411764705,0.0,0.0392156862745098,0.0196078431372549
YIL078W,0.06,0.02,0.08,0.11,0.035,0.05,0.02,0.045,0.105,0.08,0.03,0.03,0.05,0.025,0.035,0.095,0.035,0.065,0.015,0.015
YDR268W,0.075,0.01,0.055,0.035,0.035,0.06,0.035,0.05,0.065,0.115,0.025,0.04,0.04,0.055,0.035,0.095,0.05,0.08,0.02,0.025
YML099C,0.025,0.03,0.065,0.045,0.03,0.06,0.03,0.065,0.115,0.05,0.025,0.04,0.07,0.03,0.075,0.095,0.06,0.04,0.015,0.035
YBR021W,0.05,0.015,0.025,0.065,0.06,0.045,0.01,0.065,0.05,0.08,0.02,0.06,0.03,0.035,0.035,0.135,0.03,0.08,0.05,0.06
YPL078C,0.11,0.005,0.045,0.065,0.03,0.045,0.01,0.05,0.08,0.1,0.03,0.045,0.025,0.025,0.045,0.1,0.055,0.1,0.005,0.03
YGL147C,0.03664921465968586,0.005235602094240838,0.05759162303664921,0.04712041884816754,0.03664921465968586,0.06806282722513089,0.02617801047120419,0.08900523560209424,0.10471204188481675,0.05235602094240838,0.015706806282722512,0.06806282722513089,0.020942408376963352,0.03664921465968586,0.05759162303664921,0.041884816753926704,0.06282722513089005,0.14136125654450263,0.0,0.031413612565445025
YLR344W,0.07874015748031496,0.0,0.05511811023622047,0.03937007874015748,0.015748031496062992,0.05511811023622047,0.015748031496062992,0.047244094488188976,0.14173228346456693,0.11023622047244094,0.007874015748031496,0.015748031496062992,0.03937007874015748,0.047244094488188976,0.09448818897637795,0.09448818897637795,0.023622047244094488,0.09448818897637795,0.0,0.023622047244094488
YFR032C-A,0.15254237288135594,0.0,0.01694915254237288,0.0,0.01694915254237288,0.05084745762711865,0.1016949152542373,0.01694915254237288,0.22033898305084745,0.05084745762711865,0.01694915254237288,0.06779661016949153,0.05084745762711865,0.01694915254237288,0.06779661016949153,0.03389830508474576,0.06779661016949153,0.01694915254237288,0.0,0.03389830508474576
YLR061W,0.06611570247933884,0.0,0.05785123966942149,0.09090909090909091,0.04132231404958678,0.049586776859504134,0.008264462809917356,0.03305785123966942,0.10743801652892562,0.05785123966942149,0.008264462809917356,0.049586776859504134,0.03305785123966942,0.024793388429752067,0.03305785123966942,0.05785123966942149,0.10743801652892562,0.10743801652892562,0.008264462809917356,0.05785123966942149
YAL039C,0.045,0.02,0.055,0.07,0.035,0.08,0.035,0.03,0.055,0.065,0.055,0.04,0.09,0.05,0.035,0.11,0.02,0.065,0.035,0.01
YGR191W,0.08,0.005,0.055,0.055,0.055,0.06,0.005,0.055,0.045,0.105,0.01,0.07,0.05,0.015,0.03,0.095,0.09,0.075,0.02,0.025
YKL178C,0.065,0.03,0.055,0.0,0.035,0.05,0.02,0.11,0.05,0.135,0.03,0.04,0.03,0.015,0.025,0.065,0.075,0.085,0.045,0.04
YBR120C,0.043209876543209874,0.0,0.06172839506172839,0.05555555555555555,0.037037037037037035,0.04938271604938271,0.012345679012345678,0.07407407407407407,0.12962962962962962,0.08641975308641975,0.030864197530864196,0.06790123456790123,0.037037037037037035,0.037037037037037035,0.06790123456790123,0.07407407407407407,0.037037037037037035,0.06172839506172839,0.0,0.037037037037037035
YIR021W,0.045,0.03,0.065,0.045,0.065,0.03,0.005,0.065,0.08,0.115,0.02,0.06,0.035,0.025,0.055,0.09,0.07,0.07,0.01,0.02
YHR037W,0.1,0.01,0.07,0.045,0.045,0.025,0.015,0.05,0.09,0.09,0.025,0.06,0.05,0.045,0.055,0.065,0.035,0.05,0.015,0.06
YGR094W,0.07,0.015,0.045,0.07,0.05,0.045,0.02,0.045,0.155,0.085,0.01,0.055,0.095,0.02,0.02,0.05,0.06,0.055,0.02,0.015
YNL277W,0.07,0.025,0.045,0.06,0.03,0.085,0.02,0.065,0.04,0.11,0.03,0.045,0.045,0.02,0.035,0.085,0.05,0.085,0.03,0.025
YLR142W,0.055,0.015,0.01,0.045,0.05,0.05,0.01,0.11,0.075,0.11,0.025,0.075,0.075,0.025,0.02,0.115,0.06,0.055,0.0,0.02
YBL076C,0.04,0.005,0.07,0.07,0.07,0.07,0.045,0.055,0.075,0.055,0.03,0.035,0.05,0.02,0.04,0.065,0.08,0.045,0.03,0.05
YDR298C,0.105,0.005,0.045,0.05,0.04,0.065,0.015,0.04,0.105,0.13,0.005,0.06,0.04,0.02,0.035,0.095,0.045,0.085,0.0,0.015
YNL138W-A,0.03529411764705882,0.0,0.047058823529411764,0.07058823529411765,0.0,0.058823529411764705,0.023529411764705882,0.047058823529411764,0.08235294117647059,0.12941176470588237,0.023529411764705882,0.03529411764705882,0.011764705882352941,0.08235294117647059,0.10588235294117647,0.09411764705882353,0.058823529411764705,0.023529411764705882,0.011764705882352941,0.058823529411764705
YJL190C,0.06153846153846154,0.007692307692307693,0.038461538461538464,0.046153846153846156,0.038461538461538464,0.08461538461538462,0.03076923076923077,0.1,0.08461538461538462,0.07692307692307693,0.023076923076923078,0.05384615384615385,0.023076923076923078,0.038461538461538464,0.06923076923076923,0.06153846153846154,0.038461538461538464,0.08461538461538462,0.007692307692307693,0.03076923076923077
YHR010W,0.08823529411764706,0.0,0.014705882352941176,0.0661764705882353,0.0661764705882353,0.058823529411764705,0.04411764705882353,0.029411764705882353,0.16911764705882354,0.051470588235294115,0.007352941176470588,0.022058823529411766,0.04411764705882353,0.029411764705882353,0.058823529411764705,0.04411764705882353,0.04411764705882353,0.125,0.007352941176470588,0.029411764705882353
YDL075W,0.08849557522123894,0.0,0.04424778761061947,0.08849557522123894,0.02654867256637168,0.05309734513274336,0.02654867256637168,0.035398230088495575,0.11504424778761062,0.09734513274336283,0.017699115044247787,0.035398230088495575,0.035398230088495575,0.017699115044247787,0.09734513274336283,0.035398230088495575,0.035398230088495575,0.11504424778761062,0.008849557522123894,0.02654867256637168
YLR406C,0.08849557522123894,0.0,0.035398230088495575,0.09734513274336283,0.02654867256637168,0.05309734513274336,0.02654867256637168,0.035398230088495575,0.11504424778761062,0.09734513274336283,0.017699115044247787,0.035398230088495575,0.035398230088495575,0.017699115044247787,0.09734513274336283,0.035398230088495575,0.035398230088495575,0.11504424778761062,0.008849557522123894,0.02654867256637168
YLL052C,0.04697986577181208,0.053691275167785234,0.06040268456375839,0.053691275167785234,0.087248322147651,0.06711409395973154,0.04697986577181208,0.053691275167785234,0.013422818791946308,0.06040268456375839,0.03355704697986577,0.053691275167785234,0.04697986577181208,0.026845637583892617,0.03355704697986577,0.09395973154362416,0.04697986577181208,0.06040268456375839,0.04697986577181208,0.013422818791946308
YDL247W,0.09,0.01,0.065,0.065,0.055,0.065,0.01,0.07,0.055,0.1,0.025,0.045,0.04,0.025,0.03,0.08,0.075,0.04,0.02,0.035
YJR160C,0.09,0.01,0.065,0.065,0.055,0.065,0.01,0.07,0.055,0.1,0.025,0.045,0.04,0.025,0.03,0.08,0.075,0.04,0.02,0.035
YKR103W,0.055,0.025,0.03,0.055,0.105,0.04,0.02,0.07,0.065,0.12,0.025,0.045,0.025,0.025,0.065,0.08,0.035,0.05,0.025,0.04
YIL172C,0.055,0.02,0.075,0.085,0.055,0.055,0.02,0.065,0.085,0.04,0.02,0.05,0.065,0.02,0.03,0.08,0.06,0.01,0.055,0.055
YJR094W-A,0.11956521739130435,0.05434782608695652,0.010869565217391304,0.03260869565217391,0.010869565217391304,0.09782608695652174,0.010869565217391304,0.043478260869565216,0.11956521739130435,0.03260869565217391,0.021739130434782608,0.0,0.0,0.03260869565217391,0.10869565217391304,0.06521739130434782,0.09782608695652174,0.08695652173913043,0.010869565217391304,0.043478260869565216
YLR287C-A,0.06349206349206349,0.0,0.0,0.031746031746031744,0.015873015873015872,0.07936507936507936,0.015873015873015872,0.0,0.1746031746031746,0.06349206349206349,0.031746031746031744,0.047619047619047616,0.07936507936507936,0.031746031746031744,0.1111111111111111,0.047619047619047616,0.06349206349206349,0.1111111111111111,0.0,0.031746031746031744
YOR182C,0.06349206349206349,0.0,0.0,0.031746031746031744,0.015873015873015872,0.07936507936507936,0.015873015873015872,0.0,0.1746031746031746,0.06349206349206349,0.031746031746031744,0.047619047619047616,0.07936507936507936,0.031746031746031744,0.1111111111111111,0.047619047619047616,0.06349206349206349,0.1111111111111111,0.0,0.031746031746031744
YBL072C,0.115,0.01,0.015,0.07,0.035,0.08,0.02,0.055,0.11,0.05,0.005,0.04,0.02,0.035,0.11,0.085,0.06,0.04,0.015,0.03
YER102W,0.115,0.01,0.015,0.07,0.035,0.08,0.02,0.055,0.11,0.05,0.005,0.04,0.02,0.035,0.11,0.085,0.06,0.04,0.015,0.03
YDL083C,0.08391608391608392,0.0,0.03496503496503497,0.04195804195804196,0.04195804195804196,0.08391608391608392,0.02097902097902098,0.055944055944055944,0.11888111888111888,0.07692307692307693,0.006993006993006993,0.02097902097902098,0.04195804195804196,0.04195804195804196,0.06993006993006994,0.07692307692307693,0.04195804195804196,0.0979020979020979,0.0,0.04195804195804196
YDL184C,0.08,0.0,0.0,0.0,0.0,0.0,0.0,0.0,0.28,0.04,0.04,0.0,0.0,0.0,0.4,0.04,0.04,0.04,0.04,0.0
YDL133C-A,0.08,0.0,0.0,0.0,0.0,0.0,0.0,0.0,0.28,0.04,0.04,0.0,0.0,0.0,0.4,0.04,0.04,0.04,0.04,0.0
YER153C,0.11,0.005,0.05,0.055,0.03,0.035,0.025,0.035,0.035,0.15,0.06,0.01,0.045,0.08,0.095,0.035,0.06,0.05,0.01,0.025
YJL133W,0.12,0.01,0.035,0.03,0.045,0.045,0.035,0.075,0.045,0.075,0.035,0.05,0.06,0.05,0.015,0.105,0.085,0.035,0.01,0.04
YGR222W,0.03,0.0,0.04,0.07,0.05,0.03,0.01,0.04,0.11,0.12,0.015,0.065,0.035,0.065,0.045,0.1,0.055,0.06,0.0,0.06
YDL044C,0.055,0.015,0.035,0.12,0.035,0.035,0.035,0.055,0.09,0.08,0.02,0.095,0.015,0.035,0.075,0.075,0.05,0.05,0.0,0.03
YJL129C,0.055,0.02,0.035,0.03,0.075,0.04,0.025,0.08,0.06,0.09,0.025,0.035,0.03,0.03,0.095,0.065,0.095,0.05,0.005,0.06
YML021C,0.075,0.005,0.05,0.05,0.055,0.03,0.02,0.04,0.125,0.065,0.025,0.065,0.075,0.03,0.03,0.06,0.095,0.055,0.015,0.035
YML116W,0.035,0.01,0.03,0.05,0.06,0.095,0.0,0.095,0.05,0.105,0.03,0.065,0.02,0.045,0.02,0.11,0.06,0.06,0.02,0.04
YLR081W,0.045,0.02,0.035,0.045,0.045,0.125,0.015,0.105,0.055,0.07,0.035,0.03,0.03,0.045,0.025,0.11,0.03,0.09,0.01,0.035
YFL036W,0.04,0.005,0.055,0.045,0.05,0.015,0.02,0.055,0.085,0.12,0.035,0.07,0.055,0.025,0.04,0.15,0.065,0.03,0.01,0.03
YGL205W,0.06,0.01,0.085,0.05,0.035,0.055,0.025,0.07,0.085,0.095,0.03,0.05,0.035,0.05,0.065,0.04,0.08,0.05,0.005,0.025
YOL108C,0.033112582781456956,0.0,0.046357615894039736,0.10596026490066225,0.006622516556291391,0.052980132450331126,0.013245033112582781,0.09933774834437085,0.11258278145695365,0.09933774834437085,0.006622516556291391,0.046357615894039736,0.033112582781456956,0.06622516556291391,0.0728476821192053,0.09933774834437085,0.026490066225165563,0.046357615894039736,0.013245033112582781,0.019867549668874173
YKL138C,0.030534351145038167,0.007633587786259542,0.030534351145038167,0.030534351145038167,0.04580152671755725,0.05343511450381679,0.022900763358778626,0.03816793893129771,0.16793893129770993,0.08396946564885496,0.030534351145038167,0.022900763358778626,0.061068702290076333,0.061068702290076333,0.07633587786259542,0.06870229007633588,0.05343511450381679,0.05343511450381679,0.030534351145038167,0.030534351145038167
YDL069C,0.025,0.005,0.03,0.05,0.04,0.04,0.015,0.095,0.085,0.125,0.035,0.105,0.03,0.025,0.06,0.055,0.095,0.05,0.01,0.025
YJL151C,0.09774436090225563,0.007518796992481203,0.11278195488721804,0.05263157894736842,0.03759398496240601,0.022556390977443608,0.045112781954887216,0.03759398496240601,0.03007518796992481,0.12030075187969924,0.03759398496240601,0.03759398496240601,0.06015037593984962,0.03007518796992481,0.06766917293233082,0.06766917293233082,0.03007518796992481,0.06015037593984962,0.007518796992481203,0.03759398496240601
YPL104W,0.055,0.005,0.06,0.06,0.06,0.045,0.0,0.065,0.11,0.12,0.015,0.06,0.04,0.055,0.06,0.07,0.045,0.05,0.005,0.02
YJR152W,0.085,0.02,0.05,0.065,0.05,0.035,0.015,0.07,0.06,0.095,0.055,0.035,0.04,0.02,0.025,0.085,0.06,0.085,0.015,0.035
YOR348C,0.06,0.02,0.08,0.045,0.02,0.11,0.03,0.065,0.045,0.075,0.025,0.05,0.04,0.025,0.035,0.12,0.055,0.075,0.005,0.02
YGR008C,0.011904761904761904,0.0,0.07142857142857142,0.09523809523809523,0.03571428571428571,0.11904761904761904,0.03571428571428571,0.047619047619047616,0.13095238095238096,0.023809523809523808,0.011904761904761904,0.08333333333333333,0.05952380952380952,0.047619047619047616,0.047619047619047616,0.05952380952380952,0.047619047619047616,0.023809523809523808,0.023809523809523808,0.023809523809523808
YDR389W,0.06,0.005,0.02,0.035,0.055,0.065,0.01,0.045,0.08,0.055,0.015,0.105,0.075,0.03,0.055,0.135,0.06,0.06,0.005,0.03
YCR075C,0.045,0.025,0.045,0.005,0.05,0.055,0.025,0.08,0.04,0.12,0.05,0.045,0.035,0.03,0.04,0.09,0.055,0.065,0.04,0.06
YBL040C,0.055,0.0,0.03,0.025,0.075,0.04,0.04,0.095,0.055,0.16,0.035,0.03,0.015,0.025,0.035,0.075,0.08,0.045,0.025,0.06
YER040W,0.07,0.0,0.095,0.04,0.05,0.055,0.02,0.045,0.02,0.06,0.025,0.1,0.055,0.05,0.015,0.15,0.095,0.03,0.005,0.02
YLR393W,0.055,0.0,0.065,0.045,0.06,0.05,0.015,0.045,0.11,0.09,0.035,0.04,0.035,0.055,0.04,0.09,0.07,0.06,0.005,0.035
YOL140W,0.075,0.015,0.04,0.065,0.06,0.06,0.04,0.045,0.09,0.085,0.02,0.06,0.025,0.03,0.04,0.085,0.07,0.055,0.005,0.035
YBR003W,0.06,0.005,0.04,0.055,0.03,0.035,0.045,0.08,0.08,0.125,0.02,0.045,0.08,0.03,0.055,0.1,0.04,0.055,0.005,0.015
YBR140C,0.035,0.01,0.08,0.04,0.05,0.015,0.035,0.09,0.07,0.13,0.02,0.08,0.045,0.035,0.04,0.1,0.06,0.035,0.005,0.025
YOL081W,0.03,0.01,0.04,0.085,0.025,0.025,0.045,0.08,0.065,0.125,0.015,0.06,0.035,0.05,0.04,0.135,0.055,0.045,0.005,0.03
YMR286W,0.03488372093023256,0.0,0.011627906976744186,0.06976744186046512,0.023255813953488372,0.06976744186046512,0.023255813953488372,0.06976744186046512,0.12790697674418605,0.09302325581395349,0.011627906976744186,0.023255813953488372,0.046511627906976744,0.023255813953488372,0.05813953488372093,0.09302325581395349,0.06976744186046512,0.12790697674418605,0.0,0.023255813953488372
YPL271W,0.1774193548387097,0.0,0.016129032258064516,0.03225806451612903,0.016129032258064516,0.03225806451612903,0.0,0.04838709677419355,0.06451612903225806,0.06451612903225806,0.016129032258064516,0.04838709677419355,0.03225806451612903,0.06451612903225806,0.04838709677419355,0.11290322580645161,0.11290322580645161,0.03225806451612903,0.016129032258064516,0.06451612903225806
YIR023W,0.05,0.03,0.06,0.015,0.02,0.035,0.04,0.03,0.05,0.07,0.015,0.185,0.04,0.125,0.02,0.12,0.06,0.015,0.0,0.02
YOR336W,0.055,0.01,0.095,0.065,0.03,0.045,0.01,0.06,0.03,0.15,0.025,0.06,0.045,0.04,0.04,0.06,0.035,0.08,0.01,0.055
YKR099W,0.03,0.01,0.065,0.09,0.015,0.07,0.025,0.045,0.11,0.095,0.02,0.045,0.025,0.03,0.07,0.095,0.06,0.04,0.035,0.025
YER142C,0.08,0.015,0.05,0.11,0.05,0.045,0.01,0.08,0.12,0.11,0.02,0.03,0.04,0.025,0.03,0.06,0.03,0.045,0.005,0.045
YJL180C,0.035,0.015,0.045,0.055,0.035,0.055,0.005,0.07,0.07,0.155,0.02,0.08,0.05,0.035,0.055,0.085,0.065,0.04,0.01,0.02
YMR282C,0.045,0.025,0.06,0.05,0.05,0.025,0.02,0.075,0.09,0.09,0.015,0.045,0.03,0.015,0.075,0.11,0.05,0.07,0.01,0.05
YJL063C,0.09,0.01,0.035,0.06,0.02,0.03,0.035,0.05,0.08,0.135,0.03,0.05,0.04,0.055,0.07,0.08,0.045,0.065,0.01,0.01
YKR085C,0.06153846153846154,0.015384615384615385,0.03076923076923077,0.046153846153846156,0.03076923076923077,0.06153846153846154,0.020512820512820513,0.05128205128205128,0.09743589743589744,0.05641025641025641,0.03076923076923077,0.03076923076923077,0.05641025641025641,0.06153846153846154,0.08717948717948718,0.09230769230769231,0.05641025641025641,0.05128205128205128,0.015384615384615385,0.046153846153846156
YGR171C,0.01,0.015,0.06,0.055,0.07,0.05,0.045,0.065,0.095,0.08,0.015,0.06,0.045,0.03,0.035,0.075,0.055,0.055,0.015,0.07
YHL021C,0.06,0.01,0.055,0.04,0.06,0.045,0.025,0.055,0.075,0.085,0.01,0.05,0.04,0.04,0.06,0.12,0.08,0.05,0.01,0.03
YML063W,0.065,0.005,0.05,0.055,0.04,0.045,0.02,0.055,0.12,0.085,0.015,0.06,0.015,0.04,0.075,0.07,0.07,0.095,0.01,0.01
YGR076C,0.03821656050955414,0.0,0.025477707006369428,0.07006369426751592,0.05732484076433121,0.03184713375796178,0.025477707006369428,0.03184713375796178,0.18471337579617833,0.10828025477707007,0.025477707006369428,0.044585987261146494,0.07006369426751592,0.025477707006369428,0.044585987261146494,0.07643312101910828,0.03184713375796178,0.044585987261146494,0.006369426751592357,0.05732484076433121
YKR052C,0.135,0.005,0.03,0.05,0.055,0.055,0.025,0.07,0.045,0.085,0.055,0.04,0.045,0.05,0.02,0.08,0.07,0.035,0.01,0.04
YKR053C,0.035,0.01,0.05,0.03,0.05,0.045,0.035,0.045,0.045,0.125,0.035,0.015,0.06,0.035,0.05,0.085,0.09,0.065,0.025,0.07
YHR014W,0.035,0.0,0.025,0.07,0.05,0.025,0.02,0.05,0.09,0.085,0.015,0.08,0.11,0.05,0.065,0.1,0.05,0.045,0.0,0.035
YJR077C,0.1,0.01,0.025,0.045,0.085,0.115,0.005,0.075,0.055,0.075,0.03,0.025,0.045,0.035,0.03,0.085,0.04,0.06,0.0,0.06
YGR148C,0.11612903225806452,0.0,0.01935483870967742,0.06451612903225806,0.04516129032258064,0.05806451612903226,0.012903225806451613,0.03870967741935484,0.1870967741935484,0.04516129032258064,0.0064516129032258064,0.025806451612903226,0.025806451612903226,0.04516129032258064,0.10967741935483871,0.08387096774193549,0.03870967741935484,0.06451612903225806,0.0064516129032258064,0.0064516129032258064
YMR220W,0.08,0.01,0.055,0.055,0.065,0.07,0.045,0.045,0.06,0.08,0.015,0.045,0.035,0.03,0.045,0.1,0.03,0.09,0.005,0.04
YOL023W,0.04,0.015,0.035,0.04,0.03,0.045,0.035,0.085,0.085,0.135,0.01,0.07,0.05,0.04,0.055,0.06,0.07,0.055,0.01,0.035
YLR069C,0.045,0.02,0.06,0.06,0.045,0.065,0.025,0.065,0.07,0.05,0.035,0.03,0.03,0.03,0.09,0.07,0.07,0.1,0.01,0.03
YOR201C,0.075,0.005,0.04,0.05,0.04,0.02,0.045,0.04,0.135,0.1,0.01,0.075,0.04,0.05,0.045,0.07,0.055,0.055,0.01,0.04
YCR036W,0.055,0.01,0.055,0.08,0.04,0.095,0.025,0.095,0.065,0.075,0.015,0.07,0.05,0.035,0.03,0.04,0.065,0.06,0.01,0.03
YCR069W,0.055,0.01,0.07,0.05,0.045,0.07,0.025,0.055,0.09,0.08,0.025,0.04,0.065,0.03,0.02,0.065,0.065,0.08,0.005,0.055
YCR063W,0.06369426751592357,0.05732484076433121,0.050955414012738856,0.06369426751592357,0.01910828025477707,0.03821656050955414,0.025477707006369428,0.06369426751592357,0.12738853503184713,0.08280254777070063,0.012738853503184714,0.025477707006369428,0.03184713375796178,0.05732484076433121,0.08280254777070063,0.05732484076433121,0.05732484076433121,0.01910828025477707,0.01910828025477707,0.044585987261146494
YGL010W,0.034482758620689655,0.011494252873563218,0.028735632183908046,0.034482758620689655,0.09195402298850575,0.06321839080459771,0.040229885057471264,0.06896551724137931,0.04597701149425287,0.20114942528735633,0.028735632183908046,0.028735632183908046,0.034482758620689655,0.04597701149425287,0.05172413793103448,0.05172413793103448,0.034482758620689655,0.06321839080459771,0.005747126436781609,0.034482758620689655
YCR024C,0.03,0.005,0.025,0.035,0.065,0.04,0.025,0.065,0.075,0.125,0.01,0.05,0.055,0.06,0.05,0.095,0.085,0.055,0.01,0.04
YCR032W,0.03,0.02,0.06,0.055,0.035,0.02,0.02,0.12,0.085,0.15,0.015,0.08,0.025,0.055,0.025,0.07,0.05,0.05,0.015,0.02
YCR067C,0.06,0.01,0.055,0.06,0.065,0.06,0.025,0.08,0.045,0.075,0.01,0.105,0.035,0.02,0.05,0.08,0.06,0.075,0.0,0.03
YCL028W,0.1,0.0,0.04,0.025,0.035,0.155,0.015,0.02,0.035,0.065,0.05,0.075,0.005,0.115,0.015,0.175,0.045,0.025,0.0,0.005
YCR011C,0.03,0.095,0.08,0.045,0.065,0.08,0.01,0.06,0.06,0.065,0.02,0.07,0.055,0.045,0.03,0.075,0.045,0.035,0.01,0.025
YCL064C,0.07,0.02,0.045,0.03,0.045,0.095,0.015,0.085,0.08,0.06,0.025,0.045,0.045,0.055,0.04,0.085,0.04,0.08,0.01,0.03
YCR045C,0.06,0.005,0.07,0.07,0.075,0.045,0.02,0.06,0.065,0.06,0.015,0.07,0.04,0.05,0.05,0.075,0.04,0.055,0.01,0.065
YCL001W,0.031914893617021274,0.010638297872340425,0.0425531914893617,0.05319148936170213,0.0797872340425532,0.047872340425531915,0.02127659574468085,0.07446808510638298,0.05851063829787234,0.14361702127659576,0.05319148936170213,0.0425531914893617,0.0425531914893617,0.031914893617021274,0.047872340425531915,0.06914893617021277,0.0425531914893617,0.031914893617021274,0.02127659574468085,0.05319148936170213
YCL037C,0.095,0.0,0.025,0.05,0.01,0.04,0.06,0.025,0.115,0.02,0.01,0.095,0.07,0.07,0.035,0.145,0.09,0.035,0.01,0.0
YCL004W,0.05,0.02,0.03,0.04,0.045,0.05,0.02,0.055,0.08,0.155,0.015,0.055,0.05,0.055,0.05,0.09,0.06,0.035,0.005,0.04
YCL052C,0.03,0.01,0.08,0.085,0.045,0.055,0.02,0.055,0.035,0.075,0.02,0.05,0.04,0.04,0.08,0.08,0.06,0.09,0.02,0.03
YCL069W,0.06,0.025,0.025,0.015,0.11,0.105,0.01,0.1,0.04,0.115,0.025,0.045,0.03,0.025,0.035,0.065,0.045,0.08,0.015,0.03
YCL073C,0.05,0.015,0.03,0.03,0.055,0.055,0.015,0.085,0.035,0.095,0.03,0.035,0.01,0.035,0.045,0.15,0.075,0.065,0.015,0.075
YCR028C,0.035,0.025,0.025,0.04,0.085,0.08,0.02,0.065,0.055,0.11,0.05,0.04,0.02,0.02,0.045,0.09,0.06,0.075,0.03,0.03
YCR044C,0.03,0.045,0.065,0.06,0.09,0.045,0.03,0.09,0.03,0.085,0.015,0.04,0.035,0.025,0.065,0.055,0.065,0.055,0.025,0.05
YCR046C,0.05325443786982249,0.005917159763313609,0.05917159763313609,0.029585798816568046,0.011834319526627219,0.04142011834319527,0.011834319526627219,0.07692307692307693,0.08875739644970414,0.10650887573964497,0.01775147928994083,0.023668639053254437,0.047337278106508875,0.04142011834319527,0.10650887573964497,0.09467455621301775,0.04142011834319527,0.08875739644970414,0.011834319526627219,0.04142011834319527
YCR048W,0.055,0.0,0.05,0.1,0.05,0.035,0.02,0.025,0.1,0.08,0.02,0.03,0.05,0.04,0.045,0.095,0.095,0.075,0.01,0.025
YCR082W,0.0546875,0.0078125,0.1015625,0.0703125,0.0546875,0.0234375,0.0234375,0.078125,0.0703125,0.125,0.0078125,0.0703125,0.015625,0.0859375,0.0390625,0.0234375,0.0546875,0.046875,0.015625,0.03125
YKR034W,0.025,0.035,0.05,0.045,0.025,0.06,0.02,0.04,0.095,0.12,0.01,0.095,0.08,0.015,0.045,0.09,0.09,0.04,0.005,0.015
YPL160W,0.095,0.015,0.045,0.12,0.065,0.055,0.03,0.065,0.105,0.065,0.045,0.025,0.055,0.02,0.04,0.045,0.04,0.025,0.01,0.035
YJL139C,0.035,0.005,0.075,0.06,0.06,0.05,0.01,0.055,0.05,0.09,0.035,0.065,0.03,0.035,0.08,0.08,0.06,0.035,0.02,0.07
YDR123C,0.06,0.0,0.055,0.065,0.03,0.04,0.085,0.045,0.015,0.1,0.035,0.08,0.075,0.06,0.02,0.105,0.09,0.02,0.0,0.02
YMR267W,0.025,0.015,0.07,0.06,0.04,0.07,0.03,0.08,0.085,0.11,0.02,0.07,0.04,0.03,0.04,0.05,0.055,0.07,0.015,0.025
YKR050W,0.065,0.01,0.04,0.015,0.08,0.05,0.02,0.075,0.055,0.115,0.01,0.04,0.04,0.04,0.085,0.1,0.055,0.055,0.01,0.04
YER044C-A,0.04,0.01,0.055,0.06,0.075,0.03,0.025,0.075,0.105,0.125,0.01,0.065,0.025,0.035,0.05,0.09,0.03,0.05,0.02,0.025
YML105C,0.055,0.015,0.06,0.095,0.045,0.06,0.015,0.06,0.09,0.08,0.025,0.075,0.07,0.035,0.065,0.05,0.04,0.05,0.0,0.015
YOL103W,0.07,0.01,0.07,0.045,0.05,0.07,0.025,0.085,0.05,0.065,0.03,0.04,0.03,0.035,0.04,0.13,0.09,0.04,0.005,0.02
YGL143C,0.05,0.005,0.04,0.085,0.04,0.04,0.02,0.05,0.095,0.135,0.02,0.045,0.055,0.04,0.035,0.09,0.055,0.04,0.01,0.05
YGR220C,0.06,0.01,0.015,0.05,0.055,0.085,0.04,0.05,0.09,0.065,0.035,0.035,0.05,0.02,0.07,0.105,0.05,0.08,0.005,0.03
YAL018C,0.055,0.005,0.01,0.035,0.115,0.07,0.02,0.06,0.07,0.115,0.04,0.055,0.04,0.015,0.015,0.075,0.05,0.065,0.01,0.08
YAL022C,0.05,0.01,0.04,0.07,0.07,0.035,0.025,0.095,0.055,0.085,0.055,0.045,0.035,0.02,0.03,0.115,0.07,0.04,0.025,0.03
YIL155C,0.115,0.015,0.045,0.03,0.045,0.075,0.025,0.045,0.055,0.1,0.03,0.025,0.045,0.035,0.05,0.07,0.08,0.06,0.015,0.04
YDR300C,0.065,0.005,0.075,0.04,0.02,0.05,0.015,0.1,0.06,0.12,0.035,0.06,0.035,0.035,0.055,0.06,0.065,0.075,0.01,0.02
YPR058W,0.07,0.02,0.03,0.06,0.045,0.1,0.035,0.04,0.045,0.11,0.02,0.035,0.055,0.045,0.055,0.055,0.085,0.07,0.0,0.025
YLR205C,0.05,0.01,0.04,0.065,0.075,0.04,0.025,0.085,0.065,0.12,0.02,0.07,0.035,0.05,0.05,0.055,0.07,0.025,0.005,0.045
YKL119C,0.03,0.01,0.05,0.095,0.07,0.02,0.015,0.055,0.115,0.125,0.015,0.035,0.025,0.045,0.035,0.08,0.03,0.1,0.01,0.04
YNR041C,0.075,0.015,0.02,0.035,0.03,0.105,0.0,0.055,0.045,0.13,0.04,0.005,0.05,0.025,0.085,0.13,0.04,0.07,0.03,0.015
YGR286C,0.105,0.03,0.05,0.06,0.005,0.05,0.035,0.025,0.095,0.095,0.045,0.03,0.02,0.05,0.045,0.08,0.09,0.045,0.015,0.03
YNL315C,0.045,0.005,0.045,0.085,0.045,0.025,0.015,0.05,0.115,0.095,0.03,0.065,0.065,0.06,0.055,0.075,0.04,0.05,0.015,0.02
YLR172C,0.07,0.02,0.05,0.085,0.025,0.06,0.02,0.08,0.055,0.115,0.03,0.04,0.025,0.035,0.05,0.06,0.045,0.07,0.015,0.05
YNL268W,0.055,0.0,0.04,0.075,0.045,0.085,0.03,0.09,0.055,0.055,0.035,0.06,0.035,0.045,0.025,0.09,0.075,0.055,0.015,0.035
YPL121C,0.02,0.02,0.05,0.15,0.015,0.03,0.02,0.08,0.14,0.1,0.03,0.085,0.005,0.06,0.045,0.05,0.045,0.02,0.015,0.02
YLR067C,0.05,0.015,0.035,0.03,0.035,0.045,0.02,0.08,0.09,0.12,0.035,0.04,0.025,0.055,0.06,0.085,0.065,0.055,0.015,0.045
YJL201W,0.035,0.0,0.07,0.035,0.075,0.02,0.025,0.095,0.05,0.105,0.025,0.055,0.04,0.045,0.05,0.095,0.025,0.08,0.005,0.07
YMR023C,0.07,0.005,0.05,0.03,0.045,0.05,0.025,0.08,0.06,0.11,0.005,0.03,0.045,0.045,0.075,0.145,0.05,0.04,0.0,0.04
YOR190W,0.055,0.01,0.065,0.07,0.065,0.065,0.025,0.065,0.065,0.09,0.005,0.06,0.035,0.025,0.04,0.065,0.06,0.045,0.025,0.065
YEL050C,0.03,0.02,0.04,0.035,0.005,0.075,0.025,0.07,0.075,0.115,0.01,0.045,0.05,0.035,0.105,0.095,0.065,0.05,0.015,0.04
YEL048C,0.03289473684210526,0.013157894736842105,0.05921052631578947,0.10526315789473684,0.05921052631578947,0.03289473684210526,0.006578947368421052,0.09868421052631579,0.07894736842105263,0.125,0.019736842105263157,0.046052631578947366,0.03289473684210526,0.02631578947368421,0.02631578947368421,0.10526315789473684,0.019736842105263157,0.07894736842105263,0.006578947368421052,0.02631578947368421
YEL038W,0.08,0.005,0.085,0.04,0.045,0.06,0.02,0.075,0.075,0.095,0.005,0.045,0.045,0.06,0.02,0.075,0.04,0.07,0.005,0.055
YER163C,0.065,0.0,0.04,0.09,0.02,0.07,0.05,0.07,0.03,0.08,0.005,0.055,0.065,0.03,0.055,0.06,0.065,0.08,0.01,0.06
YEL011W,0.07,0.0,0.07,0.065,0.07,0.045,0.035,0.05,0.08,0.065,0.01,0.055,0.085,0.015,0.045,0.07,0.055,0.035,0.03,0.05
YBL013W,0.065,0.02,0.045,0.025,0.045,0.065,0.02,0.07,0.045,0.11,0.02,0.06,0.09,0.05,0.065,0.07,0.06,0.055,0.005,0.015
YBL014C,0.04,0.015,0.15,0.035,0.03,0.045,0.01,0.05,0.04,0.085,0.015,0.045,0.055,0.065,0.035,0.09,0.065,0.09,0.01,0.03
YJR144W,0.065,0.015,0.045,0.055,0.035,0.1,0.015,0.06,0.09,0.065,0.015,0.04,0.04,0.035,0.045,0.09,0.075,0.06,0.015,0.04
YBL010C,0.03,0.015,0.095,0.115,0.045,0.03,0.02,0.055,0.06,0.115,0.015,0.075,0.045,0.05,0.045,0.075,0.05,0.045,0.005,0.015
YGL255W,0.055,0.015,0.055,0.035,0.06,0.085,0.025,0.045,0.045,0.075,0.02,0.055,0.035,0.015,0.025,0.075,0.105,0.095,0.035,0.045
YGL254W,0.025,0.05,0.05,0.045,0.03,0.065,0.065,0.03,0.1,0.08,0.02,0.055,0.065,0.065,0.055,0.085,0.04,0.045,0.005,0.025
YOR185C,0.07,0.015,0.045,0.06,0.06,0.065,0.025,0.055,0.09,0.07,0.015,0.06,0.05,0.04,0.04,0.03,0.06,0.09,0.015,0.045
YDL210W,0.105,0.01,0.025,0.055,0.04,0.12,0.005,0.09,0.045,0.09,0.025,0.04,0.02,0.04,0.02,0.1,0.05,0.055,0.015,0.05
YMR133W,0.02,0.025,0.03,0.055,0.055,0.03,0.005,0.065,0.045,0.085,0.035,0.1,0.05,0.08,0.055,0.1,0.065,0.06,0.005,0.035
YMR302C,0.065,0.005,0.035,0.04,0.025,0.045,0.01,0.055,0.055,0.1,0.015,0.07,0.065,0.045,0.075,0.09,0.08,0.075,0.015,0.035
YOR196C,0.06,0.035,0.045,0.05,0.025,0.085,0.005,0.04,0.095,0.07,0.015,0.06,0.05,0.01,0.09,0.085,0.095,0.06,0.015,0.01
YHR147C,0.035,0.005,0.03,0.05,0.035,0.085,0.03,0.08,0.08,0.095,0.02,0.05,0.055,0.055,0.055,0.075,0.045,0.095,0.005,0.02
YNR002C,0.095,0.015,0.04,0.055,0.09,0.12,0.01,0.065,0.035,0.105,0.015,0.06,0.04,0.03,0.025,0.07,0.045,0.03,0.02,0.035
YBL005W,0.05,0.04,0.065,0.02,0.02,0.005,0.02,0.05,0.09,0.095,0.01,0.095,0.075,0.055,0.025,0.1,0.09,0.045,0.005,0.045
YPL270W,0.055,0.025,0.035,0.02,0.055,0.045,0.005,0.09,0.06,0.175,0.02,0.02,0.06,0.015,0.08,0.14,0.045,0.04,0.005,0.01
YGR006W,0.06,0.01,0.055,0.085,0.015,0.03,0.02,0.085,0.08,0.13,0.015,0.045,0.06,0.065,0.035,0.09,0.05,0.04,0.01,0.02
YGR007W,0.045,0.035,0.09,0.055,0.035,0.06,0.05,0.04,0.065,0.045,0.02,0.045,0.04,0.035,0.045,0.05,0.075,0.1,0.015,0.055
YKR061W,0.05,0.02,0.04,0.065,0.06,0.03,0.005,0.035,0.05,0.125,0.035,0.075,0.025,0.055,0.085,0.08,0.06,0.035,0.025,0.045
YOR010C,0.19,0.0,0.035,0.065,0.01,0.02,0.0,0.035,0.025,0.095,0.015,0.015,0.015,0.015,0.005,0.28,0.09,0.06,0.005,0.025
YBL080C,0.065,0.005,0.065,0.045,0.04,0.05,0.04,0.065,0.065,0.12,0.01,0.045,0.045,0.065,0.045,0.08,0.065,0.04,0.0,0.045
YOR219C,0.03,0.0,0.06,0.05,0.07,0.035,0.04,0.055,0.05,0.085,0.015,0.07,0.08,0.045,0.06,0.12,0.065,0.05,0.01,0.01
YNL076W,0.065,0.005,0.05,0.04,0.04,0.03,0.02,0.05,0.105,0.08,0.015,0.12,0.075,0.05,0.045,0.055,0.065,0.065,0.005,0.02
YDR461W,0.1388888888888889,0.027777777777777776,0.05555555555555555,0.05555555555555555,0.027777777777777776,0.027777777777777776,0.0,0.08333333333333333,0.1388888888888889,0.0,0.027777777777777776,0.027777777777777776,0.08333333333333333,0.027777777777777776,0.0,0.08333333333333333,0.08333333333333333,0.05555555555555555,0.027777777777777776,0.027777777777777776
YNL145W,0.10526315789473684,0.02631578947368421,0.07894736842105263,0.02631578947368421,0.02631578947368421,0.02631578947368421,0.0,0.10526315789473684,0.13157894736842105,0.02631578947368421,0.02631578947368421,0.02631578947368421,0.05263157894736842,0.07894736842105263,0.0,0.07894736842105263,0.10526315789473684,0.02631578947368421,0.02631578947368421,0.02631578947368421
YBL057C,0.13,0.02,0.06,0.07,0.02,0.06,0.02,0.06,0.065,0.08,0.035,0.04,0.03,0.035,0.035,0.09,0.08,0.04,0.01,0.02
YKL186C,0.059782608695652176,0.016304347826086956,0.07065217391304347,0.010869565217391304,0.059782608695652176,0.05434782608695652,0.016304347826086956,0.07065217391304347,0.043478260869565216,0.06521739130434782,0.03804347826086957,0.125,0.059782608695652176,0.07065217391304347,0.043478260869565216,0.03804347826086957,0.06521739130434782,0.059782608695652176,0.010869565217391304,0.021739130434782608
YKL179C,0.065,0.0,0.075,0.115,0.015,0.01,0.005,0.045,0.145,0.14,0.005,0.05,0.02,0.055,0.04,0.08,0.06,0.03,0.015,0.03
YKL175W,0.05,0.035,0.055,0.04,0.04,0.045,0.065,0.045,0.06,0.135,0.025,0.045,0.04,0.01,0.035,0.175,0.035,0.04,0.005,0.02
YKL100C,0.06,0.01,0.06,0.05,0.065,0.01,0.05,0.075,0.085,0.11,0.015,0.075,0.025,0.015,0.03,0.1,0.055,0.07,0.01,0.03
YKL110C,0.025,0.025,0.06,0.05,0.03,0.03,0.025,0.08,0.085,0.105,0.005,0.06,0.06,0.05,0.03,0.11,0.07,0.045,0.015,0.04
YDR087C,0.035,0.005,0.08,0.085,0.055,0.035,0.01,0.045,0.11,0.13,0.015,0.06,0.03,0.035,0.065,0.05,0.035,0.04,0.035,0.045
YBL069W,0.06,0.01,0.045,0.055,0.02,0.065,0.03,0.085,0.095,0.09,0.025,0.05,0.075,0.02,0.035,0.07,0.03,0.085,0.005,0.05
YKL065C,0.045,0.01,0.025,0.05,0.055,0.045,0.005,0.09,0.085,0.115,0.025,0.06,0.03,0.07,0.045,0.095,0.05,0.055,0.005,0.04
YKL061W,0.02654867256637168,0.008849557522123894,0.07964601769911504,0.1415929203539823,0.035398230088495575,0.008849557522123894,0.0,0.02654867256637168,0.10619469026548672,0.12389380530973451,0.02654867256637168,0.07964601769911504,0.008849557522123894,0.04424778761061947,0.05309734513274336,0.07964601769911504,0.02654867256637168,0.07079646017699115,0.008849557522123894,0.04424778761061947
YKL055C,0.05,0.03,0.035,0.035,0.025,0.06,0.015,0.09,0.07,0.075,0.035,0.045,0.045,0.06,0.055,0.1,0.06,0.045,0.02,0.05
YKL170W,0.07246376811594203,0.050724637681159424,0.057971014492753624,0.014492753623188406,0.014492753623188406,0.07971014492753623,0.007246376811594203,0.10144927536231885,0.10869565217391304,0.050724637681159424,0.028985507246376812,0.06521739130434782,0.028985507246376812,0.028985507246376812,0.06521739130434782,0.057971014492753624,0.06521739130434782,0.09420289855072464,0.0,0.007246376811594203
YKL132C,0.055,0.03,0.045,0.07,0.03,0.06,0.015,0.105,0.055,0.115,0.005,0.065,0.02,0.055,0.05,0.1,0.065,0.04,0.005,0.015
YKL168C,0.025,0.015,0.06,0.04,0.025,0.035,0.02,0.045,0.05,0.045,0.015,0.045,0.085,0.04,0.12,0.205,0.06,0.035,0.005,0.03
YKL029C,0.085,0.01,0.02,0.075,0.04,0.02,0.025,0.04,0.05,0.115,0.01,0.04,0.065,0.05,0.09,0.085,0.095,0.045,0.005,0.035
YKR064W,0.04,0.03,0.075,0.05,0.045,0.05,0.015,0.045,0.08,0.075,0.02,0.05,0.055,0.04,0.085,0.1,0.065,0.045,0.005,0.03
YKL174C,0.04,0.015,0.035,0.055,0.045,0.085,0.03,0.085,0.02,0.155,0.05,0.055,0.03,0.015,0.01,0.09,0.06,0.08,0.02,0.025
YKL214C,0.05,0.005,0.075,0.095,0.03,0.045,0.04,0.06,0.085,0.055,0.015,0.06,0.06,0.025,0.115,0.075,0.035,0.035,0.0,0.04
YKL207W,0.07,0.005,0.05,0.035,0.05,0.06,0.01,0.07,0.055,0.125,0.055,0.06,0.045,0.07,0.015,0.065,0.04,0.06,0.035,0.025
YKL206C,0.04,0.01,0.07,0.075,0.055,0.03,0.01,0.07,0.045,0.13,0.02,0.07,0.05,0.05,0.025,0.095,0.015,0.07,0.02,0.05
YKL160W,0.020689655172413793,0.034482758620689655,0.14482758620689656,0.0896551724137931,0.027586206896551724,0.07586206896551724,0.006896551724137931,0.034482758620689655,0.0896551724137931,0.04827586206896552,0.006896551724137931,0.041379310344827586,0.013793103448275862,0.04827586206896552,0.05517241379310345,0.12413793103448276,0.05517241379310345,0.06206896551724138,0.006896551724137931,0.013793103448275862
YKL151C,0.045,0.03,0.065,0.05,0.02,0.08,0.035,0.085,0.09,0.115,0.035,0.03,0.055,0.02,0.05,0.05,0.04,0.07,0.0,0.035
YKL146W,0.07,0.005,0.03,0.025,0.01,0.09,0.035,0.035,0.04,0.065,0.01,0.13,0.07,0.035,0.05,0.19,0.05,0.04,0.005,0.015
YKL137W,0.05405405405405406,0.04504504504504504,0.06306306306306306,0.08108108108108109,0.02702702702702703,0.018018018018018018,0.009009009009009009,0.036036036036036036,0.15315315315315314,0.08108108108108109,0.04504504504504504,0.04504504504504504,0.036036036036036036,0.08108108108108109,0.04504504504504504,0.06306306306306306,0.04504504504504504,0.036036036036036036,0.009009009009009009,0.02702702702702703
YKL128C,0.065,0.01,0.045,0.07,0.03,0.075,0.055,0.04,0.055,0.115,0.03,0.03,0.045,0.03,0.06,0.075,0.065,0.035,0.025,0.045
YKL125W,0.04,0.015,0.065,0.04,0.065,0.02,0.015,0.11,0.08,0.09,0.035,0.055,0.06,0.045,0.035,0.1,0.04,0.045,0.02,0.025
YKL043W,0.08,0.01,0.02,0.035,0.035,0.015,0.025,0.04,0.015,0.06,0.025,0.075,0.125,0.065,0.035,0.09,0.115,0.07,0.005,0.06
YKL033W,0.055,0.02,0.045,0.065,0.075,0.025,0.02,0.05,0.075,0.155,0.005,0.045,0.045,0.055,0.03,0.115,0.04,0.05,0.005,0.025
YKL027W,0.05,0.025,0.075,0.055,0.03,0.06,0.015,0.065,0.065,0.08,0.01,0.06,0.02,0.06,0.045,0.055,0.08,0.1,0.03,0.02
YKL005C,0.05,0.035,0.13,0.105,0.005,0.04,0.03,0.03,0.12,0.04,0.02,0.045,0.03,0.03,0.045,0.09,0.045,0.055,0.005,0.05
YKR013W,0.14,0.0,0.02,0.04,0.025,0.015,0.015,0.03,0.015,0.025,0.01,0.015,0.045,0.065,0.005,0.17,0.26,0.105,0.0,0.0
YKR046C,0.055,0.0,0.03,0.075,0.035,0.05,0.02,0.045,0.075,0.115,0.01,0.045,0.05,0.035,0.025,0.155,0.04,0.09,0.025,0.025
YKR060W,0.03,0.02,0.06,0.055,0.025,0.03,0.025,0.095,0.12,0.12,0.025,0.06,0.045,0.025,0.07,0.065,0.04,0.05,0.0,0.04
YKR062W,0.08,0.0,0.095,0.045,0.02,0.035,0.01,0.05,0.135,0.105,0.01,0.06,0.045,0.03,0.035,0.11,0.05,0.06,0.005,0.02
YKR065C,0.08629441624365482,0.01015228426395939,0.03553299492385787,0.025380710659898477,0.06091370558375635,0.050761421319796954,0.015228426395939087,0.05583756345177665,0.06091370558375635,0.116751269035533,0.015228426395939087,0.04568527918781726,0.04060913705583756,0.06598984771573604,0.04568527918781726,0.12690355329949238,0.050761421319796954,0.04060913705583756,0.015228426395939087,0.03553299492385787
YKR079C,0.03,0.0,0.08,0.045,0.065,0.075,0.035,0.085,0.085,0.095,0.02,0.05,0.045,0.02,0.035,0.075,0.05,0.065,0.01,0.035
YKR088C,0.04,0.0,0.06,0.045,0.075,0.075,0.025,0.08,0.025,0.11,0.055,0.075,0.02,0.035,0.035,0.075,0.045,0.08,0.01,0.035
YKR091W,0.07,0.01,0.04,0.08,0.045,0.015,0.03,0.04,0.08,0.075,0.015,0.055,0.105,0.02,0.045,0.13,0.08,0.04,0.005,0.02
YKR096W,0.04,0.0,0.04,0.07,0.035,0.035,0.01,0.045,0.065,0.055,0.015,0.1,0.06,0.055,0.075,0.185,0.045,0.05,0.005,0.015
YKR100C,0.06,0.01,0.075,0.06,0.035,0.06,0.015,0.05,0.065,0.05,0.01,0.08,0.05,0.045,0.06,0.13,0.03,0.075,0.005,0.035
YKR106W,0.05,0.015,0.03,0.03,0.055,0.055,0.015,0.085,0.035,0.095,0.03,0.035,0.01,0.035,0.045,0.15,0.075,0.065,0.015,0.075
YMR294W,0.04,0.01,0.08,0.165,0.015,0.03,0.005,0.09,0.065,0.115,0.015,0.05,0.02,0.07,0.07,0.08,0.035,0.035,0.0,0.01
YDR237W,0.055,0.02,0.05,0.025,0.03,0.045,0.055,0.05,0.11,0.105,0.01,0.05,0.08,0.045,0.055,0.09,0.03,0.06,0.015,0.02
YDL202W,0.03,0.005,0.03,0.055,0.06,0.045,0.035,0.035,0.11,0.115,0.03,0.06,0.06,0.05,0.045,0.05,0.075,0.075,0.01,0.025
YLR312W-A,0.045,0.03,0.025,0.05,0.055,0.055,0.03,0.06,0.075,0.13,0.02,0.085,0.045,0.04,0.05,0.085,0.055,0.04,0.005,0.02
YBR282W,0.0273972602739726,0.00684931506849315,0.0273972602739726,0.0410958904109589,0.0410958904109589,0.1095890410958904,0.0136986301369863,0.0410958904109589,0.1232876712328767,0.0684931506849315,0.02054794520547945,0.0547945205479452,0.06164383561643835,0.0273972602739726,0.06164383561643835,0.06164383561643835,0.07534246575342465,0.0684931506849315,0.0136986301369863,0.0547945205479452
YDR462W,0.05442176870748299,0.006802721088435374,0.013605442176870748,0.06802721088435375,0.04081632653061224,0.013605442176870748,0.02040816326530612,0.034013605442176874,0.10204081632653061,0.11564625850340136,0.034013605442176874,0.04081632653061224,0.05442176870748299,0.08843537414965986,0.08843537414965986,0.08843537414965986,0.05442176870748299,0.047619047619047616,0.013605442176870748,0.02040816326530612
YBR268W,0.0761904761904762,0.009523809523809525,0.047619047619047616,0.047619047619047616,0.009523809523809525,0.0380952380952381,0.01904761904761905,0.047619047619047616,0.08571428571428572,0.12380952380952381,0.009523809523809525,0.0761904761904762,0.0380952380952381,0.0380952380952381,0.0761904761904762,0.10476190476190476,0.02857142857142857,0.06666666666666667,0.02857142857142857,0.02857142857142857
YML009C,0.08571428571428572,0.0,0.02857142857142857,0.02857142857142857,0.02857142857142857,0.02857142857142857,0.014285714285714285,0.04285714285714286,0.18571428571428572,0.08571428571428572,0.014285714285714285,0.014285714285714285,0.04285714285714286,0.014285714285714285,0.08571428571428572,0.08571428571428572,0.04285714285714286,0.12857142857142856,0.0,0.04285714285714286
YPL173W,0.03,0.005,0.08,0.045,0.045,0.06,0.015,0.06,0.115,0.055,0.03,0.04,0.08,0.025,0.045,0.085,0.06,0.085,0.015,0.025
YNR033W,0.06,0.02,0.075,0.045,0.04,0.075,0.035,0.06,0.03,0.115,0.03,0.06,0.05,0.07,0.015,0.06,0.07,0.065,0.0,0.025
YCL026C-A,0.10880829015544041,0.010362694300518135,0.046632124352331605,0.046632124352331605,0.03626943005181347,0.05181347150259067,0.025906735751295335,0.05699481865284974,0.046632124352331605,0.07772020725388601,0.010362694300518135,0.06217616580310881,0.06735751295336788,0.046632124352331605,0.04145077720207254,0.04145077720207254,0.08808290155440414,0.08808290155440414,0.015544041450777202,0.031088082901554404
YCR073W-A,0.09,0.02,0.085,0.065,0.045,0.075,0.03,0.05,0.085,0.08,0.02,0.03,0.04,0.01,0.045,0.1,0.035,0.06,0.01,0.025
YCR087C-A,0.0457516339869281,0.0392156862745098,0.0392156862745098,0.0718954248366013,0.0196078431372549,0.0392156862745098,0.032679738562091505,0.0392156862745098,0.20261437908496732,0.0392156862745098,0.013071895424836602,0.0457516339869281,0.032679738562091505,0.08496732026143791,0.013071895424836602,0.05228758169934641,0.06535947712418301,0.06535947712418301,0.0,0.058823529411764705
YBR286W,0.09,0.005,0.075,0.065,0.06,0.045,0.03,0.05,0.06,0.08,0.02,0.055,0.07,0.045,0.015,0.07,0.04,0.065,0.005,0.055
YBL038W,0.05,0.01,0.035,0.045,0.05,0.1,0.025,0.05,0.1,0.09,0.03,0.055,0.045,0.025,0.085,0.05,0.05,0.07,0.01,0.025
YBL037W,0.055,0.0,0.05,0.06,0.045,0.045,0.01,0.07,0.105,0.115,0.02,0.065,0.005,0.055,0.04,0.095,0.055,0.065,0.0,0.045
YBR024W,0.06,0.03,0.065,0.065,0.065,0.07,0.01,0.05,0.06,0.115,0.005,0.045,0.055,0.025,0.085,0.08,0.045,0.015,0.01,0.045
YBR066C,0.03,0.04,0.05,0.035,0.05,0.06,0.04,0.08,0.1,0.065,0.025,0.075,0.045,0.035,0.05,0.1,0.095,0.01,0.0,0.015
YBR132C,0.06,0.025,0.07,0.07,0.05,0.055,0.025,0.085,0.04,0.08,0.02,0.03,0.04,0.01,0.05,0.08,0.07,0.075,0.025,0.04
YBR145W,0.09,0.035,0.04,0.055,0.03,0.115,0.035,0.055,0.065,0.07,0.015,0.035,0.06,0.04,0.01,0.04,0.045,0.095,0.025,0.045
YBR150C,0.05,0.03,0.05,0.055,0.04,0.035,0.045,0.035,0.1,0.05,0.045,0.08,0.08,0.025,0.075,0.09,0.055,0.04,0.005,0.015
YBR146W,0.055,0.0,0.04,0.055,0.04,0.04,0.01,0.065,0.085,0.115,0.035,0.065,0.05,0.045,0.08,0.075,0.06,0.03,0.005,0.05
YBR186W,0.015,0.015,0.055,0.09,0.045,0.05,0.035,0.085,0.085,0.11,0.02,0.05,0.02,0.065,0.035,0.12,0.035,0.055,0.0,0.015
YBR199W,0.05,0.0,0.08,0.105,0.045,0.04,0.01,0.075,0.075,0.12,0.01,0.045,0.04,0.03,0.035,0.085,0.045,0.065,0.0,0.045
YBR233W,0.06,0.015,0.07,0.075,0.005,0.055,0.04,0.095,0.06,0.1,0.02,0.06,0.04,0.01,0.065,0.09,0.07,0.06,0.0,0.01
YBR291C,0.115,0.015,0.045,0.03,0.04,0.1,0.01,0.07,0.075,0.095,0.015,0.035,0.035,0.025,0.055,0.08,0.065,0.06,0.0,0.035
YBL107C,0.05102040816326531,0.030612244897959183,0.061224489795918366,0.09183673469387756,0.04081632653061224,0.025510204081632654,0.00510204081632653,0.0663265306122449,0.08163265306122448,0.07142857142857142,0.01020408163265306,0.09693877551020408,0.03571428571428571,0.061224489795918366,0.07142857142857142,0.04591836734693878,0.08673469387755102,0.025510204081632654,0.015306122448979591,0.025510204081632654
YBL104C,0.045,0.015,0.07,0.055,0.015,0.075,0.035,0.08,0.055,0.06,0.03,0.1,0.03,0.025,0.03,0.11,0.06,0.055,0.01,0.045
YBL102W,0.085,0.025,0.03,0.035,0.1,0.04,0.005,0.025,0.025,0.14,0.035,0.035,0.045,0.055,0.055,0.08,0.08,0.055,0.02,0.03
YBL090W,0.05084745762711865,0.005649717514124294,0.05084745762711865,0.05649717514124294,0.03954802259887006,0.05084745762711865,0.005649717514124294,0.0903954802259887,0.1016949152542373,0.07344632768361582,0.05084745762711865,0.07344632768361582,0.02824858757062147,0.04519774011299435,0.10734463276836158,0.1016949152542373,0.02824858757062147,0.02824858757062147,0.0,0.011299435028248588
YBL082C,0.045,0.035,0.045,0.045,0.04,0.055,0.025,0.06,0.05,0.145,0.055,0.01,0.045,0.055,0.05,0.04,0.035,0.085,0.015,0.065
YBL042C,0.035,0.005,0.08,0.065,0.06,0.045,0.01,0.08,0.07,0.055,0.015,0.06,0.03,0.035,0.035,0.095,0.09,0.06,0.045,0.03
YBL025W,0.05517241379310345,0.020689655172413793,0.07586206896551724,0.0896551724137931,0.034482758620689655,0.05517241379310345,0.034482758620689655,0.1103448275862069,0.06896551724137931,0.06896551724137931,0.006896551724137931,0.05517241379310345,0.041379310344827586,0.027586206896551724,0.041379310344827586,0.041379310344827586,0.04827586206896552,0.07586206896551724,0.006896551724137931,0.041379310344827586
YBL020W,0.06,0.005,0.03,0.05,0.105,0.045,0.005,0.12,0.025,0.11,0.02,0.05,0.03,0.04,0.05,0.08,0.07,0.05,0.02,0.035
YBL006C,0.08888888888888889,0.022222222222222223,0.03333333333333333,0.06666666666666667,0.03333333333333333,0.07222222222222222,0.05555555555555555,0.027777777777777776,0.06666666666666667,0.09444444444444444,0.011111111111111112,0.016666666666666666,0.022222222222222223,0.06666666666666667,0.06111111111111111,0.12777777777777777,0.027777777777777776,0.07777777777777778,0.0,0.027777777777777776
YBR025C,0.085,0.015,0.055,0.09,0.035,0.08,0.015,0.085,0.095,0.09,0.01,0.035,0.055,0.035,0.045,0.045,0.035,0.075,0.0,0.02
YBR030W,0.065,0.015,0.08,0.09,0.075,0.055,0.03,0.075,0.055,0.105,0.015,0.055,0.03,0.0,0.04,0.095,0.045,0.04,0.015,0.02
YBR040W,0.04,0.015,0.02,0.025,0.07,0.02,0.005,0.105,0.055,0.14,0.035,0.07,0.04,0.025,0.025,0.12,0.06,0.07,0.005,0.055
YBR042C,0.06,0.015,0.025,0.02,0.055,0.06,0.025,0.1,0.085,0.135,0.015,0.055,0.025,0.03,0.05,0.09,0.05,0.06,0.02,0.025
YBR094W,0.07,0.01,0.045,0.04,0.035,0.065,0.025,0.09,0.065,0.085,0.015,0.065,0.065,0.03,0.03,0.085,0.055,0.07,0.025,0.03
YBR137W,0.061452513966480445,0.0223463687150838,0.07262569832402235,0.0893854748603352,0.0670391061452514,0.055865921787709494,0.0223463687150838,0.03910614525139665,0.08379888268156424,0.11173184357541899,0.0223463687150838,0.0335195530726257,0.0335195530726257,0.0223463687150838,0.0446927374301676,0.07262569832402235,0.05027932960893855,0.05027932960893855,0.00558659217877095,0.03910614525139665
YBR141C,0.03,0.02,0.04,0.055,0.025,0.07,0.02,0.085,0.105,0.105,0.02,0.07,0.01,0.045,0.085,0.11,0.035,0.04,0.005,0.025
YBR162C,0.08,0.025,0.045,0.06,0.025,0.055,0.02,0.025,0.04,0.06,0.015,0.045,0.025,0.055,0.02,0.165,0.08,0.11,0.0,0.05
YBR214W,0.065,0.025,0.04,0.05,0.035,0.03,0.025,0.04,0.05,0.095,0.025,0.07,0.115,0.06,0.01,0.1,0.08,0.065,0.005,0.015
YBR216C,0.02,0.015,0.07,0.095,0.065,0.065,0.0,0.07,0.095,0.12,0.015,0.055,0.035,0.035,0.02,0.09,0.06,0.045,0.005,0.025
YBR258C,0.035211267605633804,0.0,0.07042253521126761,0.13380281690140844,0.028169014084507043,0.056338028169014086,0.007042253521126761,0.028169014084507043,0.11971830985915492,0.11267605633802817,0.028169014084507043,0.07746478873239436,0.014084507042253521,0.04225352112676056,0.04225352112676056,0.08450704225352113,0.035211267605633804,0.04225352112676056,0.007042253521126761,0.035211267605633804
YBR271W,0.025,0.03,0.075,0.105,0.025,0.025,0.005,0.065,0.07,0.145,0.01,0.065,0.065,0.035,0.05,0.065,0.045,0.05,0.01,0.035
YBR273C,0.075,0.005,0.085,0.12,0.025,0.035,0.025,0.07,0.075,0.105,0.005,0.025,0.02,0.04,0.105,0.055,0.04,0.06,0.02,0.01
YBR294W,0.075,0.01,0.05,0.085,0.04,0.05,0.02,0.055,0.065,0.07,0.015,0.045,0.035,0.03,0.02,0.115,0.05,0.08,0.015,0.075
YNL160W,0.105,0.01,0.02,0.035,0.04,0.035,0.01,0.055,0.05,0.065,0.005,0.095,0.035,0.025,0.02,0.14,0.105,0.11,0.005,0.035
YER099C,0.085,0.01,0.06,0.05,0.03,0.06,0.035,0.095,0.06,0.1,0.02,0.055,0.04,0.035,0.045,0.07,0.055,0.06,0.0,0.035
YMR217W,0.055,0.02,0.06,0.045,0.035,0.095,0.045,0.07,0.06,0.085,0.03,0.04,0.05,0.035,0.025,0.065,0.065,0.06,0.015,0.045
YHR178W,0.06,0.03,0.035,0.03,0.015,0.07,0.02,0.03,0.08,0.07,0.03,0.075,0.09,0.03,0.05,0.175,0.05,0.035,0.0,0.025
YHR011W,0.07,0.005,0.055,0.065,0.02,0.015,0.01,0.11,0.11,0.11,0.025,0.05,0.035,0.08,0.04,0.075,0.05,0.03,0.01,0.035
YHL047C,0.055,0.01,0.06,0.035,0.045,0.05,0.005,0.08,0.065,0.105,0.05,0.03,0.015,0.035,0.04,0.115,0.055,0.085,0.01,0.055
YHL044W,0.055,0.035,0.06,0.03,0.045,0.03,0.015,0.11,0.05,0.14,0.025,0.065,0.035,0.015,0.055,0.095,0.045,0.035,0.005,0.055
YHL039W,0.06,0.015,0.06,0.065,0.06,0.025,0.025,0.04,0.06,0.13,0.02,0.055,0.045,0.07,0.025,0.09,0.055,0.055,0.02,0.025
YHL035C,0.04,0.015,0.05,0.045,0.045,0.05,0.015,0.095,0.045,0.15,0.01,0.06,0.015,0.03,0.085,0.09,0.065,0.05,0.015,0.03
YHL010C,0.025,0.015,0.07,0.075,0.075,0.045,0.02,0.105,0.085,0.075,0.025,0.08,0.02,0.055,0.03,0.065,0.055,0.045,0.01,0.025
YHL009C,0.06,0.025,0.08,0.075,0.035,0.02,0.005,0.05,0.075,0.085,0.025,0.115,0.055,0.07,0.05,0.105,0.035,0.015,0.0,0.02
YHL006C,0.04666666666666667,0.006666666666666667,0.04,0.05333333333333334,0.02666666666666667,0.05333333333333334,0.02,0.02,0.02666666666666667,0.14666666666666667,0.02,0.02666666666666667,0.05333333333333334,0.07333333333333333,0.07333333333333333,0.08666666666666667,0.04666666666666667,0.11333333333333333,0.02,0.04666666666666667
YHR003C,0.08,0.035,0.055,0.065,0.025,0.04,0.03,0.09,0.09,0.085,0.025,0.05,0.025,0.03,0.035,0.085,0.045,0.06,0.025,0.025
YHR015W,0.05,0.015,0.04,0.06,0.055,0.05,0.005,0.04,0.16,0.065,0.02,0.085,0.02,0.05,0.04,0.09,0.06,0.06,0.0,0.035
YHR035W,0.05,0.045,0.035,0.055,0.035,0.015,0.02,0.085,0.065,0.09,0.02,0.095,0.03,0.05,0.045,0.105,0.06,0.04,0.01,0.05
YHR040W,0.025,0.05,0.075,0.06,0.025,0.055,0.035,0.035,0.12,0.065,0.045,0.045,0.025,0.055,0.08,0.06,0.035,0.065,0.015,0.03
YHR049W,0.055,0.005,0.08,0.06,0.055,0.055,0.03,0.075,0.095,0.085,0.02,0.025,0.055,0.035,0.025,0.09,0.03,0.075,0.01,0.04
YHR059W,0.06153846153846154,0.007692307692307693,0.038461538461538464,0.046153846153846156,0.06923076923076923,0.038461538461538464,0.023076923076923078,0.06923076923076923,0.13846153846153847,0.06923076923076923,0.007692307692307693,0.09230769230769231,0.05384615384615385,0.046153846153846156,0.06923076923076923,0.06923076923076923,0.023076923076923078,0.03076923076923077,0.023076923076923078,0.023076923076923078
YHR077C,0.035,0.005,0.065,0.08,0.065,0.06,0.01,0.065,0.105,0.14,0.005,0.055,0.025,0.02,0.06,0.075,0.05,0.06,0.005,0.015
YHR100C,0.043243243243243246,0.016216216216216217,0.07567567567567568,0.02702702702702703,0.03783783783783784,0.04864864864864865,0.02702702702702703,0.06486486486486487,0.0918918918918919,0.11891891891891893,0.016216216216216217,0.07567567567567568,0.05945945945945946,0.010810810810810811,0.032432432432432434,0.07567567567567568,0.05405405405405406,0.06486486486486487,0.016216216216216217,0.043243243243243246
YHR101C,0.05,0.02,0.065,0.09,0.07,0.025,0.005,0.07,0.06,0.11,0.01,0.05,0.05,0.055,0.055,0.04,0.055,0.06,0.0,0.06
YHR106W,0.11,0.015,0.03,0.075,0.045,0.085,0.025,0.08,0.055,0.06,0.04,0.03,0.05,0.02,0.04,0.075,0.085,0.05,0.01,0.02
YHR109W,0.03,0.005,0.05,0.095,0.075,0.025,0.025,0.105,0.06,0.12,0.025,0.065,0.035,0.025,0.045,0.085,0.055,0.03,0.0,0.045
YHR116W,0.039735099337748346,0.026490066225165563,0.07947019867549669,0.052980132450331126,0.026490066225165563,0.019867549668874173,0.0,0.006622516556291391,0.0728476821192053,0.033112582781456956,0.019867549668874173,0.07947019867549669,0.07947019867549669,0.059602649006622516,0.06622516556291391,0.152317880794702,0.08609271523178808,0.026490066225165563,0.013245033112582781,0.059602649006622516
YHR133C,0.08,0.01,0.05,0.04,0.07,0.07,0.02,0.085,0.085,0.08,0.02,0.065,0.055,0.025,0.025,0.075,0.055,0.06,0.005,0.025
YHR163W,0.07,0.02,0.075,0.065,0.04,0.05,0.02,0.04,0.065,0.105,0.01,0.025,0.055,0.035,0.04,0.105,0.05,0.085,0.015,0.03
YHR168W,0.075,0.01,0.055,0.055,0.025,0.105,0.025,0.035,0.06,0.065,0.02,0.03,0.055,0.04,0.085,0.07,0.045,0.1,0.015,0.03
YHR175W,0.037037037037037035,0.037037037037037035,0.0582010582010582,0.021164021164021163,0.037037037037037035,0.06349206349206349,0.037037037037037035,0.042328042328042326,0.0582010582010582,0.1164021164021164,0.06349206349206349,0.05291005291005291,0.015873015873015872,0.026455026455026454,0.021164021164021163,0.10582010582010581,0.0582010582010582,0.0582010582010582,0.037037037037037035,0.05291005291005291
YHR184W,0.015,0.005,0.055,0.065,0.055,0.045,0.005,0.035,0.1,0.055,0.015,0.105,0.065,0.07,0.045,0.1,0.09,0.04,0.01,0.025
YHR189W,0.06842105263157895,0.021052631578947368,0.021052631578947368,0.04736842105263158,0.005263157894736842,0.10526315789473684,0.031578947368421054,0.042105263157894736,0.042105263157894736,0.11578947368421053,0.015789473684210527,0.02631578947368421,0.05263157894736842,0.05263157894736842,0.08947368421052632,0.07894736842105263,0.05263157894736842,0.06842105263157895,0.021052631578947368,0.042105263157894736
YHR191C,0.03007518796992481,0.0,0.07518796992481203,0.06766917293233082,0.045112781954887216,0.06766917293233082,0.007518796992481203,0.06015037593984962,0.09022556390977443,0.10526315789473684,0.06015037593984962,0.022556390977443608,0.05263157894736842,0.06015037593984962,0.06015037593984962,0.06015037593984962,0.05263157894736842,0.06766917293233082,0.007518796992481203,0.007518796992481203
YHR194W,0.06,0.0,0.03,0.025,0.085,0.025,0.0,0.095,0.085,0.085,0.005,0.05,0.045,0.025,0.075,0.14,0.06,0.055,0.025,0.03
YHR209W,0.045,0.01,0.055,0.08,0.06,0.06,0.015,0.07,0.07,0.085,0.025,0.06,0.045,0.02,0.055,0.09,0.03,0.055,0.015,0.055
YDR464W,0.04,0.0,0.105,0.18,0.015,0.045,0.06,0.045,0.035,0.065,0.015,0.08,0.045,0.085,0.025,0.065,0.035,0.045,0.005,0.01
YOR037W,0.025,0.01,0.04,0.07,0.05,0.035,0.04,0.065,0.095,0.105,0.02,0.05,0.055,0.01,0.06,0.1,0.04,0.055,0.02,0.055
YDL045C,0.05,0.02,0.05,0.08,0.075,0.03,0.015,0.075,0.035,0.11,0.025,0.035,0.045,0.07,0.05,0.085,0.055,0.03,0.02,0.045
YNL003C,0.075,0.02,0.025,0.035,0.05,0.085,0.01,0.07,0.065,0.085,0.02,0.035,0.035,0.05,0.045,0.105,0.075,0.05,0.02,0.045
YDR078C,0.04,0.025,0.1,0.075,0.08,0.015,0.04,0.065,0.07,0.125,0.015,0.045,0.02,0.015,0.03,0.095,0.035,0.06,0.01,0.04
YDR084C,0.05025125628140704,0.020100502512562814,0.04522613065326633,0.01507537688442211,0.09045226130653267,0.04522613065326633,0.010050251256281407,0.06532663316582915,0.04020100502512563,0.11557788944723618,0.020100502512562814,0.06532663316582915,0.05025125628140704,0.04522613065326633,0.04020100502512563,0.07537688442211055,0.05527638190954774,0.06532663316582915,0.04020100502512563,0.04522613065326633
YDR089W,0.03,0.01,0.065,0.075,0.06,0.02,0.015,0.085,0.09,0.135,0.015,0.09,0.025,0.03,0.05,0.09,0.025,0.055,0.005,0.03
YGR061C,0.055,0.015,0.065,0.045,0.015,0.035,0.02,0.07,0.05,0.135,0.015,0.07,0.07,0.04,0.04,0.075,0.075,0.065,0.005,0.04
YDR321W,0.065,0.03,0.08,0.05,0.025,0.07,0.01,0.115,0.045,0.06,0.015,0.04,0.045,0.05,0.025,0.11,0.065,0.075,0.0,0.025
YDL198C,0.085,0.0,0.035,0.045,0.075,0.11,0.025,0.06,0.085,0.11,0.02,0.045,0.04,0.025,0.06,0.06,0.04,0.035,0.01,0.035
YER096W,0.045,0.01,0.08,0.095,0.04,0.05,0.015,0.075,0.04,0.055,0.015,0.07,0.055,0.03,0.025,0.215,0.03,0.03,0.005,0.02
YIL142W,0.11,0.005,0.075,0.055,0.02,0.055,0.025,0.085,0.075,0.115,0.02,0.04,0.02,0.04,0.03,0.085,0.075,0.065,0.0,0.005
YJL014W,0.115,0.015,0.06,0.07,0.01,0.055,0.02,0.095,0.075,0.095,0.04,0.03,0.04,0.05,0.03,0.035,0.065,0.085,0.005,0.01
YDR188W,0.09,0.005,0.07,0.065,0.025,0.055,0.015,0.055,0.06,0.14,0.035,0.035,0.025,0.055,0.045,0.055,0.08,0.085,0.0,0.005
YLR090W,0.05,0.02,0.105,0.065,0.05,0.1,0.035,0.05,0.11,0.065,0.015,0.055,0.025,0.015,0.04,0.075,0.035,0.04,0.005,0.045
YML129C,0.05714285714285714,0.0,0.02857142857142857,0.05714285714285714,0.0,0.07142857142857142,0.014285714285714285,0.0,0.05714285714285714,0.12857142857142856,0.04285714285714286,0.02857142857142857,0.04285714285714286,0.1,0.02857142857142857,0.04285714285714286,0.14285714285714285,0.05714285714285714,0.014285714285714285,0.08571428571428572
YER001W,0.045,0.015,0.08,0.055,0.05,0.03,0.01,0.065,0.07,0.105,0.02,0.07,0.045,0.025,0.075,0.075,0.05,0.06,0.01,0.045
YJL198W,0.065,0.0,0.095,0.085,0.065,0.04,0.01,0.045,0.1,0.065,0.02,0.06,0.03,0.03,0.04,0.08,0.07,0.05,0.005,0.045
YJL192C,0.065,0.0,0.03,0.045,0.075,0.055,0.01,0.075,0.05,0.105,0.025,0.075,0.04,0.03,0.045,0.075,0.08,0.06,0.005,0.055
YAR028W,0.065,0.015,0.04,0.065,0.055,0.04,0.03,0.08,0.055,0.085,0.05,0.05,0.035,0.02,0.015,0.105,0.065,0.075,0.01,0.045
YJL102W,0.07,0.01,0.055,0.03,0.04,0.06,0.02,0.11,0.07,0.05,0.025,0.06,0.03,0.02,0.07,0.07,0.085,0.08,0.025,0.02
YFR023W,0.015,0.005,0.045,0.07,0.06,0.04,0.025,0.05,0.13,0.095,0.02,0.085,0.055,0.01,0.035,0.11,0.06,0.06,0.0,0.03
YAL067C,0.025,0.005,0.065,0.08,0.055,0.03,0.025,0.075,0.08,0.075,0.015,0.065,0.025,0.04,0.04,0.075,0.06,0.07,0.03,0.065
YAL063C,0.08,0.04,0.035,0.02,0.045,0.09,0.005,0.06,0.03,0.075,0.02,0.07,0.06,0.03,0.01,0.105,0.1,0.045,0.015,0.065
YAL061W,0.08,0.05,0.05,0.065,0.035,0.105,0.045,0.06,0.05,0.07,0.02,0.035,0.07,0.015,0.035,0.03,0.04,0.09,0.02,0.035
YAL031C,0.065,0.02,0.05,0.05,0.03,0.015,0.015,0.095,0.095,0.145,0.015,0.07,0.05,0.04,0.045,0.075,0.01,0.06,0.01,0.045
YAL028W,0.07,0.005,0.07,0.04,0.04,0.06,0.07,0.02,0.115,0.045,0.035,0.035,0.065,0.05,0.04,0.115,0.04,0.055,0.005,0.025
YEL069C,0.06,0.02,0.065,0.03,0.045,0.125,0.015,0.095,0.03,0.1,0.035,0.04,0.04,0.015,0.035,0.085,0.02,0.08,0.015,0.05
YDR536W,0.06,0.02,0.025,0.035,0.07,0.125,0.015,0.08,0.05,0.085,0.035,0.035,0.015,0.025,0.04,0.085,0.09,0.055,0.02,0.035
YPR186C,0.03,0.055,0.03,0.065,0.045,0.045,0.075,0.03,0.075,0.085,0.01,0.04,0.055,0.05,0.065,0.105,0.07,0.035,0.0,0.035
YGL189C,0.12605042016806722,0.03361344537815126,0.03361344537815126,0.04201680672268908,0.008403361344537815,0.025210084033613446,0.025210084033613446,0.05042016806722689,0.12605042016806722,0.03361344537815126,0.01680672268907563,0.06722689075630252,0.07563025210084033,0.008403361344537815,0.13445378151260504,0.06722689075630252,0.008403361344537815,0.08403361344537816,0.0,0.03361344537815126
YEL006W,0.11,0.01,0.035,0.015,0.05,0.08,0.02,0.065,0.075,0.085,0.025,0.06,0.04,0.045,0.03,0.07,0.085,0.045,0.005,0.05
YER184C,0.075,0.045,0.03,0.05,0.05,0.05,0.005,0.07,0.11,0.095,0.01,0.06,0.035,0.045,0.045,0.115,0.05,0.015,0.005,0.04
YER045C,0.06,0.005,0.05,0.04,0.045,0.04,0.03,0.06,0.035,0.08,0.015,0.09,0.11,0.09,0.02,0.11,0.035,0.04,0.0,0.045
YEL065W,0.08,0.01,0.03,0.06,0.07,0.06,0.015,0.12,0.02,0.095,0.025,0.04,0.045,0.025,0.035,0.08,0.055,0.075,0.005,0.055
YEL029C,0.045,0.035,0.07,0.055,0.045,0.065,0.025,0.055,0.08,0.11,0.03,0.04,0.045,0.045,0.02,0.05,0.055,0.07,0.01,0.05
YEL020C,0.075,0.015,0.055,0.03,0.035,0.095,0.015,0.1,0.055,0.09,0.025,0.045,0.065,0.055,0.015,0.065,0.06,0.06,0.005,0.04
YEL004W,0.035,0.035,0.03,0.02,0.1,0.05,0.015,0.095,0.05,0.115,0.015,0.055,0.03,0.04,0.02,0.08,0.09,0.065,0.015,0.045
YER002W,0.065,0.0,0.09,0.12,0.01,0.05,0.005,0.045,0.13,0.06,0.02,0.06,0.03,0.035,0.08,0.045,0.045,0.07,0.01,0.03
YER014W,0.03,0.02,0.065,0.035,0.035,0.1,0.005,0.065,0.08,0.12,0.035,0.045,0.05,0.02,0.055,0.085,0.06,0.065,0.01,0.02
YER024W,0.05,0.01,0.085,0.07,0.04,0.03,0.025,0.045,0.055,0.135,0.01,0.05,0.08,0.05,0.05,0.09,0.05,0.04,0.0,0.035
YER030W,0.05228758169934641,0.0,0.1437908496732026,0.1895424836601307,0.006535947712418301,0.058823529411764705,0.006535947712418301,0.026143790849673203,0.13071895424836602,0.0392156862745098,0.0196078431372549,0.0457516339869281,0.0196078431372549,0.006535947712418301,0.058823529411764705,0.08496732026143791,0.05228758169934641,0.032679738562091505,0.0,0.026143790849673203
YER032W,0.015,0.02,0.045,0.065,0.015,0.015,0.055,0.06,0.075,0.055,0.03,0.075,0.055,0.04,0.08,0.15,0.065,0.075,0.005,0.005
YER038C,0.025,0.0,0.115,0.08,0.045,0.035,0.005,0.08,0.09,0.07,0.005,0.065,0.06,0.015,0.025,0.14,0.06,0.06,0.005,0.02
YER044C,0.04054054054054054,0.013513513513513514,0.006756756756756757,0.0472972972972973,0.08108108108108109,0.060810810810810814,0.02027027027027027,0.05405405405405406,0.05405405405405406,0.10810810810810811,0.0472972972972973,0.013513513513513514,0.033783783783783786,0.02027027027027027,0.04054054054054054,0.07432432432432433,0.11486486486486487,0.08108108108108109,0.02702702702702703,0.060810810810810814
YER046W,0.02097902097902098,0.006993006993006993,0.06293706293706294,0.04895104895104895,0.04895104895104895,0.055944055944055944,0.02097902097902098,0.055944055944055944,0.06293706293706294,0.11888111888111888,0.02097902097902098,0.06993006993006994,0.055944055944055944,0.027972027972027972,0.055944055944055944,0.0979020979020979,0.055944055944055944,0.04195804195804196,0.03496503496503497,0.03496503496503497
YER053C,0.06,0.035,0.015,0.04,0.055,0.085,0.01,0.06,0.1,0.075,0.035,0.03,0.055,0.045,0.02,0.06,0.07,0.06,0.02,0.07
YER059W,0.045,0.0,0.07,0.055,0.015,0.035,0.01,0.05,0.055,0.06,0.025,0.11,0.04,0.055,0.05,0.155,0.095,0.055,0.0,0.02
YER067W,0.037267080745341616,0.012422360248447204,0.08695652173913043,0.11801242236024845,0.062111801242236024,0.031055900621118012,0.08695652173913043,0.037267080745341616,0.12422360248447205,0.049689440993788817,0.012422360248447204,0.024844720496894408,0.037267080745341616,0.031055900621118012,0.018633540372670808,0.031055900621118012,0.07453416149068323,0.08695652173913043,0.006211180124223602,0.031055900621118012
YER071C,0.023809523809523808,0.007936507936507936,0.06349206349206349,0.10317460317460317,0.015873015873015872,0.031746031746031744,0.015873015873015872,0.0873015873015873,0.10317460317460317,0.14285714285714285,0.015873015873015872,0.10317460317460317,0.015873015873015872,0.015873015873015872,0.015873015873015872,0.1111111111111111,0.047619047619047616,0.023809523809523808,0.015873015873015872,0.03968253968253968
YER113C,0.03,0.015,0.07,0.05,0.035,0.05,0.03,0.055,0.075,0.105,0.03,0.035,0.065,0.03,0.055,0.055,0.08,0.065,0.015,0.055
YER119C,0.095,0.025,0.02,0.005,0.045,0.06,0.015,0.085,0.03,0.155,0.045,0.04,0.055,0.03,0.045,0.08,0.025,0.1,0.01,0.035
YER124C,0.025,0.015,0.055,0.035,0.035,0.025,0.015,0.095,0.12,0.09,0.035,0.08,0.055,0.045,0.025,0.085,0.08,0.035,0.01,0.04
YER127W,0.07,0.005,0.07,0.12,0.005,0.045,0.02,0.045,0.09,0.115,0.025,0.07,0.025,0.02,0.05,0.11,0.04,0.035,0.0,0.04
YER128W,0.05,0.015,0.06,0.085,0.02,0.02,0.01,0.04,0.11,0.09,0.02,0.055,0.05,0.055,0.045,0.08,0.085,0.05,0.015,0.045
YER140W,0.05,0.01,0.05,0.065,0.05,0.01,0.035,0.085,0.095,0.12,0.045,0.025,0.02,0.04,0.08,0.09,0.04,0.03,0.01,0.05
YER145C,0.08,0.02,0.02,0.04,0.07,0.09,0.015,0.1,0.045,0.115,0.045,0.015,0.03,0.025,0.06,0.05,0.02,0.105,0.015,0.04
YER150W,0.14189189189189189,0.02027027027027027,0.02027027027027027,0.0472972972972973,0.02702702702702703,0.04054054054054054,0.006756756756756757,0.04054054054054054,0.013513513513513514,0.08108108108108109,0.02702702702702703,0.060810810810810814,0.07432432432432433,0.006756756756756757,0.006756756756756757,0.12837837837837837,0.16216216216216217,0.07432432432432433,0.0,0.02027027027027027
YNL200C,0.045,0.02,0.035,0.065,0.065,0.08,0.015,0.055,0.08,0.095,0.02,0.035,0.075,0.05,0.03,0.055,0.04,0.11,0.01,0.02
YNL194C,0.095,0.02,0.01,0.01,0.095,0.065,0.01,0.05,0.035,0.13,0.025,0.065,0.03,0.01,0.055,0.085,0.075,0.045,0.035,0.055
YIL051C,0.10344827586206896,0.006896551724137931,0.027586206896551724,0.04827586206896552,0.04827586206896552,0.027586206896551724,0.020689655172413793,0.041379310344827586,0.06896551724137931,0.07586206896551724,0.027586206896551724,0.0896551724137931,0.06206896551724138,0.034482758620689655,0.034482758620689655,0.0896551724137931,0.04827586206896552,0.11724137931034483,0.0,0.027586206896551724
YMR134W,0.015,0.01,0.06,0.125,0.065,0.055,0.03,0.075,0.08,0.125,0.015,0.04,0.025,0.015,0.065,0.055,0.04,0.06,0.0,0.045
YMR142C,0.1658291457286432,0.0,0.035175879396984924,0.07035175879396985,0.04020100502512563,0.04020100502512563,0.020100502512562814,0.05025125628140704,0.10050251256281408,0.05527638190954774,0.005025125628140704,0.04020100502512563,0.04522613065326633,0.04522613065326633,0.1306532663316583,0.03015075376884422,0.035175879396984924,0.07035175879396985,0.005025125628140704,0.01507537688442211
YMR145C,0.07,0.0,0.025,0.04,0.04,0.05,0.015,0.035,0.085,0.105,0.01,0.045,0.05,0.03,0.055,0.105,0.08,0.1,0.01,0.05
YGR121C,0.095,0.01,0.025,0.035,0.08,0.11,0.005,0.055,0.03,0.11,0.035,0.035,0.04,0.015,0.035,0.065,0.055,0.065,0.045,0.055
YJL093C,0.065,0.02,0.04,0.035,0.055,0.045,0.01,0.075,0.05,0.09,0.035,0.075,0.04,0.03,0.03,0.095,0.07,0.105,0.015,0.02
YNL111C,0.041666666666666664,0.0,0.09166666666666666,0.09166666666666666,0.025,0.09166666666666666,0.025,0.075,0.058333333333333334,0.09166666666666666,0.025,0.03333333333333333,0.025,0.03333333333333333,0.016666666666666666,0.08333333333333333,0.03333333333333333,0.1,0.008333333333333333,0.05
YPR073C,0.031055900621118012,0.024844720496894408,0.062111801242236024,0.07453416149068323,0.06832298136645963,0.062111801242236024,0.037267080745341616,0.09937888198757763,0.11801242236024845,0.037267080745341616,0.018633540372670808,0.07453416149068323,0.031055900621118012,0.043478260869565216,0.018633540372670808,0.055900621118012424,0.049689440993788817,0.043478260869565216,0.012422360248447204,0.037267080745341616
YPL227C,0.05,0.01,0.06,0.075,0.06,0.055,0.02,0.08,0.07,0.12,0.01,0.04,0.03,0.03,0.055,0.07,0.06,0.055,0.005,0.045
YOR067C,0.04,0.005,0.05,0.045,0.09,0.04,0.02,0.09,0.08,0.115,0.01,0.035,0.04,0.035,0.035,0.08,0.06,0.06,0.03,0.04
YJL068C,0.065,0.02,0.06,0.03,0.06,0.09,0.03,0.04,0.075,0.055,0.02,0.065,0.06,0.045,0.025,0.075,0.045,0.055,0.015,0.07
YJL065C,0.0658682634730539,0.005988023952095809,0.10778443113772455,0.08383233532934131,0.029940119760479042,0.011976047904191617,0.023952095808383235,0.03592814371257485,0.03592814371257485,0.07784431137724551,0.017964071856287425,0.059880239520958084,0.0718562874251497,0.0718562874251497,0.029940119760479042,0.0658682634730539,0.07784431137724551,0.09580838323353294,0.0,0.029940119760479042
YJR064W,0.1,0.005,0.09,0.06,0.025,0.065,0.02,0.1,0.08,0.11,0.025,0.03,0.04,0.05,0.04,0.08,0.04,0.04,0.0,0.0
YIL169C,0.08,0.0,0.04,0.005,0.01,0.02,0.0,0.025,0.005,0.03,0.005,0.02,0.005,0.06,0.005,0.52,0.04,0.115,0.0,0.015
YIL157C,0.07106598984771574,0.0,0.04568527918781726,0.06598984771573604,0.04060913705583756,0.05583756345177665,0.015228426395939087,0.09137055837563451,0.07106598984771574,0.10152284263959391,0.01015228426395939,0.05583756345177665,0.04568527918781726,0.005076142131979695,0.07106598984771574,0.07614213197969544,0.07614213197969544,0.06598984771573604,0.01015228426395939,0.025380710659898477
YIL145C,0.04,0.01,0.045,0.065,0.065,0.05,0.02,0.055,0.05,0.095,0.035,0.055,0.055,0.055,0.05,0.055,0.065,0.11,0.005,0.02
YIL120W,0.1,0.025,0.045,0.05,0.05,0.07,0.015,0.09,0.03,0.06,0.03,0.06,0.025,0.035,0.05,0.09,0.05,0.085,0.005,0.035
YIL114C,0.08,0.01,0.045,0.03,0.08,0.075,0.01,0.055,0.045,0.075,0.01,0.085,0.025,0.05,0.065,0.09,0.075,0.05,0.01,0.035
YIL110W,0.04,0.01,0.1,0.09,0.06,0.045,0.005,0.045,0.045,0.13,0.01,0.065,0.03,0.03,0.045,0.1,0.055,0.065,0.005,0.025
YIL104C,0.04,0.005,0.1,0.085,0.05,0.05,0.015,0.1,0.07,0.085,0.02,0.075,0.03,0.04,0.03,0.06,0.07,0.04,0.005,0.03
YIL098C,0.04516129032258064,0.0,0.07741935483870968,0.07096774193548387,0.01935483870967742,0.03225806451612903,0.012903225806451613,0.07096774193548387,0.10967741935483871,0.1032258064516129,0.012903225806451613,0.07741935483870968,0.03225806451612903,0.05161290322580645,0.09032258064516129,0.04516129032258064,0.03870967741935484,0.05806451612903226,0.01935483870967742,0.03225806451612903
YIL096C,0.025,0.005,0.045,0.065,0.06,0.05,0.03,0.08,0.14,0.09,0.015,0.1,0.025,0.05,0.05,0.06,0.03,0.045,0.01,0.025
YIL090W,0.04,0.02,0.01,0.035,0.095,0.06,0.01,0.065,0.03,0.15,0.01,0.07,0.015,0.03,0.03,0.115,0.085,0.05,0.015,0.065
YIL085C,0.05,0.025,0.075,0.05,0.095,0.045,0.02,0.05,0.07,0.075,0.045,0.06,0.045,0.035,0.055,0.045,0.05,0.04,0.015,0.055
YIL064W,0.055,0.01,0.105,0.065,0.05,0.085,0.01,0.075,0.075,0.095,0.02,0.05,0.01,0.04,0.02,0.07,0.055,0.065,0.015,0.03
YIL063C,0.07,0.0,0.105,0.115,0.04,0.08,0.01,0.02,0.17,0.035,0.005,0.055,0.045,0.025,0.015,0.095,0.07,0.045,0.0,0.0
YIL062C,0.07142857142857142,0.0,0.07792207792207792,0.045454545454545456,0.012987012987012988,0.05844155844155844,0.006493506493506494,0.045454545454545456,0.03896103896103896,0.11038961038961038,0.01948051948051948,0.01948051948051948,0.05844155844155844,0.07792207792207792,0.06493506493506493,0.07142857142857142,0.07792207792207792,0.09090909090909091,0.012987012987012988,0.03896103896103896
YIL056W,0.045,0.005,0.045,0.04,0.06,0.045,0.015,0.06,0.075,0.05,0.01,0.09,0.04,0.075,0.055,0.145,0.065,0.04,0.005,0.035
YIL049W,0.035,0.025,0.015,0.035,0.08,0.025,0.03,0.09,0.06,0.14,0.015,0.05,0.04,0.015,0.04,0.085,0.045,0.05,0.02,0.105
YIL047C,0.06,0.015,0.075,0.07,0.04,0.035,0.01,0.025,0.095,0.09,0.025,0.03,0.03,0.045,0.07,0.14,0.02,0.04,0.02,0.065
YIL044C,0.06,0.02,0.045,0.035,0.015,0.03,0.04,0.045,0.09,0.125,0.005,0.065,0.04,0.045,0.035,0.155,0.07,0.04,0.02,0.02
YIL040W,0.036231884057971016,0.014492753623188406,0.021739130434782608,0.028985507246376812,0.10144927536231885,0.014492753623188406,0.014492753623188406,0.07971014492753623,0.050724637681159424,0.14492753623188406,0.043478260869565216,0.043478260869565216,0.021739130434782608,0.07246376811594203,0.028985507246376812,0.043478260869565216,0.07971014492753623,0.07971014492753623,0.007246376811594203,0.07246376811594203
YIL039W,0.045,0.015,0.075,0.05,0.055,0.05,0.03,0.07,0.075,0.055,0.02,0.07,0.045,0.055,0.045,0.06,0.045,0.05,0.03,0.06
YIL014W,0.055,0.01,0.045,0.05,0.06,0.02,0.02,0.05,0.065,0.135,0.02,0.08,0.03,0.03,0.075,0.11,0.045,0.05,0.015,0.035
YIL013C,0.045,0.01,0.05,0.09,0.065,0.07,0.04,0.07,0.075,0.075,0.01,0.055,0.035,0.035,0.035,0.085,0.045,0.065,0.005,0.04
YIL011W,0.18,0.0,0.04,0.07,0.025,0.03,0.005,0.04,0.02,0.055,0.03,0.015,0.02,0.04,0.005,0.275,0.065,0.05,0.005,0.03
YIR009W,0.06306306306306306,0.0,0.02702702702702703,0.07207207207207207,0.07207207207207207,0.036036036036036036,0.018018018018018018,0.04504504504504504,0.0990990990990991,0.0990990990990991,0.036036036036036036,0.05405405405405406,0.02702702702702703,0.06306306306306306,0.07207207207207207,0.05405405405405406,0.08108108108108109,0.07207207207207207,0.0,0.009009009009009009
YIR018W,0.06,0.02,0.035,0.11,0.01,0.005,0.045,0.04,0.125,0.115,0.01,0.07,0.05,0.06,0.07,0.06,0.05,0.04,0.005,0.02
YIR024C,0.06,0.0,0.08,0.085,0.025,0.055,0.01,0.085,0.13,0.105,0.045,0.055,0.025,0.015,0.055,0.04,0.035,0.08,0.005,0.01
YIR035C,0.09,0.005,0.06,0.045,0.04,0.08,0.01,0.06,0.08,0.075,0.025,0.065,0.025,0.02,0.025,0.085,0.03,0.14,0.01,0.03
YIR038C,0.065,0.0,0.065,0.065,0.065,0.05,0.035,0.07,0.075,0.12,0.03,0.03,0.055,0.04,0.04,0.08,0.005,0.055,0.01,0.045
YIR039C,0.05,0.02,0.065,0.03,0.05,0.07,0.0,0.065,0.025,0.08,0.025,0.09,0.02,0.025,0.005,0.125,0.12,0.07,0.005,0.06
YJL096W,0.049689440993788817,0.0,0.031055900621118012,0.031055900621118012,0.037267080745341616,0.037267080745341616,0.024844720496894408,0.06832298136645963,0.09316770186335403,0.10559006211180125,0.018633540372670808,0.049689440993788817,0.049689440993788817,0.018633540372670808,0.08695652173913043,0.07453416149068323,0.12422360248447205,0.062111801242236024,0.006211180124223602,0.031055900621118012
YJL219W,0.055,0.01,0.04,0.02,0.04,0.11,0.005,0.125,0.045,0.085,0.02,0.065,0.035,0.025,0.035,0.095,0.07,0.075,0.01,0.035
YJL214W,0.06,0.025,0.04,0.075,0.05,0.095,0.01,0.105,0.035,0.06,0.035,0.045,0.04,0.015,0.03,0.095,0.05,0.08,0.01,0.045
YJL212C,0.06,0.01,0.065,0.08,0.055,0.025,0.015,0.065,0.045,0.075,0.015,0.05,0.08,0.025,0.04,0.075,0.08,0.085,0.02,0.035
YDR488C,0.09,0.01,0.06,0.135,0.015,0.035,0.02,0.03,0.065,0.075,0.035,0.05,0.035,0.09,0.05,0.065,0.07,0.05,0.005,0.015
YDR034C,0.045,0.035,0.05,0.055,0.025,0.065,0.02,0.015,0.065,0.06,0.015,0.105,0.065,0.03,0.055,0.15,0.085,0.04,0.005,0.015
YEL017C-A,0.06976744186046512,0.023255813953488372,0.0,0.0,0.046511627906976744,0.09302325581395349,0.0,0.16279069767441862,0.023255813953488372,0.13953488372093023,0.046511627906976744,0.0,0.023255813953488372,0.06976744186046512,0.09302325581395349,0.046511627906976744,0.046511627906976744,0.06976744186046512,0.023255813953488372,0.023255813953488372
YJR036C,0.035,0.045,0.055,0.05,0.03,0.055,0.03,0.05,0.09,0.115,0.015,0.055,0.025,0.02,0.07,0.135,0.04,0.075,0.0,0.01
YDR182W,0.02,0.005,0.07,0.035,0.045,0.05,0.03,0.055,0.095,0.06,0.02,0.035,0.04,0.035,0.09,0.1,0.03,0.07,0.045,0.07
YLR388W,0.03571428571428571,0.07142857142857142,0.017857142857142856,0.03571428571428571,0.07142857142857142,0.08928571428571429,0.05357142857142857,0.05357142857142857,0.07142857142857142,0.03571428571428571,0.017857142857142856,0.07142857142857142,0.017857142857142856,0.03571428571428571,0.14285714285714285,0.07142857142857142,0.017857142857142856,0.03571428571428571,0.017857142857142856,0.03571428571428571
YDL061C,0.03571428571428571,0.07142857142857142,0.03571428571428571,0.03571428571428571,0.07142857142857142,0.07142857142857142,0.07142857142857142,0.03571428571428571,0.07142857142857142,0.03571428571428571,0.017857142857142856,0.05357142857142857,0.017857142857142856,0.03571428571428571,0.14285714285714285,0.07142857142857142,0.017857142857142856,0.05357142857142857,0.017857142857142856,0.03571428571428571
YJL004C,0.035,0.01,0.04,0.05,0.085,0.04,0.015,0.095,0.04,0.15,0.005,0.035,0.035,0.045,0.04,0.09,0.055,0.06,0.04,0.035
YLR459W,0.055,0.015,0.02,0.02,0.045,0.04,0.015,0.11,0.03,0.19,0.015,0.045,0.04,0.04,0.035,0.13,0.035,0.07,0.01,0.04
YGR105W,0.11688311688311688,0.0,0.06493506493506493,0.03896103896103896,0.06493506493506493,0.03896103896103896,0.012987012987012988,0.07792207792207792,0.05194805194805195,0.09090909090909091,0.05194805194805195,0.05194805194805195,0.03896103896103896,0.025974025974025976,0.025974025974025976,0.012987012987012988,0.06493506493506493,0.15584415584415584,0.0,0.012987012987012988
YNL062C,0.025,0.0,0.055,0.09,0.04,0.04,0.015,0.08,0.125,0.07,0.015,0.075,0.035,0.04,0.02,0.125,0.04,0.07,0.0,0.04
YDR046C,0.055,0.005,0.035,0.065,0.055,0.07,0.02,0.04,0.055,0.09,0.05,0.06,0.03,0.015,0.03,0.12,0.085,0.075,0.015,0.03
YPL177C,0.06,0.01,0.03,0.065,0.02,0.03,0.02,0.055,0.07,0.065,0.015,0.095,0.07,0.06,0.045,0.14,0.065,0.035,0.005,0.045
YPL266W,0.07,0.01,0.035,0.045,0.04,0.055,0.015,0.055,0.085,0.095,0.04,0.05,0.075,0.045,0.06,0.065,0.045,0.09,0.005,0.02
YOL110W,0.06,0.02,0.06,0.1,0.065,0.075,0.035,0.015,0.015,0.105,0.01,0.03,0.045,0.03,0.065,0.105,0.04,0.075,0.015,0.035
YPL092W,0.07,0.02,0.025,0.02,0.075,0.045,0.015,0.1,0.035,0.11,0.06,0.06,0.04,0.015,0.03,0.07,0.04,0.075,0.035,0.06
YGR194C,0.07,0.03,0.04,0.08,0.035,0.045,0.04,0.04,0.07,0.105,0.025,0.025,0.04,0.08,0.03,0.085,0.05,0.06,0.015,0.035
YNL318C,0.04,0.015,0.045,0.035,0.05,0.12,0.03,0.13,0.04,0.09,0.02,0.045,0.02,0.03,0.025,0.07,0.075,0.065,0.02,0.035
YNL313C,0.095,0.0,0.035,0.07,0.05,0.065,0.01,0.08,0.055,0.14,0.025,0.03,0.035,0.05,0.02,0.09,0.05,0.055,0.015,0.03
YNL311C,0.035,0.02,0.06,0.055,0.06,0.025,0.025,0.05,0.085,0.14,0.01,0.07,0.015,0.04,0.05,0.14,0.05,0.04,0.0,0.03
YNL306W,0.04,0.01,0.045,0.055,0.055,0.07,0.015,0.05,0.11,0.07,0.025,0.065,0.03,0.025,0.045,0.095,0.06,0.085,0.015,0.035
YLR139C,0.02,0.005,0.03,0.03,0.04,0.035,0.03,0.05,0.11,0.135,0.005,0.06,0.065,0.06,0.045,0.14,0.075,0.02,0.015,0.03
YGR199W,0.065,0.01,0.055,0.07,0.085,0.05,0.035,0.05,0.065,0.085,0.03,0.06,0.03,0.04,0.03,0.055,0.06,0.05,0.015,0.06
YGR203W,0.0472972972972973,0.013513513513513514,0.07432432432432433,0.05405405405405406,0.02027027027027027,0.08108108108108109,0.04054054054054054,0.02027027027027027,0.033783783783783786,0.12837837837837837,0.033783783783783786,0.013513513513513514,0.033783783783783786,0.0472972972972973,0.0945945945945946,0.07432432432432433,0.0472972972972973,0.05405405405405406,0.033783783783783786,0.05405405405405406
YGR205W,0.01,0.015,0.08,0.06,0.075,0.085,0.02,0.065,0.085,0.115,0.02,0.07,0.05,0.05,0.015,0.045,0.05,0.035,0.015,0.04
YJL110C,0.075,0.025,0.04,0.045,0.025,0.05,0.035,0.035,0.065,0.08,0.025,0.135,0.045,0.04,0.06,0.1,0.06,0.04,0.01,0.01
YJL103C,0.04,0.035,0.035,0.03,0.03,0.03,0.045,0.06,0.095,0.075,0.015,0.095,0.055,0.07,0.06,0.085,0.085,0.045,0.0,0.015
YFL054C,0.045,0.0,0.045,0.06,0.01,0.065,0.005,0.025,0.065,0.085,0.03,0.075,0.06,0.04,0.095,0.155,0.06,0.045,0.01,0.025
YFL052W,0.035,0.08,0.065,0.04,0.035,0.04,0.005,0.045,0.085,0.115,0.025,0.035,0.03,0.045,0.07,0.085,0.04,0.06,0.01,0.055
YFL050C,0.11,0.005,0.04,0.085,0.03,0.05,0.03,0.025,0.065,0.07,0.015,0.05,0.035,0.025,0.065,0.175,0.065,0.035,0.0,0.025
YFL049W,0.045,0.0,0.055,0.095,0.055,0.07,0.025,0.07,0.085,0.105,0.02,0.04,0.035,0.055,0.025,0.045,0.055,0.085,0.0,0.035
YFL042C,0.04,0.0,0.075,0.085,0.03,0.025,0.03,0.04,0.045,0.03,0.025,0.065,0.075,0.045,0.07,0.155,0.075,0.065,0.005,0.02
YFL028C,0.03,0.015,0.08,0.06,0.03,0.06,0.02,0.055,0.05,0.145,0.025,0.04,0.025,0.03,0.085,0.07,0.055,0.085,0.025,0.015
YFL021W,0.05,0.02,0.125,0.015,0.07,0.025,0.04,0.065,0.01,0.085,0.03,0.1,0.045,0.025,0.045,0.125,0.045,0.05,0.01,0.02
YFL011W,0.04,0.02,0.04,0.025,0.05,0.13,0.005,0.12,0.04,0.1,0.03,0.01,0.025,0.03,0.05,0.095,0.065,0.075,0.015,0.035
YFL010C,0.095,0.0,0.07,0.025,0.02,0.13,0.015,0.0,0.025,0.03,0.025,0.035,0.125,0.125,0.025,0.075,0.04,0.045,0.02,0.075
YFR005C,0.04,0.04,0.06,0.065,0.06,0.03,0.055,0.06,0.07,0.11,0.015,0.06,0.04,0.04,0.04,0.06,0.035,0.065,0.0,0.055
YFR013W,0.065,0.0,0.065,0.045,0.025,0.015,0.02,0.045,0.125,0.06,0.025,0.06,0.095,0.055,0.05,0.13,0.045,0.05,0.005,0.02
YFR017C,0.05128205128205128,0.010256410256410256,0.06666666666666667,0.05128205128205128,0.041025641025641026,0.05641025641025641,0.035897435897435895,0.041025641025641026,0.035897435897435895,0.041025641025641026,0.035897435897435895,0.07692307692307693,0.09230769230769231,0.046153846153846156,0.07692307692307693,0.12307692307692308,0.06153846153846154,0.03076923076923077,0.0,0.02564102564102564
YFR029W,0.05,0.035,0.075,0.07,0.02,0.05,0.04,0.045,0.045,0.105,0.01,0.03,0.04,0.045,0.06,0.13,0.09,0.045,0.005,0.01
YFR042W,0.05,0.01,0.02,0.025,0.07,0.035,0.035,0.08,0.07,0.195,0.02,0.03,0.025,0.02,0.035,0.07,0.05,0.06,0.02,0.08
YFR047C,0.08,0.025,0.045,0.05,0.035,0.09,0.02,0.05,0.065,0.095,0.025,0.05,0.035,0.025,0.045,0.08,0.06,0.075,0.02,0.03
YLR098C,0.04,0.03,0.04,0.055,0.015,0.02,0.005,0.04,0.085,0.075,0.02,0.085,0.075,0.065,0.06,0.155,0.075,0.035,0.0,0.025
YJL042W,0.075,0.005,0.06,0.065,0.02,0.045,0.065,0.035,0.075,0.04,0.015,0.035,0.08,0.03,0.09,0.145,0.055,0.06,0.005,0.0
YPL241C,0.04,0.025,0.05,0.075,0.06,0.025,0.02,0.07,0.11,0.11,0.005,0.06,0.01,0.025,0.045,0.125,0.09,0.03,0.0,0.025
YGR197C,0.075,0.015,0.055,0.055,0.055,0.09,0.02,0.065,0.055,0.06,0.005,0.05,0.045,0.025,0.05,0.125,0.05,0.06,0.01,0.035
YJL089W,0.045,0.04,0.075,0.02,0.06,0.035,0.015,0.035,0.08,0.125,0.01,0.115,0.035,0.035,0.05,0.08,0.07,0.035,0.005,0.035
YJL117W,0.08,0.0,0.045,0.03,0.05,0.05,0.015,0.08,0.075,0.115,0.005,0.06,0.06,0.035,0.045,0.07,0.05,0.095,0.005,0.035
YPL076W,0.045,0.01,0.05,0.02,0.07,0.005,0.0,0.105,0.06,0.135,0.015,0.025,0.045,0.03,0.045,0.135,0.095,0.04,0.025,0.045
YJL121C,0.095,0.025,0.07,0.05,0.055,0.075,0.04,0.06,0.085,0.075,0.045,0.03,0.075,0.025,0.02,0.035,0.05,0.075,0.01,0.005
YJR132W,0.08,0.025,0.065,0.065,0.03,0.045,0.015,0.06,0.065,0.135,0.015,0.07,0.04,0.02,0.035,0.065,0.055,0.065,0.015,0.035
YJR127C,0.07,0.045,0.045,0.035,0.105,0.04,0.035,0.06,0.08,0.085,0.01,0.04,0.075,0.035,0.095,0.045,0.05,0.03,0.01,0.01
YJL186W,0.045,0.02,0.055,0.05,0.04,0.06,0.025,0.06,0.08,0.12,0.01,0.055,0.04,0.025,0.035,0.11,0.055,0.075,0.01,0.03
YJL171C,0.07,0.03,0.05,0.03,0.05,0.095,0.015,0.03,0.045,0.07,0.015,0.065,0.035,0.025,0.025,0.14,0.06,0.07,0.01,0.07
YJL123C,0.055,0.0,0.06,0.195,0.02,0.065,0.01,0.04,0.12,0.05,0.01,0.075,0.025,0.05,0.005,0.115,0.045,0.045,0.015,0.0
YJL122W,0.07428571428571429,0.0,0.045714285714285714,0.05714285714285714,0.017142857142857144,0.05142857142857143,0.017142857142857144,0.045714285714285714,0.13142857142857142,0.10857142857142857,0.011428571428571429,0.06857142857142857,0.03428571428571429,0.04,0.05142857142857143,0.12,0.06285714285714286,0.045714285714285714,0.005714285714285714,0.011428571428571429
YJL082W,0.085,0.01,0.035,0.09,0.05,0.05,0.005,0.03,0.09,0.1,0.05,0.03,0.02,0.05,0.04,0.12,0.075,0.045,0.005,0.02
YJL059W,0.045,0.02,0.04,0.02,0.095,0.065,0.01,0.085,0.045,0.15,0.02,0.03,0.04,0.035,0.01,0.11,0.045,0.07,0.015,0.05
YJL054W,0.065,0.0,0.055,0.065,0.02,0.05,0.005,0.085,0.085,0.085,0.015,0.035,0.09,0.035,0.06,0.09,0.04,0.065,0.015,0.04
YJL045W,0.1,0.015,0.055,0.04,0.035,0.11,0.05,0.045,0.07,0.065,0.03,0.02,0.03,0.04,0.05,0.07,0.065,0.05,0.01,0.05
YJL038C,0.075,0.01,0.04,0.105,0.045,0.055,0.005,0.08,0.085,0.115,0.005,0.065,0.015,0.04,0.06,0.045,0.05,0.07,0.0,0.035
YJL037W,0.05,0.015,0.02,0.085,0.035,0.06,0.005,0.07,0.105,0.11,0.025,0.055,0.005,0.035,0.04,0.075,0.085,0.105,0.0,0.02
YJL008C,0.07,0.01,0.045,0.07,0.01,0.07,0.02,0.1,0.075,0.11,0.055,0.06,0.035,0.045,0.025,0.07,0.035,0.075,0.0,0.02
YJR013W,0.045,0.015,0.03,0.025,0.08,0.06,0.02,0.11,0.045,0.135,0.02,0.04,0.035,0.025,0.05,0.05,0.06,0.06,0.02,0.075
YJR014W,0.08585858585858586,0.025252525252525252,0.050505050505050504,0.12626262626262627,0.025252525252525252,0.045454545454545456,0.010101010101010102,0.06060606060606061,0.15656565656565657,0.08080808080808081,0.015151515151515152,0.025252525252525252,0.015151515151515152,0.025252525252525252,0.045454545454545456,0.06060606060606061,0.04040404040404041,0.0707070707070707,0.005050505050505051,0.030303030303030304
YJR024C,0.065,0.04,0.07,0.04,0.05,0.05,0.04,0.09,0.075,0.08,0.025,0.045,0.07,0.035,0.02,0.055,0.06,0.045,0.01,0.035
YJR067C,0.03546099290780142,0.0070921985815602835,0.09929078014184398,0.07801418439716312,0.03546099290780142,0.07092198581560284,0.02127659574468085,0.07092198581560284,0.09219858156028368,0.09219858156028368,0.014184397163120567,0.0425531914893617,0.03546099290780142,0.03546099290780142,0.0425531914893617,0.07801418439716312,0.04964539007092199,0.04964539007092199,0.02127659574468085,0.028368794326241134
YJR074W,0.065,0.01,0.065,0.1,0.025,0.055,0.02,0.055,0.055,0.085,0.015,0.04,0.04,0.06,0.025,0.055,0.095,0.1,0.015,0.02
YJR097W,0.029069767441860465,0.03488372093023256,0.09302325581395349,0.08139534883720931,0.05232558139534884,0.040697674418604654,0.03488372093023256,0.06395348837209303,0.05813953488372093,0.10465116279069768,0.023255813953488372,0.06395348837209303,0.01744186046511628,0.046511627906976744,0.05232558139534884,0.0872093023255814,0.040697674418604654,0.03488372093023256,0.005813953488372093,0.03488372093023256
YJR101W,0.05,0.005,0.03,0.06,0.065,0.05,0.025,0.055,0.065,0.12,0.015,0.1,0.045,0.035,0.025,0.095,0.045,0.065,0.015,0.035
YJR110W,0.025,0.01,0.055,0.045,0.05,0.05,0.035,0.065,0.065,0.12,0.005,0.05,0.05,0.045,0.035,0.085,0.075,0.055,0.02,0.06
YJR122W,0.025,0.005,0.04,0.065,0.055,0.065,0.02,0.09,0.08,0.105,0.005,0.06,0.06,0.015,0.05,0.065,0.085,0.06,0.01,0.04
YJR126C,0.06,0.0,0.06,0.095,0.04,0.05,0.015,0.035,0.06,0.075,0.05,0.055,0.03,0.03,0.08,0.09,0.06,0.045,0.005,0.065
YJR136C,0.015,0.015,0.07,0.05,0.02,0.045,0.02,0.095,0.06,0.17,0.025,0.06,0.025,0.045,0.055,0.08,0.075,0.045,0.01,0.02
YJR151C,0.075,0.0,0.03,0.025,0.02,0.03,0.015,0.07,0.02,0.035,0.01,0.015,0.06,0.005,0.03,0.145,0.325,0.045,0.005,0.04
YJR158W,0.07,0.02,0.045,0.035,0.05,0.125,0.015,0.075,0.035,0.095,0.035,0.05,0.045,0.02,0.03,0.085,0.025,0.075,0.015,0.055
YMR170C,0.12,0.01,0.05,0.055,0.045,0.055,0.005,0.065,0.08,0.105,0.01,0.055,0.06,0.045,0.015,0.06,0.075,0.045,0.015,0.03
YOR337W,0.05,0.03,0.05,0.05,0.015,0.04,0.01,0.04,0.065,0.09,0.02,0.11,0.05,0.04,0.065,0.115,0.085,0.05,0.005,0.02
YDR019C,0.05,0.01,0.06,0.05,0.055,0.08,0.04,0.045,0.075,0.115,0.02,0.045,0.045,0.04,0.03,0.07,0.075,0.065,0.01,0.02
YGR154C,0.05,0.005,0.07,0.07,0.05,0.065,0.03,0.07,0.08,0.095,0.005,0.045,0.055,0.01,0.05,0.08,0.045,0.07,0.015,0.04
YDL234C,0.03,0.02,0.04,0.06,0.065,0.045,0.02,0.06,0.065,0.14,0.015,0.065,0.07,0.04,0.025,0.1,0.055,0.045,0.015,0.025
YOL033W,0.045,0.03,0.035,0.07,0.035,0.045,0.02,0.07,0.095,0.13,0.02,0.035,0.065,0.02,0.075,0.09,0.045,0.02,0.005,0.05
YPL097W,0.03,0.015,0.055,0.04,0.03,0.07,0.015,0.04,0.06,0.115,0.02,0.065,0.045,0.05,0.07,0.105,0.05,0.08,0.01,0.035
YNL294C,0.06,0.03,0.04,0.04,0.055,0.035,0.025,0.095,0.025,0.11,0.025,0.045,0.025,0.03,0.06,0.085,0.045,0.105,0.01,0.055
YOR369C,0.0979020979020979,0.0,0.04895104895104895,0.1258741258741259,0.006993006993006993,0.06993006993006994,0.013986013986013986,0.04195804195804196,0.06293706293706294,0.1048951048951049,0.02097902097902098,0.03496503496503497,0.013986013986013986,0.03496503496503497,0.04195804195804196,0.04895104895104895,0.055944055944055944,0.16083916083916083,0.013986013986013986,0.0
YOR265W,0.0660377358490566,0.0,0.10377358490566038,0.12264150943396226,0.018867924528301886,0.018867924528301886,0.009433962264150943,0.02830188679245283,0.14150943396226415,0.1320754716981132,0.009433962264150943,0.0,0.02830188679245283,0.07547169811320754,0.03773584905660377,0.04716981132075472,0.0660377358490566,0.04716981132075472,0.0,0.04716981132075472
YLR325C,0.07692307692307693,0.0,0.038461538461538464,0.02564102564102564,0.038461538461538464,0.038461538461538464,0.0,0.0641025641025641,0.16666666666666666,0.11538461538461539,0.01282051282051282,0.05128205128205128,0.038461538461538464,0.038461538461538464,0.07692307692307693,0.05128205128205128,0.08974358974358974,0.0641025641025641,0.0,0.01282051282051282
YGR055W,0.1,0.02,0.025,0.05,0.08,0.095,0.0,0.08,0.05,0.08,0.03,0.065,0.01,0.035,0.02,0.075,0.07,0.065,0.015,0.035
YNR034W,0.07,0.005,0.065,0.07,0.05,0.08,0.025,0.055,0.1,0.075,0.02,0.045,0.025,0.025,0.05,0.095,0.05,0.06,0.01,0.025
YDR505C,0.02,0.0,0.07,0.02,0.055,0.065,0.015,0.03,0.03,0.075,0.05,0.165,0.065,0.06,0.04,0.15,0.045,0.02,0.0,0.025
YNL101W,0.045,0.005,0.065,0.045,0.025,0.05,0.035,0.055,0.055,0.06,0.025,0.1,0.06,0.01,0.095,0.13,0.055,0.065,0.0,0.02
YNL099C,0.025,0.025,0.075,0.14,0.03,0.05,0.025,0.06,0.02,0.09,0.015,0.06,0.065,0.03,0.06,0.055,0.055,0.075,0.015,0.03
YNL067W,0.03664921465968586,0.005235602094240838,0.06282722513089005,0.04712041884816754,0.03664921465968586,0.06282722513089005,0.02617801047120419,0.09424083769633508,0.10471204188481675,0.04712041884816754,0.020942408376963352,0.06806282722513089,0.020942408376963352,0.03664921465968586,0.05759162303664921,0.041884816753926704,0.05759162303664921,0.14136125654450263,0.0,0.031413612565445025
YOR328W,0.07,0.015,0.085,0.05,0.035,0.065,0.01,0.05,0.045,0.085,0.025,0.06,0.06,0.045,0.05,0.135,0.055,0.02,0.015,0.025
YOR035C,0.045,0.015,0.07,0.07,0.06,0.02,0.025,0.095,0.08,0.125,0.02,0.05,0.025,0.05,0.04,0.1,0.045,0.04,0.0,0.025
YML025C,0.09,0.0,0.035,0.045,0.025,0.06,0.015,0.035,0.05,0.095,0.015,0.075,0.085,0.02,0.085,0.075,0.085,0.075,0.005,0.03
YDL093W,0.065,0.025,0.02,0.035,0.09,0.055,0.015,0.065,0.04,0.11,0.02,0.055,0.045,0.005,0.04,0.075,0.07,0.13,0.0,0.04
YGL128C,0.025,0.01,0.075,0.055,0.025,0.015,0.065,0.065,0.06,0.145,0.005,0.08,0.065,0.05,0.055,0.055,0.07,0.03,0.01,0.04
YDR111C,0.085,0.005,0.07,0.06,0.03,0.075,0.015,0.07,0.06,0.12,0.01,0.04,0.065,0.05,0.05,0.05,0.08,0.04,0.0,0.025
YDR261C,0.045,0.01,0.05,0.05,0.055,0.055,0.01,0.065,0.065,0.125,0.005,0.09,0.035,0.045,0.01,0.075,0.09,0.04,0.03,0.05
YGL209W,0.07,0.02,0.02,0.025,0.05,0.05,0.065,0.07,0.05,0.03,0.04,0.055,0.095,0.065,0.06,0.11,0.06,0.06,0.0,0.005
YGL257C,0.02,0.01,0.05,0.055,0.06,0.055,0.025,0.07,0.055,0.115,0.01,0.07,0.035,0.045,0.05,0.075,0.055,0.08,0.03,0.035
YGL247W,0.07106598984771574,0.02030456852791878,0.030456852791878174,0.08121827411167512,0.06598984771573604,0.04060913705583756,0.02030456852791878,0.10152284263959391,0.04568527918781726,0.09644670050761421,0.02030456852791878,0.06091370558375635,0.030456852791878174,0.030456852791878174,0.07614213197969544,0.08121827411167512,0.030456852791878174,0.050761421319796954,0.02030456852791878,0.025380710659898477
YGL236C,0.08,0.025,0.055,0.025,0.02,0.1,0.02,0.06,0.07,0.11,0.02,0.02,0.04,0.045,0.045,0.075,0.09,0.08,0.005,0.015
YGL232W,0.045,0.025,0.065,0.105,0.045,0.055,0.015,0.05,0.135,0.085,0.02,0.055,0.04,0.045,0.045,0.06,0.045,0.04,0.0,0.025
YGL231C,0.06842105263157895,0.0,0.021052631578947368,0.031578947368421054,0.03684210526315789,0.05789473684210526,0.010526315789473684,0.07894736842105263,0.06842105263157895,0.08421052631578947,0.05263157894736842,0.06315789473684211,0.05789473684210526,0.08947368421052632,0.021052631578947368,0.08947368421052632,0.06315789473684211,0.03684210526315789,0.02631578947368421,0.042105263157894736
YGL228W,0.04,0.04,0.035,0.035,0.07,0.04,0.03,0.065,0.125,0.065,0.015,0.06,0.03,0.025,0.05,0.055,0.075,0.075,0.01,0.06
YGL222C,0.05142857142857143,0.005714285714285714,0.022857142857142857,0.011428571428571429,0.02857142857142857,0.06285714285714286,0.022857142857142857,0.02857142857142857,0.10857142857142857,0.08,0.017142857142857144,0.15428571428571428,0.09142857142857143,0.05714285714285714,0.05142857142857143,0.11428571428571428,0.07428571428571429,0.0,0.0,0.017142857142857144
YGL197W,0.035,0.025,0.05,0.07,0.055,0.045,0.01,0.04,0.07,0.155,0.015,0.06,0.05,0.025,0.05,0.095,0.075,0.03,0.015,0.03
YGL184C,0.03,0.02,0.08,0.02,0.035,0.05,0.025,0.04,0.045,0.11,0.02,0.07,0.055,0.055,0.04,0.08,0.08,0.12,0.0,0.025
YGL164C,0.09,0.0,0.055,0.075,0.03,0.04,0.0,0.095,0.105,0.11,0.02,0.06,0.02,0.04,0.045,0.08,0.065,0.05,0.0,0.02
YGL161C,0.045,0.0,0.1,0.04,0.065,0.085,0.01,0.06,0.04,0.07,0.03,0.09,0.05,0.04,0.03,0.08,0.065,0.05,0.01,0.04
YGL157W,0.095,0.01,0.055,0.07,0.055,0.05,0.02,0.06,0.11,0.07,0.02,0.065,0.03,0.01,0.005,0.07,0.105,0.07,0.015,0.015
YGL139W,0.09,0.02,0.06,0.03,0.04,0.045,0.01,0.11,0.05,0.085,0.015,0.06,0.025,0.04,0.02,0.105,0.045,0.085,0.01,0.055
YGL136C,0.04,0.005,0.07,0.05,0.04,0.03,0.04,0.08,0.055,0.1,0.02,0.07,0.04,0.05,0.09,0.08,0.045,0.045,0.01,0.04
YGL134W,0.04,0.015,0.095,0.075,0.055,0.07,0.015,0.045,0.045,0.085,0.02,0.085,0.04,0.04,0.03,0.12,0.08,0.025,0.005,0.015
YGL111W,0.06,0.015,0.085,0.075,0.035,0.045,0.02,0.055,0.11,0.13,0.01,0.03,0.03,0.02,0.02,0.115,0.045,0.085,0.005,0.01
YGL085W,0.04,0.01,0.045,0.02,0.055,0.08,0.025,0.075,0.09,0.08,0.02,0.07,0.055,0.035,0.08,0.06,0.055,0.045,0.03,0.03
YGL079W,0.045,0.0,0.105,0.09,0.05,0.025,0.01,0.07,0.05,0.07,0.02,0.065,0.035,0.045,0.025,0.17,0.06,0.045,0.0,0.02
YGL063W,0.06,0.025,0.05,0.06,0.03,0.085,0.015,0.045,0.055,0.13,0.02,0.04,0.055,0.04,0.055,0.085,0.045,0.045,0.015,0.045
YGL060W,0.04,0.015,0.06,0.08,0.045,0.03,0.02,0.075,0.07,0.13,0.03,0.085,0.04,0.015,0.025,0.07,0.06,0.075,0.005,0.03
YGL053W,0.05,0.02,0.06,0.07,0.05,0.045,0.02,0.085,0.065,0.1,0.02,0.055,0.04,0.025,0.03,0.09,0.055,0.055,0.015,0.05
YGL036W,0.09,0.005,0.07,0.045,0.05,0.03,0.03,0.085,0.05,0.135,0.015,0.065,0.035,0.04,0.02,0.09,0.05,0.055,0.02,0.02
YGL033W,0.055,0.015,0.085,0.1,0.02,0.01,0.005,0.09,0.12,0.095,0.01,0.07,0.035,0.05,0.03,0.075,0.065,0.05,0.005,0.015
YGL029W,0.09166666666666666,0.0,0.016666666666666666,0.15,0.008333333333333333,0.025,0.008333333333333333,0.008333333333333333,0.225,0.075,0.03333333333333333,0.03333333333333333,0.016666666666666666,0.03333333333333333,0.125,0.03333333333333333,0.041666666666666664,0.05,0.016666666666666666,0.008333333333333333
YGL028C,0.07,0.005,0.015,0.045,0.025,0.025,0.015,0.05,0.02,0.075,0.015,0.03,0.06,0.07,0.01,0.17,0.2,0.085,0.0,0.015
YGL002W,0.035,0.015,0.06,0.085,0.06,0.055,0.02,0.06,0.06,0.11,0.025,0.04,0.015,0.035,0.055,0.085,0.035,0.085,0.015,0.05
YGR012W,0.105,0.025,0.03,0.075,0.02,0.075,0.005,0.07,0.085,0.095,0.005,0.06,0.04,0.015,0.04,0.085,0.05,0.075,0.01,0.035
YGR023W,0.055,0.005,0.005,0.025,0.03,0.0,0.0,0.045,0.01,0.09,0.02,0.01,0.04,0.015,0.01,0.44,0.145,0.05,0.005,0.0
YGR033C,0.04,0.005,0.045,0.04,0.04,0.06,0.03,0.06,0.1,0.105,0.015,0.045,0.045,0.025,0.07,0.105,0.075,0.055,0.01,0.03
YGR034W,0.07874015748031496,0.0,0.05511811023622047,0.047244094488188976,0.015748031496062992,0.05511811023622047,0.015748031496062992,0.047244094488188976,0.14173228346456693,0.11023622047244094,0.007874015748031496,0.015748031496062992,0.03937007874015748,0.03937007874015748,0.09448818897637795,0.09448818897637795,0.023622047244094488,0.09448818897637795,0.0,0.023622047244094488
YGR052W,0.055,0.03,0.07,0.03,0.04,0.04,0.025,0.09,0.075,0.07,0.03,0.06,0.045,0.035,0.03,0.12,0.06,0.025,0.01,0.06
YGR062C,0.055,0.005,0.005,0.03,0.045,0.03,0.01,0.06,0.07,0.135,0.025,0.045,0.06,0.06,0.08,0.085,0.09,0.07,0.025,0.015
YGR071C,0.03,0.015,0.085,0.08,0.04,0.035,0.05,0.09,0.085,0.09,0.015,0.085,0.01,0.02,0.025,0.12,0.07,0.03,0.01,0.015
YGR100W,0.065,0.01,0.055,0.055,0.08,0.045,0.02,0.06,0.09,0.12,0.005,0.05,0.04,0.02,0.06,0.08,0.065,0.045,0.0,0.035
YGR102C,0.060109289617486336,0.01092896174863388,0.0273224043715847,0.08743169398907104,0.02185792349726776,0.08196721311475409,0.03825136612021858,0.04371584699453552,0.11475409836065574,0.11475409836065574,0.01639344262295082,0.04918032786885246,0.0273224043715847,0.03825136612021858,0.0546448087431694,0.060109289617486336,0.04918032786885246,0.0546448087431694,0.01639344262295082,0.03278688524590164
YGR112W,0.045,0.01,0.04,0.065,0.05,0.065,0.02,0.075,0.09,0.09,0.025,0.03,0.06,0.02,0.07,0.075,0.07,0.035,0.03,0.035
YGR125W,0.03,0.015,0.065,0.06,0.02,0.06,0.03,0.055,0.03,0.08,0.04,0.085,0.05,0.035,0.085,0.165,0.03,0.03,0.005,0.03
YGR134W,0.05,0.01,0.045,0.06,0.045,0.015,0.005,0.085,0.085,0.16,0.01,0.075,0.03,0.03,0.03,0.125,0.06,0.025,0.01,0.045
YGR138C,0.055,0.01,0.035,0.105,0.02,0.055,0.005,0.03,0.045,0.065,0.025,0.06,0.06,0.06,0.035,0.11,0.105,0.085,0.015,0.02
YGR173W,0.085,0.0,0.03,0.07,0.015,0.12,0.02,0.065,0.105,0.095,0.015,0.025,0.03,0.04,0.045,0.06,0.075,0.07,0.0,0.035
YGR215W,0.09090909090909091,0.0,0.045454545454545456,0.05454545454545454,0.03636363636363636,0.07272727272727272,0.00909090909090909,0.045454545454545456,0.18181818181818182,0.09090909090909091,0.02727272727272727,0.045454545454545456,0.05454545454545454,0.01818181818181818,0.06363636363636363,0.05454545454545454,0.02727272727272727,0.045454545454545456,0.0,0.03636363636363636
YGR216C,0.065,0.03,0.015,0.07,0.055,0.04,0.02,0.07,0.065,0.085,0.02,0.065,0.065,0.035,0.025,0.09,0.04,0.07,0.015,0.06
YGR244C,0.1,0.005,0.03,0.07,0.025,0.075,0.03,0.07,0.095,0.08,0.035,0.03,0.04,0.055,0.05,0.08,0.055,0.045,0.0,0.03
YGR245C,0.06,0.02,0.025,0.065,0.035,0.065,0.025,0.05,0.055,0.15,0.03,0.07,0.03,0.045,0.04,0.105,0.065,0.04,0.0,0.025
YGR257C,0.085,0.025,0.025,0.04,0.04,0.055,0.005,0.065,0.055,0.1,0.04,0.055,0.045,0.035,0.04,0.12,0.08,0.055,0.015,0.02
YGR277C,0.025,0.02,0.045,0.075,0.045,0.06,0.04,0.105,0.05,0.11,0.02,0.045,0.04,0.055,0.035,0.065,0.065,0.055,0.01,0.035
YGR284C,0.05,0.01,0.025,0.02,0.085,0.08,0.01,0.06,0.055,0.095,0.025,0.05,0.035,0.05,0.035,0.12,0.045,0.085,0.015,0.05
YPL265W,0.085,0.005,0.065,0.03,0.045,0.07,0.01,0.06,0.045,0.1,0.035,0.045,0.06,0.02,0.045,0.105,0.065,0.045,0.005,0.06
YNR055C,0.08,0.015,0.045,0.025,0.06,0.075,0.015,0.08,0.035,0.105,0.02,0.05,0.035,0.04,0.02,0.11,0.075,0.04,0.025,0.05
YPR138C,0.105,0.01,0.03,0.025,0.085,0.105,0.01,0.07,0.03,0.1,0.04,0.03,0.025,0.015,0.035,0.06,0.05,0.07,0.045,0.06
YMR270C,0.055,0.0,0.1,0.095,0.025,0.02,0.035,0.075,0.07,0.12,0.02,0.06,0.035,0.035,0.03,0.085,0.05,0.05,0.015,0.025
YPL010W,0.05291005291005291,0.0,0.06878306878306878,0.07936507936507936,0.037037037037037035,0.05291005291005291,0.021164021164021163,0.07936507936507936,0.07407407407407407,0.12698412698412698,0.021164021164021163,0.042328042328042326,0.026455026455026454,0.07936507936507936,0.031746031746031744,0.06878306878306878,0.037037037037037035,0.047619047619047616,0.005291005291005291,0.047619047619047616
YNR019W,0.075,0.0,0.075,0.085,0.04,0.06,0.03,0.045,0.08,0.055,0.025,0.06,0.04,0.025,0.05,0.085,0.095,0.06,0.0,0.015
YNR072W,0.055,0.02,0.065,0.035,0.045,0.125,0.015,0.095,0.03,0.1,0.035,0.04,0.045,0.02,0.035,0.075,0.025,0.075,0.015,0.05
YNR009W,0.05,0.02,0.035,0.04,0.025,0.045,0.025,0.05,0.105,0.07,0.03,0.04,0.05,0.03,0.055,0.175,0.085,0.04,0.0,0.03
YNR027W,0.05,0.015,0.05,0.05,0.05,0.07,0.03,0.055,0.065,0.115,0.015,0.045,0.025,0.05,0.035,0.07,0.055,0.105,0.01,0.04
YNR030W,0.05,0.005,0.05,0.035,0.075,0.045,0.02,0.09,0.035,0.135,0.025,0.035,0.035,0.03,0.04,0.075,0.07,0.09,0.015,0.045
YNR037C,0.07692307692307693,0.0,0.01098901098901099,0.054945054945054944,0.04395604395604396,0.06593406593406594,0.02197802197802198,0.07692307692307693,0.08791208791208792,0.06593406593406594,0.03296703296703297,0.04395604395604396,0.08791208791208792,0.04395604395604396,0.07692307692307693,0.04395604395604396,0.07692307692307693,0.054945054945054944,0.01098901098901099,0.02197802197802198
YNR070W,0.065,0.02,0.04,0.065,0.05,0.1,0.025,0.075,0.085,0.07,0.03,0.04,0.03,0.03,0.04,0.07,0.065,0.07,0.005,0.025
YNL281W,0.013071895424836602,0.006535947712418301,0.12418300653594772,0.05228758169934641,0.032679738562091505,0.05228758169934641,0.0196078431372549,0.058823529411764705,0.0915032679738562,0.10457516339869281,0.0196078431372549,0.058823529411764705,0.0392156862745098,0.0392156862745098,0.013071895424836602,0.09803921568627451,0.05228758169934641,0.08496732026143791,0.0196078431372549,0.0196078431372549
YNL278W,0.06,0.01,0.055,0.045,0.04,0.055,0.02,0.03,0.075,0.12,0.02,0.09,0.05,0.015,0.04,0.1,0.07,0.07,0.015,0.02
YNL255C,0.032679738562091505,0.13725490196078433,0.05228758169934641,0.058823529411764705,0.0196078431372549,0.08496732026143791,0.0457516339869281,0.026143790849673203,0.08496732026143791,0.026143790849673203,0.032679738562091505,0.058823529411764705,0.0392156862745098,0.0457516339869281,0.05228758169934641,0.06535947712418301,0.058823529411764705,0.0392156862745098,0.0,0.0392156862745098
YNL253W,0.05,0.02,0.055,0.035,0.035,0.035,0.025,0.065,0.08,0.105,0.015,0.05,0.025,0.015,0.025,0.175,0.085,0.065,0.015,0.025
YNL245C,0.055865921787709494,0.0,0.07262569832402235,0.07262569832402235,0.00558659217877095,0.0335195530726257,0.0,0.027932960893854747,0.16759776536312848,0.12849162011173185,0.027932960893854747,0.0446927374301676,0.055865921787709494,0.05027932960893855,0.0446927374301676,0.1005586592178771,0.061452513966480445,0.01675977653631285,0.01675977653631285,0.01675977653631285
YNL185C,0.0949367088607595,0.006329113924050633,0.02531645569620253,0.04430379746835443,0.02531645569620253,0.10126582278481013,0.0189873417721519,0.06962025316455696,0.11392405063291139,0.08227848101265822,0.0379746835443038,0.02531645569620253,0.08860759493670886,0.02531645569620253,0.02531645569620253,0.06962025316455696,0.0379746835443038,0.08860759493670886,0.0,0.0189873417721519
YNL177C,0.055,0.01,0.035,0.065,0.025,0.06,0.02,0.08,0.08,0.11,0.015,0.06,0.035,0.045,0.06,0.135,0.035,0.045,0.005,0.025
YNL175C,0.06,0.005,0.08,0.12,0.03,0.04,0.0,0.045,0.175,0.065,0.025,0.055,0.025,0.025,0.04,0.07,0.06,0.055,0.005,0.02
YNL168C,0.055,0.01,0.035,0.04,0.045,0.055,0.035,0.08,0.09,0.095,0.02,0.065,0.06,0.03,0.04,0.095,0.06,0.06,0.005,0.025
YNL149C,0.09302325581395349,0.0,0.09302325581395349,0.11627906976744186,0.023255813953488372,0.03875968992248062,0.007751937984496124,0.046511627906976744,0.10852713178294573,0.10077519379844961,0.015503875968992248,0.031007751937984496,0.015503875968992248,0.03875968992248062,0.08527131782945736,0.03875968992248062,0.046511627906976744,0.05426356589147287,0.023255813953488372,0.023255813953488372
YNL122C,0.043478260869565216,0.0,0.008695652173913044,0.0,0.043478260869565216,0.08695652173913043,0.06086956521739131,0.05217391304347826,0.13043478260869565,0.10434782608695652,0.02608695652173913,0.08695652173913043,0.02608695652173913,0.02608695652173913,0.09565217391304348,0.06956521739130435,0.06956521739130435,0.034782608695652174,0.017391304347826087,0.017391304347826087
YNL081C,0.06993006993006994,0.013986013986013986,0.02097902097902098,0.03496503496503497,0.03496503496503497,0.08391608391608392,0.04895104895104895,0.0979020979020979,0.11188811188811189,0.06993006993006994,0.04195804195804196,0.03496503496503497,0.027972027972027972,0.03496503496503497,0.06293706293706294,0.07692307692307693,0.055944055944055944,0.04195804195804196,0.013986013986013986,0.02097902097902098
YNL080C,0.075,0.015,0.04,0.035,0.035,0.025,0.02,0.045,0.055,0.175,0.045,0.025,0.025,0.02,0.045,0.13,0.075,0.035,0.025,0.055
YNL063W,0.06,0.03,0.04,0.05,0.02,0.045,0.035,0.095,0.065,0.12,0.02,0.04,0.065,0.025,0.075,0.07,0.06,0.04,0.02,0.025
YNL023C,0.025,0.1,0.065,0.075,0.015,0.055,0.04,0.045,0.055,0.03,0.045,0.045,0.05,0.04,0.045,0.09,0.05,0.06,0.015,0.055
YMR169C,0.115,0.01,0.045,0.065,0.045,0.05,0.005,0.07,0.075,0.095,0.02,0.06,0.06,0.045,0.02,0.055,0.075,0.05,0.01,0.03
YMR067C,0.035,0.005,0.05,0.045,0.055,0.03,0.025,0.08,0.065,0.1,0.025,0.08,0.085,0.05,0.03,0.1,0.065,0.06,0.01,0.005
YLR059C,0.055,0.02,0.055,0.065,0.03,0.045,0.045,0.075,0.05,0.095,0.04,0.045,0.045,0.035,0.07,0.055,0.04,0.085,0.015,0.035
YFL034C-A,0.04918032786885246,0.0,0.08196721311475409,0.06557377049180328,0.03278688524590164,0.04918032786885246,0.00819672131147541,0.05737704918032787,0.10655737704918032,0.06557377049180328,0.00819672131147541,0.04918032786885246,0.03278688524590164,0.040983606557377046,0.03278688524590164,0.08196721311475409,0.06557377049180328,0.10655737704918032,0.00819672131147541,0.05737704918032787
YJR135W-A,0.022988505747126436,0.04597701149425287,0.05747126436781609,0.06896551724137931,0.04597701149425287,0.022988505747126436,0.011494252873563218,0.05747126436781609,0.06896551724137931,0.09195402298850575,0.022988505747126436,0.10344827586206896,0.0,0.06896551724137931,0.034482758620689655,0.14942528735632185,0.06896551724137931,0.05747126436781609,0.0,0.0
YAR035W,0.07,0.005,0.06,0.055,0.03,0.04,0.03,0.035,0.02,0.115,0.015,0.04,0.075,0.06,0.1,0.05,0.085,0.05,0.01,0.055
YOL077W-A,0.08823529411764706,0.0,0.058823529411764705,0.058823529411764705,0.04411764705882353,0.07352941176470588,0.04411764705882353,0.058823529411764705,0.14705882352941177,0.10294117647058823,0.029411764705882353,0.04411764705882353,0.07352941176470588,0.029411764705882353,0.0,0.029411764705882353,0.04411764705882353,0.04411764705882353,0.0,0.029411764705882353
YDR276C,0.09090909090909091,0.01818181818181818,0.07272727272727272,0.0,0.05454545454545454,0.05454545454545454,0.0,0.16363636363636364,0.01818181818181818,0.16363636363636364,0.03636363636363636,0.01818181818181818,0.05454545454545454,0.01818181818181818,0.01818181818181818,0.03636363636363636,0.03636363636363636,0.07272727272727272,0.03636363636363636,0.03636363636363636
YHR079C-A,0.03296703296703297,0.01098901098901099,0.054945054945054944,0.13186813186813187,0.02197802197802198,0.03296703296703297,0.0,0.08791208791208792,0.16483516483516483,0.08791208791208792,0.04395604395604396,0.06593406593406594,0.01098901098901099,0.07692307692307693,0.02197802197802198,0.054945054945054944,0.03296703296703297,0.01098901098901099,0.0,0.054945054945054944
YER007C-A,0.055248618784530384,0.011049723756906077,0.049723756906077346,0.08839779005524862,0.04419889502762431,0.06077348066298342,0.027624309392265192,0.08839779005524862,0.11049723756906077,0.09392265193370165,0.022099447513812154,0.03314917127071823,0.055248618784530384,0.03314917127071823,0.022099447513812154,0.06629834254143646,0.03314917127071823,0.07734806629834254,0.0055248618784530384,0.022099447513812154
YGR075C,0.03,0.015,0.05,0.055,0.05,0.045,0.035,0.075,0.075,0.135,0.035,0.1,0.02,0.055,0.025,0.055,0.02,0.065,0.005,0.055
YKL106W,0.055,0.01,0.045,0.045,0.065,0.055,0.02,0.065,0.085,0.095,0.01,0.065,0.05,0.045,0.04,0.075,0.05,0.05,0.025,0.05
YML104C,0.04,0.01,0.065,0.045,0.09,0.02,0.015,0.09,0.1,0.13,0.015,0.05,0.045,0.04,0.025,0.075,0.03,0.085,0.015,0.015
YEL053C,0.045,0.03,0.085,0.07,0.05,0.05,0.005,0.055,0.04,0.145,0.01,0.055,0.03,0.02,0.02,0.1,0.07,0.085,0.01,0.025
YKR006C,0.045,0.015,0.06,0.065,0.045,0.035,0.015,0.055,0.11,0.105,0.015,0.045,0.045,0.075,0.05,0.11,0.045,0.03,0.015,0.02
YKR010C,0.015,0.015,0.08,0.05,0.04,0.015,0.02,0.095,0.065,0.1,0.015,0.08,0.05,0.06,0.055,0.125,0.045,0.05,0.01,0.015
YOR358W,0.045,0.005,0.065,0.145,0.035,0.08,0.02,0.06,0.03,0.05,0.05,0.05,0.06,0.09,0.055,0.065,0.035,0.035,0.005,0.02
YPL030W,0.04,0.015,0.06,0.08,0.05,0.04,0.03,0.105,0.08,0.07,0.015,0.085,0.045,0.04,0.04,0.085,0.045,0.05,0.005,0.02
YLR329W,0.03,0.01,0.03,0.095,0.065,0.035,0.02,0.08,0.045,0.115,0.025,0.045,0.04,0.035,0.04,0.105,0.07,0.065,0.01,0.04
YBR191W,0.06875,0.00625,0.01875,0.05,0.03125,0.075,0.0375,0.05,0.10625,0.05,0.025,0.04375,0.0375,0.05625,0.0875,0.05625,0.04375,0.10625,0.0,0.05
YPL064C,0.05,0.02,0.055,0.095,0.06,0.055,0.005,0.07,0.1,0.07,0.025,0.06,0.035,0.015,0.065,0.055,0.065,0.055,0.02,0.025
YPL060W,0.045,0.005,0.06,0.045,0.045,0.04,0.015,0.07,0.065,0.15,0.03,0.06,0.05,0.025,0.085,0.1,0.045,0.045,0.0,0.02
YPL083C,0.06,0.0,0.055,0.105,0.05,0.06,0.025,0.025,0.07,0.115,0.03,0.03,0.035,0.06,0.035,0.095,0.055,0.04,0.01,0.045
YPL070W,0.035,0.005,0.05,0.055,0.06,0.06,0.01,0.05,0.045,0.09,0.015,0.09,0.05,0.06,0.055,0.165,0.06,0.02,0.0,0.025
YPL103C,0.04,0.02,0.025,0.1,0.055,0.03,0.025,0.03,0.05,0.125,0.025,0.055,0.06,0.045,0.09,0.045,0.055,0.085,0.005,0.035
YPL125W,0.065,0.01,0.04,0.065,0.03,0.025,0.015,0.1,0.045,0.125,0.02,0.07,0.035,0.09,0.07,0.065,0.025,0.055,0.025,0.025
YPL112C,0.045,0.01,0.08,0.03,0.055,0.05,0.02,0.08,0.095,0.105,0.01,0.035,0.03,0.04,0.045,0.115,0.075,0.045,0.0,0.035
YLR141W,0.115,0.01,0.035,0.115,0.02,0.055,0.04,0.05,0.05,0.07,0.02,0.02,0.035,0.015,0.085,0.1,0.03,0.06,0.03,0.045
YPL137C,0.07,0.005,0.08,0.015,0.015,0.045,0.005,0.05,0.08,0.04,0.005,0.1,0.065,0.005,0.065,0.215,0.09,0.04,0.005,0.005
YPL134C,0.09,0.005,0.03,0.04,0.065,0.075,0.02,0.075,0.08,0.07,0.03,0.035,0.05,0.04,0.025,0.05,0.07,0.105,0.01,0.035
YPL032C,0.04,0.005,0.035,0.08,0.075,0.03,0.03,0.095,0.07,0.11,0.015,0.055,0.03,0.025,0.02,0.155,0.065,0.035,0.0,0.03
YMR101C,0.05,0.02,0.045,0.055,0.07,0.045,0.01,0.07,0.1,0.11,0.035,0.03,0.04,0.035,0.06,0.06,0.04,0.08,0.01,0.035
YDR041W,0.055,0.005,0.065,0.05,0.04,0.045,0.025,0.06,0.07,0.12,0.02,0.05,0.055,0.03,0.07,0.075,0.055,0.05,0.01,0.05
YMR171C,0.04,0.01,0.075,0.08,0.05,0.06,0.015,0.075,0.025,0.09,0.03,0.06,0.05,0.065,0.055,0.075,0.04,0.04,0.01,0.055
YMR176W,0.05,0.005,0.05,0.075,0.08,0.035,0.035,0.075,0.085,0.07,0.01,0.05,0.07,0.04,0.035,0.08,0.04,0.075,0.01,0.03
YMR177W,0.075,0.015,0.035,0.07,0.025,0.05,0.07,0.095,0.085,0.085,0.005,0.055,0.03,0.045,0.05,0.085,0.035,0.075,0.005,0.01
YMR180C,0.05,0.025,0.035,0.055,0.03,0.025,0.035,0.045,0.12,0.06,0.02,0.075,0.04,0.03,0.075,0.11,0.07,0.065,0.01,0.025
YMR188C,0.05,0.005,0.05,0.1,0.04,0.04,0.01,0.065,0.1,0.125,0.01,0.04,0.01,0.075,0.09,0.07,0.045,0.06,0.0,0.015
YMR277W,0.045,0.025,0.105,0.07,0.02,0.085,0.025,0.075,0.05,0.08,0.005,0.03,0.055,0.04,0.04,0.065,0.05,0.09,0.015,0.03
YDR458C,0.055,0.0,0.055,0.1,0.015,0.01,0.01,0.015,0.175,0.085,0.01,0.055,0.065,0.045,0.065,0.12,0.045,0.075,0.0,0.0
YDR459C,0.04,0.055,0.03,0.035,0.045,0.045,0.035,0.105,0.03,0.095,0.02,0.02,0.05,0.04,0.06,0.075,0.045,0.09,0.035,0.05
YDR470C,0.075,0.0,0.065,0.09,0.065,0.055,0.005,0.07,0.065,0.07,0.02,0.08,0.05,0.04,0.045,0.065,0.05,0.05,0.01,0.03
YDR479C,0.035,0.005,0.035,0.02,0.045,0.06,0.015,0.08,0.075,0.08,0.055,0.05,0.075,0.04,0.035,0.12,0.085,0.05,0.01,0.03
YDR493W,0.0975609756097561,0.016260162601626018,0.07317073170731707,0.04878048780487805,0.024390243902439025,0.04065040650406504,0.032520325203252036,0.032520325203252036,0.0975609756097561,0.0975609756097561,0.024390243902439025,0.04878048780487805,0.04878048780487805,0.032520325203252036,0.0975609756097561,0.04065040650406504,0.08130081300813008,0.04878048780487805,0.0,0.016260162601626018
YDR494W,0.065,0.005,0.035,0.045,0.035,0.05,0.01,0.02,0.115,0.045,0.045,0.115,0.03,0.075,0.095,0.105,0.04,0.055,0.005,0.01
YDR003W,0.05,0.005,0.07,0.08,0.065,0.045,0.015,0.055,0.02,0.065,0.015,0.08,0.065,0.045,0.085,0.08,0.06,0.05,0.02,0.03
YMR274C,0.045,0.01,0.025,0.03,0.09,0.03,0.035,0.07,0.035,0.165,0.025,0.035,0.06,0.055,0.02,0.1,0.06,0.035,0.015,0.06
YMR219W,0.035,0.0,0.095,0.075,0.025,0.025,0.045,0.05,0.095,0.11,0.015,0.045,0.03,0.04,0.07,0.15,0.055,0.015,0.005,0.02
YMR204C,0.03,0.01,0.04,0.025,0.04,0.05,0.03,0.055,0.12,0.055,0.015,0.085,0.035,0.075,0.04,0.135,0.08,0.065,0.0,0.015
YML034W,0.035,0.0,0.185,0.055,0.025,0.02,0.005,0.04,0.095,0.055,0.025,0.085,0.06,0.025,0.075,0.115,0.03,0.055,0.005,0.01
YML023C,0.05,0.02,0.05,0.07,0.06,0.03,0.02,0.045,0.06,0.16,0.015,0.055,0.035,0.04,0.06,0.07,0.055,0.04,0.005,0.06
YML117W,0.05,0.01,0.03,0.005,0.04,0.07,0.025,0.02,0.025,0.04,0.05,0.18,0.085,0.04,0.065,0.115,0.045,0.04,0.0,0.065
YML107C,0.03,0.035,0.05,0.055,0.015,0.035,0.04,0.06,0.1,0.12,0.02,0.065,0.035,0.045,0.06,0.08,0.035,0.05,0.03,0.04
YDR147W,0.04,0.01,0.06,0.06,0.03,0.045,0.015,0.07,0.07,0.11,0.025,0.065,0.06,0.03,0.035,0.105,0.07,0.045,0.01,0.045
YDR163W,0.07428571428571429,0.005714285714285714,0.04,0.12,0.017142857142857144,0.06285714285714286,0.045714285714285714,0.017142857142857144,0.11428571428571428,0.07428571428571429,0.017142857142857144,0.05714285714285714,0.017142857142857144,0.05142857142857143,0.06857142857142857,0.07428571428571429,0.07428571428571429,0.04,0.005714285714285714,0.022857142857142857
YMR163C,0.025,0.005,0.045,0.04,0.08,0.035,0.03,0.065,0.055,0.085,0.04,0.06,0.045,0.04,0.045,0.135,0.075,0.045,0.01,0.04
YMR166C,0.045,0.005,0.06,0.035,0.045,0.09,0.035,0.07,0.05,0.065,0.03,0.065,0.055,0.035,0.055,0.095,0.06,0.04,0.02,0.045
YDR100W,0.06993006993006994,0.006993006993006993,0.06293706293706294,0.02097902097902098,0.11188811188811189,0.06993006993006994,0.006993006993006993,0.13286713286713286,0.02097902097902098,0.11888111888111888,0.02097902097902098,0.04195804195804196,0.04195804195804196,0.013986013986013986,0.02097902097902098,0.0979020979020979,0.02097902097902098,0.06293706293706294,0.0,0.055944055944055944
YDR259C,0.055,0.0,0.035,0.03,0.01,0.02,0.03,0.065,0.03,0.055,0.025,0.12,0.145,0.07,0.03,0.15,0.055,0.025,0.0,0.05
YDR014W-A,0.037037037037037035,0.012345679012345678,0.037037037037037035,0.05555555555555555,0.012345679012345678,0.06172839506172839,0.006172839506172839,0.030864197530864196,0.12962962962962962,0.09259259259259259,0.012345679012345678,0.08024691358024691,0.06790123456790123,0.06172839506172839,0.06790123456790123,0.09259259259259259,0.043209876543209874,0.06172839506172839,0.0,0.037037037037037035
YDR202C,0.03,0.02,0.065,0.065,0.08,0.035,0.015,0.07,0.065,0.09,0.045,0.08,0.05,0.065,0.03,0.065,0.03,0.08,0.005,0.015
YDR183W,0.03,0.02,0.09,0.095,0.04,0.05,0.025,0.045,0.085,0.11,0.015,0.07,0.015,0.04,0.05,0.05,0.055,0.075,0.0,0.04
YDR185C,0.03910614525139665,0.0111731843575419,0.05027932960893855,0.055865921787709494,0.05027932960893855,0.0335195530726257,0.027932960893854747,0.0446927374301676,0.0893854748603352,0.0670391061452514,0.0335195530726257,0.07262569832402235,0.0446927374301676,0.01675977653631285,0.061452513966480445,0.0670391061452514,0.0782122905027933,0.09497206703910614,0.027932960893854747,0.0335195530726257
YDR421W,0.075,0.03,0.05,0.06,0.02,0.045,0.01,0.045,0.125,0.09,0.02,0.06,0.065,0.025,0.05,0.14,0.055,0.02,0.005,0.01
YDR451C,0.055,0.015,0.035,0.045,0.04,0.015,0.025,0.045,0.09,0.075,0.015,0.045,0.115,0.04,0.075,0.11,0.095,0.05,0.0,0.015
YDR391C,0.085,0.025,0.05,0.075,0.065,0.04,0.02,0.08,0.075,0.06,0.015,0.08,0.055,0.005,0.05,0.055,0.06,0.055,0.005,0.045
YDR393W,0.045,0.0,0.035,0.085,0.045,0.03,0.025,0.04,0.115,0.11,0.015,0.085,0.025,0.05,0.065,0.1,0.055,0.02,0.015,0.04
YOR149C,0.04,0.02,0.02,0.045,0.08,0.035,0.02,0.085,0.05,0.14,0.045,0.04,0.05,0.04,0.035,0.065,0.055,0.055,0.02,0.06
YDR406W,0.065,0.015,0.07,0.045,0.035,0.045,0.02,0.025,0.04,0.08,0.02,0.085,0.06,0.035,0.04,0.175,0.055,0.05,0.01,0.03
YMR131C,0.045,0.005,0.13,0.15,0.005,0.03,0.015,0.045,0.06,0.1,0.025,0.05,0.06,0.045,0.035,0.075,0.045,0.06,0.005,0.015
YMR086W,0.06,0.0,0.03,0.04,0.015,0.08,0.02,0.045,0.07,0.055,0.03,0.05,0.075,0.07,0.11,0.14,0.075,0.02,0.0,0.015
YMR014W,0.02,0.015,0.05,0.065,0.015,0.015,0.02,0.08,0.175,0.12,0.015,0.08,0.03,0.045,0.02,0.1,0.05,0.015,0.015,0.055
YMR025W,0.03,0.015,0.085,0.085,0.045,0.03,0.015,0.12,0.07,0.11,0.01,0.07,0.025,0.07,0.03,0.055,0.045,0.05,0.01,0.03
YDR501W,0.05,0.015,0.025,0.065,0.03,0.045,0.025,0.055,0.085,0.1,0.01,0.06,0.09,0.045,0.05,0.125,0.05,0.045,0.0,0.03
YDR524C,0.055,0.035,0.04,0.025,0.045,0.03,0.045,0.06,0.07,0.095,0.01,0.07,0.045,0.04,0.045,0.145,0.075,0.04,0.01,0.02
YDR534C,0.16,0.0,0.025,0.075,0.02,0.08,0.015,0.04,0.035,0.015,0.005,0.015,0.015,0.025,0.005,0.12,0.22,0.1,0.015,0.015
YMR114C,0.05,0.02,0.075,0.06,0.05,0.045,0.015,0.03,0.075,0.07,0.04,0.035,0.065,0.035,0.065,0.065,0.07,0.05,0.035,0.05
YMR118C,0.05102040816326531,0.0,0.025510204081632654,0.04081632653061224,0.05612244897959184,0.07653061224489796,0.03571428571428571,0.061224489795918366,0.05612244897959184,0.10714285714285714,0.03571428571428571,0.03571428571428571,0.03571428571428571,0.025510204081632654,0.05102040816326531,0.09183673469387756,0.07142857142857142,0.07142857142857142,0.030612244897959183,0.04081632653061224
YML081W,0.065,0.03,0.05,0.035,0.03,0.05,0.04,0.07,0.115,0.075,0.005,0.055,0.075,0.045,0.06,0.09,0.055,0.045,0.0,0.01
YDR106W,0.035,0.04,0.04,0.085,0.05,0.035,0.015,0.135,0.055,0.075,0.01,0.065,0.05,0.03,0.07,0.06,0.035,0.08,0.005,0.03
YDR107C,0.04,0.02,0.06,0.075,0.06,0.075,0.025,0.04,0.07,0.09,0.015,0.045,0.05,0.03,0.035,0.075,0.07,0.055,0.01,0.06
YDR116C,0.12,0.01,0.04,0.045,0.03,0.05,0.01,0.05,0.1,0.095,0.015,0.02,0.08,0.035,0.07,0.065,0.06,0.075,0.0,0.03
YML066C,0.035,0.02,0.055,0.045,0.06,0.065,0.01,0.055,0.06,0.125,0.015,0.06,0.035,0.02,0.045,0.09,0.08,0.08,0.01,0.035
YMR059W,0.015625,0.015625,0.0546875,0.0625,0.0390625,0.03125,0.0234375,0.0703125,0.0546875,0.140625,0.0234375,0.0703125,0.0546875,0.03125,0.0546875,0.0859375,0.0703125,0.046875,0.015625,0.0390625
YML048W,0.055,0.01,0.05,0.075,0.045,0.035,0.03,0.09,0.075,0.13,0.03,0.05,0.06,0.035,0.015,0.055,0.035,0.06,0.025,0.04
YMR069W,0.065,0.025,0.06,0.075,0.03,0.065,0.045,0.06,0.06,0.08,0.03,0.045,0.025,0.015,0.065,0.07,0.05,0.075,0.01,0.05
YIR028W,0.04,0.015,0.045,0.05,0.07,0.045,0.005,0.085,0.045,0.075,0.015,0.095,0.035,0.02,0.035,0.095,0.055,0.08,0.05,0.045
YMR322C,0.1,0.005,0.06,0.06,0.075,0.095,0.025,0.075,0.09,0.08,0.01,0.045,0.035,0.005,0.04,0.05,0.06,0.05,0.005,0.035
YDR229W,0.06,0.005,0.09,0.055,0.025,0.04,0.03,0.05,0.055,0.12,0.02,0.085,0.03,0.04,0.045,0.13,0.055,0.03,0.005,0.03
YMR299C,0.035,0.025,0.075,0.065,0.045,0.015,0.025,0.08,0.045,0.13,0.005,0.09,0.015,0.045,0.03,0.09,0.085,0.03,0.035,0.035
YMR306W,0.06,0.01,0.05,0.085,0.04,0.045,0.025,0.05,0.09,0.09,0.055,0.055,0.025,0.085,0.05,0.05,0.035,0.04,0.025,0.035
YMR233W,0.02,0.005,0.065,0.08,0.025,0.02,0.01,0.08,0.125,0.115,0.035,0.055,0.06,0.045,0.08,0.09,0.02,0.05,0.005,0.015
YMR030W,0.04,0.01,0.06,0.055,0.04,0.03,0.01,0.05,0.08,0.08,0.05,0.085,0.075,0.05,0.06,0.085,0.07,0.04,0.005,0.025
YMR034C,0.105,0.035,0.02,0.01,0.06,0.09,0.01,0.095,0.04,0.105,0.035,0.055,0.03,0.03,0.035,0.06,0.065,0.065,0.025,0.03
YDR333C,0.075,0.01,0.1,0.08,0.05,0.045,0.01,0.035,0.115,0.055,0.025,0.075,0.025,0.055,0.055,0.12,0.055,0.005,0.005,0.005
YDR336W,0.05,0.02,0.045,0.045,0.05,0.05,0.025,0.055,0.115,0.09,0.01,0.095,0.045,0.015,0.045,0.075,0.08,0.06,0.01,0.02
YDR341C,0.075,0.01,0.05,0.06,0.06,0.065,0.015,0.09,0.08,0.11,0.025,0.055,0.06,0.03,0.035,0.065,0.025,0.05,0.02,0.02
YDR348C,0.035,0.0,0.05,0.075,0.045,0.03,0.015,0.015,0.04,0.045,0.01,0.095,0.09,0.055,0.085,0.18,0.065,0.035,0.005,0.03
YDR288W,0.055,0.005,0.06,0.06,0.04,0.055,0.02,0.085,0.07,0.09,0.03,0.1,0.03,0.025,0.035,0.105,0.04,0.065,0.0,0.03
YDR273W,0.04,0.005,0.06,0.105,0.035,0.05,0.01,0.09,0.09,0.09,0.015,0.075,0.05,0.02,0.015,0.115,0.055,0.055,0.0,0.025
YDR279W,0.025,0.005,0.075,0.08,0.055,0.05,0.03,0.075,0.07,0.065,0.005,0.085,0.04,0.015,0.03,0.12,0.075,0.035,0.005,0.06
YMR232W,0.035,0.005,0.07,0.05,0.04,0.015,0.02,0.065,0.12,0.125,0.01,0.105,0.05,0.025,0.04,0.08,0.04,0.045,0.005,0.055
YLR199C,0.02,0.01,0.055,0.065,0.065,0.04,0.01,0.09,0.065,0.09,0.03,0.055,0.09,0.05,0.005,0.105,0.07,0.055,0.01,0.02
YLR201C,0.05,0.01,0.035,0.07,0.05,0.04,0.05,0.065,0.065,0.12,0.03,0.03,0.07,0.025,0.045,0.115,0.04,0.04,0.005,0.045
YLR213C,0.065,0.04,0.02,0.065,0.04,0.075,0.01,0.065,0.08,0.06,0.02,0.055,0.09,0.015,0.035,0.1,0.05,0.075,0.005,0.035
YLR218C,0.041666666666666664,0.041666666666666664,0.08333333333333333,0.14583333333333334,0.020833333333333332,0.052083333333333336,0.010416666666666666,0.010416666666666666,0.09375,0.052083333333333336,0.020833333333333332,0.041666666666666664,0.010416666666666666,0.041666666666666664,0.052083333333333336,0.0625,0.08333333333333333,0.0625,0.03125,0.041666666666666664
YLR285W,0.07,0.005,0.07,0.07,0.03,0.065,0.045,0.065,0.065,0.125,0.015,0.065,0.065,0.025,0.01,0.065,0.045,0.055,0.015,0.03
YLR290C,0.055,0.005,0.03,0.065,0.045,0.055,0.015,0.07,0.105,0.08,0.025,0.06,0.055,0.055,0.04,0.1,0.04,0.045,0.01,0.045
YLR361C,0.025,0.015,0.065,0.055,0.075,0.065,0.03,0.075,0.055,0.125,0.01,0.04,0.04,0.035,0.06,0.06,0.02,0.07,0.01,0.07
YLR364W,0.05504587155963303,0.01834862385321101,0.027522935779816515,0.08256880733944955,0.06422018348623854,0.05504587155963303,0.01834862385321101,0.05504587155963303,0.08256880733944955,0.08256880733944955,0.01834862385321101,0.05504587155963303,0.045871559633027525,0.045871559633027525,0.03669724770642202,0.07339449541284404,0.045871559633027525,0.08256880733944955,0.03669724770642202,0.01834862385321101
YLR221C,0.065,0.0,0.09,0.125,0.025,0.045,0.01,0.07,0.115,0.075,0.01,0.075,0.025,0.02,0.045,0.12,0.03,0.04,0.0,0.015
YLR237W,0.06,0.015,0.025,0.015,0.075,0.085,0.025,0.095,0.04,0.095,0.04,0.045,0.035,0.015,0.025,0.105,0.055,0.07,0.035,0.045
YLR238W,0.02,0.005,0.07,0.035,0.03,0.08,0.025,0.08,0.085,0.065,0.005,0.07,0.065,0.015,0.065,0.135,0.065,0.055,0.0,0.03
YLR239C,0.05,0.03,0.04,0.065,0.055,0.04,0.015,0.1,0.085,0.065,0.025,0.035,0.06,0.08,0.06,0.045,0.08,0.045,0.0,0.025
YLR408C,0.02459016393442623,0.01639344262295082,0.04918032786885246,0.09016393442622951,0.02459016393442623,0.00819672131147541,0.02459016393442623,0.07377049180327869,0.09016393442622951,0.13114754098360656,0.04918032786885246,0.08196721311475409,0.03278688524590164,0.040983606557377046,0.05737704918032787,0.06557377049180328,0.04918032786885246,0.040983606557377046,0.00819672131147541,0.040983606557377046
YPR100W,0.04285714285714286,0.02142857142857143,0.04285714285714286,0.05,0.04285714285714286,0.07857142857142857,0.02142857142857143,0.06428571428571428,0.08571428571428572,0.08571428571428572,0.02142857142857143,0.07857142857142857,0.02857142857142857,0.02142857142857143,0.10714285714285714,0.07142857142857142,0.02857142857142857,0.07142857142857142,0.02857142857142857,0.007142857142857143
YPR101W,0.022857142857142857,0.005714285714285714,0.08571428571428572,0.07428571428571429,0.022857142857142857,0.03428571428571429,0.011428571428571429,0.08571428571428572,0.08571428571428572,0.09142857142857143,0.011428571428571429,0.07428571428571429,0.04,0.05142857142857143,0.08571428571428572,0.05142857142857143,0.05714285714285714,0.05142857142857143,0.005714285714285714,0.05142857142857143
YPR109W,0.04,0.005,0.055,0.05,0.07,0.08,0.01,0.065,0.04,0.13,0.025,0.065,0.05,0.025,0.065,0.095,0.06,0.04,0.005,0.025
YPR116W,0.06,0.015,0.05,0.045,0.035,0.025,0.015,0.055,0.115,0.115,0.015,0.065,0.055,0.025,0.04,0.11,0.045,0.07,0.01,0.035
YLR345W,0.055,0.005,0.05,0.06,0.045,0.065,0.02,0.06,0.065,0.105,0.025,0.065,0.035,0.02,0.055,0.08,0.065,0.085,0.01,0.03
YLR266C,0.03,0.045,0.025,0.065,0.06,0.045,0.005,0.025,0.095,0.1,0.02,0.07,0.07,0.06,0.05,0.09,0.05,0.065,0.01,0.02
YLR324W,0.05,0.005,0.035,0.06,0.025,0.05,0.01,0.085,0.045,0.145,0.025,0.06,0.04,0.015,0.025,0.085,0.105,0.075,0.02,0.04
YLR454W,0.02,0.01,0.05,0.06,0.075,0.06,0.01,0.12,0.08,0.155,0.015,0.065,0.02,0.02,0.045,0.065,0.055,0.04,0.025,0.01
YLR453C,0.035,0.015,0.065,0.06,0.04,0.025,0.025,0.07,0.11,0.075,0.05,0.05,0.035,0.035,0.035,0.13,0.02,0.095,0.0,0.03
YLR164W,0.05357142857142857,0.017857142857142856,0.023809523809523808,0.03571428571428571,0.05357142857142857,0.07142857142857142,0.03571428571428571,0.07738095238095238,0.05952380952380952,0.11904761904761904,0.017857142857142856,0.011904761904761904,0.06547619047619048,0.02976190476190476,0.041666666666666664,0.11904761904761904,0.05357142857142857,0.05952380952380952,0.011904761904761904,0.041666666666666664
YLR165C,0.02,0.02,0.035,0.05,0.05,0.07,0.045,0.08,0.09,0.08,0.01,0.075,0.065,0.045,0.06,0.05,0.05,0.06,0.005,0.04
YLR187W,0.07,0.005,0.065,0.04,0.04,0.04,0.02,0.05,0.08,0.105,0.01,0.055,0.065,0.03,0.045,0.135,0.065,0.05,0.01,0.02
YDR349C,0.035,0.01,0.045,0.035,0.05,0.07,0.015,0.055,0.025,0.085,0.02,0.075,0.035,0.035,0.025,0.15,0.11,0.075,0.01,0.04
YDR358W,0.07,0.015,0.05,0.085,0.02,0.03,0.015,0.05,0.075,0.13,0.015,0.045,0.06,0.07,0.065,0.065,0.04,0.055,0.005,0.04
YDR361C,0.035,0.01,0.09,0.095,0.055,0.045,0.015,0.065,0.075,0.1,0.02,0.065,0.04,0.03,0.035,0.075,0.055,0.06,0.0,0.035
YDR371W,0.02,0.015,0.055,0.04,0.055,0.055,0.045,0.115,0.08,0.085,0.02,0.09,0.025,0.03,0.035,0.115,0.025,0.04,0.015,0.04
YDR377W,0.12871287128712872,0.0,0.019801980198019802,0.0297029702970297,0.0594059405940594,0.06930693069306931,0.0594059405940594,0.06930693069306931,0.09900990099009901,0.0594059405940594,0.019801980198019802,0.04950495049504951,0.06930693069306931,0.009900990099009901,0.04950495049504951,0.06930693069306931,0.019801980198019802,0.04950495049504951,0.009900990099009901,0.0594059405940594
YLR426W,0.06,0.03,0.05,0.03,0.035,0.045,0.005,0.1,0.05,0.15,0.01,0.08,0.025,0.03,0.07,0.075,0.04,0.07,0.015,0.03
YLR427W,0.015,0.015,0.065,0.06,0.02,0.07,0.03,0.04,0.09,0.06,0.015,0.095,0.045,0.055,0.085,0.115,0.035,0.07,0.0,0.02
YPR156C,0.06,0.01,0.06,0.08,0.02,0.05,0.01,0.055,0.04,0.06,0.015,0.065,0.075,0.045,0.035,0.15,0.075,0.06,0.015,0.02
YPR118W,0.06,0.01,0.07,0.045,0.025,0.055,0.01,0.065,0.065,0.13,0.02,0.06,0.03,0.02,0.025,0.105,0.065,0.095,0.005,0.04
YPR143W,0.085,0.0,0.1,0.13,0.02,0.045,0.015,0.05,0.16,0.06,0.015,0.055,0.02,0.025,0.06,0.095,0.03,0.025,0.0,0.01
YPR152C,0.02,0.01,0.08,0.17,0.025,0.06,0.015,0.055,0.095,0.075,0.01,0.065,0.02,0.04,0.045,0.095,0.035,0.035,0.015,0.035
YLR241W,0.055,0.015,0.075,0.035,0.075,0.045,0.025,0.07,0.06,0.115,0.02,0.025,0.03,0.015,0.05,0.095,0.06,0.06,0.02,0.055
YLR253W,0.07,0.02,0.035,0.06,0.05,0.045,0.04,0.055,0.09,0.095,0.03,0.045,0.035,0.025,0.055,0.055,0.09,0.06,0.005,0.04
YLR254C,0.042328042328042326,0.010582010582010581,0.042328042328042326,0.1111111111111111,0.005291005291005291,0.010582010582010581,0.010582010582010581,0.06349206349206349,0.08465608465608465,0.13227513227513227,0.015873015873015872,0.07936507936507936,0.015873015873015872,0.07936507936507936,0.047619047619047616,0.09523809523809523,0.10052910052910052,0.042328042328042326,0.0,0.010582010582010581
YDR314C,0.025,0.0,0.09,0.075,0.055,0.03,0.01,0.05,0.105,0.11,0.03,0.075,0.015,0.035,0.09,0.09,0.02,0.035,0.02,0.04
YDR315C,0.025,0.04,0.07,0.03,0.035,0.04,0.025,0.1,0.075,0.135,0.02,0.1,0.04,0.025,0.035,0.04,0.04,0.04,0.02,0.065
YDR316W,0.04,0.005,0.04,0.105,0.065,0.035,0.015,0.06,0.13,0.105,0.025,0.055,0.015,0.05,0.095,0.065,0.025,0.03,0.005,0.035
YDR330W,0.075,0.0,0.11,0.11,0.04,0.06,0.01,0.05,0.025,0.06,0.025,0.07,0.06,0.045,0.045,0.075,0.065,0.04,0.0,0.035
YDR332W,0.08,0.015,0.06,0.035,0.035,0.04,0.03,0.11,0.07,0.09,0.01,0.04,0.015,0.045,0.075,0.085,0.07,0.06,0.0,0.035
YLR307W,0.05,0.03,0.055,0.065,0.07,0.05,0.025,0.07,0.04,0.09,0.02,0.05,0.07,0.045,0.03,0.055,0.08,0.04,0.025,0.04
YLR387C,0.04,0.025,0.06,0.095,0.035,0.045,0.01,0.055,0.105,0.055,0.015,0.07,0.04,0.055,0.05,0.09,0.07,0.045,0.005,0.035
YPR079W,0.045,0.025,0.045,0.055,0.025,0.075,0.025,0.045,0.085,0.11,0.01,0.08,0.045,0.035,0.03,0.11,0.065,0.05,0.01,0.03
YPR082C,0.03496503496503497,0.02097902097902098,0.09090909090909091,0.055944055944055944,0.055944055944055944,0.04195804195804196,0.027972027972027972,0.06993006993006994,0.055944055944055944,0.07692307692307693,0.06293706293706294,0.06293706293706294,0.02097902097902098,0.027972027972027972,0.06993006993006994,0.04195804195804196,0.04895104895104895,0.09090909090909091,0.006993006993006993,0.03496503496503497
YPR094W,0.018691588785046728,0.12149532710280374,0.06542056074766354,0.037383177570093455,0.037383177570093455,0.07476635514018691,0.018691588785046728,0.04672897196261682,0.12149532710280374,0.08411214953271028,0.018691588785046728,0.06542056074766354,0.037383177570093455,0.037383177570093455,0.07476635514018691,0.037383177570093455,0.009345794392523364,0.06542056074766354,0.009345794392523364,0.018691588785046728
YPR097W,0.035,0.005,0.04,0.08,0.08,0.045,0.015,0.035,0.075,0.115,0.02,0.065,0.055,0.055,0.04,0.1,0.04,0.055,0.005,0.04
YLR414C,0.07,0.03,0.02,0.02,0.075,0.045,0.015,0.09,0.035,0.135,0.025,0.075,0.03,0.015,0.015,0.13,0.05,0.07,0.015,0.04
YDL063C,0.05,0.005,0.06,0.055,0.025,0.035,0.005,0.075,0.07,0.155,0.01,0.085,0.03,0.04,0.055,0.14,0.02,0.065,0.01,0.01
YDL076C,0.04,0.01,0.055,0.065,0.045,0.05,0.03,0.06,0.055,0.075,0.01,0.095,0.06,0.055,0.05,0.105,0.05,0.02,0.005,0.065
YDL085W,0.055,0.0,0.02,0.055,0.06,0.055,0.015,0.04,0.095,0.1,0.02,0.015,0.07,0.03,0.045,0.1,0.08,0.09,0.01,0.045
YDL112W,0.05,0.035,0.06,0.1,0.05,0.03,0.025,0.095,0.055,0.125,0.02,0.06,0.03,0.035,0.03,0.085,0.03,0.045,0.01,0.03
YDL119C,0.07,0.01,0.025,0.035,0.035,0.07,0.01,0.05,0.065,0.16,0.02,0.045,0.04,0.03,0.06,0.095,0.08,0.035,0.01,0.055
YDL121C,0.06040268456375839,0.0,0.087248322147651,0.08053691275167785,0.06040268456375839,0.06711409395973154,0.013422818791946308,0.06040268456375839,0.1342281879194631,0.12080536912751678,0.006711409395973154,0.04697986577181208,0.020134228187919462,0.013422818791946308,0.040268456375838924,0.0738255033557047,0.04697986577181208,0.026845637583892617,0.0,0.040268456375838924
YDL238C,0.03,0.01,0.08,0.045,0.06,0.065,0.025,0.05,0.075,0.105,0.01,0.07,0.035,0.015,0.035,0.07,0.08,0.095,0.005,0.04
YLL007C,0.04,0.05,0.035,0.055,0.035,0.01,0.025,0.09,0.075,0.17,0.015,0.07,0.04,0.04,0.035,0.09,0.05,0.045,0.005,0.025
YLL034C,0.015,0.01,0.065,0.155,0.03,0.04,0.0,0.05,0.14,0.08,0.03,0.045,0.025,0.025,0.055,0.1,0.065,0.05,0.005,0.015
YLR019W,0.05,0.01,0.09,0.11,0.01,0.06,0.03,0.025,0.055,0.045,0.025,0.11,0.05,0.065,0.04,0.105,0.05,0.035,0.0,0.035
YLR035C,0.03,0.02,0.065,0.045,0.035,0.085,0.015,0.09,0.065,0.105,0.02,0.03,0.025,0.02,0.055,0.115,0.065,0.065,0.01,0.04
YLR073C,0.075,0.015,0.04,0.045,0.045,0.01,0.01,0.07,0.07,0.11,0.01,0.06,0.05,0.08,0.05,0.125,0.05,0.03,0.0,0.055
YOL008W,0.075,0.015,0.03,0.04,0.06,0.025,0.03,0.07,0.075,0.1,0.03,0.055,0.06,0.02,0.07,0.05,0.06,0.085,0.005,0.045
YOL017W,0.035,0.01,0.08,0.08,0.045,0.02,0.015,0.06,0.095,0.075,0.035,0.075,0.05,0.03,0.035,0.095,0.07,0.06,0.015,0.02
YOL019W,0.06,0.025,0.04,0.035,0.08,0.065,0.01,0.095,0.04,0.12,0.02,0.04,0.03,0.01,0.02,0.14,0.05,0.065,0.015,0.04
YOL026C,0.04424778761061947,0.02654867256637168,0.04424778761061947,0.08849557522123894,0.07079646017699115,0.07079646017699115,0.017699115044247787,0.02654867256637168,0.05309734513274336,0.09734513274336283,0.035398230088495575,0.05309734513274336,0.035398230088495575,0.017699115044247787,0.04424778761061947,0.11504424778761062,0.02654867256637168,0.08849557522123894,0.02654867256637168,0.017699115044247787
YOL048C,0.055,0.01,0.02,0.05,0.075,0.03,0.03,0.095,0.055,0.14,0.015,0.04,0.035,0.045,0.04,0.055,0.065,0.085,0.025,0.035
YOL073C,0.05,0.005,0.025,0.035,0.05,0.055,0.03,0.085,0.04,0.17,0.02,0.055,0.04,0.045,0.03,0.06,0.055,0.05,0.04,0.06
YOL080C,0.055,0.005,0.03,0.085,0.03,0.055,0.015,0.07,0.14,0.035,0.03,0.085,0.035,0.02,0.045,0.09,0.055,0.085,0.015,0.02
YOL130W,0.055,0.0,0.05,0.05,0.005,0.035,0.055,0.03,0.07,0.06,0.035,0.04,0.075,0.035,0.06,0.205,0.06,0.06,0.0,0.02
YOL132W,0.05,0.015,0.055,0.05,0.055,0.05,0.035,0.075,0.045,0.085,0.03,0.065,0.05,0.04,0.025,0.075,0.055,0.085,0.005,0.055
YOL158C,0.08,0.015,0.05,0.025,0.065,0.08,0.01,0.085,0.035,0.095,0.01,0.04,0.015,0.035,0.045,0.115,0.085,0.075,0.005,0.035
YOR011W,0.05,0.01,0.055,0.065,0.085,0.075,0.02,0.07,0.07,0.07,0.015,0.065,0.045,0.04,0.03,0.095,0.06,0.045,0.005,0.03
YOR051C,0.045,0.005,0.085,0.115,0.045,0.045,0.035,0.05,0.12,0.13,0.01,0.015,0.025,0.03,0.055,0.095,0.02,0.05,0.005,0.02
YOR060C,0.04,0.015,0.045,0.045,0.04,0.055,0.01,0.075,0.08,0.105,0.015,0.055,0.015,0.075,0.08,0.085,0.075,0.05,0.01,0.03
YOR071C,0.07,0.005,0.015,0.01,0.07,0.075,0.025,0.09,0.03,0.115,0.04,0.06,0.04,0.02,0.025,0.105,0.06,0.055,0.035,0.055
YOR179C,0.031914893617021274,0.02127659574468085,0.06382978723404255,0.06914893617021277,0.026595744680851064,0.05851063829787234,0.015957446808510637,0.10106382978723404,0.0797872340425532,0.09042553191489362,0.026595744680851064,0.06914893617021277,0.015957446808510637,0.0425531914893617,0.031914893617021274,0.10638297872340426,0.0797872340425532,0.05319148936170213,0.010638297872340425,0.005319148936170213
YOR192C,0.065,0.015,0.02,0.015,0.075,0.085,0.025,0.105,0.03,0.115,0.035,0.055,0.03,0.015,0.035,0.09,0.05,0.055,0.035,0.05
YOR193W,0.03,0.01,0.055,0.045,0.065,0.035,0.01,0.055,0.11,0.135,0.015,0.07,0.015,0.04,0.065,0.085,0.08,0.04,0.01,0.03
YOR205C,0.035,0.03,0.08,0.02,0.045,0.015,0.025,0.045,0.105,0.135,0.015,0.075,0.065,0.05,0.04,0.08,0.045,0.07,0.0,0.025
YOR247W,0.07,0.005,0.03,0.03,0.04,0.02,0.01,0.03,0.02,0.055,0.005,0.05,0.045,0.03,0.0,0.19,0.225,0.1,0.01,0.035
YOR262W,0.04,0.03,0.07,0.06,0.065,0.05,0.02,0.08,0.04,0.115,0.05,0.045,0.055,0.05,0.025,0.075,0.025,0.06,0.0,0.045
YOR267C,0.03,0.0,0.035,0.02,0.03,0.02,0.105,0.03,0.055,0.065,0.02,0.135,0.065,0.03,0.045,0.17,0.105,0.01,0.0,0.03
YOR286W,0.0738255033557047,0.006711409395973154,0.040268456375838924,0.06711409395973154,0.04697986577181208,0.06040268456375839,0.026845637583892617,0.04697986577181208,0.12080536912751678,0.08053691275167785,0.013422818791946308,0.03355704697986577,0.08053691275167785,0.013422818791946308,0.04697986577181208,0.04697986577181208,0.08053691275167785,0.0738255033557047,0.006711409395973154,0.03355704697986577
YOR293W,0.02857142857142857,0.0,0.02857142857142857,0.09523809523809523,0.02857142857142857,0.0380952380952381,0.02857142857142857,0.047619047619047616,0.08571428571428572,0.08571428571428572,0.01904761904761905,0.047619047619047616,0.047619047619047616,0.08571428571428572,0.05714285714285714,0.02857142857142857,0.06666666666666667,0.06666666666666667,0.009523809523809525,0.10476190476190476
YOR353C,0.035,0.005,0.06,0.08,0.02,0.015,0.02,0.09,0.08,0.135,0.005,0.075,0.045,0.04,0.035,0.125,0.07,0.03,0.01,0.025
YOR356W,0.06,0.01,0.03,0.085,0.025,0.095,0.01,0.065,0.085,0.115,0.02,0.045,0.045,0.025,0.045,0.07,0.05,0.09,0.01,0.02
YOR378W,0.1,0.015,0.03,0.025,0.1,0.105,0.01,0.045,0.045,0.125,0.025,0.035,0.03,0.045,0.03,0.1,0.045,0.045,0.025,0.02
YOR382W,0.1111111111111111,0.0,0.026143790849673203,0.0196078431372549,0.0196078431372549,0.058823529411764705,0.0,0.032679738562091505,0.0457516339869281,0.05228758169934641,0.0196078431372549,0.0392156862745098,0.0196078431372549,0.013071895424836602,0.006535947712418301,0.20915032679738563,0.19607843137254902,0.09803921568627451,0.0,0.032679738562091505
YOR384W,0.085,0.025,0.06,0.045,0.055,0.035,0.03,0.055,0.1,0.1,0.005,0.045,0.035,0.02,0.045,0.06,0.045,0.075,0.025,0.055
YOR388C,0.075,0.01,0.05,0.11,0.02,0.08,0.02,0.08,0.06,0.09,0.01,0.055,0.03,0.025,0.045,0.035,0.06,0.095,0.005,0.045
YOR390W,0.05,0.025,0.02,0.045,0.065,0.06,0.035,0.055,0.045,0.1,0.055,0.055,0.04,0.025,0.015,0.1,0.1,0.065,0.01,0.035
YOR391C,0.1,0.005,0.06,0.06,0.075,0.1,0.025,0.07,0.09,0.08,0.01,0.045,0.035,0.005,0.035,0.05,0.06,0.055,0.005,0.035
YPL189W,0.055,0.015,0.025,0.025,0.11,0.03,0.02,0.075,0.075,0.1,0.02,0.05,0.045,0.02,0.06,0.115,0.04,0.07,0.02,0.03
YPL196W,0.035,0.01,0.05,0.11,0.035,0.065,0.025,0.045,0.08,0.08,0.015,0.055,0.05,0.025,0.055,0.1,0.065,0.045,0.015,0.04
YPL199C,0.08,0.005,0.05,0.08,0.025,0.07,0.045,0.04,0.08,0.085,0.02,0.075,0.035,0.085,0.035,0.055,0.03,0.065,0.0,0.04
YPL208W,0.035,0.01,0.075,0.075,0.07,0.035,0.01,0.085,0.085,0.115,0.015,0.06,0.05,0.015,0.035,0.085,0.04,0.055,0.025,0.025
YPL219W,0.045,0.005,0.135,0.05,0.04,0.045,0.015,0.02,0.055,0.1,0.025,0.1,0.04,0.065,0.03,0.12,0.045,0.05,0.0,0.015
YPL224C,0.055,0.005,0.025,0.045,0.03,0.08,0.05,0.05,0.065,0.09,0.025,0.06,0.03,0.05,0.04,0.15,0.05,0.055,0.005,0.04
YPL260W,0.055,0.01,0.07,0.095,0.02,0.015,0.045,0.045,0.085,0.135,0.005,0.06,0.03,0.045,0.05,0.095,0.055,0.06,0.0,0.025
YPL279C,0.05,0.025,0.02,0.045,0.065,0.06,0.035,0.055,0.045,0.1,0.055,0.055,0.04,0.025,0.015,0.1,0.1,0.065,0.01,0.035
YOR091W,0.055,0.03,0.065,0.08,0.035,0.065,0.015,0.02,0.17,0.05,0.035,0.06,0.04,0.04,0.065,0.04,0.035,0.06,0.015,0.025
YOR002W,0.055,0.01,0.035,0.035,0.075,0.075,0.025,0.075,0.035,0.11,0.025,0.03,0.08,0.04,0.04,0.08,0.03,0.03,0.035,0.08
YDL021W,0.025,0.02,0.05,0.1,0.035,0.06,0.025,0.06,0.09,0.085,0.03,0.06,0.045,0.07,0.06,0.05,0.05,0.025,0.015,0.045
YOR034C,0.1,0.005,0.1,0.03,0.025,0.065,0.025,0.06,0.05,0.095,0.015,0.105,0.02,0.025,0.025,0.065,0.035,0.105,0.015,0.035
YOL129W,0.06521739130434782,0.016304347826086956,0.05434782608695652,0.021739130434782608,0.07065217391304347,0.10326086956521739,0.010869565217391304,0.06521739130434782,0.02717391304347826,0.14130434782608695,0.016304347826086956,0.043478260869565216,0.021739130434782608,0.016304347826086956,0.03260869565217391,0.09239130434782608,0.043478260869565216,0.09239130434782608,0.021739130434782608,0.043478260869565216
YDR056C,0.08,0.015,0.085,0.065,0.03,0.055,0.0,0.045,0.095,0.1,0.025,0.04,0.03,0.045,0.02,0.065,0.07,0.085,0.01,0.04
YOR271C,0.095,0.01,0.03,0.035,0.025,0.06,0.03,0.04,0.04,0.12,0.025,0.06,0.06,0.02,0.045,0.095,0.08,0.09,0.02,0.02
YPR006C,0.06,0.01,0.05,0.045,0.05,0.045,0.015,0.055,0.08,0.075,0.015,0.06,0.05,0.03,0.055,0.12,0.07,0.065,0.015,0.035
YLR051C,0.05,0.0,0.085,0.11,0.035,0.025,0.01,0.045,0.135,0.085,0.02,0.065,0.035,0.045,0.065,0.075,0.04,0.045,0.01,0.02
YDL089W,0.035,0.005,0.05,0.06,0.09,0.025,0.01,0.055,0.09,0.15,0.02,0.095,0.02,0.03,0.025,0.085,0.03,0.03,0.025,0.07
YOR079C,0.055,0.005,0.06,0.015,0.05,0.07,0.025,0.12,0.045,0.125,0.02,0.055,0.02,0.04,0.02,0.065,0.065,0.105,0.015,0.025
YDL036C,0.035,0.005,0.065,0.085,0.045,0.03,0.035,0.085,0.095,0.06,0.015,0.06,0.04,0.04,0.1,0.055,0.06,0.06,0.005,0.025
YLR095C,0.06,0.01,0.09,0.055,0.035,0.05,0.03,0.065,0.06,0.09,0.015,0.07,0.015,0.05,0.035,0.08,0.055,0.06,0.025,0.05
YLR034C,0.07,0.025,0.025,0.035,0.075,0.07,0.005,0.095,0.065,0.145,0.02,0.035,0.035,0.04,0.015,0.045,0.055,0.09,0.005,0.05
YDR020C,0.055,0.01,0.09,0.06,0.02,0.05,0.02,0.125,0.065,0.09,0.025,0.085,0.02,0.045,0.04,0.055,0.04,0.06,0.0,0.045
YDR263C,0.06,0.025,0.055,0.05,0.045,0.045,0.015,0.085,0.115,0.115,0.04,0.035,0.04,0.05,0.045,0.045,0.035,0.04,0.01,0.05
YLR107W,0.05,0.025,0.05,0.04,0.02,0.05,0.025,0.055,0.125,0.125,0.025,0.07,0.035,0.045,0.05,0.07,0.06,0.035,0.0,0.045
YOR320C,0.03,0.005,0.075,0.06,0.06,0.015,0.01,0.1,0.095,0.12,0.005,0.07,0.025,0.045,0.04,0.045,0.055,0.085,0.01,0.05
YOR166C,0.04,0.01,0.095,0.07,0.02,0.045,0.045,0.09,0.05,0.075,0.025,0.075,0.045,0.03,0.045,0.105,0.075,0.04,0.0,0.02
YLR102C,0.035,0.02,0.09,0.095,0.04,0.05,0.025,0.05,0.055,0.085,0.03,0.09,0.055,0.015,0.075,0.065,0.05,0.04,0.005,0.03
YDL131W,0.07,0.015,0.085,0.075,0.05,0.055,0.015,0.075,0.07,0.06,0.015,0.05,0.025,0.025,0.045,0.085,0.065,0.09,0.0,0.03
YOR164C,0.075,0.005,0.075,0.075,0.055,0.05,0.02,0.06,0.065,0.115,0.02,0.04,0.02,0.03,0.04,0.07,0.04,0.07,0.015,0.06
YPL230W,0.07,0.02,0.015,0.035,0.035,0.03,0.06,0.04,0.06,0.025,0.025,0.065,0.06,0.07,0.07,0.19,0.085,0.02,0.0,0.025
YLR066W,0.03260869565217391,0.0,0.059782608695652176,0.043478260869565216,0.07065217391304347,0.043478260869565216,0.005434782608695652,0.06521739130434782,0.08695652173913043,0.06521739130434782,0.02717391304347826,0.09782608695652174,0.016304347826086956,0.03804347826086957,0.02717391304347826,0.07608695652173914,0.07065217391304347,0.10326086956521739,0.02717391304347826,0.043478260869565216
YDR312W,0.03,0.005,0.06,0.04,0.05,0.04,0.02,0.055,0.1,0.09,0.035,0.065,0.06,0.06,0.07,0.07,0.065,0.08,0.0,0.005
YDR162C,0.055,0.0,0.08,0.11,0.025,0.07,0.015,0.055,0.05,0.065,0.02,0.08,0.035,0.04,0.025,0.07,0.08,0.065,0.005,0.055
YDL004W,0.125,0.00625,0.0125,0.0875,0.04375,0.05625,0.0125,0.04375,0.0625,0.10625,0.0125,0.05,0.0375,0.05,0.03125,0.125,0.03125,0.09375,0.0,0.0125
YOR147W,0.035,0.015,0.025,0.05,0.06,0.005,0.03,0.115,0.08,0.13,0.01,0.065,0.045,0.03,0.07,0.085,0.07,0.035,0.02,0.025
YOR162C,0.055,0.03,0.03,0.05,0.025,0.075,0.005,0.04,0.075,0.065,0.02,0.085,0.065,0.03,0.065,0.13,0.09,0.02,0.005,0.04
YOL089C,0.025,0.03,0.045,0.05,0.025,0.05,0.035,0.06,0.075,0.04,0.05,0.1,0.06,0.065,0.05,0.1,0.085,0.035,0.005,0.015
YDR018C,0.05,0.03,0.02,0.015,0.065,0.05,0.01,0.09,0.085,0.125,0.03,0.075,0.035,0.045,0.05,0.085,0.025,0.045,0.025,0.045
YOR279C,0.045,0.0,0.065,0.08,0.025,0.04,0.005,0.115,0.06,0.045,0.005,0.08,0.045,0.02,0.09,0.16,0.07,0.02,0.0,0.03
YPR040W,0.06,0.015,0.045,0.045,0.015,0.035,0.02,0.1,0.045,0.065,0.025,0.11,0.085,0.05,0.065,0.095,0.065,0.03,0.02,0.01
YOR022C,0.025,0.0,0.07,0.065,0.07,0.035,0.02,0.03,0.08,0.09,0.01,0.06,0.075,0.04,0.06,0.1,0.06,0.05,0.015,0.045
YLR057W,0.03,0.0,0.07,0.045,0.035,0.025,0.015,0.08,0.06,0.14,0.02,0.065,0.06,0.04,0.04,0.135,0.045,0.04,0.01,0.045
YLR047C,0.02,0.025,0.03,0.015,0.07,0.025,0.06,0.095,0.065,0.17,0.035,0.03,0.045,0.02,0.05,0.06,0.045,0.07,0.02,0.05
YOL105C,0.05,0.045,0.025,0.035,0.03,0.06,0.0,0.045,0.04,0.065,0.03,0.05,0.015,0.035,0.015,0.225,0.115,0.055,0.01,0.055
YOR009W,0.13,0.0,0.045,0.055,0.01,0.01,0.005,0.04,0.01,0.07,0.03,0.025,0.045,0.025,0.005,0.28,0.06,0.115,0.005,0.035
YOR114W,0.055,0.015,0.03,0.05,0.05,0.01,0.025,0.055,0.11,0.09,0.02,0.065,0.04,0.04,0.085,0.11,0.055,0.05,0.005,0.04
YOR154W,0.055,0.015,0.06,0.1,0.035,0.055,0.025,0.06,0.09,0.075,0.005,0.06,0.035,0.035,0.06,0.095,0.065,0.04,0.015,0.02
YPR020W,0.05217391304347826,0.008695652173913044,0.0,0.043478260869565216,0.02608695652173913,0.08695652173913043,0.017391304347826087,0.06956521739130435,0.11304347826086956,0.1391304347826087,0.008695652173913044,0.05217391304347826,0.02608695652173913,0.06086956521739131,0.02608695652173913,0.09565217391304348,0.02608695652173913,0.06086956521739131,0.0,0.08695652173913043
YOR216C,0.035,0.0,0.08,0.14,0.015,0.035,0.015,0.045,0.155,0.085,0.025,0.06,0.04,0.045,0.015,0.065,0.07,0.065,0.0,0.01
YLL055W,0.09,0.01,0.045,0.045,0.095,0.07,0.0,0.07,0.045,0.125,0.03,0.03,0.045,0.03,0.02,0.07,0.085,0.06,0.005,0.03
YPL246C,0.08,0.015,0.01,0.035,0.085,0.07,0.025,0.06,0.03,0.175,0.01,0.025,0.06,0.01,0.03,0.075,0.06,0.06,0.025,0.06
YOR227W,0.055,0.0,0.04,0.035,0.01,0.035,0.015,0.03,0.105,0.065,0.005,0.05,0.065,0.045,0.08,0.175,0.11,0.06,0.005,0.015
YOR221C,0.045,0.02,0.045,0.035,0.04,0.03,0.01,0.065,0.07,0.125,0.02,0.095,0.05,0.07,0.025,0.135,0.045,0.045,0.005,0.025
YPR009W,0.035,0.04,0.065,0.035,0.03,0.045,0.01,0.065,0.08,0.09,0.02,0.06,0.05,0.05,0.055,0.125,0.065,0.035,0.005,0.04
YOR100C,0.075,0.01,0.015,0.04,0.055,0.105,0.01,0.065,0.09,0.07,0.015,0.045,0.045,0.035,0.02,0.105,0.09,0.095,0.005,0.01
YOL060C,0.04,0.015,0.03,0.025,0.035,0.085,0.025,0.095,0.035,0.145,0.02,0.02,0.045,0.02,0.035,0.105,0.045,0.115,0.015,0.05
YLR092W,0.055,0.015,0.07,0.06,0.055,0.045,0.02,0.05,0.05,0.07,0.015,0.075,0.045,0.035,0.01,0.12,0.05,0.08,0.01,0.07
YDR032C,0.12121212121212122,0.005050505050505051,0.03535353535353535,0.06565656565656566,0.050505050505050504,0.13131313131313133,0.030303030303030304,0.06060606060606061,0.050505050505050504,0.06565656565656566,0.015151515151515152,0.025252525252525252,0.050505050505050504,0.025252525252525252,0.020202020202020204,0.050505050505050504,0.08080808080808081,0.06060606060606061,0.020202020202020204,0.03535353535353535
YLR154C,0.045454545454545456,0.0,0.06363636363636363,0.09090909090909091,0.05454545454545454,0.05454545454545454,0.0,0.06363636363636363,0.06363636363636363,0.06363636363636363,0.01818181818181818,0.08181818181818182,0.02727272727272727,0.02727272727272727,0.045454545454545456,0.09090909090909091,0.10909090909090909,0.045454545454545456,0.0,0.05454545454545454
YDL146W,0.03,0.01,0.065,0.075,0.055,0.02,0.015,0.085,0.075,0.145,0.035,0.065,0.015,0.03,0.02,0.105,0.06,0.04,0.005,0.05
YLR118C,0.08,0.01,0.05,0.035,0.065,0.11,0.03,0.095,0.065,0.075,0.02,0.045,0.06,0.065,0.015,0.055,0.04,0.05,0.02,0.015
YDR384C,0.06,0.025,0.055,0.035,0.08,0.11,0.005,0.05,0.015,0.12,0.03,0.055,0.035,0.03,0.03,0.085,0.075,0.055,0.015,0.035
YDL098C,0.04639175257731959,0.015463917525773196,0.08247422680412371,0.07731958762886598,0.05670103092783505,0.030927835051546393,0.02577319587628866,0.05154639175257732,0.11855670103092783,0.09278350515463918,0.020618556701030927,0.05154639175257732,0.020618556701030927,0.030927835051546393,0.05670103092783505,0.08247422680412371,0.061855670103092786,0.03608247422680412,0.005154639175257732,0.03608247422680412
YLL003W,0.03,0.0,0.06,0.1,0.075,0.045,0.02,0.095,0.055,0.115,0.005,0.065,0.06,0.025,0.035,0.055,0.07,0.05,0.0,0.04
YLL061W,0.07,0.02,0.025,0.055,0.045,0.08,0.015,0.065,0.035,0.14,0.025,0.045,0.045,0.035,0.02,0.13,0.035,0.06,0.02,0.035
YOR130C,0.085,0.03,0.02,0.05,0.055,0.095,0.01,0.08,0.085,0.09,0.005,0.035,0.03,0.05,0.025,0.075,0.07,0.08,0.015,0.015
YDR066C,0.030612244897959183,0.030612244897959183,0.05102040816326531,0.08673469387755102,0.04081632653061224,0.03571428571428571,0.030612244897959183,0.07142857142857142,0.04591836734693878,0.11734693877551021,0.04081632653061224,0.03571428571428571,0.030612244897959183,0.04081632653061224,0.03571428571428571,0.10204081632653061,0.0663265306122449,0.05102040816326531,0.0,0.05612244897959184
YOL076W,0.05,0.01,0.04,0.065,0.07,0.045,0.015,0.045,0.095,0.135,0.015,0.055,0.035,0.06,0.035,0.085,0.03,0.035,0.01,0.07
YOR032C,0.045,0.005,0.075,0.05,0.035,0.045,0.02,0.04,0.04,0.04,0.03,0.115,0.08,0.05,0.005,0.12,0.09,0.06,0.0,0.055
YDL018C,0.045,0.03,0.07,0.08,0.075,0.045,0.03,0.075,0.06,0.065,0.01,0.06,0.025,0.055,0.075,0.06,0.045,0.04,0.005,0.05
YOR084W,0.085,0.02,0.055,0.045,0.025,0.07,0.025,0.055,0.035,0.115,0.015,0.055,0.055,0.035,0.075,0.065,0.055,0.07,0.015,0.03
YDL046W,0.057803468208092484,0.023121387283236993,0.05202312138728324,0.10404624277456648,0.03468208092485549,0.06936416184971098,0.005780346820809248,0.09248554913294797,0.046242774566473986,0.10982658959537572,0.005780346820809248,0.057803468208092484,0.08670520231213873,0.017341040462427744,0.028901734104046242,0.028901734104046242,0.057803468208092484,0.08092485549132948,0.0,0.04046242774566474
YDR169C,0.095,0.01,0.035,0.06,0.025,0.045,0.01,0.065,0.09,0.065,0.03,0.06,0.065,0.04,0.04,0.14,0.06,0.055,0.01,0.0
YLL014W,0.05555555555555555,0.009259259259259259,0.027777777777777776,0.046296296296296294,0.1111111111111111,0.06481481481481481,0.018518518518518517,0.10185185185185185,0.027777777777777776,0.1111111111111111,0.018518518518518517,0.05555555555555555,0.018518518518518517,0.05555555555555555,0.018518518518518517,0.06481481481481481,0.037037037037037035,0.09259259259259259,0.027777777777777776,0.037037037037037035
YDL135C,0.055,0.0,0.07,0.1,0.04,0.04,0.015,0.065,0.12,0.085,0.005,0.055,0.04,0.03,0.025,0.07,0.055,0.075,0.01,0.045
YOL002C,0.065,0.025,0.035,0.045,0.075,0.04,0.03,0.08,0.075,0.14,0.015,0.025,0.015,0.01,0.03,0.11,0.065,0.06,0.015,0.045
YDR071C,0.03664921465968586,0.010471204188481676,0.02617801047120419,0.12041884816753927,0.031413612565445025,0.04712041884816754,0.031413612565445025,0.13612565445026178,0.08376963350785341,0.09947643979057591,0.02617801047120419,0.05759162303664921,0.04712041884816754,0.03664921465968586,0.031413612565445025,0.06806282722513089,0.03664921465968586,0.03664921465968586,0.005235602094240838,0.031413612565445025
YOR016C,0.045,0.01,0.05,0.065,0.06,0.045,0.015,0.095,0.065,0.1,0.025,0.045,0.02,0.02,0.035,0.11,0.075,0.07,0.01,0.04
YOR112W,0.045,0.02,0.04,0.065,0.08,0.065,0.005,0.075,0.065,0.12,0.01,0.05,0.045,0.03,0.025,0.11,0.065,0.055,0.015,0.015
YPL168W,0.06,0.015,0.04,0.05,0.03,0.06,0.025,0.06,0.115,0.105,0.05,0.085,0.03,0.03,0.05,0.06,0.055,0.055,0.0,0.025
YPR021C,0.03,0.005,0.075,0.055,0.085,0.04,0.01,0.075,0.105,0.12,0.015,0.095,0.02,0.035,0.025,0.085,0.05,0.025,0.005,0.045
YOR150W,0.06134969325153374,0.012269938650306749,0.04294478527607362,0.03680981595092025,0.03680981595092025,0.0736196319018405,0.04294478527607362,0.05521472392638037,0.1165644171779141,0.08588957055214724,0.018404907975460124,0.03680981595092025,0.04294478527607362,0.06134969325153374,0.06134969325153374,0.06748466257668712,0.04294478527607362,0.06748466257668712,0.012269938650306749,0.024539877300613498
YDR383C,0.045,0.01,0.085,0.125,0.01,0.035,0.0,0.07,0.065,0.13,0.025,0.055,0.02,0.05,0.04,0.115,0.04,0.045,0.0,0.035
YOR315W,0.02,0.015,0.06,0.05,0.05,0.03,0.02,0.05,0.105,0.095,0.025,0.055,0.08,0.015,0.04,0.15,0.06,0.055,0.005,0.02
YPL244C,0.065,0.01,0.03,0.015,0.045,0.065,0.015,0.055,0.085,0.15,0.045,0.045,0.04,0.04,0.02,0.09,0.07,0.06,0.02,0.035
YLL062C,0.05,0.005,0.045,0.095,0.065,0.07,0.02,0.115,0.05,0.065,0.02,0.055,0.055,0.03,0.04,0.075,0.045,0.035,0.02,0.045
YMR113W,0.05,0.04,0.025,0.065,0.03,0.075,0.03,0.085,0.07,0.115,0.005,0.06,0.03,0.04,0.03,0.07,0.08,0.07,0.005,0.025
YDR411C,0.04,0.02,0.025,0.02,0.065,0.075,0.01,0.095,0.02,0.1,0.04,0.06,0.055,0.02,0.055,0.06,0.075,0.07,0.03,0.065
YMR185W,0.035,0.005,0.07,0.06,0.035,0.025,0.03,0.1,0.075,0.12,0.015,0.08,0.03,0.04,0.035,0.1,0.055,0.05,0.005,0.035
YPR008W,0.05,0.05,0.04,0.045,0.015,0.055,0.035,0.045,0.11,0.075,0.025,0.035,0.045,0.06,0.065,0.135,0.06,0.035,0.0,0.02
YIL156W-B,0.0410958904109589,0.0273972602739726,0.0410958904109589,0.0273972602739726,0.0136986301369863,0.0684931506849315,0.0136986301369863,0.0410958904109589,0.0684931506849315,0.136986301369863,0.0410958904109589,0.0547945205479452,0.0136986301369863,0.0136986301369863,0.0547945205479452,0.0821917808219178,0.1095890410958904,0.0821917808219178,0.0,0.0684931506849315
YDR119W-A,0.10606060606060606,0.015151515151515152,0.0,0.045454545454545456,0.07575757575757576,0.09090909090909091,0.0,0.07575757575757576,0.045454545454545456,0.06060606060606061,0.015151515151515152,0.0,0.045454545454545456,0.030303030303030304,0.10606060606060606,0.10606060606060606,0.030303030303030304,0.07575757575757576,0.045454545454545456,0.030303030303030304
YGR271C-A,0.06,0.005,0.055,0.08,0.025,0.03,0.005,0.065,0.16,0.14,0.025,0.06,0.03,0.035,0.075,0.05,0.045,0.03,0.0,0.025
YDR379C-A,0.0379746835443038,0.0,0.012658227848101266,0.0759493670886076,0.05063291139240506,0.0379746835443038,0.0759493670886076,0.06329113924050633,0.10126582278481013,0.10126582278481013,0.012658227848101266,0.0759493670886076,0.05063291139240506,0.02531645569620253,0.0759493670886076,0.0379746835443038,0.0759493670886076,0.05063291139240506,0.0,0.0379746835443038
YBR058C-A,0.025,0.0125,0.0125,0.0625,0.125,0.0375,0.0375,0.075,0.075,0.1125,0.0375,0.025,0.025,0.0125,0.025,0.0875,0.075,0.05,0.0125,0.075
YLR099W-A,0.04597701149425287,0.0,0.08045977011494253,0.10344827586206896,0.022988505747126436,0.05747126436781609,0.011494252873563218,0.05747126436781609,0.034482758620689655,0.16091954022988506,0.022988505747126436,0.04597701149425287,0.011494252873563218,0.05747126436781609,0.04597701149425287,0.09195402298850575,0.04597701149425287,0.04597701149425287,0.034482758620689655,0.022988505747126436
YLR367W,0.06153846153846154,0.007692307692307693,0.038461538461538464,0.046153846153846156,0.038461538461538464,0.08461538461538462,0.03076923076923077,0.09230769230769231,0.08461538461538462,0.08461538461538462,0.023076923076923078,0.05384615384615385,0.023076923076923078,0.038461538461538464,0.06923076923076923,0.06153846153846154,0.038461538461538464,0.08461538461538462,0.007692307692307693,0.03076923076923077
YHR199C-A,0.0547945205479452,0.0,0.0136986301369863,0.1780821917808219,0.0,0.0136986301369863,0.0136986301369863,0.0821917808219178,0.0821917808219178,0.1643835616438356,0.0273972602739726,0.0273972602739726,0.0547945205479452,0.0821917808219178,0.0821917808219178,0.0410958904109589,0.0684931506849315,0.0136986301369863,0.0,0.0
YJR005C-A,0.12903225806451613,0.0,0.021505376344086023,0.13978494623655913,0.0,0.07526881720430108,0.010752688172043012,0.010752688172043012,0.16129032258064516,0.07526881720430108,0.021505376344086023,0.021505376344086023,0.010752688172043012,0.0967741935483871,0.11827956989247312,0.010752688172043012,0.043010752688172046,0.010752688172043012,0.010752688172043012,0.03225806451612903
YER074W-A,0.03529411764705882,0.0,0.023529411764705882,0.047058823529411764,0.047058823529411764,0.09411764705882353,0.0,0.10588235294117647,0.023529411764705882,0.2,0.011764705882352941,0.047058823529411764,0.023529411764705882,0.047058823529411764,0.07058823529411765,0.03529411764705882,0.047058823529411764,0.11764705882352941,0.0,0.023529411764705882
YER048W-A,0.031914893617021274,0.0,0.031914893617021274,0.0425531914893617,0.0851063829787234,0.031914893617021274,0.010638297872340425,0.02127659574468085,0.09574468085106383,0.09574468085106383,0.0425531914893617,0.09574468085106383,0.0425531914893617,0.07446808510638298,0.0851063829787234,0.0425531914893617,0.06382978723404255,0.06382978723404255,0.0,0.0425531914893617
YBL091C-A,0.07428571428571429,0.005714285714285714,0.05714285714285714,0.06285714285714286,0.03428571428571429,0.045714285714285714,0.017142857142857144,0.08571428571428572,0.09142857142857143,0.09142857142857143,0.011428571428571429,0.045714285714285714,0.06285714285714286,0.03428571428571429,0.045714285714285714,0.06857142857142857,0.03428571428571429,0.08571428571428572,0.011428571428571429,0.03428571428571429
YPR057W,0.06,0.005,0.065,0.11,0.03,0.025,0.025,0.065,0.09,0.1,0.02,0.055,0.025,0.035,0.055,0.08,0.05,0.065,0.015,0.025
YOR319W,0.065,0.005,0.075,0.04,0.05,0.05,0.0,0.095,0.095,0.085,0.015,0.095,0.03,0.045,0.04,0.045,0.04,0.06,0.0,0.07
YOR107W,0.055,0.025,0.06,0.095,0.05,0.025,0.035,0.05,0.08,0.09,0.02,0.06,0.025,0.035,0.045,0.115,0.035,0.055,0.005,0.04
YOR160W,0.06,0.015,0.06,0.07,0.045,0.005,0.01,0.095,0.035,0.175,0.005,0.08,0.03,0.07,0.025,0.11,0.06,0.035,0.01,0.005
YOR030W,0.045,0.02,0.07,0.015,0.045,0.055,0.045,0.07,0.055,0.12,0.02,0.085,0.075,0.015,0.045,0.055,0.035,0.055,0.01,0.065
YOL087C,0.04,0.015,0.095,0.045,0.025,0.065,0.04,0.105,0.055,0.075,0.025,0.07,0.045,0.035,0.015,0.085,0.06,0.055,0.015,0.035
YDR051C,0.035,0.02,0.07,0.085,0.015,0.07,0.035,0.06,0.07,0.085,0.01,0.08,0.04,0.025,0.08,0.055,0.045,0.065,0.005,0.05
YOR222W,0.08,0.015,0.03,0.05,0.045,0.075,0.0,0.08,0.09,0.065,0.045,0.05,0.04,0.04,0.04,0.07,0.06,0.07,0.01,0.045
YOL088C,0.03,0.035,0.055,0.075,0.065,0.025,0.02,0.055,0.075,0.1,0.02,0.055,0.05,0.025,0.055,0.075,0.065,0.06,0.02,0.04
YOR324C,0.045,0.015,0.055,0.055,0.04,0.065,0.025,0.02,0.065,0.095,0.015,0.055,0.08,0.035,0.105,0.12,0.04,0.06,0.0,0.01
YDR014W,0.045,0.0,0.12,0.065,0.04,0.03,0.015,0.08,0.08,0.055,0.035,0.07,0.045,0.025,0.06,0.15,0.035,0.035,0.0,0.015
YLR065C,0.06629834254143646,0.011049723756906077,0.03314917127071823,0.016574585635359115,0.055248618784530384,0.08287292817679558,0.0,0.08839779005524862,0.10497237569060773,0.09944751381215469,0.03314917127071823,0.06077348066298342,0.022099447513812154,0.055248618784530384,0.06077348066298342,0.06077348066298342,0.027624309392265192,0.049723756906077346,0.016574585635359115,0.055248618784530384
YOL101C,0.02,0.015,0.035,0.045,0.115,0.02,0.025,0.075,0.075,0.13,0.025,0.06,0.02,0.035,0.015,0.08,0.095,0.05,0.005,0.06
YHR132W-A,0.015267175572519083,0.0,0.07633587786259542,0.030534351145038167,0.015267175572519083,0.07633587786259542,0.015267175572519083,0.04580152671755725,0.0916030534351145,0.0916030534351145,0.030534351145038167,0.05343511450381679,0.07633587786259542,0.030534351145038167,0.06870229007633588,0.183206106870229,0.022900763358778626,0.04580152671755725,0.0,0.030534351145038167
YDR261C-C,0.055,0.015,0.03,0.035,0.03,0.045,0.03,0.02,0.04,0.03,0.04,0.055,0.15,0.085,0.005,0.16,0.085,0.04,0.01,0.04
YER055C,0.08,0.015,0.07,0.055,0.04,0.075,0.01,0.07,0.065,0.115,0.015,0.025,0.03,0.03,0.035,0.075,0.07,0.105,0.0,0.02
YML024W,0.04411764705882353,0.007352941176470588,0.051470588235294115,0.051470588235294115,0.014705882352941176,0.04411764705882353,0.007352941176470588,0.051470588235294115,0.10294117647058823,0.11029411764705882,0.014705882352941176,0.04411764705882353,0.029411764705882353,0.051470588235294115,0.125,0.07352941176470588,0.058823529411764705,0.08088235294117647,0.0,0.03676470588235294
YHL038C,0.03,0.02,0.05,0.055,0.065,0.025,0.02,0.05,0.09,0.105,0.03,0.055,0.05,0.06,0.075,0.075,0.035,0.055,0.02,0.035
Q0050,0.06,0.01,0.025,0.02,0.045,0.075,0.02,0.065,0.055,0.09,0.07,0.06,0.02,0.03,0.05,0.08,0.08,0.085,0.02,0.04
Q0055,0.085,0.03,0.01,0.05,0.05,0.055,0.05,0.06,0.04,0.115,0.045,0.05,0.03,0.025,0.025,0.08,0.045,0.09,0.02,0.045
YKL194C,0.05,0.02,0.045,0.06,0.08,0.05,0.03,0.035,0.09,0.09,0.04,0.055,0.05,0.035,0.05,0.085,0.06,0.03,0.02,0.025
YJL209W,0.045,0.015,0.08,0.035,0.03,0.015,0.025,0.07,0.085,0.115,0.03,0.05,0.03,0.045,0.085,0.07,0.06,0.06,0.01,0.045
YNR045W,0.055,0.005,0.05,0.07,0.045,0.035,0.02,0.045,0.065,0.105,0.035,0.06,0.035,0.035,0.075,0.065,0.085,0.06,0.02,0.035
YDR522C,0.03,0.01,0.05,0.075,0.045,0.05,0.015,0.105,0.09,0.115,0.015,0.075,0.03,0.045,0.02,0.075,0.065,0.06,0.015,0.015
YMR257C,0.02,0.005,0.07,0.05,0.055,0.03,0.04,0.095,0.095,0.11,0.025,0.035,0.015,0.055,0.035,0.095,0.06,0.05,0.015,0.045
YCR018C,0.045,0.035,0.045,0.075,0.015,0.04,0.005,0.05,0.115,0.055,0.01,0.075,0.025,0.035,0.09,0.12,0.075,0.04,0.015,0.035
YDL227C,0.07,0.02,0.04,0.06,0.04,0.07,0.02,0.07,0.07,0.08,0.025,0.055,0.035,0.05,0.085,0.045,0.065,0.06,0.005,0.035
YNL097C-B,0.025,0.0,0.0,0.025,0.025,0.075,0.025,0.075,0.125,0.025,0.025,0.075,0.05,0.1,0.0,0.1,0.125,0.025,0.075,0.025
YDR471W,0.08823529411764706,0.0,0.014705882352941176,0.0661764705882353,0.0661764705882353,0.058823529411764705,0.04411764705882353,0.029411764705882353,0.16911764705882354,0.04411764705882353,0.007352941176470588,0.022058823529411766,0.04411764705882353,0.029411764705882353,0.058823529411764705,0.051470588235294115,0.04411764705882353,0.125,0.007352941176470588,0.029411764705882353
YHR214C-C,0.055,0.01,0.035,0.025,0.03,0.045,0.03,0.025,0.04,0.035,0.04,0.06,0.145,0.085,0.005,0.155,0.08,0.04,0.01,0.05
YLR256W-A,0.055,0.015,0.03,0.035,0.03,0.045,0.035,0.02,0.04,0.03,0.04,0.055,0.15,0.085,0.005,0.155,0.085,0.04,0.01,0.04
YLR410W-A,0.055,0.005,0.04,0.04,0.02,0.03,0.06,0.03,0.04,0.055,0.03,0.075,0.13,0.09,0.01,0.12,0.065,0.05,0.01,0.045
YER039C,0.065,0.015,0.035,0.03,0.055,0.045,0.0,0.085,0.04,0.13,0.055,0.045,0.02,0.02,0.02,0.12,0.07,0.085,0.02,0.045
YML132W,0.04,0.025,0.03,0.075,0.075,0.015,0.005,0.05,0.095,0.135,0.015,0.055,0.04,0.035,0.025,0.09,0.035,0.08,0.04,0.04
YMR242C,0.06976744186046512,0.0,0.029069767441860465,0.05813953488372093,0.05813953488372093,0.023255813953488372,0.040697674418604654,0.05813953488372093,0.11046511627906977,0.05232558139534884,0.023255813953488372,0.029069767441860465,0.040697674418604654,0.040697674418604654,0.09302325581395349,0.06976744186046512,0.05232558139534884,0.0872093023255814,0.011627906976744186,0.05232558139534884
YOR312C,0.06976744186046512,0.0,0.029069767441860465,0.05813953488372093,0.05813953488372093,0.023255813953488372,0.040697674418604654,0.05813953488372093,0.11046511627906977,0.05232558139534884,0.023255813953488372,0.029069767441860465,0.040697674418604654,0.040697674418604654,0.09302325581395349,0.06976744186046512,0.05232558139534884,0.0872093023255814,0.011627906976744186,0.05232558139534884
YAR010C,0.055,0.015,0.03,0.035,0.03,0.045,0.035,0.02,0.04,0.03,0.04,0.055,0.135,0.09,0.005,0.165,0.09,0.035,0.01,0.04
YPR137C-A,0.055,0.015,0.03,0.035,0.03,0.045,0.035,0.02,0.04,0.03,0.04,0.055,0.135,0.09,0.005,0.165,0.09,0.035,0.01,0.04
YOR142W-A,0.055,0.01,0.035,0.025,0.03,0.045,0.03,0.025,0.04,0.03,0.04,0.06,0.15,0.085,0.005,0.155,0.08,0.04,0.01,0.05
YPR158W-A,0.055,0.01,0.035,0.025,0.03,0.045,0.03,0.025,0.04,0.03,0.04,0.06,0.15,0.085,0.005,0.155,0.08,0.04,0.01,0.05
YFL002W-B,0.055,0.005,0.04,0.045,0.02,0.025,0.06,0.025,0.03,0.05,0.03,0.075,0.13,0.095,0.015,0.125,0.065,0.055,0.01,0.045
YGR161W-A,0.055,0.005,0.04,0.045,0.02,0.025,0.06,0.025,0.03,0.05,0.03,0.075,0.13,0.095,0.015,0.125,0.065,0.055,0.01,0.045
YDR316W-A,0.055,0.01,0.035,0.025,0.03,0.045,0.03,0.025,0.04,0.03,0.04,0.06,0.15,0.085,0.005,0.155,0.08,0.04,0.01,0.05
YER159C-A,0.055,0.01,0.035,0.025,0.03,0.045,0.03,0.025,0.04,0.03,0.04,0.06,0.15,0.085,0.005,0.155,0.08,0.04,0.01,0.05
YGR161C-C,0.055,0.01,0.035,0.025,0.03,0.045,0.03,0.025,0.04,0.03,0.04,0.06,0.15,0.085,0.005,0.155,0.08,0.04,0.01,0.05
YLR035C-B,0.055,0.01,0.035,0.025,0.03,0.045,0.03,0.025,0.04,0.03,0.04,0.06,0.15,0.085,0.005,0.155,0.08,0.04,0.01,0.05
YMR051C,0.055,0.01,0.035,0.025,0.03,0.045,0.03,0.025,0.04,0.03,0.04,0.06,0.15,0.085,0.005,0.155,0.08,0.04,0.01,0.05
YDR365W-A,0.055,0.015,0.03,0.035,0.03,0.045,0.03,0.02,0.04,0.03,0.04,0.055,0.15,0.085,0.005,0.16,0.085,0.04,0.01,0.04
YER137C-A,0.055,0.015,0.03,0.035,0.03,0.045,0.03,0.02,0.04,0.03,0.04,0.055,0.15,0.085,0.005,0.16,0.085,0.04,0.01,0.04
YLR157C-A,0.055,0.015,0.03,0.035,0.03,0.045,0.03,0.02,0.04,0.03,0.04,0.055,0.15,0.085,0.005,0.16,0.085,0.04,0.01,0.04
YPL257W-A,0.055,0.015,0.03,0.035,0.03,0.045,0.03,0.02,0.04,0.03,0.04,0.055,0.15,0.085,0.005,0.16,0.085,0.04,0.01,0.04
YJR026W,0.055,0.015,0.03,0.035,0.03,0.045,0.035,0.02,0.04,0.03,0.04,0.055,0.145,0.085,0.005,0.16,0.085,0.04,0.01,0.04
YLR227W-A,0.055,0.015,0.03,0.035,0.03,0.045,0.035,0.02,0.04,0.03,0.04,0.055,0.145,0.085,0.005,0.16,0.085,0.04,0.01,0.04
YML040W,0.055,0.015,0.03,0.035,0.03,0.045,0.035,0.02,0.04,0.03,0.04,0.055,0.145,0.085,0.005,0.16,0.085,0.04,0.01,0.04
YCL066W,0.06857142857142857,0.005714285714285714,0.02857142857142857,0.04,0.08,0.045714285714285714,0.02857142857142857,0.06285714285714286,0.10285714285714286,0.06285714285714286,0.017142857142857144,0.06857142857142857,0.03428571428571429,0.05714285714285714,0.05142857142857143,0.09714285714285714,0.02857142857142857,0.05142857142857143,0.022857142857142857,0.045714285714285714
YCL067C,0.025,0.01,0.05,0.08,0.03,0.02,0.005,0.085,0.11,0.12,0.02,0.09,0.035,0.035,0.06,0.075,0.085,0.04,0.01,0.015
YCR097W,0.031746031746031744,0.015873015873015872,0.023809523809523808,0.0873015873015873,0.03968253968253968,0.023809523809523808,0.031746031746031744,0.09523809523809523,0.1111111111111111,0.07936507936507936,0.031746031746031744,0.1111111111111111,0.023809523809523808,0.03968253968253968,0.06349206349206349,0.07936507936507936,0.047619047619047616,0.03968253968253968,0.007936507936507936,0.015873015873015872
YPR166C,0.05217391304347826,0.017391304347826087,0.02608695652173913,0.034782608695652174,0.0782608695652174,0.05217391304347826,0.008695652173913044,0.06086956521739131,0.10434782608695652,0.12173913043478261,0.02608695652173913,0.09565217391304348,0.05217391304347826,0.043478260869565216,0.10434782608695652,0.034782608695652174,0.02608695652173913,0.034782608695652174,0.008695652173913044,0.017391304347826087
YNL188W,0.04,0.0,0.065,0.075,0.04,0.03,0.015,0.075,0.095,0.04,0.01,0.135,0.04,0.04,0.065,0.12,0.06,0.025,0.0,0.03
YDR447C,0.04411764705882353,0.007352941176470588,0.051470588235294115,0.051470588235294115,0.014705882352941176,0.04411764705882353,0.007352941176470588,0.051470588235294115,0.10294117647058823,0.11029411764705882,0.014705882352941176,0.051470588235294115,0.029411764705882353,0.051470588235294115,0.125,0.07352941176470588,0.058823529411764705,0.07352941176470588,0.0,0.03676470588235294
YDR197W,0.045,0.005,0.035,0.035,0.05,0.04,0.025,0.07,0.065,0.125,0.025,0.075,0.065,0.04,0.06,0.12,0.04,0.05,0.005,0.025
YDR414C,0.03,0.02,0.025,0.04,0.09,0.015,0.025,0.13,0.035,0.16,0.01,0.04,0.06,0.035,0.055,0.06,0.07,0.055,0.02,0.025
YIL136W,0.12,0.0,0.05,0.1,0.025,0.06,0.005,0.055,0.1,0.07,0.015,0.04,0.025,0.06,0.085,0.095,0.025,0.04,0.005,0.025
YGL017W,0.065,0.045,0.055,0.06,0.065,0.045,0.03,0.035,0.08,0.05,0.05,0.06,0.045,0.02,0.06,0.065,0.05,0.055,0.01,0.055
YAL008W,0.050505050505050504,0.005050505050505051,0.020202020202020204,0.025252525252525252,0.06565656565656566,0.09595959595959595,0.005050505050505051,0.06060606060606061,0.08585858585858586,0.1414141414141414,0.04040404040404041,0.0707070707070707,0.025252525252525252,0.025252525252525252,0.050505050505050504,0.06060606060606061,0.045454545454545456,0.09090909090909091,0.015151515151515152,0.020202020202020204
YLR392C,0.03,0.005,0.04,0.045,0.085,0.045,0.02,0.055,0.095,0.075,0.04,0.065,0.065,0.055,0.03,0.1,0.045,0.05,0.015,0.04
YHR028C,0.015,0.0,0.065,0.07,0.04,0.05,0.03,0.065,0.065,0.105,0.01,0.085,0.035,0.025,0.03,0.11,0.055,0.08,0.02,0.045
YMR225C,0.05102040816326531,0.0,0.05102040816326531,0.061224489795918366,0.05102040816326531,0.02040816326530612,0.04081632653061224,0.061224489795918366,0.12244897959183673,0.07142857142857142,0.061224489795918366,0.061224489795918366,0.05102040816326531,0.05102040816326531,0.04081632653061224,0.05102040816326531,0.04081632653061224,0.08163265306122448,0.0,0.030612244897959183
YMR013C,0.02,0.025,0.03,0.03,0.08,0.04,0.01,0.12,0.05,0.12,0.025,0.045,0.025,0.045,0.035,0.08,0.075,0.085,0.015,0.045
YOR307C,0.03,0.01,0.025,0.03,0.085,0.045,0.035,0.09,0.07,0.11,0.015,0.045,0.06,0.05,0.045,0.105,0.065,0.05,0.005,0.03
YIL119C,0.015,0.01,0.035,0.055,0.045,0.02,0.01,0.055,0.11,0.08,0.025,0.12,0.045,0.045,0.035,0.175,0.045,0.025,0.01,0.04
YMR281W,0.05,0.01,0.06,0.045,0.045,0.03,0.035,0.1,0.075,0.09,0.025,0.075,0.035,0.04,0.04,0.08,0.045,0.07,0.005,0.045
YCR023C,0.07,0.01,0.02,0.03,0.09,0.08,0.02,0.065,0.035,0.105,0.035,0.03,0.045,0.04,0.06,0.085,0.04,0.085,0.015,0.04
YCR007C,0.05,0.01,0.055,0.055,0.07,0.03,0.02,0.07,0.06,0.1,0.025,0.075,0.04,0.02,0.03,0.09,0.055,0.085,0.01,0.05
YCL048W,0.045,0.02,0.055,0.055,0.05,0.04,0.03,0.11,0.05,0.13,0.01,0.08,0.045,0.045,0.04,0.09,0.035,0.055,0.005,0.01
YCL020W,0.055,0.005,0.04,0.045,0.02,0.025,0.055,0.025,0.03,0.05,0.03,0.075,0.13,0.095,0.02,0.125,0.065,0.055,0.01,0.045
YCL038C,0.05,0.02,0.045,0.02,0.06,0.075,0.01,0.09,0.055,0.09,0.01,0.06,0.025,0.035,0.015,0.125,0.04,0.115,0.015,0.045
YCL056C,0.034722222222222224,0.034722222222222224,0.04861111111111111,0.034722222222222224,0.034722222222222224,0.04861111111111111,0.013888888888888888,0.10416666666666667,0.11805555555555555,0.14583333333333334,0.013888888888888888,0.05555555555555555,0.006944444444444444,0.013888888888888888,0.041666666666666664,0.06944444444444445,0.027777777777777776,0.09027777777777778,0.027777777777777776,0.034722222222222224
YCL058C,0.05263157894736842,0.03289473684210526,0.019736842105263157,0.019736842105263157,0.13157894736842105,0.019736842105263157,0.019736842105263157,0.09210526315789473,0.019736842105263157,0.15789473684210525,0.019736842105263157,0.019736842105263157,0.046052631578947366,0.006578947368421052,0.019736842105263157,0.14473684210526316,0.05921052631578947,0.07236842105263158,0.006578947368421052,0.039473684210526314
YCR106W,0.085,0.04,0.05,0.06,0.045,0.04,0.02,0.05,0.05,0.115,0.02,0.05,0.035,0.055,0.065,0.09,0.03,0.06,0.005,0.035
YCR021C,0.08,0.01,0.035,0.035,0.09,0.075,0.02,0.07,0.035,0.125,0.025,0.035,0.025,0.02,0.025,0.075,0.065,0.08,0.035,0.04
YMR152W,0.06,0.015,0.085,0.035,0.04,0.055,0.03,0.075,0.065,0.05,0.015,0.055,0.04,0.01,0.02,0.075,0.085,0.105,0.015,0.07
YKL003C,0.04580152671755725,0.0,0.061068702290076333,0.05343511450381679,0.022900763358778626,0.03816793893129771,0.022900763358778626,0.09923664122137404,0.09923664122137404,0.1297709923664122,0.030534351145038167,0.030534351145038167,0.030534351145038167,0.03816793893129771,0.07633587786259542,0.09923664122137404,0.022900763358778626,0.06870229007633588,0.0,0.030534351145038167
YGL142C,0.065,0.0,0.025,0.08,0.08,0.035,0.02,0.055,0.06,0.17,0.015,0.02,0.03,0.025,0.06,0.06,0.05,0.065,0.03,0.055
YKL167C,0.021897810218978103,0.0072992700729927005,0.051094890510948905,0.06569343065693431,0.0364963503649635,0.0364963503649635,0.043795620437956206,0.08759124087591241,0.10218978102189781,0.0948905109489051,0.043795620437956206,0.058394160583941604,0.058394160583941604,0.051094890510948905,0.051094890510948905,0.051094890510948905,0.043795620437956206,0.06569343065693431,0.0072992700729927005,0.021897810218978103
YNL316C,0.08,0.03,0.05,0.055,0.035,0.03,0.03,0.08,0.025,0.095,0.015,0.045,0.06,0.07,0.035,0.105,0.06,0.065,0.005,0.03
YMR064W,0.05,0.015,0.05,0.06,0.04,0.02,0.035,0.09,0.085,0.1,0.015,0.055,0.05,0.045,0.065,0.075,0.055,0.065,0.015,0.015
YOR017W,0.05,0.01,0.05,0.05,0.02,0.065,0.03,0.045,0.075,0.075,0.015,0.05,0.05,0.045,0.115,0.07,0.07,0.04,0.0,0.075
YEL045C,0.0851063829787234,0.07092198581560284,0.0,0.0,0.12056737588652482,0.02127659574468085,0.0425531914893617,0.0425531914893617,0.03546099290780142,0.12056737588652482,0.014184397163120567,0.014184397163120567,0.0425531914893617,0.014184397163120567,0.07092198581560284,0.10638297872340426,0.05673758865248227,0.05673758865248227,0.02127659574468085,0.06382978723404255
YER132C,0.035,0.02,0.035,0.065,0.05,0.045,0.025,0.07,0.05,0.14,0.02,0.09,0.05,0.03,0.045,0.07,0.08,0.04,0.02,0.02
YDL167C,0.05,0.025,0.07,0.055,0.025,0.03,0.04,0.09,0.065,0.1,0.01,0.06,0.045,0.04,0.035,0.07,0.07,0.08,0.015,0.025
YJL044C,0.03,0.01,0.09,0.065,0.025,0.05,0.045,0.055,0.07,0.145,0.02,0.065,0.035,0.05,0.04,0.065,0.03,0.06,0.02,0.03
YKL039W,0.045,0.035,0.07,0.065,0.075,0.055,0.01,0.065,0.06,0.07,0.02,0.055,0.04,0.045,0.035,0.06,0.05,0.07,0.005,0.07
YKL037W,0.09322033898305085,0.059322033898305086,0.01694915254237288,0.00847457627118644,0.09322033898305085,0.059322033898305086,0.01694915254237288,0.06779661016949153,0.025423728813559324,0.13559322033898305,0.01694915254237288,0.01694915254237288,0.06779661016949153,0.01694915254237288,0.06779661016949153,0.11016949152542373,0.059322033898305086,0.03389830508474576,0.0,0.03389830508474576
YCR024C-A,0.1,0.025,0.0,0.0,0.05,0.1,0.0,0.175,0.025,0.125,0.025,0.0,0.025,0.075,0.1,0.0,0.05,0.075,0.025,0.025
YJR095W,0.11,0.01,0.005,0.05,0.035,0.095,0.025,0.075,0.075,0.075,0.025,0.045,0.045,0.035,0.045,0.05,0.065,0.09,0.0,0.045
YER009W,0.04,0.0,0.08,0.04,0.08,0.04,0.016,0.048,0.024,0.112,0.024,0.08,0.04,0.096,0.04,0.072,0.064,0.056,0.0,0.048
YPR198W,0.08,0.02,0.015,0.04,0.065,0.1,0.02,0.12,0.035,0.13,0.03,0.035,0.02,0.005,0.025,0.085,0.055,0.075,0.025,0.02
YBL066C,0.03,0.03,0.07,0.025,0.025,0.03,0.06,0.045,0.07,0.085,0.015,0.06,0.08,0.12,0.05,0.12,0.045,0.035,0.0,0.005
YKL187C,0.08,0.005,0.06,0.03,0.015,0.045,0.01,0.095,0.04,0.15,0.015,0.065,0.05,0.015,0.02,0.13,0.115,0.04,0.005,0.015
YKL183W,0.04,0.02,0.05,0.08,0.055,0.07,0.02,0.07,0.04,0.11,0.015,0.07,0.05,0.04,0.055,0.075,0.05,0.035,0.005,0.05
YKL105C,0.065,0.0,0.015,0.035,0.015,0.075,0.02,0.045,0.05,0.06,0.03,0.095,0.045,0.045,0.1,0.15,0.085,0.035,0.0,0.035
YBL001C,0.04807692307692308,0.019230769230769232,0.08653846153846154,0.057692307692307696,0.019230769230769232,0.07692307692307693,0.04807692307692308,0.10576923076923077,0.08653846153846154,0.057692307692307696,0.028846153846153848,0.0,0.038461538461538464,0.028846153846153848,0.038461538461538464,0.0673076923076923,0.07692307692307693,0.08653846153846154,0.009615384615384616,0.019230769230769232
YKL142W,0.045,0.0,0.11,0.12,0.06,0.03,0.01,0.06,0.115,0.12,0.005,0.035,0.035,0.045,0.03,0.08,0.04,0.055,0.0,0.005
YKL064W,0.02,0.0,0.095,0.035,0.025,0.035,0.04,0.035,0.08,0.075,0.025,0.06,0.075,0.065,0.07,0.155,0.035,0.055,0.01,0.01
YKL051W,0.075,0.02,0.02,0.03,0.09,0.06,0.04,0.085,0.035,0.105,0.04,0.015,0.06,0.03,0.025,0.095,0.03,0.055,0.03,0.06
YKL221W,0.075,0.005,0.03,0.035,0.08,0.13,0.025,0.105,0.03,0.13,0.01,0.055,0.02,0.025,0.025,0.075,0.04,0.04,0.025,0.04
YKL208W,0.025,0.015,0.04,0.06,0.045,0.06,0.02,0.055,0.075,0.115,0.025,0.065,0.04,0.035,0.04,0.12,0.045,0.06,0.01,0.05
YKL084W,0.05172413793103448,0.09482758620689655,0.06896551724137931,0.05172413793103448,0.04310344827586207,0.02586206896551724,0.06896551724137931,0.0603448275862069,0.0603448275862069,0.07758620689655173,0.02586206896551724,0.05172413793103448,0.06896551724137931,0.02586206896551724,0.034482758620689655,0.04310344827586207,0.02586206896551724,0.034482758620689655,0.008620689655172414,0.07758620689655173
YKL047W,0.055,0.01,0.075,0.065,0.065,0.055,0.02,0.1,0.08,0.055,0.02,0.085,0.025,0.045,0.025,0.085,0.035,0.05,0.01,0.04
YKR030W,0.045,0.015,0.045,0.02,0.1,0.045,0.025,0.09,0.035,0.105,0.035,0.065,0.04,0.055,0.055,0.095,0.025,0.035,0.02,0.05
YKR044W,0.04,0.005,0.075,0.03,0.06,0.07,0.04,0.08,0.04,0.1,0.025,0.07,0.035,0.065,0.045,0.065,0.075,0.05,0.005,0.025
YKR049C,0.03007518796992481,0.022556390977443608,0.07518796992481203,0.03007518796992481,0.03759398496240601,0.03759398496240601,0.015037593984962405,0.06015037593984962,0.09022556390977443,0.09774436090225563,0.022556390977443608,0.045112781954887216,0.06015037593984962,0.09022556390977443,0.06015037593984962,0.06015037593984962,0.05263157894736842,0.05263157894736842,0.03759398496240601,0.022556390977443608
YKR105C,0.095,0.03,0.02,0.035,0.05,0.105,0.01,0.115,0.01,0.125,0.025,0.03,0.025,0.025,0.03,0.1,0.055,0.07,0.02,0.025
YDR441C,0.07734806629834254,0.0055248618784530384,0.055248618784530384,0.09392265193370165,0.08839779005524862,0.08287292817679558,0.03314917127071823,0.08839779005524862,0.055248618784530384,0.10497237569060773,0.011049723756906077,0.011049723756906077,0.04419889502762431,0.027624309392265192,0.027624309392265192,0.055248618784530384,0.049723756906077346,0.0718232044198895,0.0,0.016574585635359115
YGR174C,0.04081632653061224,0.0,0.04081632653061224,0.10884353741496598,0.027210884353741496,0.04081632653061224,0.006802721088435374,0.05442176870748299,0.08843537414965986,0.09523809523809523,0.013605442176870748,0.02040816326530612,0.04081632653061224,0.09523809523809523,0.08163265306122448,0.07482993197278912,0.047619047619047616,0.05442176870748299,0.047619047619047616,0.02040816326530612
YBL092W,0.09230769230769231,0.0,0.023076923076923078,0.03076923076923077,0.03076923076923077,0.05384615384615385,0.06153846153846154,0.06153846153846154,0.14615384615384616,0.06923076923076923,0.015384615384615385,0.05384615384615385,0.038461538461538464,0.015384615384615385,0.08461538461538462,0.06153846153846154,0.06153846153846154,0.06923076923076923,0.007692307692307693,0.023076923076923078
YBR033W,0.035,0.035,0.045,0.045,0.035,0.065,0.03,0.045,0.075,0.055,0.015,0.06,0.06,0.045,0.095,0.14,0.03,0.06,0.0,0.03
YBR054W,0.075,0.02,0.025,0.02,0.07,0.075,0.02,0.085,0.045,0.08,0.035,0.04,0.05,0.025,0.04,0.045,0.075,0.085,0.035,0.055
YBR056W,0.06,0.01,0.07,0.065,0.04,0.075,0.04,0.07,0.105,0.105,0.015,0.035,0.045,0.015,0.03,0.085,0.03,0.035,0.025,0.045
YBR104W,0.045,0.015,0.04,0.055,0.05,0.085,0.0,0.04,0.06,0.105,0.02,0.06,0.045,0.07,0.055,0.065,0.085,0.08,0.005,0.02
YBR008C,0.02,0.025,0.05,0.07,0.04,0.07,0.02,0.06,0.035,0.1,0.03,0.05,0.055,0.035,0.035,0.09,0.07,0.08,0.01,0.055
YBR240C,0.04,0.045,0.05,0.04,0.035,0.025,0.025,0.045,0.11,0.065,0.025,0.065,0.04,0.035,0.085,0.12,0.055,0.06,0.01,0.025
YBR241C,0.08,0.025,0.025,0.045,0.045,0.105,0.015,0.08,0.02,0.115,0.04,0.045,0.03,0.04,0.035,0.095,0.055,0.04,0.015,0.05
YBR298C,0.075,0.015,0.065,0.08,0.045,0.075,0.01,0.06,0.055,0.115,0.045,0.055,0.035,0.03,0.02,0.08,0.045,0.035,0.01,0.05
YBR297W,0.05,0.06,0.075,0.04,0.04,0.035,0.02,0.05,0.08,0.115,0.025,0.03,0.03,0.04,0.07,0.085,0.03,0.05,0.01,0.065
YBL095W,0.065,0.01,0.055,0.065,0.05,0.08,0.04,0.055,0.06,0.145,0.015,0.035,0.055,0.03,0.04,0.05,0.045,0.08,0.005,0.02
YBL089W,0.06,0.03,0.03,0.015,0.07,0.07,0.03,0.09,0.03,0.12,0.035,0.035,0.045,0.035,0.045,0.09,0.035,0.095,0.0,0.04
YBL036C,0.055,0.02,0.065,0.095,0.035,0.04,0.025,0.075,0.1,0.095,0.01,0.08,0.025,0.04,0.025,0.07,0.035,0.07,0.01,0.03
YBR016W,0.0546875,0.0390625,0.015625,0.0234375,0.0078125,0.109375,0.0234375,0.0078125,0.015625,0.03125,0.0234375,0.0859375,0.078125,0.2578125,0.0234375,0.046875,0.0234375,0.015625,0.0,0.1171875
YBR052C,0.09,0.015,0.05,0.08,0.035,0.115,0.02,0.07,0.075,0.07,0.02,0.035,0.035,0.015,0.015,0.065,0.055,0.07,0.02,0.05
YBR151W,0.065,0.03,0.085,0.08,0.03,0.04,0.02,0.07,0.09,0.09,0.015,0.055,0.04,0.04,0.035,0.09,0.045,0.055,0.015,0.01
YBR194W,0.032520325203252036,0.0,0.04065040650406504,0.08130081300813008,0.016260162601626018,0.06504065040650407,0.024390243902439025,0.04065040650406504,0.10569105691056911,0.08130081300813008,0.008130081300813009,0.0975609756097561,0.056910569105691054,0.04878048780487805,0.10569105691056911,0.07317073170731707,0.04065040650406504,0.04878048780487805,0.008130081300813009,0.024390243902439025
YBR210W,0.06338028169014084,0.035211267605633804,0.035211267605633804,0.035211267605633804,0.09859154929577464,0.04929577464788732,0.007042253521126761,0.08450704225352113,0.04929577464788732,0.176056338028169,0.014084507042253521,0.06338028169014084,0.014084507042253521,0.014084507042253521,0.035211267605633804,0.056338028169014086,0.04225352112676056,0.056338028169014086,0.007042253521126761,0.06338028169014084
YBR230C,0.11194029850746269,0.03731343283582089,0.04477611940298507,0.029850746268656716,0.029850746268656716,0.05223880597014925,0.04477611940298507,0.022388059701492536,0.08955223880597014,0.11940298507462686,0.007462686567164179,0.08208955223880597,0.022388059701492536,0.022388059701492536,0.022388059701492536,0.09701492537313433,0.04477611940298507,0.06716417910447761,0.0,0.05223880597014925
YBR238C,0.06,0.01,0.02,0.025,0.04,0.04,0.11,0.03,0.035,0.055,0.03,0.185,0.08,0.055,0.03,0.07,0.055,0.03,0.01,0.03
YBR255W,0.025,0.005,0.05,0.075,0.025,0.035,0.045,0.075,0.095,0.08,0.025,0.065,0.05,0.045,0.05,0.07,0.08,0.05,0.015,0.04
YBR266C,0.06666666666666667,0.06666666666666667,0.02,0.013333333333333334,0.12666666666666668,0.04666666666666667,0.006666666666666667,0.04,0.02,0.14666666666666667,0.013333333333333334,0.05333333333333334,0.006666666666666667,0.006666666666666667,0.03333333333333333,0.25333333333333335,0.04,0.03333333333333333,0.006666666666666667,0.0
YBR293W,0.05,0.03,0.02,0.005,0.065,0.105,0.0,0.115,0.025,0.115,0.025,0.055,0.03,0.04,0.035,0.135,0.065,0.03,0.02,0.035
YBR162W-A,0.06153846153846154,0.0,0.0,0.046153846153846156,0.03076923076923077,0.09230769230769231,0.0,0.06153846153846154,0.15384615384615385,0.13846153846153847,0.015384615384615385,0.06153846153846154,0.03076923076923077,0.046153846153846156,0.046153846153846156,0.03076923076923077,0.06153846153846154,0.06153846153846154,0.015384615384615385,0.046153846153846156
YHR039C,0.075,0.02,0.045,0.04,0.03,0.04,0.015,0.075,0.07,0.09,0.03,0.07,0.045,0.055,0.035,0.105,0.055,0.055,0.02,0.03
YHR002W,0.065,0.015,0.045,0.035,0.05,0.06,0.035,0.09,0.075,0.085,0.005,0.045,0.04,0.02,0.065,0.085,0.065,0.05,0.02,0.05
YHR019C,0.095,0.01,0.05,0.07,0.03,0.065,0.01,0.05,0.125,0.1,0.005,0.02,0.03,0.065,0.03,0.08,0.07,0.06,0.005,0.03
YHR091C,0.045,0.015,0.05,0.025,0.055,0.06,0.03,0.07,0.09,0.115,0.015,0.05,0.065,0.045,0.055,0.085,0.035,0.05,0.005,0.04
YHL036W,0.07,0.005,0.03,0.04,0.095,0.095,0.01,0.08,0.04,0.085,0.02,0.03,0.03,0.015,0.035,0.115,0.055,0.1,0.015,0.035
YHL029C,0.045,0.01,0.07,0.035,0.04,0.01,0.04,0.09,0.09,0.095,0.02,0.075,0.07,0.025,0.02,0.115,0.065,0.035,0.015,0.035
YHL028W,0.04,0.05,0.04,0.02,0.02,0.055,0.005,0.045,0.015,0.045,0.015,0.03,0.04,0.05,0.01,0.225,0.185,0.07,0.015,0.025
YHL017W,0.05,0.025,0.085,0.07,0.055,0.065,0.015,0.06,0.05,0.095,0.015,0.04,0.02,0.055,0.015,0.09,0.065,0.06,0.01,0.06
YHL014C,0.05,0.01,0.045,0.07,0.045,0.09,0.025,0.085,0.075,0.11,0.02,0.075,0.035,0.03,0.05,0.06,0.045,0.065,0.0,0.015
YHL008C,0.07,0.01,0.035,0.015,0.075,0.07,0.015,0.095,0.04,0.13,0.04,0.045,0.025,0.03,0.02,0.095,0.035,0.105,0.015,0.035
YHR032W,0.05,0.0,0.06,0.13,0.03,0.08,0.035,0.07,0.035,0.085,0.01,0.05,0.03,0.06,0.045,0.11,0.07,0.015,0.01,0.025
YHR038W,0.04,0.005,0.05,0.065,0.06,0.025,0.0,0.055,0.14,0.11,0.01,0.07,0.05,0.035,0.05,0.075,0.08,0.075,0.0,0.005
YHR048W,0.07,0.01,0.045,0.06,0.065,0.065,0.035,0.11,0.03,0.095,0.03,0.015,0.025,0.025,0.035,0.125,0.085,0.035,0.015,0.025
YHR067W,0.03,0.02,0.055,0.065,0.045,0.035,0.035,0.045,0.07,0.1,0.03,0.045,0.055,0.035,0.08,0.065,0.05,0.07,0.015,0.055
YHR087W,0.07207207207207207,0.0,0.036036036036036036,0.11711711711711711,0.04504504504504504,0.10810810810810811,0.0,0.04504504504504504,0.10810810810810811,0.08108108108108109,0.009009009009009009,0.06306306306306306,0.02702702702702703,0.018018018018018018,0.018018018018018018,0.07207207207207207,0.07207207207207207,0.07207207207207207,0.0,0.036036036036036036
YHR097C,0.04,0.005,0.07,0.045,0.035,0.075,0.055,0.015,0.08,0.025,0.01,0.09,0.08,0.04,0.085,0.095,0.075,0.065,0.0,0.015
YHR103W,0.07,0.005,0.045,0.055,0.015,0.09,0.015,0.04,0.05,0.06,0.045,0.08,0.05,0.035,0.065,0.17,0.08,0.03,0.0,0.0
YHR110W,0.055,0.02,0.06,0.085,0.065,0.06,0.03,0.055,0.07,0.11,0.015,0.045,0.01,0.04,0.05,0.075,0.07,0.055,0.005,0.025
YHR136C,0.05405405405405406,0.013513513513513514,0.05405405405405406,0.08783783783783784,0.02702702702702703,0.05405405405405406,0.033783783783783786,0.05405405405405406,0.060810810810810814,0.06756756756756757,0.02027027027027027,0.0472972972972973,0.02702702702702703,0.08108108108108109,0.060810810810810814,0.11486486486486487,0.0472972972972973,0.033783783783783786,0.013513513513513514,0.0472972972972973
YHR140W,0.07,0.01,0.025,0.02,0.06,0.035,0.03,0.075,0.05,0.13,0.03,0.055,0.05,0.025,0.025,0.085,0.085,0.075,0.015,0.05
YHR150W,0.07,0.015,0.06,0.11,0.035,0.05,0.025,0.04,0.065,0.07,0.015,0.02,0.045,0.02,0.035,0.19,0.06,0.045,0.0,0.03
YHR151C,0.045,0.0,0.065,0.035,0.04,0.025,0.005,0.055,0.015,0.15,0.03,0.095,0.025,0.045,0.045,0.09,0.105,0.075,0.02,0.035
YHR156C,0.025,0.0,0.11,0.145,0.025,0.025,0.035,0.045,0.105,0.065,0.02,0.095,0.01,0.04,0.04,0.09,0.035,0.045,0.005,0.04
YHR159W,0.05,0.005,0.045,0.06,0.01,0.04,0.03,0.045,0.045,0.08,0.04,0.055,0.055,0.045,0.08,0.165,0.075,0.065,0.0,0.01
YHR185C,0.02,0.03,0.035,0.085,0.06,0.03,0.02,0.05,0.055,0.08,0.03,0.09,0.09,0.04,0.035,0.08,0.075,0.03,0.02,0.045
YHR198C,0.06,0.015,0.085,0.025,0.055,0.03,0.025,0.02,0.065,0.12,0.03,0.05,0.04,0.03,0.065,0.095,0.085,0.045,0.015,0.045
YHR199C,0.11,0.01,0.05,0.025,0.035,0.055,0.015,0.06,0.095,0.095,0.02,0.045,0.06,0.03,0.035,0.1,0.045,0.07,0.015,0.03
YDR079W,0.06306306306306306,0.009009009009009009,0.04504504504504504,0.11711711711711711,0.07207207207207207,0.04504504504504504,0.0,0.05405405405405406,0.14414414414414414,0.12612612612612611,0.02702702702702703,0.036036036036036036,0.05405405405405406,0.02702702702702703,0.06306306306306306,0.009009009009009009,0.036036036036036036,0.02702702702702703,0.009009009009009009,0.036036036036036036
YOR266W,0.055,0.0,0.04,0.045,0.03,0.035,0.01,0.065,0.1,0.125,0.02,0.05,0.055,0.04,0.065,0.1,0.06,0.06,0.025,0.02
YNL270C,0.07,0.01,0.02,0.085,0.05,0.08,0.01,0.085,0.045,0.08,0.04,0.025,0.035,0.04,0.03,0.085,0.075,0.075,0.025,0.035
YJL174W,0.065,0.015,0.035,0.02,0.05,0.06,0.005,0.05,0.03,0.05,0.025,0.05,0.06,0.065,0.025,0.11,0.15,0.08,0.005,0.05
YER061C,0.045,0.02,0.035,0.035,0.045,0.075,0.02,0.085,0.045,0.11,0.01,0.11,0.04,0.025,0.045,0.11,0.08,0.035,0.005,0.025
YAR031W,0.045,0.02,0.04,0.06,0.085,0.025,0.025,0.07,0.085,0.1,0.03,0.035,0.035,0.025,0.045,0.075,0.055,0.07,0.015,0.06
YAL055W,0.06111111111111111,0.027777777777777776,0.07777777777777778,0.05,0.027777777777777776,0.06666666666666667,0.011111111111111112,0.07777777777777778,0.08888888888888889,0.05555555555555555,0.022222222222222223,0.03333333333333333,0.044444444444444446,0.022222222222222223,0.05555555555555555,0.09444444444444444,0.05555555555555555,0.08888888888888889,0.011111111111111112,0.027777777777777776
YER007W,0.025,0.015,0.07,0.06,0.045,0.075,0.015,0.09,0.09,0.105,0.005,0.095,0.025,0.025,0.045,0.085,0.025,0.05,0.015,0.04
YER130C,0.02,0.005,0.095,0.105,0.055,0.02,0.01,0.065,0.035,0.1,0.01,0.145,0.03,0.035,0.045,0.08,0.07,0.045,0.0,0.03
YER087W,0.055,0.015,0.065,0.05,0.05,0.045,0.01,0.06,0.085,0.105,0.03,0.05,0.025,0.04,0.07,0.1,0.06,0.03,0.015,0.04
YEL064C,0.045,0.01,0.06,0.04,0.06,0.1,0.015,0.095,0.045,0.115,0.035,0.075,0.025,0.025,0.04,0.05,0.075,0.06,0.01,0.02
YEL059W,0.06862745098039216,0.06862745098039216,0.0196078431372549,0.029411764705882353,0.08823529411764706,0.029411764705882353,0.0392156862745098,0.049019607843137254,0.0196078431372549,0.14705882352941177,0.00980392156862745,0.0,0.0392156862745098,0.00980392156862745,0.0392156862745098,0.17647058823529413,0.0392156862745098,0.0784313725490196,0.029411764705882353,0.0196078431372549
YEL017W,0.05,0.005,0.115,0.07,0.06,0.04,0.01,0.035,0.085,0.08,0.015,0.075,0.03,0.03,0.025,0.135,0.07,0.02,0.005,0.045
YEL007W,0.035,0.0,0.06,0.06,0.035,0.06,0.02,0.095,0.085,0.08,0.01,0.055,0.07,0.02,0.04,0.135,0.055,0.04,0.01,0.035
YEL001C,0.08,0.005,0.04,0.075,0.075,0.06,0.015,0.085,0.025,0.07,0.02,0.065,0.06,0.025,0.015,0.08,0.065,0.085,0.005,0.05
YER057C,0.14728682170542637,0.015503875968992248,0.046511627906976744,0.06201550387596899,0.03875968992248062,0.023255813953488372,0.023255813953488372,0.06976744186046512,0.05426356589147287,0.06976744186046512,0.031007751937984496,0.07751937984496124,0.046511627906976744,0.023255813953488372,0.023255813953488372,0.07751937984496124,0.03875968992248062,0.10852713178294573,0.0,0.023255813953488372
YER060W,0.095,0.01,0.04,0.065,0.07,0.075,0.02,0.07,0.03,0.105,0.035,0.06,0.035,0.03,0.025,0.08,0.045,0.07,0.015,0.025
YER064C,0.065,0.005,0.045,0.07,0.03,0.04,0.025,0.05,0.115,0.085,0.01,0.05,0.055,0.04,0.06,0.135,0.06,0.035,0.005,0.02
YER077C,0.045,0.005,0.04,0.04,0.045,0.05,0.03,0.055,0.135,0.145,0.01,0.05,0.015,0.065,0.08,0.075,0.07,0.035,0.0,0.01
YER134C,0.03932584269662921,0.02247191011235955,0.0898876404494382,0.056179775280898875,0.03932584269662921,0.07303370786516854,0.016853932584269662,0.06179775280898876,0.10112359550561797,0.09550561797752809,0.011235955056179775,0.033707865168539325,0.05056179775280899,0.016853932584269662,0.03932584269662921,0.05056179775280899,0.05056179775280899,0.06741573033707865,0.02247191011235955,0.06179775280898876
YER185W,0.1,0.01,0.03,0.025,0.095,0.075,0.01,0.085,0.045,0.095,0.03,0.015,0.035,0.03,0.03,0.09,0.08,0.085,0.0,0.035
YNL214W,0.03015075376884422,0.0,0.04522613065326633,0.05025125628140704,0.06532663316582915,0.05025125628140704,0.005025125628140704,0.09547738693467336,0.04522613065326633,0.07035175879396985,0.03015075376884422,0.08542713567839195,0.035175879396984924,0.08542713567839195,0.07035175879396985,0.08542713567839195,0.04522613065326633,0.06030150753768844,0.01507537688442211,0.03015075376884422
YNL213C,0.04,0.015,0.035,0.08,0.04,0.03,0.005,0.065,0.13,0.075,0.02,0.09,0.05,0.035,0.1,0.08,0.04,0.035,0.025,0.01
YIL057C,0.036585365853658534,0.012195121951219513,0.08536585365853659,0.0975609756097561,0.04878048780487805,0.03048780487804878,0.07317073170731707,0.036585365853658534,0.16463414634146342,0.07317073170731707,0.018292682926829267,0.024390243902439025,0.042682926829268296,0.03048780487804878,0.012195121951219513,0.042682926829268296,0.06097560975609756,0.07317073170731707,0.006097560975609756,0.03048780487804878
YMR140W,0.04,0.01,0.08,0.08,0.045,0.045,0.015,0.045,0.08,0.085,0.01,0.065,0.035,0.025,0.075,0.1,0.075,0.06,0.005,0.025
YJL094C,0.065,0.02,0.015,0.025,0.085,0.075,0.025,0.13,0.04,0.13,0.025,0.055,0.055,0.015,0.025,0.06,0.05,0.09,0.0,0.015
YDR006C,0.065,0.0,0.085,0.02,0.015,0.035,0.005,0.06,0.07,0.04,0.02,0.105,0.09,0.04,0.035,0.205,0.08,0.02,0.0,0.01
YNR004W,0.0410958904109589,0.0136986301369863,0.06164383561643835,0.10273972602739725,0.03424657534246575,0.03424657534246575,0.0136986301369863,0.0821917808219178,0.08904109589041095,0.13013698630136986,0.00684931506849315,0.10273972602739725,0.04794520547945205,0.0136986301369863,0.04794520547945205,0.0410958904109589,0.0136986301369863,0.06164383561643835,0.0136986301369863,0.04794520547945205
YJR061W,0.04,0.01,0.07,0.05,0.065,0.035,0.02,0.055,0.065,0.135,0.035,0.075,0.015,0.02,0.05,0.085,0.05,0.06,0.025,0.04
YIL166C,0.045,0.01,0.06,0.065,0.065,0.055,0.01,0.075,0.07,0.105,0.025,0.045,0.03,0.035,0.045,0.08,0.04,0.075,0.02,0.045
YIL158W,0.08,0.01,0.045,0.085,0.03,0.045,0.005,0.055,0.075,0.06,0.03,0.06,0.04,0.025,0.05,0.105,0.07,0.075,0.005,0.05
YIL135C,0.05,0.005,0.08,0.035,0.035,0.025,0.045,0.02,0.005,0.075,0.025,0.105,0.065,0.04,0.085,0.16,0.065,0.05,0.0,0.03
YIL134W,0.075,0.0,0.02,0.025,0.025,0.11,0.02,0.06,0.06,0.12,0.03,0.04,0.03,0.05,0.03,0.095,0.065,0.08,0.02,0.045
YIL108W,0.045,0.02,0.045,0.06,0.045,0.045,0.025,0.065,0.065,0.09,0.025,0.07,0.07,0.07,0.055,0.03,0.085,0.065,0.005,0.02
YIL052C,0.08264462809917356,0.03305785123966942,0.008264462809917356,0.049586776859504134,0.01652892561983471,0.05785123966942149,0.01652892561983471,0.049586776859504134,0.15702479338842976,0.04132231404958678,0.008264462809917356,0.03305785123966942,0.03305785123966942,0.049586776859504134,0.10743801652892562,0.06611570247933884,0.0743801652892562,0.09090909090909091,0.0,0.024793388429752067
YIL041W,0.08,0.005,0.03,0.09,0.04,0.02,0.01,0.055,0.07,0.11,0.015,0.055,0.04,0.075,0.035,0.115,0.07,0.05,0.0,0.035
YIL023C,0.055,0.015,0.035,0.025,0.055,0.07,0.075,0.085,0.035,0.145,0.025,0.04,0.03,0.03,0.025,0.115,0.05,0.07,0.0,0.02
YIL020C,0.045,0.03,0.07,0.07,0.04,0.075,0.025,0.05,0.085,0.115,0.01,0.045,0.02,0.045,0.045,0.045,0.065,0.07,0.03,0.02
YIL019W,0.025,0.0,0.11,0.105,0.035,0.08,0.01,0.035,0.08,0.08,0.02,0.07,0.025,0.06,0.03,0.12,0.07,0.03,0.0,0.015
YIR001C,0.04,0.005,0.045,0.08,0.035,0.06,0.02,0.05,0.095,0.065,0.01,0.09,0.075,0.075,0.04,0.055,0.05,0.03,0.01,0.07
YIR014W,0.035,0.035,0.055,0.06,0.04,0.045,0.01,0.115,0.05,0.185,0.015,0.045,0.025,0.035,0.055,0.06,0.025,0.06,0.005,0.045
YDL107W,0.04,0.0,0.04,0.085,0.06,0.025,0.03,0.07,0.12,0.1,0.025,0.075,0.035,0.04,0.04,0.05,0.055,0.055,0.005,0.05
YDR351W,0.04,0.02,0.055,0.055,0.03,0.04,0.02,0.06,0.085,0.065,0.02,0.075,0.05,0.02,0.055,0.19,0.09,0.025,0.0,0.005
YNL328C,0.0821917808219178,0.0,0.03424657534246575,0.0684931506849315,0.0136986301369863,0.0547945205479452,0.02054794520547945,0.07534246575342465,0.0958904109589041,0.136986301369863,0.03424657534246575,0.06164383561643835,0.04794520547945205,0.0136986301369863,0.07534246575342465,0.0547945205479452,0.0410958904109589,0.0547945205479452,0.00684931506849315,0.0273972602739726
YGR207C,0.08,0.015,0.065,0.065,0.02,0.06,0.005,0.095,0.085,0.095,0.02,0.06,0.04,0.04,0.045,0.055,0.055,0.09,0.005,0.005
YJL111W,0.09,0.015,0.07,0.06,0.02,0.07,0.015,0.08,0.075,0.11,0.025,0.045,0.025,0.03,0.03,0.085,0.07,0.08,0.0,0.005
YFL055W,0.09,0.01,0.04,0.055,0.065,0.105,0.01,0.08,0.04,0.12,0.015,0.035,0.045,0.02,0.03,0.05,0.04,0.085,0.02,0.045
YFL046W,0.04,0.01,0.065,0.085,0.045,0.045,0.035,0.07,0.08,0.11,0.025,0.05,0.01,0.065,0.065,0.055,0.07,0.06,0.005,0.01
YFL040W,0.045,0.04,0.015,0.02,0.06,0.08,0.01,0.145,0.05,0.125,0.055,0.035,0.04,0.025,0.035,0.05,0.07,0.04,0.025,0.035
YFR041C,0.02,0.005,0.035,0.04,0.065,0.05,0.015,0.075,0.11,0.1,0.015,0.07,0.035,0.065,0.045,0.08,0.05,0.04,0.015,0.07
YFR048W,0.065,0.0,0.055,0.035,0.03,0.045,0.015,0.045,0.06,0.06,0.035,0.06,0.085,0.035,0.115,0.165,0.045,0.03,0.0,0.02
YGL170C,0.04,0.015,0.06,0.095,0.055,0.045,0.03,0.04,0.1,0.07,0.025,0.075,0.06,0.035,0.015,0.11,0.075,0.02,0.01,0.025
YGL168W,0.01818181818181818,0.00909090909090909,0.00909090909090909,0.03636363636363636,0.08181818181818182,0.045454545454545456,0.03636363636363636,0.10909090909090909,0.08181818181818182,0.10909090909090909,0.045454545454545456,0.07272727272727272,0.01818181818181818,0.01818181818181818,0.0,0.11818181818181818,0.07272727272727272,0.07272727272727272,0.00909090909090909,0.03636363636363636
YJL116C,0.09,0.035,0.095,0.04,0.02,0.07,0.02,0.03,0.065,0.05,0.02,0.03,0.045,0.025,0.015,0.155,0.09,0.05,0.015,0.04
YJL185C,0.055,0.02,0.06,0.095,0.04,0.025,0.025,0.06,0.035,0.09,0.005,0.08,0.055,0.035,0.07,0.14,0.03,0.05,0.005,0.025
YJL170C,0.035,0.025,0.055,0.095,0.065,0.02,0.03,0.05,0.07,0.115,0.025,0.045,0.05,0.04,0.035,0.065,0.04,0.06,0.035,0.045
YJL162C,0.045,0.005,0.055,0.05,0.035,0.05,0.05,0.035,0.13,0.075,0.02,0.035,0.04,0.06,0.04,0.12,0.065,0.035,0.0,0.055
YJL160C,0.08,0.005,0.025,0.025,0.015,0.05,0.02,0.07,0.085,0.06,0.01,0.025,0.06,0.075,0.01,0.125,0.13,0.11,0.005,0.015
YJL147C,0.02,0.0,0.06,0.07,0.03,0.025,0.03,0.045,0.09,0.15,0.005,0.06,0.02,0.05,0.065,0.11,0.05,0.065,0.01,0.045
YJL131C,0.07,0.005,0.045,0.06,0.045,0.03,0.02,0.065,0.135,0.08,0.02,0.075,0.03,0.025,0.065,0.075,0.045,0.075,0.005,0.03
YJL051W,0.06,0.02,0.035,0.03,0.075,0.075,0.035,0.085,0.04,0.12,0.015,0.075,0.035,0.02,0.02,0.105,0.065,0.06,0.0,0.03
YJL023C,0.04,0.01,0.035,0.055,0.07,0.035,0.02,0.06,0.11,0.085,0.015,0.065,0.05,0.025,0.05,0.11,0.075,0.055,0.005,0.03
YJL003W,0.05084745762711865,0.00847457627118644,0.0423728813559322,0.11016949152542373,0.07627118644067797,0.05084745762711865,0.00847457627118644,0.05084745762711865,0.09322033898305085,0.09322033898305085,0.00847457627118644,0.025423728813559324,0.025423728813559324,0.05084745762711865,0.0847457627118644,0.0847457627118644,0.01694915254237288,0.05084745762711865,0.025423728813559324,0.0423728813559322
YJR003C,0.04,0.005,0.06,0.06,0.025,0.015,0.04,0.085,0.08,0.13,0.03,0.075,0.055,0.025,0.045,0.1,0.03,0.055,0.005,0.04
YJR008W,0.045,0.02,0.055,0.05,0.035,0.04,0.045,0.08,0.065,0.105,0.04,0.055,0.055,0.03,0.04,0.085,0.05,0.05,0.01,0.045
YJR028W,0.055,0.015,0.03,0.035,0.03,0.045,0.04,0.02,0.04,0.03,0.04,0.055,0.13,0.09,0.005,0.165,0.09,0.035,0.01,0.04
YJR044C,0.04285714285714286,0.02857142857142857,0.05,0.014285714285714285,0.10714285714285714,0.07142857142857142,0.03571428571428571,0.10714285714285714,0.04285714285714286,0.14285714285714285,0.04285714285714286,0.04285714285714286,0.03571428571428571,0.014285714285714285,0.0,0.09285714285714286,0.04285714285714286,0.04285714285714286,0.007142857142857143,0.03571428571428571
YJR080C,0.04,0.01,0.035,0.035,0.055,0.03,0.015,0.095,0.07,0.1,0.005,0.07,0.045,0.035,0.07,0.16,0.045,0.055,0.02,0.01
YJR100C,0.045,0.005,0.04,0.045,0.065,0.05,0.035,0.11,0.06,0.04,0.04,0.075,0.04,0.025,0.07,0.075,0.08,0.065,0.01,0.025
YJR111C,0.06,0.005,0.04,0.045,0.03,0.025,0.035,0.065,0.055,0.125,0.035,0.08,0.065,0.06,0.055,0.065,0.07,0.035,0.015,0.035
YJR116W,0.05,0.015,0.02,0.02,0.09,0.03,0.035,0.07,0.035,0.105,0.035,0.06,0.05,0.02,0.025,0.1,0.08,0.09,0.02,0.05
YJR118C,0.045,0.01,0.065,0.085,0.095,0.025,0.01,0.08,0.035,0.115,0.015,0.115,0.025,0.04,0.025,0.05,0.055,0.065,0.01,0.035
YJR129C,0.05,0.015,0.075,0.09,0.04,0.055,0.025,0.06,0.09,0.105,0.035,0.035,0.03,0.03,0.03,0.035,0.055,0.075,0.01,0.06
YJR133W,0.065,0.01,0.065,0.08,0.02,0.06,0.03,0.11,0.07,0.085,0.03,0.05,0.035,0.04,0.05,0.05,0.05,0.055,0.015,0.03
YJR134C,0.06,0.005,0.095,0.09,0.02,0.025,0.01,0.05,0.1,0.095,0.01,0.06,0.035,0.03,0.055,0.105,0.075,0.065,0.005,0.01
YJR147W,0.075,0.01,0.05,0.04,0.075,0.03,0.035,0.065,0.075,0.08,0.015,0.09,0.03,0.07,0.03,0.085,0.045,0.06,0.015,0.025
YJR149W,0.07,0.015,0.07,0.045,0.08,0.035,0.02,0.08,0.075,0.09,0.04,0.06,0.035,0.05,0.035,0.075,0.035,0.06,0.005,0.025
YJR161C,0.045,0.025,0.03,0.08,0.075,0.02,0.005,0.045,0.09,0.135,0.015,0.05,0.045,0.035,0.03,0.09,0.03,0.075,0.04,0.04
YPL040C,0.05,0.005,0.045,0.07,0.05,0.03,0.04,0.095,0.115,0.125,0.015,0.035,0.05,0.055,0.05,0.06,0.045,0.01,0.01,0.045
YNL300W,0.1568627450980392,0.0,0.029411764705882353,0.00980392156862745,0.029411764705882353,0.058823529411764705,0.00980392156862745,0.049019607843137254,0.0392156862745098,0.0392156862745098,0.0392156862745098,0.00980392156862745,0.0196078431372549,0.0196078431372549,0.0,0.1568627450980392,0.21568627450980393,0.08823529411764706,0.0,0.029411764705882353
YNL295W,0.05,0.015,0.07,0.075,0.025,0.085,0.035,0.04,0.07,0.095,0.025,0.05,0.035,0.045,0.08,0.095,0.03,0.055,0.0,0.025
YGR224W,0.08,0.01,0.015,0.065,0.045,0.085,0.0,0.1,0.045,0.115,0.03,0.035,0.02,0.055,0.025,0.125,0.04,0.065,0.01,0.035
YMR019W,0.07,0.03,0.045,0.045,0.04,0.03,0.045,0.065,0.075,0.06,0.015,0.07,0.035,0.025,0.095,0.115,0.055,0.055,0.005,0.025
YDL049C,0.095,0.015,0.045,0.03,0.05,0.05,0.01,0.065,0.06,0.06,0.035,0.045,0.04,0.045,0.025,0.05,0.135,0.09,0.01,0.045
YDR350C,0.025,0.03,0.015,0.065,0.06,0.04,0.04,0.05,0.08,0.125,0.02,0.055,0.045,0.035,0.06,0.09,0.06,0.045,0.01,0.05
YNR075W,0.075,0.015,0.03,0.065,0.055,0.035,0.02,0.075,0.05,0.115,0.01,0.04,0.04,0.04,0.045,0.09,0.055,0.055,0.05,0.04
YGR213C,0.085,0.015,0.015,0.025,0.105,0.08,0.01,0.085,0.04,0.12,0.04,0.025,0.03,0.02,0.035,0.08,0.06,0.085,0.0,0.045
YGL258W,0.085,0.03,0.05,0.03,0.075,0.07,0.01,0.055,0.025,0.075,0.015,0.07,0.045,0.035,0.015,0.075,0.12,0.08,0.01,0.03
YGL250W,0.05,0.005,0.075,0.13,0.055,0.025,0.015,0.05,0.06,0.11,0.025,0.06,0.03,0.02,0.05,0.075,0.07,0.065,0.0,0.03
YGL186C,0.085,0.015,0.03,0.045,0.035,0.085,0.015,0.07,0.05,0.095,0.04,0.035,0.025,0.02,0.05,0.125,0.06,0.075,0.025,0.02
YGL121C,0.047619047619047616,0.0,0.07142857142857142,0.1111111111111111,0.03968253968253968,0.015873015873015872,0.023809523809523808,0.023809523809523808,0.023809523809523808,0.15079365079365079,0.031746031746031744,0.031746031746031744,0.031746031746031744,0.031746031746031744,0.07936507936507936,0.06349206349206349,0.09523809523809523,0.06349206349206349,0.015873015873015872,0.047619047619047616
YGL108C,0.07142857142857142,0.007142857142857143,0.03571428571428571,0.10714285714285714,0.007142857142857143,0.03571428571428571,0.02142857142857143,0.014285714285714285,0.19285714285714287,0.05714285714285714,0.02857142857142857,0.03571428571428571,0.04285714285714286,0.05,0.07142857142857142,0.06428571428571428,0.1,0.04285714285714286,0.0,0.014285714285714285
YGL104C,0.045,0.035,0.015,0.03,0.035,0.1,0.01,0.14,0.035,0.12,0.02,0.05,0.04,0.04,0.04,0.11,0.035,0.05,0.01,0.04
YGL096W,0.025,0.0,0.0,0.065,0.03,0.065,0.03,0.085,0.04,0.035,0.025,0.11,0.105,0.06,0.06,0.105,0.05,0.07,0.0,0.04
YGL082W,0.06,0.005,0.045,0.06,0.035,0.07,0.02,0.065,0.04,0.115,0.02,0.08,0.03,0.09,0.03,0.065,0.05,0.07,0.005,0.045
YGL056C,0.015,0.01,0.045,0.065,0.025,0.025,0.025,0.04,0.06,0.13,0.015,0.12,0.055,0.045,0.02,0.14,0.085,0.055,0.005,0.02
YGR001C,0.085,0.015,0.105,0.095,0.07,0.025,0.02,0.055,0.1,0.095,0.01,0.035,0.035,0.045,0.025,0.07,0.045,0.025,0.01,0.035
YGR004W,0.045,0.01,0.04,0.045,0.05,0.025,0.02,0.09,0.035,0.13,0.025,0.045,0.04,0.02,0.05,0.12,0.07,0.09,0.01,0.04
YGR065C,0.045,0.005,0.065,0.07,0.045,0.015,0.04,0.05,0.075,0.09,0.03,0.06,0.05,0.015,0.05,0.075,0.06,0.055,0.025,0.08
YGR067C,0.025,0.025,0.05,0.04,0.065,0.045,0.045,0.07,0.095,0.075,0.03,0.03,0.025,0.045,0.07,0.14,0.03,0.075,0.0,0.02
YGR077C,0.07,0.005,0.045,0.035,0.05,0.015,0.025,0.055,0.035,0.16,0.01,0.06,0.04,0.05,0.05,0.08,0.04,0.09,0.035,0.05
YGR089W,0.05,0.03,0.035,0.03,0.105,0.025,0.03,0.09,0.08,0.105,0.015,0.06,0.03,0.03,0.03,0.12,0.055,0.06,0.0,0.02
YGR096W,0.075,0.005,0.025,0.05,0.055,0.08,0.01,0.075,0.045,0.1,0.04,0.04,0.035,0.025,0.06,0.1,0.075,0.055,0.015,0.035
YGR131W,0.09195402298850575,0.028735632183908046,0.017241379310344827,0.005747126436781609,0.09195402298850575,0.07471264367816093,0.017241379310344827,0.08620689655172414,0.028735632183908046,0.09770114942528736,0.034482758620689655,0.05172413793103448,0.011494252873563218,0.04597701149425287,0.05172413793103448,0.09195402298850575,0.06896551724137931,0.06896551724137931,0.005747126436781609,0.028735632183908046
YGR141W,0.025,0.005,0.085,0.075,0.035,0.06,0.03,0.05,0.065,0.105,0.015,0.035,0.065,0.03,0.05,0.08,0.045,0.07,0.03,0.045
YGR161C,0.075,0.01,0.05,0.07,0.015,0.02,0.035,0.06,0.06,0.07,0.03,0.05,0.065,0.02,0.105,0.135,0.08,0.04,0.0,0.01
YGR212W,0.025,0.015,0.04,0.075,0.045,0.025,0.045,0.075,0.055,0.135,0.035,0.07,0.045,0.055,0.035,0.065,0.035,0.045,0.03,0.05
YGR248W,0.065,0.02,0.05,0.08,0.065,0.07,0.02,0.06,0.07,0.1,0.02,0.06,0.05,0.04,0.03,0.06,0.04,0.06,0.015,0.025
YGR283C,0.07,0.02,0.05,0.05,0.03,0.025,0.02,0.07,0.125,0.11,0.015,0.07,0.035,0.045,0.02,0.075,0.08,0.06,0.0,0.03
YGR288W,0.05,0.06,0.06,0.04,0.025,0.02,0.015,0.06,0.07,0.12,0.01,0.05,0.035,0.055,0.075,0.09,0.065,0.035,0.01,0.055
YPR003C,0.05,0.015,0.045,0.03,0.04,0.06,0.01,0.05,0.02,0.075,0.015,0.105,0.07,0.02,0.04,0.14,0.09,0.07,0.01,0.045
YMR016C,0.055,0.0,0.015,0.025,0.01,0.045,0.0,0.03,0.02,0.025,0.035,0.1,0.095,0.175,0.01,0.145,0.07,0.055,0.005,0.085
YNR021W,0.06,0.01,0.015,0.05,0.105,0.045,0.025,0.06,0.06,0.11,0.02,0.085,0.025,0.035,0.04,0.105,0.045,0.06,0.015,0.03
YNR022C,0.02877697841726619,0.014388489208633094,0.03597122302158273,0.11510791366906475,0.02877697841726619,0.04316546762589928,0.050359712230215826,0.04316546762589928,0.12949640287769784,0.1223021582733813,0.02158273381294964,0.04316546762589928,0.02877697841726619,0.06474820143884892,0.04316546762589928,0.04316546762589928,0.050359712230215826,0.06474820143884892,0.0,0.02877697841726619
YNR039C,0.07,0.0,0.03,0.05,0.06,0.05,0.015,0.035,0.05,0.045,0.03,0.085,0.1,0.045,0.055,0.17,0.055,0.035,0.0,0.02
YNR056C,0.055,0.025,0.04,0.06,0.08,0.07,0.02,0.075,0.035,0.1,0.035,0.035,0.03,0.015,0.03,0.14,0.03,0.075,0.02,0.03
YNR065C,0.045,0.03,0.105,0.08,0.06,0.085,0.01,0.05,0.06,0.06,0.01,0.04,0.03,0.025,0.035,0.095,0.07,0.035,0.02,0.055
YNR066C,0.03,0.035,0.08,0.08,0.05,0.035,0.025,0.095,0.055,0.085,0.005,0.055,0.04,0.025,0.025,0.115,0.06,0.055,0.02,0.03
YNL279W,0.055,0.015,0.065,0.05,0.03,0.05,0.01,0.09,0.065,0.135,0.03,0.065,0.005,0.015,0.005,0.105,0.08,0.075,0.005,0.05
YNL254C,0.04,0.01,0.07,0.09,0.035,0.055,0.015,0.06,0.13,0.11,0.02,0.05,0.035,0.035,0.05,0.115,0.02,0.05,0.0,0.01
YNL187W,0.035,0.04,0.065,0.05,0.05,0.065,0.005,0.06,0.055,0.07,0.03,0.065,0.025,0.05,0.065,0.1,0.04,0.07,0.01,0.05
YNL181W,0.06,0.01,0.05,0.065,0.02,0.065,0.01,0.075,0.07,0.11,0.025,0.035,0.06,0.035,0.055,0.06,0.065,0.06,0.035,0.035
YNL176C,0.02,0.0,0.045,0.025,0.03,0.015,0.005,0.04,0.005,0.095,0.015,0.015,0.05,0.02,0.015,0.38,0.145,0.035,0.01,0.035
YNL173C,0.045,0.0,0.055,0.1,0.055,0.065,0.0,0.07,0.11,0.055,0.01,0.055,0.065,0.04,0.025,0.075,0.075,0.07,0.015,0.015
YNL164C,0.07,0.0,0.085,0.115,0.03,0.075,0.01,0.075,0.05,0.095,0.035,0.055,0.035,0.065,0.025,0.09,0.045,0.035,0.0,0.01
YNL156C,0.03,0.01,0.06,0.055,0.03,0.05,0.045,0.05,0.04,0.135,0.005,0.065,0.045,0.03,0.055,0.13,0.045,0.07,0.01,0.04
YNL133C,0.04046242774566474,0.0,0.03468208092485549,0.10404624277456648,0.023121387283236993,0.04046242774566474,0.0,0.03468208092485549,0.1791907514450867,0.09248554913294797,0.011560693641618497,0.07514450867052024,0.017341040462427744,0.046242774566473986,0.06358381502890173,0.09826589595375723,0.057803468208092484,0.046242774566473986,0.0,0.03468208092485549
YNL125C,0.085,0.005,0.07,0.055,0.03,0.02,0.03,0.045,0.07,0.06,0.02,0.065,0.04,0.03,0.035,0.19,0.085,0.055,0.0,0.01
YNL056W,0.025380710659898477,0.01015228426395939,0.050761421319796954,0.07106598984771574,0.04060913705583756,0.07614213197969544,0.03553299492385787,0.08629441624365482,0.06598984771573604,0.10152284263959391,0.030456852791878174,0.04060913705583756,0.050761421319796954,0.03553299492385787,0.04060913705583756,0.08121827411167512,0.030456852791878174,0.06598984771573604,0.005076142131979695,0.05583756345177665
YNL042W,0.065,0.0,0.025,0.05,0.03,0.05,0.025,0.05,0.075,0.075,0.035,0.115,0.065,0.045,0.03,0.15,0.055,0.035,0.005,0.02
YNL038W,0.02,0.01,0.015,0.06,0.09,0.055,0.01,0.125,0.07,0.105,0.02,0.06,0.02,0.04,0.075,0.06,0.045,0.09,0.005,0.025
YNL029C,0.045,0.025,0.065,0.06,0.085,0.045,0.02,0.07,0.045,0.085,0.03,0.07,0.035,0.025,0.04,0.06,0.06,0.07,0.01,0.055
YNL024C,0.05,0.03,0.06,0.09,0.035,0.105,0.02,0.045,0.07,0.165,0.015,0.03,0.045,0.025,0.015,0.04,0.045,0.08,0.015,0.02
YML052W,0.1,0.025,0.045,0.01,0.085,0.055,0.025,0.055,0.025,0.105,0.045,0.055,0.03,0.025,0.03,0.07,0.065,0.085,0.035,0.03
YMR316W,0.045,0.015,0.045,0.06,0.055,0.055,0.025,0.065,0.07,0.085,0.025,0.08,0.06,0.025,0.05,0.07,0.055,0.06,0.005,0.05
YDR525W-A,0.0759493670886076,0.012658227848101266,0.05063291139240506,0.0379746835443038,0.11392405063291139,0.05063291139240506,0.05063291139240506,0.0759493670886076,0.02531645569620253,0.16455696202531644,0.012658227848101266,0.0379746835443038,0.05063291139240506,0.0,0.0379746835443038,0.0759493670886076,0.012658227848101266,0.0379746835443038,0.02531645569620253,0.05063291139240506
YER056C-A,0.09090909090909091,0.03305785123966942,0.008264462809917356,0.049586776859504134,0.01652892561983471,0.05785123966942149,0.01652892561983471,0.05785123966942149,0.15702479338842976,0.04132231404958678,0.008264462809917356,0.03305785123966942,0.03305785123966942,0.049586776859504134,0.10743801652892562,0.05785123966942149,0.0743801652892562,0.08264462809917356,0.0,0.024793388429752067
YER093C-A,0.0948905109489051,0.0072992700729927005,0.029197080291970802,0.072992700729927,0.072992700729927,0.021897810218978103,0.0,0.058394160583941604,0.08029197080291971,0.10218978102189781,0.043795620437956206,0.029197080291970802,0.029197080291970802,0.051094890510948905,0.06569343065693431,0.0948905109489051,0.08029197080291971,0.029197080291970802,0.0072992700729927005,0.029197080291970802
YMR182C,0.05,0.02,0.05,0.015,0.04,0.02,0.045,0.05,0.04,0.07,0.03,0.07,0.15,0.065,0.065,0.095,0.04,0.045,0.0,0.04
YKL087C,0.045,0.02,0.09,0.06,0.025,0.05,0.03,0.045,0.08,0.055,0.025,0.07,0.06,0.055,0.05,0.075,0.055,0.045,0.035,0.03
YPR005C,0.02,0.02,0.05,0.075,0.055,0.07,0.03,0.055,0.1,0.055,0.01,0.075,0.04,0.02,0.025,0.12,0.07,0.07,0.0,0.04
YPL013C,0.06611570247933884,0.008264462809917356,0.04132231404958678,0.049586776859504134,0.024793388429752067,0.05785123966942149,0.0,0.049586776859504134,0.09917355371900827,0.0743801652892562,0.01652892561983471,0.05785123966942149,0.05785123966942149,0.008264462809917356,0.09917355371900827,0.049586776859504134,0.06611570247933884,0.1322314049586777,0.01652892561983471,0.024793388429752067
YER058W,0.06542056074766354,0.009345794392523364,0.028037383177570093,0.1308411214953271,0.018691588785046728,0.04672897196261682,0.028037383177570093,0.028037383177570093,0.1308411214953271,0.056074766355140186,0.037383177570093455,0.018691588785046728,0.028037383177570093,0.037383177570093455,0.07476635514018691,0.06542056074766354,0.07476635514018691,0.09345794392523364,0.0,0.028037383177570093
YJR034W,0.05555555555555555,0.06481481481481481,0.07407407407407407,0.07407407407407407,0.027777777777777776,0.037037037037037035,0.009259259259259259,0.037037037037037035,0.12037037037037036,0.10185185185185185,0.046296296296296294,0.05555555555555555,0.05555555555555555,0.07407407407407407,0.046296296296296294,0.037037037037037035,0.027777777777777776,0.037037037037037035,0.0,0.018518518518518517
YPL105C,0.1,0.005,0.035,0.02,0.04,0.065,0.01,0.05,0.015,0.06,0.025,0.12,0.11,0.05,0.02,0.135,0.055,0.045,0.01,0.03
YPL098C,0.061946902654867256,0.008849557522123894,0.035398230088495575,0.017699115044247787,0.04424778761061947,0.13274336283185842,0.008849557522123894,0.061946902654867256,0.05309734513274336,0.07964601769911504,0.061946902654867256,0.035398230088495575,0.07079646017699115,0.07079646017699115,0.04424778761061947,0.07964601769911504,0.05309734513274336,0.035398230088495575,0.017699115044247787,0.02654867256637168
YPL109C,0.04,0.02,0.03,0.05,0.08,0.045,0.025,0.095,0.075,0.125,0.01,0.045,0.045,0.03,0.06,0.09,0.055,0.015,0.025,0.04
YPL130W,0.05,0.005,0.085,0.125,0.04,0.045,0.005,0.08,0.055,0.09,0.015,0.065,0.02,0.02,0.02,0.105,0.07,0.055,0.0,0.05
YPL041C,0.025,0.015,0.035,0.03,0.08,0.055,0.015,0.045,0.07,0.165,0.035,0.05,0.06,0.03,0.065,0.06,0.07,0.045,0.02,0.03
YMR097C,0.04,0.005,0.035,0.055,0.04,0.065,0.025,0.065,0.1,0.1,0.045,0.07,0.045,0.02,0.075,0.035,0.07,0.065,0.01,0.035
YMR098C,0.035,0.02,0.035,0.06,0.065,0.045,0.045,0.04,0.125,0.11,0.02,0.07,0.04,0.01,0.06,0.09,0.055,0.045,0.005,0.025
YMR285C,0.07,0.015,0.075,0.06,0.045,0.04,0.035,0.045,0.12,0.075,0.025,0.035,0.05,0.05,0.065,0.045,0.03,0.07,0.015,0.035
YMR289W,0.035,0.02,0.08,0.09,0.04,0.04,0.015,0.08,0.06,0.095,0.04,0.055,0.035,0.05,0.07,0.06,0.03,0.05,0.01,0.045
YDR492W,0.035,0.05,0.035,0.035,0.08,0.025,0.025,0.085,0.055,0.09,0.025,0.045,0.025,0.03,0.025,0.1,0.085,0.07,0.025,0.055
YDL001W,0.05,0.015,0.09,0.06,0.02,0.035,0.035,0.035,0.08,0.09,0.015,0.045,0.055,0.05,0.095,0.085,0.065,0.035,0.01,0.035
YDR210W,0.0,0.09333333333333334,0.02666666666666667,0.04,0.013333333333333334,0.10666666666666667,0.0,0.0,0.02666666666666667,0.08,0.013333333333333334,0.013333333333333334,0.12,0.28,0.0,0.04,0.0,0.04,0.0,0.10666666666666667
YDR210W-A,0.055,0.005,0.045,0.045,0.02,0.025,0.06,0.025,0.035,0.045,0.03,0.07,0.13,0.095,0.015,0.125,0.065,0.055,0.01,0.045
YMR266W,0.055,0.01,0.01,0.03,0.08,0.05,0.015,0.08,0.06,0.105,0.015,0.065,0.035,0.05,0.04,0.095,0.065,0.06,0.02,0.06
YMR269W,0.04,0.0,0.065,0.08,0.025,0.09,0.025,0.02,0.245,0.055,0.005,0.045,0.015,0.005,0.05,0.13,0.03,0.04,0.02,0.015
YMR211W,0.03,0.01,0.065,0.075,0.055,0.05,0.03,0.045,0.055,0.08,0.01,0.075,0.04,0.065,0.045,0.09,0.06,0.04,0.015,0.065
YMR002W,0.1282051282051282,0.02564102564102564,0.03205128205128205,0.02564102564102564,0.02564102564102564,0.08974358974358974,0.019230769230769232,0.03205128205128205,0.00641025641025641,0.03205128205128205,0.038461538461538464,0.04487179487179487,0.057692307692307696,0.14102564102564102,0.07051282051282051,0.09615384615384616,0.08333333333333333,0.02564102564102564,0.0,0.02564102564102564
YMR003W,0.015151515151515152,0.020202020202020204,0.04040404040404041,0.03535353535353535,0.045454545454545456,0.03535353535353535,0.03535353535353535,0.07575757575757576,0.10606060606060606,0.12626262626262627,0.015151515151515152,0.045454545454545456,0.05555555555555555,0.050505050505050504,0.05555555555555555,0.1111111111111111,0.06060606060606061,0.045454545454545456,0.010101010101010102,0.015151515151515152
YML038C,0.055,0.015,0.025,0.005,0.095,0.06,0.015,0.075,0.06,0.135,0.025,0.05,0.035,0.025,0.03,0.09,0.055,0.085,0.03,0.035
YDR248C,0.05699481865284974,0.015544041450777202,0.08808290155440414,0.07772020725388601,0.05181347150259067,0.04145077720207254,0.03626943005181347,0.07772020725388601,0.12435233160621761,0.08290155440414508,0.031088082901554404,0.02072538860103627,0.03626943005181347,0.015544041450777202,0.03626943005181347,0.05181347150259067,0.06217616580310881,0.06217616580310881,0.010362694300518135,0.02072538860103627
YMR156C,0.05,0.01,0.055,0.04,0.07,0.03,0.03,0.09,0.095,0.08,0.015,0.07,0.06,0.02,0.04,0.095,0.065,0.04,0.015,0.03
YMR157C,0.035,0.02,0.06,0.055,0.055,0.05,0.005,0.05,0.105,0.115,0.015,0.035,0.05,0.035,0.065,0.075,0.05,0.075,0.0,0.05
YMR158W,0.03870967741935484,0.03225806451612903,0.04516129032258064,0.03225806451612903,0.01935483870967742,0.04516129032258064,0.01935483870967742,0.06451612903225806,0.0967741935483871,0.12903225806451613,0.03225806451612903,0.06451612903225806,0.05161290322580645,0.04516129032258064,0.05161290322580645,0.08387096774193549,0.04516129032258064,0.07096774193548387,0.0064516129032258064,0.025806451612903226
YDR098C-A,0.055,0.01,0.035,0.025,0.03,0.045,0.03,0.025,0.04,0.03,0.04,0.06,0.15,0.085,0.005,0.155,0.08,0.04,0.01,0.05
YMR123W,0.08196721311475409,0.00819672131147541,0.06557377049180328,0.05737704918032787,0.05737704918032787,0.02459016393442623,0.02459016393442623,0.08196721311475409,0.07377049180327869,0.11475409836065574,0.00819672131147541,0.04918032786885246,0.01639344262295082,0.03278688524590164,0.040983606557377046,0.09836065573770492,0.06557377049180328,0.04918032786885246,0.03278688524590164,0.01639344262295082
YDR131C,0.015,0.025,0.06,0.055,0.05,0.025,0.02,0.06,0.075,0.13,0.02,0.075,0.045,0.025,0.055,0.09,0.06,0.045,0.015,0.055
YDR170W-A,0.065,0.01,0.025,0.035,0.025,0.04,0.04,0.035,0.03,0.045,0.035,0.06,0.14,0.11,0.01,0.13,0.07,0.045,0.01,0.04
YDR184C,0.045,0.005,0.12,0.045,0.015,0.025,0.04,0.055,0.095,0.11,0.03,0.085,0.03,0.045,0.02,0.12,0.085,0.02,0.0,0.01
YDR186C,0.05,0.005,0.055,0.045,0.06,0.01,0.01,0.05,0.08,0.13,0.015,0.08,0.025,0.04,0.05,0.13,0.065,0.055,0.01,0.035
YDR438W,0.06,0.01,0.03,0.035,0.07,0.03,0.01,0.06,0.035,0.16,0.02,0.04,0.025,0.03,0.035,0.145,0.095,0.075,0.015,0.02
YML101C,0.07692307692307693,0.008547008547008548,0.05982905982905983,0.05982905982905983,0.02564102564102564,0.042735042735042736,0.03418803418803419,0.042735042735042736,0.05128205128205128,0.042735042735042736,0.05128205128205128,0.042735042735042736,0.08547008547008547,0.03418803418803419,0.06837606837606838,0.06837606837606838,0.06837606837606838,0.1282051282051282,0.0,0.008547008547008548
YMR040W,0.0375,0.00625,0.03125,0.03125,0.05,0.03125,0.0,0.125,0.08125,0.1125,0.04375,0.04375,0.025,0.0375,0.0875,0.0625,0.03125,0.075,0.01875,0.06875
YMR046C,0.06,0.01,0.025,0.035,0.02,0.04,0.04,0.035,0.03,0.05,0.035,0.065,0.13,0.11,0.01,0.14,0.07,0.045,0.01,0.04
YMR126C,0.06,0.02,0.06,0.045,0.065,0.035,0.025,0.08,0.075,0.13,0.02,0.06,0.055,0.02,0.05,0.07,0.025,0.07,0.005,0.03
YML011C,0.022598870056497175,0.02824858757062147,0.0903954802259887,0.07344632768361582,0.03954802259887006,0.04519774011299435,0.011299435028248588,0.07344632768361582,0.062146892655367235,0.12994350282485875,0.03954802259887006,0.04519774011299435,0.02824858757062147,0.02824858757062147,0.04519774011299435,0.062146892655367235,0.05649717514124294,0.0847457627118644,0.011299435028248588,0.022598870056497175
YML006C,0.025,0.005,0.06,0.05,0.045,0.03,0.04,0.06,0.06,0.115,0.005,0.13,0.03,0.04,0.035,0.105,0.08,0.03,0.02,0.035
YMR088C,0.095,0.02,0.02,0.06,0.08,0.09,0.005,0.08,0.03,0.125,0.01,0.04,0.05,0.04,0.035,0.08,0.06,0.045,0.015,0.02
YMR195W,0.08661417322834646,0.015748031496062992,0.07874015748031496,0.047244094488188976,0.05511811023622047,0.023622047244094488,0.023622047244094488,0.0,0.03937007874015748,0.08661417322834646,0.023622047244094488,0.11023622047244094,0.03937007874015748,0.05511811023622047,0.023622047244094488,0.10236220472440945,0.07086614173228346,0.05511811023622047,0.007874015748031496,0.05511811023622047
YDR031W,0.01652892561983471,0.06611570247933884,0.0743801652892562,0.09090909090909091,0.01652892561983471,0.04132231404958678,0.008264462809917356,0.09917355371900827,0.09917355371900827,0.0743801652892562,0.04132231404958678,0.08264462809917356,0.04132231404958678,0.04132231404958678,0.049586776859504134,0.05785123966942149,0.024793388429752067,0.05785123966942149,0.0,0.01652892561983471
YDR520C,0.04,0.03,0.07,0.05,0.03,0.05,0.025,0.065,0.095,0.07,0.025,0.11,0.045,0.015,0.07,0.12,0.045,0.025,0.0,0.02
YDR527W,0.06,0.005,0.1,0.11,0.015,0.065,0.01,0.05,0.12,0.085,0.015,0.065,0.04,0.04,0.03,0.065,0.05,0.05,0.01,0.015
YDR528W,0.04,0.015,0.065,0.065,0.04,0.015,0.025,0.045,0.075,0.075,0.035,0.06,0.11,0.025,0.05,0.145,0.055,0.045,0.0,0.015
YML087C,0.03,0.02,0.02,0.05,0.05,0.065,0.02,0.07,0.065,0.115,0.01,0.04,0.05,0.03,0.045,0.055,0.08,0.11,0.01,0.065
YDR115W,0.0380952380952381,0.009523809523809525,0.0,0.0,0.0761904761904762,0.0761904761904762,0.009523809523809525,0.02857142857142857,0.09523809523809523,0.13333333333333333,0.02857142857142857,0.01904761904761905,0.06666666666666667,0.05714285714285714,0.12380952380952381,0.14285714285714285,0.05714285714285714,0.009523809523809525,0.01904761904761905,0.009523809523809525
YDR119W,0.065,0.01,0.08,0.075,0.015,0.025,0.02,0.055,0.09,0.065,0.015,0.065,0.08,0.065,0.05,0.135,0.035,0.055,0.0,0.0
YDR125C,0.03,0.005,0.02,0.075,0.04,0.03,0.035,0.07,0.09,0.11,0.04,0.075,0.05,0.025,0.08,0.085,0.045,0.04,0.015,0.04
YML045W-A,0.055,0.01,0.035,0.025,0.03,0.045,0.025,0.025,0.04,0.035,0.04,0.065,0.145,0.085,0.005,0.155,0.08,0.04,0.01,0.05
YMR063W,0.045,0.035,0.03,0.025,0.05,0.04,0.025,0.07,0.035,0.16,0.06,0.02,0.04,0.025,0.02,0.1,0.065,0.105,0.02,0.03
YMR071C,0.0718562874251497,0.017964071856287425,0.029940119760479042,0.03592814371257485,0.08383233532934131,0.0658682634730539,0.017964071856287425,0.15568862275449102,0.03592814371257485,0.09580838323353294,0.029940119760479042,0.05389221556886228,0.023952095808383235,0.029940119760479042,0.023952095808383235,0.0658682634730539,0.03592814371257485,0.07784431137724551,0.011976047904191617,0.03592814371257485
YMR251W,0.07,0.015,0.06,0.06,0.045,0.065,0.03,0.065,0.06,0.075,0.01,0.055,0.06,0.015,0.065,0.075,0.05,0.055,0.03,0.04
YMR310C,0.06,0.01,0.03,0.03,0.045,0.03,0.015,0.065,0.115,0.1,0.01,0.035,0.05,0.06,0.06,0.075,0.095,0.07,0.0,0.045
YDR219C,0.045,0.01,0.055,0.065,0.03,0.04,0.03,0.065,0.055,0.125,0.04,0.11,0.02,0.03,0.055,0.07,0.065,0.06,0.01,0.02
YMR222C,0.07,0.005,0.055,0.07,0.06,0.105,0.025,0.03,0.03,0.105,0.025,0.04,0.075,0.055,0.015,0.05,0.07,0.055,0.005,0.055
YDR282C,0.015,0.015,0.06,0.055,0.04,0.07,0.015,0.06,0.085,0.095,0.035,0.07,0.03,0.04,0.065,0.1,0.07,0.055,0.01,0.015
YDL189W,0.03,0.015,0.055,0.11,0.04,0.03,0.015,0.08,0.085,0.095,0.015,0.095,0.03,0.06,0.06,0.09,0.045,0.02,0.005,0.025
YEL059C-A,0.0945945945945946,0.05405405405405406,0.05405405405405406,0.06756756756756757,0.04054054054054054,0.013513513513513514,0.013513513513513514,0.02702702702702703,0.05405405405405406,0.08108108108108109,0.013513513513513514,0.04054054054054054,0.06756756756756757,0.05405405405405406,0.05405405405405406,0.05405405405405406,0.12162162162162163,0.04054054054054054,0.013513513513513514,0.04054054054054054
YLR281C,0.08387096774193549,0.01935483870967742,0.012903225806451613,0.12258064516129032,0.01935483870967742,0.04516129032258064,0.01935483870967742,0.025806451612903226,0.09032258064516129,0.07741935483870968,0.03225806451612903,0.025806451612903226,0.04516129032258064,0.06451612903225806,0.15483870967741936,0.06451612903225806,0.03225806451612903,0.04516129032258064,0.0064516129032258064,0.012903225806451613
YLR283W,0.01,0.025,0.05,0.075,0.05,0.03,0.025,0.055,0.085,0.175,0.025,0.065,0.025,0.075,0.065,0.105,0.04,0.0,0.0,0.02
YLR297W,0.046511627906976744,0.007751937984496124,0.07751937984496124,0.06976744186046512,0.046511627906976744,0.06976744186046512,0.023255813953488372,0.09302325581395349,0.06976744186046512,0.13178294573643412,0.023255813953488372,0.06976744186046512,0.015503875968992248,0.023255813953488372,0.007751937984496124,0.12403100775193798,0.023255813953488372,0.07751937984496124,0.0,0.0
YLR301W,0.04,0.005,0.06,0.07,0.065,0.07,0.015,0.04,0.045,0.085,0.005,0.085,0.055,0.03,0.045,0.075,0.065,0.095,0.03,0.02
YLR227C,0.065,0.025,0.045,0.04,0.075,0.035,0.02,0.08,0.12,0.135,0.03,0.08,0.025,0.04,0.035,0.035,0.025,0.04,0.005,0.045
YLR390W,0.026785714285714284,0.017857142857142856,0.07142857142857142,0.026785714285714284,0.026785714285714284,0.044642857142857144,0.017857142857142856,0.0625,0.07142857142857142,0.08035714285714286,0.026785714285714284,0.05357142857142857,0.11607142857142858,0.03571428571428571,0.05357142857142857,0.05357142857142857,0.11607142857142858,0.07142857142857142,0.008928571428571428,0.017857142857142856
YPR114W,0.04,0.01,0.035,0.03,0.08,0.02,0.04,0.1,0.075,0.105,0.015,0.03,0.045,0.045,0.02,0.085,0.055,0.08,0.02,0.07
YPR115W,0.06,0.0,0.07,0.065,0.035,0.05,0.005,0.065,0.1,0.065,0.035,0.06,0.075,0.04,0.05,0.1,0.04,0.02,0.005,0.06
YPR117W,0.03,0.005,0.05,0.01,0.1,0.05,0.05,0.115,0.07,0.105,0.03,0.03,0.03,0.025,0.05,0.085,0.09,0.04,0.015,0.02
YLR341W,0.04,0.01,0.085,0.06,0.07,0.045,0.02,0.055,0.075,0.075,0.01,0.115,0.03,0.03,0.04,0.12,0.05,0.035,0.005,0.03
YLR327C,0.011627906976744186,0.0,0.046511627906976744,0.05813953488372093,0.03488372093023256,0.11627906976744186,0.046511627906976744,0.046511627906976744,0.09302325581395349,0.03488372093023256,0.011627906976744186,0.11627906976744186,0.03488372093023256,0.03488372093023256,0.06976744186046512,0.08139534883720931,0.06976744186046512,0.03488372093023256,0.023255813953488372,0.03488372093023256
YLR443W,0.04,0.01,0.045,0.06,0.025,0.055,0.01,0.06,0.03,0.115,0.035,0.035,0.02,0.035,0.05,0.12,0.125,0.06,0.005,0.065
YPR169W,0.04,0.02,0.085,0.045,0.04,0.065,0.03,0.065,0.13,0.1,0.015,0.035,0.035,0.04,0.04,0.065,0.075,0.06,0.01,0.005
YPR157W,0.04,0.01,0.09,0.05,0.035,0.05,0.045,0.06,0.06,0.125,0.02,0.05,0.07,0.025,0.03,0.06,0.045,0.07,0.025,0.04
YPR158W,0.035,0.025,0.07,0.075,0.04,0.035,0.02,0.13,0.065,0.075,0.025,0.075,0.045,0.05,0.045,0.08,0.02,0.045,0.01,0.035
YLR356W,0.1218274111675127,0.015228426395939087,0.025380710659898477,0.04060913705583756,0.04568527918781726,0.07614213197969544,0.02030456852791878,0.06091370558375635,0.04568527918781726,0.116751269035533,0.01015228426395939,0.025380710659898477,0.06091370558375635,0.015228426395939087,0.015228426395939087,0.12690355329949238,0.08629441624365482,0.06091370558375635,0.0,0.030456852791878174
YPR121W,0.07,0.04,0.05,0.04,0.02,0.055,0.01,0.085,0.06,0.11,0.04,0.045,0.065,0.03,0.02,0.075,0.09,0.08,0.0,0.015
YPR127W,0.065,0.015,0.065,0.08,0.055,0.08,0.035,0.075,0.05,0.075,0.02,0.045,0.03,0.02,0.04,0.085,0.035,0.085,0.01,0.035
YPR153W,0.05,0.014285714285714285,0.02142857142857143,0.0,0.07142857142857142,0.08571428571428572,0.007142857142857143,0.06428571428571428,0.03571428571428571,0.08571428571428572,0.04285714285714286,0.04285714285714286,0.03571428571428571,0.014285714285714285,0.02142857142857143,0.09285714285714286,0.07142857142857142,0.12142857142857143,0.03571428571428571,0.08571428571428572
YLR251W,0.07106598984771574,0.005076142131979695,0.030456852791878174,0.025380710659898477,0.05583756345177665,0.04060913705583756,0.02030456852791878,0.05583756345177665,0.08121827411167512,0.1065989847715736,0.03553299492385787,0.05583756345177665,0.05583756345177665,0.030456852791878174,0.04568527918781726,0.05583756345177665,0.04568527918781726,0.09137055837563451,0.03553299492385787,0.05583756345177665
YDR302W,0.035,0.02,0.045,0.01,0.075,0.03,0.02,0.06,0.075,0.13,0.02,0.045,0.06,0.02,0.03,0.05,0.085,0.1,0.035,0.055
YDR307W,0.035,0.015,0.025,0.035,0.085,0.04,0.015,0.13,0.035,0.135,0.005,0.06,0.025,0.035,0.05,0.115,0.06,0.025,0.03,0.045
YLR436C,0.05,0.005,0.08,0.025,0.055,0.025,0.025,0.095,0.04,0.145,0.005,0.065,0.07,0.02,0.03,0.155,0.035,0.05,0.005,0.02
YLR411W,0.045,0.04,0.045,0.05,0.055,0.05,0.01,0.08,0.07,0.105,0.03,0.03,0.03,0.03,0.04,0.085,0.06,0.055,0.035,0.055
YLR412W,0.065,0.01,0.06,0.085,0.05,0.02,0.025,0.06,0.105,0.12,0.01,0.06,0.05,0.03,0.025,0.065,0.05,0.055,0.01,0.045
YLR413W,0.09,0.005,0.03,0.035,0.025,0.04,0.005,0.07,0.035,0.165,0.03,0.07,0.04,0.01,0.0,0.11,0.195,0.035,0.0,0.01
YLR419W,0.075,0.005,0.075,0.05,0.025,0.04,0.025,0.045,0.155,0.06,0.035,0.055,0.06,0.025,0.05,0.045,0.1,0.035,0.015,0.025
YPR085C,0.03,0.01,0.06,0.05,0.055,0.025,0.025,0.105,0.07,0.1,0.02,0.065,0.035,0.035,0.05,0.075,0.08,0.055,0.02,0.035
YDL027C,0.04,0.01,0.005,0.015,0.125,0.035,0.015,0.08,0.105,0.09,0.025,0.045,0.07,0.02,0.045,0.12,0.07,0.055,0.005,0.025
YDL048C,0.035,0.015,0.025,0.025,0.04,0.015,0.055,0.045,0.015,0.085,0.02,0.075,0.125,0.015,0.035,0.21,0.12,0.03,0.0,0.015
YDL053C,0.10810810810810811,0.005405405405405406,0.02702702702702703,0.021621621621621623,0.010810810810810811,0.05405405405405406,0.010810810810810811,0.016216216216216217,0.11351351351351352,0.04864864864864865,0.016216216216216217,0.05945945945945946,0.05405405405405406,0.07567567567567568,0.043243243243243246,0.12972972972972974,0.11891891891891893,0.04864864864864865,0.010810810810810811,0.02702702702702703
YDL054C,0.045,0.015,0.01,0.01,0.045,0.055,0.04,0.09,0.025,0.155,0.02,0.035,0.05,0.025,0.015,0.18,0.065,0.04,0.02,0.06
YDL072C,0.075,0.01,0.06,0.055,0.06,0.03,0.005,0.09,0.07,0.135,0.02,0.03,0.03,0.04,0.05,0.09,0.045,0.075,0.0,0.03
YDL123W,0.05714285714285714,0.04285714285714286,0.02857142857142857,0.02857142857142857,0.05,0.04285714285714286,0.014285714285714285,0.02857142857142857,0.007142857142857143,0.10714285714285714,0.014285714285714285,0.05714285714285714,0.11428571428571428,0.06428571428571428,0.04285714285714286,0.09285714285714286,0.04285714285714286,0.08571428571428572,0.007142857142857143,0.07142857142857142
YDL223C,0.08,0.0,0.045,0.065,0.015,0.05,0.065,0.025,0.095,0.02,0.01,0.075,0.07,0.025,0.025,0.155,0.125,0.03,0.005,0.02
YDL224C,0.04,0.015,0.04,0.07,0.055,0.04,0.03,0.045,0.05,0.09,0.025,0.08,0.06,0.025,0.04,0.13,0.06,0.08,0.0,0.025
YDL231C,0.06,0.005,0.065,0.055,0.065,0.06,0.03,0.09,0.06,0.07,0.015,0.035,0.06,0.03,0.075,0.09,0.03,0.055,0.015,0.035
YDL233W,0.08,0.0,0.015,0.03,0.05,0.055,0.015,0.045,0.025,0.055,0.045,0.07,0.15,0.09,0.025,0.075,0.07,0.055,0.005,0.045
YDL248W,0.04,0.025,0.045,0.065,0.075,0.015,0.005,0.05,0.105,0.125,0.015,0.05,0.04,0.035,0.025,0.09,0.04,0.08,0.04,0.035
YLL005C,0.035,0.01,0.025,0.045,0.115,0.04,0.02,0.09,0.085,0.145,0.02,0.06,0.03,0.03,0.055,0.085,0.035,0.03,0.01,0.035
YLR003C,0.045,0.005,0.115,0.085,0.05,0.025,0.005,0.065,0.14,0.08,0.01,0.045,0.045,0.035,0.055,0.1,0.02,0.05,0.0,0.025
YLR004C,0.095,0.03,0.055,0.045,0.055,0.055,0.015,0.06,0.065,0.11,0.04,0.045,0.02,0.015,0.02,0.105,0.05,0.075,0.005,0.04
YLR023C,0.025,0.01,0.05,0.055,0.03,0.035,0.01,0.055,0.105,0.065,0.025,0.065,0.045,0.025,0.035,0.19,0.075,0.06,0.0,0.04
YLR037C,0.1532258064516129,0.0,0.04032258064516129,0.04838709677419355,0.024193548387096774,0.056451612903225805,0.016129032258064516,0.06451612903225806,0.016129032258064516,0.06451612903225806,0.024193548387096774,0.024193548387096774,0.06451612903225806,0.016129032258064516,0.04032258064516129,0.06451612903225806,0.10483870967741936,0.11290322580645161,0.008064516129032258,0.056451612903225805
YLR040C,0.12,0.0,0.05,0.025,0.08,0.01,0.02,0.05,0.02,0.075,0.045,0.06,0.04,0.055,0.01,0.16,0.11,0.025,0.005,0.04
YLR042C,0.055900621118012424,0.006211180124223602,0.024844720496894408,0.012422360248447204,0.049689440993788817,0.049689440993788817,0.006211180124223602,0.062111801242236024,0.031055900621118012,0.11180124223602485,0.012422360248447204,0.055900621118012424,0.037267080745341616,0.06832298136645963,0.006211180124223602,0.19875776397515527,0.12422360248447205,0.062111801242236024,0.0,0.024844720496894408
YOL028C,0.045,0.0,0.065,0.075,0.01,0.075,0.02,0.02,0.12,0.065,0.02,0.065,0.05,0.06,0.08,0.11,0.045,0.055,0.01,0.01
YOL032W,0.075,0.0,0.05,0.06,0.04,0.065,0.01,0.09,0.06,0.095,0.025,0.06,0.06,0.05,0.02,0.11,0.055,0.045,0.005,0.025
YOL053W,0.035,0.02,0.01,0.045,0.055,0.06,0.045,0.08,0.12,0.09,0.01,0.05,0.04,0.06,0.065,0.085,0.065,0.035,0.01,0.02
YOL057W,0.055,0.01,0.05,0.07,0.07,0.045,0.05,0.05,0.07,0.115,0.025,0.03,0.055,0.05,0.015,0.095,0.05,0.05,0.0,0.045
YOL065C,0.045,0.03,0.06,0.06,0.05,0.07,0.015,0.065,0.065,0.08,0.015,0.095,0.02,0.045,0.04,0.06,0.055,0.08,0.02,0.03
YOL075C,0.045,0.01,0.055,0.065,0.015,0.085,0.03,0.05,0.055,0.125,0.035,0.045,0.035,0.04,0.06,0.105,0.075,0.06,0.0,0.01
YOL119C,0.075,0.02,0.06,0.035,0.065,0.08,0.015,0.08,0.04,0.11,0.015,0.065,0.03,0.02,0.03,0.115,0.04,0.06,0.015,0.03
YOL137W,0.04,0.025,0.05,0.035,0.035,0.075,0.025,0.07,0.045,0.135,0.045,0.055,0.045,0.03,0.025,0.085,0.045,0.09,0.005,0.04
YOR044W,0.03821656050955414,0.01910828025477707,0.044585987261146494,0.03184713375796178,0.06369426751592357,0.044585987261146494,0.03184713375796178,0.08917197452229299,0.03821656050955414,0.1337579617834395,0.025477707006369428,0.03821656050955414,0.01910828025477707,0.03184713375796178,0.07006369426751592,0.11464968152866242,0.06369426751592357,0.044585987261146494,0.0,0.05732484076433121
YOR052C,0.06,0.04666666666666667,0.05333333333333334,0.06,0.02666666666666667,0.04,0.04,0.06666666666666667,0.13333333333333333,0.04,0.02,0.05333333333333334,0.03333333333333333,0.04,0.04666666666666667,0.12666666666666668,0.07333333333333333,0.02666666666666667,0.0,0.013333333333333334
YOR242C,0.04,0.01,0.06,0.06,0.06,0.075,0.015,0.045,0.09,0.055,0.005,0.07,0.025,0.04,0.075,0.12,0.04,0.055,0.005,0.055
YOR256C,0.045,0.0,0.065,0.065,0.07,0.04,0.04,0.085,0.055,0.075,0.03,0.045,0.075,0.03,0.04,0.125,0.035,0.025,0.0,0.055
YOR264W,0.025,0.015,0.06,0.04,0.035,0.045,0.02,0.05,0.125,0.1,0.02,0.03,0.095,0.045,0.08,0.075,0.055,0.075,0.0,0.01
YOR298W,0.02,0.015,0.05,0.05,0.105,0.03,0.025,0.075,0.08,0.145,0.02,0.04,0.025,0.045,0.04,0.06,0.065,0.04,0.025,0.045
YOR306C,0.05,0.02,0.07,0.085,0.06,0.065,0.03,0.055,0.04,0.075,0.01,0.04,0.03,0.03,0.015,0.13,0.09,0.06,0.02,0.025
YOR354C,0.055,0.015,0.055,0.05,0.03,0.01,0.035,0.06,0.06,0.13,0.02,0.07,0.035,0.065,0.05,0.12,0.045,0.05,0.005,0.04
YOR380W,0.045,0.04,0.035,0.06,0.025,0.045,0.04,0.04,0.055,0.055,0.01,0.05,0.095,0.05,0.075,0.08,0.05,0.1,0.01,0.04
YOR383C,0.215,0.0,0.025,0.06,0.015,0.06,0.01,0.025,0.025,0.03,0.01,0.015,0.005,0.01,0.0,0.2,0.22,0.04,0.015,0.02
YPL176C,0.07,0.005,0.055,0.08,0.045,0.055,0.015,0.08,0.05,0.07,0.065,0.06,0.055,0.035,0.055,0.095,0.02,0.06,0.0,0.03
YPL186C,0.05,0.0,0.075,0.145,0.05,0.065,0.03,0.025,0.1,0.03,0.01,0.09,0.065,0.025,0.015,0.065,0.07,0.05,0.015,0.025
YPL193W,0.06,0.005,0.05,0.06,0.02,0.035,0.035,0.05,0.065,0.04,0.015,0.095,0.105,0.055,0.02,0.105,0.065,0.025,0.01,0.085
YPL201C,0.015,0.015,0.09,0.055,0.075,0.08,0.02,0.06,0.055,0.09,0.015,0.115,0.015,0.07,0.03,0.05,0.035,0.045,0.005,0.065
YPL225W,0.0684931506849315,0.00684931506849315,0.0547945205479452,0.13013698630136986,0.0958904109589041,0.03424657534246575,0.00684931506849315,0.0410958904109589,0.10273972602739725,0.0684931506849315,0.0136986301369863,0.0410958904109589,0.0136986301369863,0.03424657534246575,0.0547945205479452,0.0273972602739726,0.0821917808219178,0.06164383561643835,0.02054794520547945,0.0410958904109589
YLR082C,0.04,0.015,0.045,0.065,0.05,0.025,0.03,0.06,0.11,0.075,0.02,0.095,0.035,0.03,0.045,0.09,0.09,0.045,0.01,0.025
YDR030C,0.02,0.005,0.07,0.07,0.035,0.06,0.03,0.07,0.055,0.075,0.025,0.075,0.035,0.055,0.075,0.11,0.06,0.03,0.005,0.04
YPL148C,0.05202312138728324,0.03468208092485549,0.046242774566473986,0.06358381502890173,0.057803468208092484,0.046242774566473986,0.04046242774566474,0.046242774566473986,0.08670520231213873,0.11560693641618497,0.023121387283236993,0.03468208092485549,0.046242774566473986,0.028901734104046242,0.046242774566473986,0.06936416184971098,0.046242774566473986,0.057803468208092484,0.005780346820809248,0.05202312138728324
YOR283W,0.05,0.015,0.05,0.085,0.03,0.075,0.05,0.07,0.075,0.065,0.02,0.055,0.015,0.04,0.055,0.06,0.065,0.08,0.005,0.04
YOR104W,0.035,0.045,0.05,0.08,0.045,0.065,0.0,0.06,0.07,0.05,0.02,0.065,0.06,0.05,0.055,0.07,0.05,0.08,0.015,0.035
YGR027W-A,0.055,0.015,0.03,0.035,0.03,0.045,0.04,0.02,0.04,0.03,0.04,0.055,0.13,0.09,0.005,0.165,0.09,0.035,0.01,0.04
YPL005W,0.03,0.01,0.04,0.075,0.06,0.04,0.01,0.06,0.11,0.1,0.015,0.06,0.05,0.04,0.065,0.1,0.065,0.04,0.0,0.03
YOR118W,0.035,0.025,0.05,0.06,0.05,0.04,0.015,0.075,0.08,0.14,0.03,0.065,0.035,0.05,0.015,0.105,0.065,0.035,0.005,0.025
YOL097C,0.025,0.0,0.08,0.08,0.09,0.065,0.025,0.045,0.09,0.075,0.02,0.035,0.04,0.05,0.04,0.04,0.07,0.095,0.01,0.025
YDR033W,0.065,0.04,0.025,0.02,0.095,0.065,0.02,0.09,0.04,0.07,0.035,0.045,0.045,0.03,0.035,0.05,0.085,0.055,0.04,0.05
YER060W-A,0.095,0.015,0.045,0.06,0.06,0.075,0.01,0.08,0.03,0.115,0.03,0.075,0.03,0.015,0.03,0.08,0.03,0.09,0.015,0.02
YLR363C,0.04,0.03,0.07,0.085,0.065,0.035,0.01,0.09,0.085,0.095,0.035,0.075,0.025,0.025,0.05,0.085,0.035,0.03,0.015,0.02
YPR022C,0.03,0.02,0.025,0.045,0.035,0.015,0.035,0.035,0.075,0.085,0.01,0.07,0.1,0.14,0.07,0.115,0.04,0.035,0.005,0.015
YLR064W,0.025,0.01,0.01,0.015,0.145,0.03,0.015,0.1,0.05,0.155,0.025,0.07,0.045,0.065,0.045,0.065,0.035,0.045,0.005,0.045
YPR013C,0.04,0.015,0.025,0.045,0.025,0.02,0.025,0.055,0.045,0.06,0.04,0.085,0.115,0.065,0.015,0.135,0.07,0.06,0.0,0.06
YLR050C,0.031055900621118012,0.018633540372670808,0.024844720496894408,0.031055900621118012,0.06832298136645963,0.024844720496894408,0.024844720496894408,0.08695652173913043,0.06832298136645963,0.14285714285714285,0.012422360248447204,0.031055900621118012,0.043478260869565216,0.055900621118012424,0.031055900621118012,0.06832298136645963,0.043478260869565216,0.09937888198757763,0.043478260869565216,0.049689440993788817
YDR065W,0.035,0.02,0.02,0.04,0.035,0.04,0.04,0.055,0.135,0.155,0.015,0.06,0.05,0.05,0.04,0.075,0.045,0.035,0.01,0.045
YLR054C,0.06,0.045,0.045,0.065,0.035,0.055,0.015,0.08,0.05,0.125,0.005,0.06,0.02,0.035,0.015,0.105,0.08,0.06,0.01,0.035
YPR068C,0.035,0.02,0.075,0.06,0.035,0.015,0.025,0.05,0.045,0.125,0.03,0.105,0.045,0.055,0.025,0.085,0.06,0.035,0.01,0.065
YBR012W-A,0.055,0.01,0.035,0.025,0.03,0.045,0.03,0.025,0.04,0.03,0.04,0.06,0.15,0.085,0.005,0.155,0.08,0.04,0.01,0.05
YPR042C,0.055,0.0,0.055,0.025,0.025,0.03,0.01,0.05,0.035,0.065,0.01,0.075,0.07,0.015,0.075,0.175,0.14,0.055,0.005,0.03
YOL107W,0.02,0.01,0.035,0.025,0.075,0.025,0.005,0.12,0.055,0.16,0.025,0.075,0.055,0.025,0.04,0.07,0.07,0.06,0.015,0.035
YLR068W,0.039735099337748346,0.0,0.052980132450331126,0.11258278145695365,0.013245033112582781,0.033112582781456956,0.0,0.052980132450331126,0.2185430463576159,0.06622516556291391,0.019867549668874173,0.026490066225165563,0.026490066225165563,0.06622516556291391,0.11258278145695365,0.026490066225165563,0.0728476821192053,0.033112582781456956,0.0,0.026490066225165563
YPR011C,0.055,0.02,0.015,0.045,0.045,0.09,0.01,0.055,0.055,0.115,0.005,0.055,0.035,0.055,0.06,0.1,0.06,0.08,0.01,0.035
YOL084W,0.035,0.005,0.02,0.06,0.075,0.06,0.025,0.065,0.03,0.145,0.01,0.04,0.045,0.025,0.045,0.085,0.065,0.085,0.015,0.065
YBL100W-A,0.055,0.005,0.045,0.04,0.02,0.025,0.06,0.025,0.035,0.05,0.03,0.07,0.125,0.095,0.015,0.125,0.065,0.055,0.01,0.05
YBL005W-A,0.06,0.01,0.025,0.035,0.025,0.04,0.04,0.035,0.03,0.045,0.035,0.065,0.135,0.11,0.01,0.135,0.07,0.045,0.01,0.04
YOR214C,0.055,0.0,0.055,0.1,0.06,0.025,0.02,0.075,0.045,0.11,0.03,0.035,0.06,0.03,0.005,0.105,0.095,0.06,0.0,0.035
YLR126C,0.045,0.02,0.05,0.09,0.055,0.075,0.02,0.05,0.07,0.085,0.02,0.055,0.035,0.06,0.025,0.07,0.035,0.08,0.02,0.04
YLR063W,0.075,0.02,0.065,0.045,0.06,0.025,0.015,0.08,0.075,0.095,0.015,0.065,0.055,0.04,0.045,0.095,0.03,0.045,0.005,0.05
YOR343W-A,0.055,0.01,0.045,0.045,0.02,0.025,0.065,0.025,0.035,0.04,0.03,0.07,0.14,0.09,0.015,0.12,0.06,0.055,0.01,0.045
YOR021C,0.035,0.005,0.09,0.095,0.05,0.055,0.01,0.09,0.08,0.13,0.025,0.025,0.055,0.025,0.065,0.03,0.07,0.025,0.01,0.03
YOR172W,0.03,0.04,0.045,0.07,0.03,0.045,0.015,0.035,0.12,0.09,0.015,0.045,0.05,0.045,0.095,0.075,0.075,0.035,0.015,0.03
YPR061C,0.05,0.015,0.06,0.045,0.035,0.04,0.04,0.05,0.11,0.065,0.01,0.065,0.06,0.035,0.035,0.09,0.06,0.035,0.025,0.075
YPR155C,0.03,0.03,0.065,0.08,0.035,0.01,0.01,0.1,0.07,0.13,0.005,0.04,0.02,0.07,0.045,0.115,0.025,0.065,0.005,0.05
YNL284C-A,0.055,0.01,0.04,0.025,0.03,0.04,0.035,0.025,0.04,0.035,0.04,0.055,0.125,0.095,0.01,0.165,0.085,0.035,0.01,0.045
YDR034C-C,0.055,0.005,0.04,0.04,0.02,0.03,0.05,0.03,0.04,0.055,0.03,0.08,0.13,0.09,0.01,0.125,0.065,0.05,0.01,0.045
YLR091W,0.055,0.0,0.035,0.03,0.045,0.02,0.055,0.05,0.07,0.135,0.01,0.065,0.06,0.055,0.04,0.09,0.075,0.05,0.025,0.035
YDL199C,0.05,0.005,0.05,0.025,0.045,0.035,0.035,0.055,0.05,0.12,0.035,0.05,0.055,0.055,0.065,0.145,0.05,0.05,0.0,0.025
YOR161C,0.085,0.025,0.035,0.025,0.07,0.065,0.01,0.07,0.02,0.075,0.025,0.07,0.075,0.03,0.035,0.075,0.075,0.055,0.025,0.055
YDL206W,0.035,0.035,0.04,0.035,0.065,0.07,0.02,0.095,0.02,0.135,0.03,0.03,0.015,0.02,0.02,0.12,0.07,0.08,0.01,0.055
YLR130C,0.085,0.02,0.06,0.05,0.08,0.08,0.035,0.085,0.025,0.08,0.015,0.045,0.045,0.01,0.03,0.08,0.06,0.07,0.01,0.035
YOR192C-A,0.055,0.005,0.04,0.04,0.025,0.03,0.05,0.025,0.035,0.045,0.03,0.07,0.13,0.095,0.015,0.13,0.07,0.055,0.01,0.045
YDR210C-C,0.055,0.01,0.035,0.025,0.03,0.045,0.03,0.025,0.04,0.03,0.04,0.06,0.15,0.085,0.005,0.155,0.08,0.04,0.01,0.05
YDR067C,0.025,0.03,0.055,0.07,0.04,0.015,0.02,0.09,0.09,0.09,0.02,0.055,0.055,0.015,0.06,0.065,0.07,0.08,0.01,0.045
YNL054W-A,0.055,0.01,0.04,0.025,0.03,0.04,0.035,0.025,0.04,0.035,0.04,0.055,0.13,0.09,0.01,0.165,0.085,0.035,0.01,0.045
YPR004C,0.095,0.02,0.04,0.055,0.035,0.04,0.005,0.075,0.095,0.115,0.01,0.025,0.055,0.025,0.03,0.13,0.055,0.075,0.0,0.02
YGR038C-A,0.055,0.01,0.035,0.025,0.03,0.045,0.035,0.025,0.04,0.03,0.04,0.055,0.145,0.09,0.005,0.16,0.08,0.04,0.01,0.045
YDL012C,0.07476635514018691,0.04672897196261682,0.028037383177570093,0.018691588785046728,0.009345794392523364,0.056074766355140186,0.009345794392523364,0.009345794392523364,0.009345794392523364,0.056074766355140186,0.018691588785046728,0.028037383177570093,0.11214953271028037,0.2523364485981308,0.018691588785046728,0.102803738317757,0.018691588785046728,0.009345794392523364,0.0,0.12149532710280374
YLR114C,0.05,0.015,0.075,0.065,0.06,0.045,0.03,0.08,0.055,0.1,0.005,0.045,0.045,0.045,0.06,0.075,0.06,0.045,0.01,0.035
YDR257C,0.045,0.02,0.07,0.09,0.055,0.03,0.005,0.09,0.09,0.09,0.025,0.04,0.03,0.035,0.04,0.095,0.045,0.055,0.025,0.025
YDL173W,0.065,0.0,0.065,0.055,0.025,0.095,0.025,0.07,0.045,0.03,0.02,0.15,0.05,0.035,0.05,0.095,0.055,0.055,0.0,0.015
YDL133W,0.055,0.01,0.07,0.075,0.025,0.065,0.025,0.025,0.065,0.09,0.01,0.075,0.04,0.05,0.035,0.11,0.075,0.045,0.015,0.04
YPL079W,0.06875,0.00625,0.01875,0.05,0.03125,0.075,0.0375,0.05625,0.10625,0.04375,0.03125,0.04375,0.0375,0.05625,0.0875,0.05625,0.04375,0.1,0.0,0.05
YDL082W,0.16080402010050251,0.0,0.03015075376884422,0.07035175879396985,0.04020100502512563,0.04020100502512563,0.020100502512562814,0.05025125628140704,0.10050251256281408,0.05527638190954774,0.005025125628140704,0.04522613065326633,0.04522613065326633,0.04522613065326633,0.1306532663316583,0.03015075376884422,0.04020100502512563,0.07035175879396985,0.005025125628140704,0.01507537688442211
YDR374W-A,0.12359550561797752,0.011235955056179775,0.06741573033707865,0.11235955056179775,0.02247191011235955,0.02247191011235955,0.011235955056179775,0.033707865168539325,0.0449438202247191,0.1797752808988764,0.011235955056179775,0.0449438202247191,0.011235955056179775,0.0898876404494382,0.06741573033707865,0.0449438202247191,0.0449438202247191,0.011235955056179775,0.0,0.0449438202247191
YCL058W-A,0.04424778761061947,0.008849557522123894,0.02654867256637168,0.10619469026548672,0.008849557522123894,0.05309734513274336,0.0,0.05309734513274336,0.19469026548672566,0.07964601769911504,0.04424778761061947,0.02654867256637168,0.017699115044247787,0.05309734513274336,0.05309734513274336,0.09734513274336283,0.07964601769911504,0.05309734513274336,0.0,0.0
YDR381C-A,0.07017543859649122,0.008771929824561403,0.07017543859649122,0.043859649122807015,0.03508771929824561,0.09649122807017543,0.008771929824561403,0.07017543859649122,0.10526315789473684,0.06140350877192982,0.008771929824561403,0.08771929824561403,0.043859649122807015,0.02631578947368421,0.07894736842105263,0.06140350877192982,0.017543859649122806,0.06140350877192982,0.0,0.043859649122807015
YPR036W-A,0.11940298507462686,0.0,0.07462686567164178,0.014925373134328358,0.029850746268656716,0.0,0.014925373134328358,0.029850746268656716,0.029850746268656716,0.14925373134328357,0.014925373134328358,0.07462686567164178,0.05970149253731343,0.029850746268656716,0.04477611940298507,0.22388059701492538,0.014925373134328358,0.07462686567164178,0.0,0.0
YLR262C-A,0.109375,0.0,0.0625,0.03125,0.015625,0.109375,0.0,0.03125,0.265625,0.0625,0.0625,0.015625,0.046875,0.09375,0.015625,0.0625,0.0,0.015625,0.0,0.0
YOR020W-A,0.1111111111111111,0.0,0.07777777777777778,0.044444444444444446,0.044444444444444446,0.06666666666666667,0.011111111111111112,0.03333333333333333,0.12222222222222222,0.044444444444444446,0.022222222222222223,0.05555555555555555,0.022222222222222223,0.044444444444444446,0.011111111111111112,0.1111111111111111,0.08888888888888889,0.06666666666666667,0.0,0.022222222222222223
YJL127C-B,0.07692307692307693,0.019230769230769232,0.0,0.0,0.1346153846153846,0.038461538461538464,0.019230769230769232,0.09615384615384616,0.019230769230769232,0.09615384615384616,0.019230769230769232,0.019230769230769232,0.019230769230769232,0.1346153846153846,0.057692307692307696,0.09615384615384616,0.057692307692307696,0.057692307692307696,0.0,0.038461538461538464
YPR158C-C,0.055,0.015,0.03,0.035,0.03,0.045,0.025,0.02,0.04,0.03,0.04,0.06,0.15,0.08,0.005,0.16,0.085,0.04,0.01,0.045
YML058W-A,0.029411764705882353,0.014705882352941176,0.08823529411764706,0.014705882352941176,0.04411764705882353,0.07352941176470588,0.014705882352941176,0.04411764705882353,0.07352941176470588,0.08823529411764706,0.04411764705882353,0.08823529411764706,0.04411764705882353,0.04411764705882353,0.04411764705882353,0.08823529411764706,0.058823529411764705,0.08823529411764706,0.0,0.014705882352941176
YDR034W-B,0.0196078431372549,0.17647058823529413,0.0196078431372549,0.0196078431372549,0.0392156862745098,0.0392156862745098,0.0784313725490196,0.0196078431372549,0.0,0.0784313725490196,0.0392156862745098,0.0392156862745098,0.09803921568627451,0.11764705882352941,0.0784313725490196,0.0196078431372549,0.0196078431372549,0.058823529411764705,0.0,0.0392156862745098
YNL024C-A,0.08333333333333333,0.041666666666666664,0.013888888888888888,0.027777777777777776,0.05555555555555555,0.041666666666666664,0.027777777777777776,0.05555555555555555,0.027777777777777776,0.1527777777777778,0.041666666666666664,0.041666666666666664,0.027777777777777776,0.041666666666666664,0.05555555555555555,0.125,0.0,0.06944444444444445,0.027777777777777776,0.041666666666666664
YLR154W-C,0.04032258064516129,0.024193548387096774,0.024193548387096774,0.024193548387096774,0.10483870967741936,0.04032258064516129,0.056451612903225805,0.016129032258064516,0.04032258064516129,0.056451612903225805,0.03225806451612903,0.06451612903225806,0.08064516129032258,0.04838709677419355,0.08064516129032258,0.12096774193548387,0.10483870967741936,0.008064516129032258,0.0,0.03225806451612903
YGR031C-A,0.07975460122699386,0.03680981595092025,0.03067484662576687,0.018404907975460124,0.06134969325153374,0.049079754601226995,0.012269938650306749,0.09202453987730061,0.012269938650306749,0.08588957055214724,0.03067484662576687,0.03680981595092025,0.05521472392638037,0.012269938650306749,0.07975460122699386,0.17177914110429449,0.0736196319018405,0.049079754601226995,0.0,0.012269938650306749
YOL103W-A,0.055,0.015,0.03,0.035,0.03,0.045,0.025,0.02,0.04,0.03,0.04,0.06,0.15,0.085,0.005,0.155,0.085,0.04,0.01,0.045
YOR092W,0.06,0.02,0.06,0.04,0.065,0.09,0.01,0.135,0.035,0.1,0.025,0.055,0.04,0.035,0.03,0.055,0.055,0.065,0.01,0.015
YDR261W-A,0.06,0.005,0.04,0.04,0.02,0.025,0.06,0.025,0.035,0.05,0.03,0.075,0.13,0.095,0.015,0.125,0.065,0.055,0.01,0.04
YPL159C,0.035,0.0,0.03,0.06,0.05,0.03,0.035,0.04,0.115,0.11,0.025,0.06,0.085,0.03,0.05,0.13,0.06,0.02,0.015,0.02
YPR010C-A,0.06944444444444445,0.013888888888888888,0.05555555555555555,0.05555555555555555,0.027777777777777776,0.06944444444444445,0.0,0.013888888888888888,0.09722222222222222,0.18055555555555555,0.013888888888888888,0.027777777777777776,0.05555555555555555,0.013888888888888888,0.041666666666666664,0.05555555555555555,0.1111111111111111,0.05555555555555555,0.0,0.041666666666666664
YAR023C,0.0670391061452514,0.0223463687150838,0.027932960893854747,0.05027932960893855,0.0670391061452514,0.03910614525139665,0.0223463687150838,0.08379888268156424,0.055865921787709494,0.08379888268156424,0.0223463687150838,0.0446927374301676,0.055865921787709494,0.055865921787709494,0.027932960893854747,0.055865921787709494,0.07262569832402235,0.0670391061452514,0.03910614525139665,0.03910614525139665
YAL065C,0.09375,0.0,0.0078125,0.046875,0.015625,0.0703125,0.015625,0.078125,0.015625,0.0546875,0.015625,0.0546875,0.015625,0.0234375,0.015625,0.1953125,0.1875,0.078125,0.0078125,0.0078125
YAL064W-B,0.06349206349206349,0.03968253968253968,0.03968253968253968,0.09523809523809523,0.015873015873015872,0.031746031746031744,0.05555555555555555,0.05555555555555555,0.0,0.047619047619047616,0.023809523809523808,0.0,0.031746031746031744,0.015873015873015872,0.0,0.09523809523809523,0.09523809523809523,0.2777777777777778,0.0,0.015873015873015872
YHR021W-A,0.026490066225165563,0.006622516556291391,0.026490066225165563,0.019867549668874173,0.152317880794702,0.039735099337748346,0.026490066225165563,0.0728476821192053,0.059602649006622516,0.10596026490066225,0.013245033112582781,0.039735099337748346,0.046357615894039736,0.019867549668874173,0.039735099337748346,0.12582781456953643,0.033112582781456956,0.10596026490066225,0.006622516556291391,0.033112582781456956
YPR099C,0.03389830508474576,0.03389830508474576,0.01694915254237288,0.03389830508474576,0.11016949152542373,0.025423728813559324,0.025423728813559324,0.059322033898305086,0.03389830508474576,0.09322033898305085,0.03389830508474576,0.07627118644067797,0.09322033898305085,0.025423728813559324,0.03389830508474576,0.1271186440677966,0.07627118644067797,0.0423728813559322,0.00847457627118644,0.01694915254237288
YPR089W,0.045,0.02,0.095,0.085,0.05,0.025,0.02,0.05,0.06,0.105,0.025,0.06,0.045,0.035,0.05,0.06,0.05,0.075,0.02,0.025
YBR085C-A,0.07058823529411765,0.0,0.047058823529411764,0.08235294117647059,0.03529411764705882,0.07058823529411765,0.023529411764705882,0.047058823529411764,0.09411764705882353,0.10588235294117647,0.011764705882352941,0.03529411764705882,0.011764705882352941,0.07058823529411765,0.0,0.10588235294117647,0.07058823529411765,0.058823529411764705,0.0,0.058823529411764705
Q0255,0.01,0.01,0.055,0.02,0.045,0.03,0.01,0.105,0.12,0.095,0.065,0.17,0.015,0.015,0.02,0.045,0.045,0.02,0.02,0.085
YPR134W,0.035,0.01,0.045,0.095,0.05,0.035,0.01,0.03,0.06,0.12,0.02,0.075,0.045,0.035,0.065,0.07,0.08,0.075,0.01,0.035
YDR034C-A,0.017241379310344827,0.017241379310344827,0.05172413793103448,0.017241379310344827,0.05172413793103448,0.0,0.034482758620689655,0.1206896551724138,0.0,0.08620689655172414,0.017241379310344827,0.08620689655172414,0.034482758620689655,0.0,0.0,0.1896551724137931,0.06896551724137931,0.1206896551724138,0.0,0.08620689655172414
YER039C-A,0.05555555555555555,0.041666666666666664,0.013888888888888888,0.027777777777777776,0.06944444444444445,0.027777777777777776,0.027777777777777776,0.05555555555555555,0.041666666666666664,0.09722222222222222,0.05555555555555555,0.09722222222222222,0.013888888888888888,0.013888888888888888,0.013888888888888888,0.1111111111111111,0.06944444444444445,0.1388888888888889,0.013888888888888888,0.013888888888888888
YLL053C,0.1513157894736842,0.013157894736842105,0.013157894736842105,0.03289473684210526,0.05263157894736842,0.09868421052631579,0.019736842105263157,0.046052631578947366,0.03289473684210526,0.11842105263157894,0.05263157894736842,0.02631578947368421,0.039473684210526314,0.02631578947368421,0.03289473684210526,0.046052631578947366,0.07236842105263158,0.05263157894736842,0.03289473684210526,0.039473684210526314
YOL162W,0.06,0.02,0.02,0.02,0.05,0.055,0.015,0.08,0.05,0.165,0.025,0.065,0.035,0.025,0.04,0.07,0.075,0.055,0.02,0.055
YOL163W,0.04142011834319527,0.011834319526627219,0.029585798816568046,0.03550295857988166,0.07100591715976332,0.08284023668639054,0.005917159763313609,0.08875739644970414,0.05917159763313609,0.10059171597633136,0.05917159763313609,0.01775147928994083,0.01775147928994083,0.03550295857988166,0.04142011834319527,0.08875739644970414,0.0650887573964497,0.0650887573964497,0.047337278106508875,0.03550295857988166
YBR302C,0.04,0.025,0.03,0.075,0.075,0.015,0.005,0.05,0.095,0.135,0.015,0.055,0.04,0.035,0.025,0.09,0.035,0.08,0.04,0.04
YAR066W,0.11,0.0,0.05,0.055,0.055,0.09,0.005,0.03,0.05,0.085,0.005,0.035,0.015,0.005,0.01,0.205,0.085,0.08,0.0,0.03
YHR214W,0.11,0.0,0.05,0.055,0.055,0.09,0.005,0.03,0.05,0.085,0.005,0.035,0.015,0.005,0.01,0.205,0.085,0.08,0.0,0.03
YFL068W,0.05,0.025,0.03125,0.0125,0.1,0.0125,0.0375,0.05625,0.0375,0.14375,0.01875,0.03125,0.06875,0.075,0.05625,0.09375,0.03125,0.08125,0.00625,0.03125
YCR096C,0.04201680672268908,0.0,0.04201680672268908,0.07563025210084033,0.025210084033613446,0.03361344537815126,0.008403361344537815,0.06722689075630252,0.11764705882352941,0.09243697478991597,0.025210084033613446,0.10084033613445378,0.03361344537815126,0.03361344537815126,0.07563025210084033,0.07563025210084033,0.06722689075630252,0.04201680672268908,0.01680672268907563,0.025210084033613446
YKL093W,0.065,0.045,0.075,0.065,0.03,0.04,0.005,0.03,0.07,0.075,0.025,0.085,0.065,0.025,0.045,0.14,0.07,0.03,0.0,0.015
YCR054C,0.04,0.02,0.05,0.09,0.065,0.02,0.02,0.06,0.03,0.145,0.045,0.085,0.05,0.045,0.045,0.04,0.06,0.035,0.01,0.045
YCL002C,0.03,0.05,0.02,0.01,0.065,0.06,0.02,0.1,0.045,0.155,0.03,0.04,0.025,0.035,0.035,0.11,0.02,0.06,0.01,0.08
YCR104W,0.16129032258064516,0.0,0.03225806451612903,0.04838709677419355,0.024193548387096774,0.056451612903225805,0.016129032258064516,0.08064516129032258,0.024193548387096774,0.07258064516129033,0.016129032258064516,0.016129032258064516,0.06451612903225806,0.024193548387096774,0.04032258064516129,0.06451612903225806,0.10483870967741936,0.08870967741935484,0.008064516129032258,0.056451612903225805
YCR061W,0.08,0.015,0.055,0.03,0.05,0.02,0.035,0.05,0.02,0.13,0.05,0.035,0.05,0.015,0.035,0.1,0.08,0.09,0.015,0.045
YNL074C,0.07,0.015,0.04,0.035,0.02,0.005,0.035,0.04,0.015,0.08,0.02,0.105,0.075,0.025,0.065,0.22,0.06,0.055,0.0,0.02
YGR049W,0.08021390374331551,0.0374331550802139,0.026737967914438502,0.0374331550802139,0.03208556149732621,0.08021390374331551,0.03208556149732621,0.053475935828877004,0.0748663101604278,0.12834224598930483,0.0213903743315508,0.0374331550802139,0.053475935828877004,0.026737967914438502,0.016042780748663103,0.0855614973262032,0.06951871657754011,0.06417112299465241,0.0053475935828877,0.0374331550802139
YEL049W,0.15833333333333333,0.0,0.041666666666666664,0.041666666666666664,0.025,0.05,0.016666666666666666,0.075,0.025,0.06666666666666667,0.025,0.025,0.041666666666666664,0.03333333333333333,0.03333333333333333,0.08333333333333333,0.10833333333333334,0.08333333333333333,0.008333333333333333,0.058333333333333334
YEL033W,0.05755395683453238,0.03597122302158273,0.007194244604316547,0.03597122302158273,0.12949640287769784,0.04316546762589928,0.02877697841726619,0.07913669064748201,0.1079136690647482,0.10071942446043165,0.02158273381294964,0.04316546762589928,0.06474820143884892,0.04316546762589928,0.03597122302158273,0.06474820143884892,0.03597122302158273,0.03597122302158273,0.0,0.02877697841726619
YHR017W,0.035,0.02,0.08,0.065,0.045,0.055,0.02,0.08,0.065,0.095,0.02,0.04,0.045,0.03,0.05,0.09,0.035,0.065,0.015,0.05
YBL059W,0.046632124352331605,0.02072538860103627,0.04145077720207254,0.03626943005181347,0.06217616580310881,0.03626943005181347,0.02072538860103627,0.07253886010362694,0.08290155440414508,0.07772020725388601,0.04145077720207254,0.05699481865284974,0.02072538860103627,0.046632124352331605,0.07253886010362694,0.07772020725388601,0.10362694300518134,0.05699481865284974,0.015544041450777202,0.010362694300518135
YKL107W,0.075,0.005,0.09,0.055,0.05,0.065,0.02,0.075,0.075,0.065,0.015,0.05,0.025,0.025,0.07,0.075,0.06,0.065,0.01,0.03
YKL222C,0.035,0.045,0.025,0.09,0.015,0.02,0.035,0.04,0.09,0.09,0.02,0.05,0.045,0.05,0.1,0.115,0.05,0.025,0.01,0.05
YKL219W,0.04,0.025,0.04,0.05,0.1,0.025,0.025,0.06,0.075,0.11,0.025,0.065,0.04,0.035,0.035,0.09,0.045,0.06,0.03,0.025
YKL162C,0.02,0.02,0.065,0.035,0.06,0.02,0.015,0.08,0.09,0.12,0.035,0.06,0.07,0.06,0.035,0.06,0.045,0.04,0.01,0.06
YKL133C,0.04,0.005,0.035,0.085,0.06,0.035,0.03,0.055,0.12,0.115,0.02,0.06,0.02,0.02,0.05,0.06,0.065,0.04,0.03,0.055
YKL071W,0.07,0.005,0.035,0.03,0.055,0.065,0.015,0.1,0.085,0.1,0.01,0.05,0.045,0.02,0.025,0.11,0.065,0.075,0.005,0.035
YKL023W,0.045,0.01,0.075,0.13,0.01,0.045,0.02,0.035,0.135,0.11,0.015,0.07,0.02,0.035,0.065,0.085,0.045,0.035,0.005,0.01
YKR018C,0.14,0.005,0.045,0.115,0.04,0.045,0.01,0.055,0.105,0.12,0.035,0.015,0.02,0.03,0.025,0.08,0.06,0.025,0.0,0.03
YKR045C,0.03825136612021858,0.00546448087431694,0.0546448087431694,0.0273224043715847,0.02185792349726776,0.03278688524590164,0.02185792349726776,0.04918032786885246,0.03825136612021858,0.04918032786885246,0.00546448087431694,0.060109289617486336,0.07103825136612021,0.07103825136612021,0.09836065573770492,0.17486338797814208,0.1092896174863388,0.060109289617486336,0.01092896174863388,0.0
YKR070W,0.065,0.0,0.08,0.035,0.055,0.07,0.015,0.095,0.07,0.075,0.015,0.05,0.05,0.035,0.055,0.085,0.05,0.065,0.005,0.03
YKR074W,0.025806451612903226,0.0,0.0967741935483871,0.07741935483870968,0.06451612903225806,0.01935483870967742,0.03225806451612903,0.06451612903225806,0.10967741935483871,0.09032258064516129,0.012903225806451613,0.0967741935483871,0.03225806451612903,0.0064516129032258064,0.04516129032258064,0.05161290322580645,0.07096774193548387,0.05161290322580645,0.012903225806451613,0.03870967741935484
YCR041W,0.045454545454545456,0.06363636363636363,0.03636363636363636,0.00909090909090909,0.07272727272727272,0.00909090909090909,0.01818181818181818,0.10909090909090909,0.02727272727272727,0.14545454545454545,0.02727272727272727,0.045454545454545456,0.03636363636363636,0.02727272727272727,0.045454545454545456,0.03636363636363636,0.07272727272727272,0.1,0.02727272727272727,0.045454545454545456
YGR147C,0.055,0.02,0.045,0.07,0.04,0.055,0.025,0.06,0.095,0.1,0.03,0.035,0.04,0.04,0.07,0.085,0.035,0.065,0.01,0.025
YBR063C,0.02,0.01,0.065,0.08,0.06,0.04,0.005,0.12,0.06,0.07,0.025,0.075,0.02,0.02,0.045,0.11,0.09,0.04,0.01,0.035
YBR284W,0.05,0.015,0.095,0.06,0.05,0.045,0.025,0.03,0.05,0.115,0.04,0.045,0.065,0.045,0.05,0.085,0.045,0.065,0.0,0.025
YBR301W,0.15,0.0,0.041666666666666664,0.041666666666666664,0.025,0.05,0.016666666666666666,0.075,0.025,0.06666666666666667,0.025,0.025,0.041666666666666664,0.03333333333333333,0.03333333333333333,0.08333333333333333,0.10833333333333334,0.09166666666666666,0.008333333333333333,0.058333333333333334
YBL048W,0.019417475728155338,0.02912621359223301,0.009708737864077669,0.019417475728155338,0.13592233009708737,0.009708737864077669,0.0,0.1262135922330097,0.038834951456310676,0.1262135922330097,0.019417475728155338,0.038834951456310676,0.038834951456310676,0.019417475728155338,0.02912621359223301,0.10679611650485436,0.009708737864077669,0.10679611650485436,0.038834951456310676,0.07766990291262135
YBR047W,0.02857142857142857,0.005714285714285714,0.06285714285714286,0.08571428571428572,0.06857142857142857,0.02857142857142857,0.04,0.06857142857142857,0.09714285714285714,0.09714285714285714,0.017142857142857144,0.05142857142857143,0.045714285714285714,0.02857142857142857,0.05142857142857143,0.06857142857142857,0.03428571428571429,0.08571428571428572,0.0,0.03428571428571429
YBR090C,0.04918032786885246,0.01639344262295082,0.00819672131147541,0.03278688524590164,0.08196721311475409,0.05737704918032787,0.0,0.03278688524590164,0.06557377049180328,0.11475409836065574,0.01639344262295082,0.040983606557377046,0.08196721311475409,0.07377049180327869,0.09836065573770492,0.040983606557377046,0.07377049180327869,0.05737704918032787,0.03278688524590164,0.02459016393442623
YBR138C,0.02,0.005,0.05,0.05,0.02,0.025,0.005,0.055,0.075,0.09,0.015,0.135,0.07,0.07,0.055,0.14,0.04,0.05,0.005,0.025
YBR168W,0.035,0.015,0.04,0.045,0.08,0.035,0.02,0.11,0.075,0.15,0.025,0.04,0.045,0.02,0.03,0.08,0.065,0.045,0.02,0.025
YBR220C,0.065,0.01,0.04,0.015,0.075,0.08,0.015,0.09,0.045,0.13,0.02,0.035,0.035,0.03,0.03,0.11,0.055,0.05,0.035,0.035
YBR287W,0.055,0.005,0.035,0.03,0.065,0.05,0.01,0.09,0.045,0.14,0.03,0.055,0.045,0.05,0.025,0.115,0.05,0.06,0.025,0.02
YHR033W,0.075,0.005,0.055,0.055,0.02,0.06,0.01,0.095,0.04,0.125,0.025,0.07,0.045,0.035,0.04,0.065,0.075,0.075,0.01,0.02
YHL050C,0.09,0.025,0.065,0.065,0.055,0.075,0.01,0.055,0.035,0.11,0.015,0.05,0.04,0.02,0.05,0.055,0.065,0.075,0.005,0.04
YHL048W,0.045,0.02,0.045,0.075,0.085,0.015,0.01,0.04,0.105,0.125,0.015,0.04,0.04,0.035,0.02,0.09,0.04,0.075,0.045,0.035
YHL043W,0.06470588235294118,0.023529411764705882,0.041176470588235294,0.07058823529411765,0.07647058823529412,0.047058823529411764,0.01764705882352941,0.058823529411764705,0.07058823529411765,0.06470588235294118,0.029411764705882353,0.052941176470588235,0.029411764705882353,0.01764705882352941,0.06470588235294118,0.1,0.047058823529411764,0.052941176470588235,0.03529411764705882,0.03529411764705882
YHL026C,0.06,0.005,0.035,0.055,0.09,0.055,0.025,0.1,0.075,0.075,0.015,0.04,0.055,0.03,0.035,0.08,0.055,0.05,0.03,0.035
YHR045W,0.045,0.0,0.035,0.04,0.055,0.07,0.005,0.085,0.07,0.13,0.03,0.065,0.03,0.02,0.045,0.115,0.055,0.055,0.025,0.025
YHR126C,0.13836477987421383,0.006289308176100629,0.0440251572327044,0.031446540880503145,0.031446540880503145,0.06918238993710692,0.012578616352201259,0.050314465408805034,0.050314465408805034,0.05660377358490566,0.018867924528301886,0.06918238993710692,0.018867924528301886,0.05660377358490566,0.012578616352201259,0.13836477987421383,0.07547169811320754,0.07547169811320754,0.012578616352201259,0.031446540880503145
YHR131C,0.05,0.015,0.04,0.08,0.025,0.025,0.025,0.09,0.05,0.1,0.02,0.06,0.075,0.02,0.05,0.155,0.045,0.03,0.005,0.04
YHR180W,0.05521472392638037,0.0,0.049079754601226995,0.03680981595092025,0.06748466257668712,0.06134969325153374,0.03067484662576687,0.07975460122699386,0.006134969325153374,0.08588957055214724,0.018404907975460124,0.08588957055214724,0.06748466257668712,0.018404907975460124,0.03067484662576687,0.05521472392638037,0.09815950920245399,0.09815950920245399,0.012269938650306749,0.04294478527607362
YJL206C,0.05,0.05,0.05,0.045,0.025,0.035,0.015,0.06,0.095,0.08,0.015,0.04,0.07,0.05,0.08,0.105,0.055,0.05,0.01,0.02
YJL193W,0.055,0.02,0.015,0.035,0.08,0.035,0.015,0.1,0.045,0.135,0.01,0.02,0.06,0.045,0.035,0.105,0.075,0.06,0.015,0.04
YAR029W,0.02702702702702703,0.04054054054054054,0.04054054054054054,0.13513513513513514,0.10810810810810811,0.04054054054054054,0.02702702702702703,0.04054054054054054,0.04054054054054054,0.06756756756756757,0.013513513513513514,0.06756756756756757,0.05405405405405406,0.04054054054054054,0.05405405405405406,0.05405405405405406,0.06756756756756757,0.013513513513513514,0.013513513513513514,0.05405405405405406
YAL049C,0.1,0.02,0.075,0.065,0.065,0.08,0.035,0.08,0.085,0.065,0.015,0.035,0.05,0.015,0.025,0.06,0.035,0.065,0.005,0.025
YEL072W,0.025,0.015,0.045,0.07,0.05,0.055,0.035,0.07,0.09,0.11,0.025,0.055,0.045,0.015,0.03,0.075,0.06,0.06,0.0,0.07
YEL025C,0.055,0.045,0.08,0.07,0.08,0.05,0.02,0.055,0.055,0.1,0.02,0.05,0.02,0.005,0.025,0.105,0.07,0.04,0.005,0.05
YER004W,0.095,0.01,0.045,0.05,0.04,0.11,0.025,0.05,0.06,0.11,0.02,0.035,0.04,0.045,0.065,0.045,0.05,0.07,0.005,0.03
YER080W,0.055,0.01,0.045,0.05,0.045,0.045,0.02,0.085,0.11,0.07,0.015,0.095,0.045,0.015,0.06,0.055,0.065,0.075,0.01,0.03
YER084W,0.0546875,0.0234375,0.0234375,0.015625,0.078125,0.015625,0.03125,0.015625,0.0625,0.109375,0.0234375,0.0234375,0.1484375,0.0078125,0.0546875,0.140625,0.078125,0.0546875,0.0078125,0.03125
YER181C,0.028037383177570093,0.028037383177570093,0.0,0.037383177570093455,0.07476635514018691,0.028037383177570093,0.037383177570093455,0.14953271028037382,0.018691588785046728,0.24299065420560748,0.028037383177570093,0.037383177570093455,0.037383177570093455,0.056074766355140186,0.037383177570093455,0.06542056074766354,0.028037383177570093,0.028037383177570093,0.0,0.037383177570093455
YER182W,0.07,0.0,0.025,0.05,0.045,0.075,0.02,0.07,0.065,0.105,0.02,0.065,0.05,0.03,0.065,0.03,0.07,0.075,0.02,0.05
YNL212W,0.05,0.01,0.105,0.105,0.055,0.04,0.01,0.05,0.085,0.07,0.015,0.05,0.015,0.045,0.04,0.1,0.045,0.075,0.015,0.02
YNL208W,0.05025125628140704,0.0,0.01507537688442211,0.04522613065326633,0.06532663316582915,0.2814070351758794,0.02512562814070352,0.01507537688442211,0.02512562814070352,0.020100502512562814,0.005025125628140704,0.12060301507537688,0.07035175879396985,0.11055276381909548,0.035175879396984924,0.06030150753768844,0.010050251256281407,0.01507537688442211,0.005025125628140704,0.02512562814070352
YNL195C,0.075,0.02,0.075,0.03,0.01,0.09,0.035,0.03,0.045,0.035,0.04,0.08,0.065,0.055,0.05,0.13,0.055,0.045,0.005,0.03
YMR132C,0.03,0.03,0.045,0.085,0.035,0.03,0.015,0.055,0.13,0.08,0.025,0.09,0.035,0.04,0.055,0.06,0.04,0.055,0.015,0.05
YGR269W,0.027777777777777776,0.027777777777777776,0.046296296296296294,0.037037037037037035,0.05555555555555555,0.10185185185185185,0.037037037037037035,0.046296296296296294,0.09259259259259259,0.10185185185185185,0.046296296296296294,0.037037037037037035,0.018518518518518517,0.027777777777777776,0.06481481481481481,0.046296296296296294,0.06481481481481481,0.08333333333333333,0.009259259259259259,0.027777777777777776
YJL066C,0.075,0.01,0.095,0.045,0.07,0.05,0.02,0.045,0.085,0.115,0.02,0.06,0.065,0.04,0.04,0.06,0.04,0.02,0.025,0.02
YIL127C,0.03,0.005,0.065,0.065,0.015,0.04,0.035,0.035,0.16,0.115,0.005,0.06,0.025,0.065,0.07,0.08,0.045,0.065,0.005,0.015
YIL117C,0.04,0.0,0.045,0.035,0.045,0.05,0.02,0.075,0.035,0.075,0.02,0.055,0.065,0.025,0.03,0.19,0.1,0.055,0.01,0.03
YIL092W,0.075,0.02,0.08,0.06,0.06,0.06,0.02,0.055,0.07,0.105,0.02,0.045,0.02,0.02,0.055,0.105,0.07,0.025,0.01,0.025
YIL089W,0.05,0.025,0.05,0.035,0.105,0.025,0.045,0.045,0.1,0.13,0.015,0.04,0.035,0.035,0.045,0.08,0.04,0.065,0.01,0.025
YIL087C,0.1337579617834395,0.0,0.03184713375796178,0.012738853503184714,0.05732484076433121,0.05732484076433121,0.0,0.044585987261146494,0.044585987261146494,0.12101910828025478,0.025477707006369428,0.025477707006369428,0.07006369426751592,0.025477707006369428,0.050955414012738856,0.11464968152866242,0.08280254777070063,0.044585987261146494,0.012738853503184714,0.044585987261146494
YIL077C,0.065,0.0,0.05,0.07,0.065,0.07,0.01,0.025,0.085,0.08,0.045,0.06,0.05,0.05,0.075,0.045,0.035,0.035,0.02,0.065
YIL067C,0.02,0.04,0.065,0.065,0.045,0.05,0.02,0.065,0.075,0.095,0.025,0.07,0.08,0.025,0.04,0.075,0.045,0.03,0.035,0.035
YIL054W,0.06666666666666667,0.0380952380952381,0.05714285714285714,0.0,0.13333333333333333,0.0380952380952381,0.047619047619047616,0.12380952380952381,0.01904761904761905,0.10476190476190476,0.02857142857142857,0.0380952380952381,0.06666666666666667,0.01904761904761905,0.02857142857142857,0.0380952380952381,0.05714285714285714,0.05714285714285714,0.009523809523809525,0.02857142857142857
YIL037C,0.06,0.005,0.065,0.05,0.055,0.01,0.02,0.11,0.06,0.08,0.03,0.065,0.015,0.04,0.015,0.105,0.14,0.045,0.01,0.02
YJL217W,0.06060606060606061,0.005050505050505051,0.06060606060606061,0.06060606060606061,0.045454545454545456,0.09595959595959595,0.025252525252525252,0.025252525252525252,0.06060606060606061,0.09090909090909091,0.020202020202020204,0.020202020202020204,0.03535353535353535,0.030303030303030304,0.045454545454545456,0.09090909090909091,0.08585858585858586,0.08080808080808081,0.03535353535353535,0.025252525252525252
YOR077W,0.06,0.015,0.07,0.07,0.02,0.05,0.035,0.045,0.075,0.07,0.03,0.04,0.025,0.09,0.085,0.085,0.03,0.05,0.01,0.045
YNL320W,0.05,0.015,0.05,0.03,0.05,0.075,0.025,0.09,0.06,0.12,0.015,0.045,0.035,0.02,0.05,0.09,0.05,0.055,0.015,0.06
YJL108C,0.09,0.035,0.03,0.02,0.065,0.09,0.02,0.07,0.015,0.13,0.03,0.025,0.025,0.04,0.035,0.09,0.045,0.085,0.015,0.045
YFL067W,0.09142857142857143,0.0,0.045714285714285714,0.011428571428571429,0.011428571428571429,0.18285714285714286,0.0,0.12,0.0,0.04,0.011428571428571429,0.011428571428571429,0.03428571428571429,0.0,0.05714285714285714,0.21714285714285714,0.09142857142857143,0.07428571428571429,0.0,0.0
YFL062W,0.045,0.015,0.03,0.075,0.08,0.015,0.005,0.04,0.095,0.13,0.02,0.045,0.04,0.035,0.04,0.095,0.03,0.075,0.05,0.04
YFL051C,0.04375,0.03125,0.05,0.06875,0.03125,0.0625,0.00625,0.03125,0.0375,0.075,0.03125,0.05,0.0625,0.0125,0.0375,0.08125,0.13125,0.05,0.0125,0.09375
YFL020C,0.1721311475409836,0.0,0.040983606557377046,0.04918032786885246,0.02459016393442623,0.05737704918032787,0.01639344262295082,0.07377049180327869,0.01639344262295082,0.06557377049180328,0.01639344262295082,0.02459016393442623,0.040983606557377046,0.02459016393442623,0.03278688524590164,0.09016393442622951,0.09836065573770492,0.09016393442622951,0.00819672131147541,0.05737704918032787
YFR006W,0.045,0.015,0.065,0.085,0.075,0.055,0.015,0.065,0.09,0.105,0.02,0.055,0.04,0.02,0.05,0.055,0.035,0.055,0.005,0.05
YFR012W,0.05,0.04,0.02,0.01,0.075,0.055,0.02,0.1,0.025,0.17,0.015,0.035,0.04,0.02,0.04,0.115,0.075,0.05,0.02,0.025
YFR020W,0.05,0.03,0.09,0.035,0.065,0.075,0.025,0.055,0.02,0.075,0.04,0.075,0.04,0.025,0.025,0.09,0.085,0.045,0.015,0.04
YFR045W,0.095,0.01,0.025,0.03,0.065,0.05,0.02,0.085,0.075,0.09,0.02,0.07,0.04,0.06,0.025,0.045,0.105,0.06,0.0,0.03
YJL163C,0.065,0.015,0.055,0.065,0.015,0.065,0.02,0.11,0.04,0.08,0.055,0.03,0.015,0.015,0.045,0.135,0.065,0.07,0.01,0.03
YJL161W,0.03888888888888889,0.005555555555555556,0.044444444444444446,0.044444444444444446,0.044444444444444446,0.06111111111111111,0.027777777777777776,0.05,0.08333333333333333,0.16111111111111112,0.016666666666666666,0.044444444444444446,0.03888888888888889,0.03888888888888889,0.027777777777777776,0.1111111111111111,0.05555555555555555,0.05555555555555555,0.005555555555555556,0.044444444444444446
YJL142C,0.05384615384615385,0.023076923076923078,0.007692307692307693,0.015384615384615385,0.06923076923076923,0.015384615384615385,0.023076923076923078,0.11538461538461539,0.06923076923076923,0.16923076923076924,0.038461538461538464,0.05384615384615385,0.023076923076923078,0.03076923076923077,0.038461538461538464,0.06153846153846154,0.1,0.06923076923076923,0.007692307692307693,0.015384615384615385
YJL132W,0.05,0.01,0.065,0.05,0.06,0.05,0.035,0.055,0.035,0.125,0.025,0.05,0.03,0.025,0.04,0.09,0.075,0.055,0.04,0.035
YJL077C,0.03816793893129771,0.015267175572519083,0.015267175572519083,0.0,0.05343511450381679,0.030534351145038167,0.030534351145038167,0.1297709923664122,0.03816793893129771,0.0916030534351145,0.030534351145038167,0.030534351145038167,0.07633587786259542,0.04580152671755725,0.06870229007633588,0.10687022900763359,0.08396946564885496,0.07633587786259542,0.007633587786259542,0.030534351145038167
YJL016W,0.045,0.02,0.04,0.05,0.07,0.04,0.025,0.11,0.06,0.095,0.02,0.06,0.04,0.03,0.02,0.16,0.03,0.055,0.01,0.02
YJR015W,0.045,0.02,0.095,0.04,0.06,0.03,0.01,0.055,0.065,0.075,0.025,0.065,0.07,0.04,0.015,0.09,0.05,0.095,0.015,0.04
YJR085C,0.06666666666666667,0.0,0.009523809523809525,0.02857142857142857,0.02857142857142857,0.1619047619047619,0.01904761904761905,0.02857142857142857,0.0380952380952381,0.1523809523809524,0.047619047619047616,0.01904761904761905,0.05714285714285714,0.0,0.0380952380952381,0.0761904761904762,0.05714285714285714,0.06666666666666667,0.0,0.10476190476190476
YJR098C,0.04,0.005,0.095,0.09,0.04,0.045,0.015,0.065,0.1,0.075,0.015,0.065,0.03,0.02,0.04,0.145,0.055,0.035,0.0,0.025
YJR106W,0.075,0.035,0.03,0.02,0.05,0.035,0.03,0.09,0.03,0.145,0.045,0.04,0.03,0.015,0.03,0.135,0.05,0.08,0.015,0.02
YJR124C,0.095,0.03,0.035,0.035,0.08,0.065,0.015,0.085,0.04,0.15,0.035,0.025,0.025,0.01,0.035,0.075,0.045,0.07,0.015,0.035
YJR146W,0.08547008547008547,0.03418803418803419,0.03418803418803419,0.008547008547008548,0.05982905982905983,0.042735042735042736,0.03418803418803419,0.03418803418803419,0.07692307692307693,0.05982905982905983,0.02564102564102564,0.02564102564102564,0.03418803418803419,0.05982905982905983,0.03418803418803419,0.15384615384615385,0.06837606837606838,0.05128205128205128,0.03418803418803419,0.042735042735042736
YJR154W,0.045,0.035,0.06,0.08,0.05,0.07,0.04,0.06,0.08,0.05,0.025,0.045,0.025,0.04,0.03,0.06,0.07,0.08,0.005,0.05
YGR236C,0.08421052631578947,0.0,0.06315789473684211,0.042105263157894736,0.021052631578947368,0.07368421052631578,0.010526315789473684,0.042105263157894736,0.05263157894736842,0.06315789473684211,0.09473684210526316,0.021052631578947368,0.031578947368421054,0.031578947368421054,0.06315789473684211,0.07368421052631578,0.08421052631578947,0.09473684210526316,0.0,0.05263157894736842
YGR249W,0.03,0.0,0.025,0.03,0.06,0.055,0.05,0.045,0.07,0.07,0.02,0.065,0.095,0.07,0.03,0.13,0.035,0.07,0.015,0.035
YGL263W,0.05,0.02,0.035,0.075,0.095,0.03,0.01,0.055,0.07,0.09,0.02,0.06,0.03,0.025,0.045,0.065,0.065,0.06,0.045,0.055
YGL230C,0.047619047619047616,0.034013605442176874,0.04081632653061224,0.061224489795918366,0.05442176870748299,0.027210884353741496,0.013605442176870748,0.08163265306122448,0.08843537414965986,0.10884353741496598,0.034013605442176874,0.061224489795918366,0.034013605442176874,0.04081632653061224,0.034013605442176874,0.05442176870748299,0.07482993197278912,0.034013605442176874,0.013605442176870748,0.061224489795918366
YGL226W,0.04878048780487805,0.008130081300813009,0.032520325203252036,0.08130081300813008,0.04065040650406504,0.08130081300813008,0.008130081300813009,0.04878048780487805,0.06504065040650407,0.0975609756097561,0.032520325203252036,0.04878048780487805,0.04878048780487805,0.032520325203252036,0.08943089430894309,0.032520325203252036,0.056910569105691054,0.056910569105691054,0.04065040650406504,0.04878048780487805
YGL221C,0.105,0.015,0.06,0.035,0.025,0.045,0.02,0.055,0.06,0.08,0.005,0.065,0.04,0.045,0.045,0.065,0.07,0.105,0.02,0.04
YGL204C,0.09900990099009901,0.009900990099009901,0.009900990099009901,0.009900990099009901,0.06930693069306931,0.04950495049504951,0.009900990099009901,0.06930693069306931,0.0594059405940594,0.1782178217821782,0.039603960396039604,0.0297029702970297,0.019801980198019802,0.019801980198019802,0.04950495049504951,0.07920792079207921,0.07920792079207921,0.0594059405940594,0.019801980198019802,0.039603960396039604
YGL146C,0.055,0.02,0.045,0.065,0.065,0.07,0.015,0.055,0.045,0.105,0.03,0.075,0.03,0.015,0.06,0.125,0.035,0.06,0.01,0.02
YGL140C,0.095,0.025,0.01,0.025,0.085,0.07,0.045,0.095,0.045,0.11,0.035,0.015,0.04,0.02,0.04,0.05,0.055,0.07,0.02,0.05
YGL114W,0.08,0.005,0.02,0.055,0.08,0.07,0.0,0.065,0.035,0.11,0.025,0.035,0.065,0.06,0.045,0.085,0.06,0.08,0.02,0.005
YGL057C,0.035,0.0,0.05,0.04,0.065,0.05,0.015,0.06,0.065,0.135,0.025,0.085,0.055,0.055,0.055,0.095,0.05,0.04,0.01,0.015
YGR016W,0.04736842105263158,0.021052631578947368,0.05263157894736842,0.05263157894736842,0.042105263157894736,0.02631578947368421,0.015789473684210527,0.1,0.07368421052631578,0.16842105263157894,0.021052631578947368,0.06315789473684211,0.010526315789473684,0.021052631578947368,0.05789473684210526,0.06842105263157895,0.031578947368421054,0.06315789473684211,0.015789473684210527,0.04736842105263158
YGR021W,0.075,0.005,0.04,0.06,0.03,0.075,0.01,0.07,0.095,0.075,0.035,0.1,0.03,0.015,0.045,0.1,0.045,0.075,0.005,0.015
YGR026W,0.03,0.005,0.025,0.03,0.06,0.035,0.025,0.06,0.11,0.17,0.04,0.05,0.035,0.025,0.03,0.075,0.045,0.055,0.04,0.055
YGR151C,0.036036036036036036,0.0,0.009009009009009009,0.018018018018018018,0.018018018018018018,0.018018018018018018,0.05405405405405406,0.04504504504504504,0.11711711711711711,0.2072072072072072,0.02702702702702703,0.10810810810810811,0.02702702702702703,0.05405405405405406,0.08108108108108109,0.05405405405405406,0.05405405405405406,0.04504504504504504,0.009009009009009009,0.018018018018018018
YGR168C,0.04,0.005,0.02,0.02,0.065,0.04,0.025,0.12,0.115,0.155,0.02,0.05,0.035,0.045,0.05,0.05,0.04,0.06,0.025,0.02
YGR294W,0.15833333333333333,0.0,0.041666666666666664,0.041666666666666664,0.025,0.05,0.016666666666666666,0.075,0.025,0.06666666666666667,0.025,0.025,0.041666666666666664,0.03333333333333333,0.03333333333333333,0.08333333333333333,0.10833333333333334,0.08333333333333333,0.008333333333333333,0.058333333333333334
YGR295C,0.04,0.015,0.03,0.08,0.08,0.005,0.005,0.03,0.1,0.125,0.02,0.045,0.04,0.035,0.03,0.1,0.045,0.085,0.05,0.04
YLR461W,0.15833333333333333,0.0,0.041666666666666664,0.041666666666666664,0.025,0.05,0.016666666666666666,0.075,0.03333333333333333,0.058333333333333334,0.03333333333333333,0.025,0.041666666666666664,0.03333333333333333,0.03333333333333333,0.06666666666666667,0.10833333333333334,0.09166666666666666,0.008333333333333333,0.058333333333333334
YNL237W,0.08,0.045,0.03,0.035,0.09,0.1,0.02,0.045,0.035,0.125,0.02,0.025,0.015,0.025,0.05,0.07,0.08,0.07,0.02,0.02
YNR059W,0.025,0.01,0.04,0.07,0.075,0.025,0.025,0.06,0.065,0.095,0.005,0.055,0.04,0.04,0.09,0.12,0.05,0.05,0.02,0.04
YNR061C,0.065,0.015,0.045,0.065,0.06,0.03,0.005,0.075,0.04,0.14,0.02,0.02,0.02,0.02,0.045,0.12,0.09,0.09,0.005,0.03
YNR062C,0.075,0.025,0.03,0.045,0.085,0.065,0.005,0.08,0.065,0.115,0.03,0.03,0.02,0.025,0.03,0.1,0.04,0.09,0.01,0.035
YNR063W,0.03,0.03,0.11,0.06,0.055,0.05,0.01,0.065,0.11,0.08,0.005,0.09,0.035,0.005,0.06,0.095,0.06,0.03,0.005,0.015
YNL336W,0.045,0.025,0.03,0.08,0.075,0.015,0.005,0.045,0.095,0.135,0.015,0.05,0.04,0.035,0.03,0.09,0.03,0.08,0.04,0.04
YNL211C,0.023255813953488372,0.0,0.05813953488372093,0.046511627906976744,0.11627906976744186,0.046511627906976744,0.011627906976744186,0.023255813953488372,0.10465116279069768,0.08139534883720931,0.023255813953488372,0.011627906976744186,0.06976744186046512,0.03488372093023256,0.12790697674418605,0.05813953488372093,0.046511627906976744,0.03488372093023256,0.023255813953488372,0.05813953488372093
YNL146W,0.0,0.0,0.04,0.03,0.13,0.0,0.03,0.11,0.06,0.11,0.06,0.09,0.03,0.01,0.05,0.11,0.07,0.06,0.0,0.01
YNL143C,0.015384615384615385,0.0,0.046153846153846156,0.038461538461538464,0.06153846153846154,0.038461538461538464,0.007692307692307693,0.046153846153846156,0.13846153846153847,0.11538461538461539,0.038461538461538464,0.046153846153846156,0.05384615384615385,0.038461538461538464,0.06923076923076923,0.11538461538461539,0.038461538461538464,0.038461538461538464,0.007692307692307693,0.046153846153846156
YNL115C,0.055,0.005,0.055,0.025,0.09,0.065,0.015,0.11,0.03,0.135,0.01,0.095,0.02,0.015,0.045,0.07,0.07,0.025,0.025,0.04
YNL095C,0.06,0.01,0.045,0.045,0.07,0.08,0.005,0.125,0.045,0.105,0.03,0.045,0.035,0.025,0.02,0.07,0.06,0.09,0.01,0.025
YNL058C,0.065,0.0,0.055,0.02,0.045,0.03,0.015,0.065,0.04,0.075,0.02,0.055,0.065,0.025,0.035,0.205,0.085,0.055,0.015,0.03
YNL046W,0.023255813953488372,0.011627906976744186,0.029069767441860465,0.023255813953488372,0.05232558139534884,0.05813953488372093,0.023255813953488372,0.0755813953488372,0.06976744186046512,0.0872093023255814,0.01744186046511628,0.040697674418604654,0.046511627906976744,0.046511627906976744,0.06395348837209303,0.13372093023255813,0.05813953488372093,0.09883720930232558,0.011627906976744186,0.029069767441860465
YNL033W,0.055,0.025,0.035,0.045,0.065,0.06,0.025,0.05,0.06,0.12,0.035,0.05,0.03,0.04,0.02,0.06,0.12,0.07,0.01,0.025
YNL019C,0.055,0.025,0.035,0.045,0.06,0.06,0.025,0.05,0.06,0.12,0.035,0.05,0.03,0.04,0.02,0.065,0.12,0.07,0.01,0.025
YLR152C,0.08,0.01,0.045,0.035,0.09,0.065,0.0,0.125,0.06,0.09,0.04,0.045,0.045,0.01,0.02,0.075,0.06,0.065,0.015,0.025
YGR016C-A,0.05714285714285714,0.0,0.02857142857142857,0.0,0.02857142857142857,0.05714285714285714,0.02857142857142857,0.2,0.0,0.2,0.08571428571428572,0.0,0.02857142857142857,0.0,0.0,0.05714285714285714,0.02857142857142857,0.08571428571428572,0.0,0.11428571428571428
YKR005C,0.045,0.055,0.055,0.055,0.055,0.045,0.005,0.025,0.05,0.13,0.015,0.09,0.025,0.06,0.03,0.105,0.045,0.075,0.0,0.035
YPL067C,0.10606060606060606,0.0,0.045454545454545456,0.07575757575757576,0.045454545454545456,0.03535353535353535,0.045454545454545456,0.030303030303030304,0.05555555555555555,0.10606060606060606,0.020202020202020204,0.03535353535353535,0.050505050505050504,0.06565656565656566,0.06060606060606061,0.06565656565656566,0.025252525252525252,0.07575757575757576,0.025252525252525252,0.030303030303030304
YPL056C,0.06930693069306931,0.04950495049504951,0.019801980198019802,0.019801980198019802,0.09900990099009901,0.0,0.019801980198019802,0.039603960396039604,0.039603960396039604,0.1782178217821782,0.009900990099009901,0.0297029702970297,0.1188118811881188,0.0297029702970297,0.06930693069306931,0.1188118811881188,0.04950495049504951,0.039603960396039604,0.0,0.0
YJL205C,0.03773584905660377,0.018867924528301886,0.05660377358490566,0.03773584905660377,0.03773584905660377,0.07547169811320754,0.05660377358490566,0.03773584905660377,0.09433962264150944,0.1320754716981132,0.05660377358490566,0.0,0.05660377358490566,0.03773584905660377,0.07547169811320754,0.03773584905660377,0.0,0.05660377358490566,0.018867924528301886,0.07547169811320754
YPL071C,0.04487179487179487,0.00641025641025641,0.1282051282051282,0.04487179487179487,0.02564102564102564,0.038461538461538464,0.03205128205128205,0.08974358974358974,0.09615384615384616,0.0641025641025641,0.03205128205128205,0.08974358974358974,0.02564102564102564,0.01282051282051282,0.0641025641025641,0.057692307692307696,0.038461538461538464,0.038461538461538464,0.03205128205128205,0.038461538461538464
YPL108W,0.017857142857142856,0.023809523809523808,0.041666666666666664,0.125,0.041666666666666664,0.07142857142857142,0.02976190476190476,0.03571428571428571,0.10714285714285714,0.07142857142857142,0.02976190476190476,0.023809523809523808,0.02976190476190476,0.05357142857142857,0.07142857142857142,0.047619047619047616,0.05357142857142857,0.07142857142857142,0.005952380952380952,0.047619047619047616
YPL107W,0.05,0.02,0.045,0.08,0.02,0.07,0.02,0.04,0.1,0.075,0.025,0.04,0.07,0.03,0.09,0.065,0.05,0.06,0.025,0.025
YDR540C,0.055865921787709494,0.0,0.027932960893854747,0.12290502793296089,0.027932960893854747,0.0446927374301676,0.00558659217877095,0.061452513966480445,0.12849162011173185,0.0670391061452514,0.0111731843575419,0.05027932960893855,0.0335195530726257,0.0335195530726257,0.061452513966480445,0.05027932960893855,0.055865921787709494,0.05027932960893855,0.0446927374301676,0.0670391061452514
YML131W,0.09,0.01,0.035,0.06,0.05,0.085,0.015,0.06,0.08,0.105,0.01,0.04,0.04,0.045,0.02,0.065,0.055,0.07,0.025,0.04
YDR090C,0.085,0.03,0.025,0.02,0.065,0.07,0.005,0.135,0.05,0.105,0.045,0.02,0.055,0.025,0.02,0.07,0.02,0.09,0.03,0.035
YMR184W,0.05555555555555555,0.04040404040404041,0.045454545454545456,0.06060606060606061,0.030303030303030304,0.03535353535353535,0.010101010101010102,0.050505050505050504,0.1111111111111111,0.08585858585858586,0.020202020202020204,0.06060606060606061,0.06060606060606061,0.045454545454545456,0.03535353535353535,0.08080808080808081,0.08080808080808081,0.06565656565656566,0.010101010101010102,0.015151515151515152
YMR279C,0.065,0.01,0.04,0.035,0.065,0.07,0.01,0.095,0.075,0.075,0.035,0.045,0.02,0.04,0.015,0.115,0.065,0.085,0.015,0.025
YDR476C,0.055,0.015,0.055,0.055,0.055,0.045,0.03,0.09,0.05,0.15,0.01,0.03,0.05,0.02,0.04,0.03,0.09,0.085,0.015,0.03
YMR209C,0.04,0.005,0.04,0.075,0.035,0.05,0.025,0.085,0.075,0.14,0.015,0.065,0.03,0.045,0.06,0.085,0.03,0.065,0.005,0.03
YML018C,0.065,0.01,0.03,0.045,0.08,0.045,0.015,0.075,0.055,0.12,0.025,0.05,0.015,0.015,0.03,0.11,0.105,0.07,0.015,0.025
YDR239C,0.05,0.0,0.045,0.07,0.04,0.035,0.03,0.065,0.075,0.035,0.015,0.105,0.07,0.035,0.075,0.155,0.085,0.01,0.0,0.005
YMR155W,0.055,0.04,0.01,0.015,0.08,0.1,0.035,0.065,0.05,0.125,0.035,0.04,0.03,0.015,0.01,0.135,0.03,0.08,0.005,0.045
YDR132C,0.045,0.0,0.055,0.075,0.065,0.035,0.015,0.08,0.065,0.075,0.025,0.06,0.06,0.035,0.04,0.115,0.04,0.035,0.005,0.075
YMR244W,0.085,0.045,0.05,0.02,0.02,0.11,0.02,0.02,0.05,0.065,0.03,0.065,0.07,0.05,0.005,0.09,0.065,0.06,0.02,0.06
YDR444W,0.01,0.0,0.045,0.085,0.05,0.05,0.015,0.08,0.095,0.115,0.015,0.06,0.06,0.01,0.065,0.065,0.055,0.07,0.015,0.04
YDR387C,0.07,0.02,0.045,0.035,0.05,0.08,0.0,0.115,0.02,0.135,0.02,0.02,0.025,0.025,0.04,0.115,0.075,0.075,0.005,0.03
YMR090W,0.095,0.01,0.07,0.07,0.035,0.07,0.0,0.065,0.075,0.085,0.015,0.055,0.02,0.025,0.05,0.08,0.035,0.105,0.005,0.035
YDR504C,0.007874015748031496,0.047244094488188976,0.007874015748031496,0.031496062992125984,0.1968503937007874,0.023622047244094488,0.015748031496062992,0.09448818897637795,0.05511811023622047,0.11023622047244094,0.015748031496062992,0.05511811023622047,0.023622047244094488,0.0,0.03937007874015748,0.047244094488188976,0.07086614173228346,0.07086614173228346,0.007874015748031496,0.07874015748031496
YDR514C,0.055,0.02,0.035,0.075,0.02,0.045,0.025,0.055,0.12,0.085,0.025,0.07,0.03,0.035,0.055,0.1,0.04,0.055,0.01,0.045
YML096W,0.04,0.02,0.06,0.06,0.045,0.075,0.005,0.08,0.04,0.09,0.015,0.07,0.035,0.03,0.045,0.105,0.05,0.05,0.005,0.08
YMR066W,0.03,0.02,0.04,0.11,0.055,0.025,0.01,0.08,0.095,0.115,0.01,0.1,0.03,0.05,0.045,0.08,0.055,0.02,0.0,0.03
YMR253C,0.025,0.005,0.05,0.045,0.05,0.04,0.005,0.07,0.06,0.12,0.04,0.065,0.05,0.02,0.045,0.09,0.08,0.09,0.01,0.04
YDR222W,0.01,0.02,0.065,0.055,0.07,0.065,0.015,0.06,0.095,0.1,0.025,0.075,0.03,0.045,0.02,0.08,0.065,0.055,0.01,0.04
YMR221C,0.09,0.04,0.035,0.01,0.085,0.065,0.01,0.07,0.025,0.165,0.015,0.03,0.045,0.025,0.035,0.08,0.055,0.065,0.015,0.04
YDR338C,0.03,0.005,0.065,0.085,0.03,0.055,0.04,0.04,0.035,0.08,0.015,0.06,0.06,0.035,0.1,0.12,0.06,0.05,0.005,0.03
YDR275W,0.03,0.02,0.05,0.07,0.045,0.06,0.025,0.1,0.06,0.13,0.035,0.055,0.02,0.01,0.045,0.11,0.045,0.055,0.005,0.03
YDR281C,0.038461538461538464,0.028846153846153848,0.057692307692307696,0.10576923076923077,0.04807692307692308,0.057692307692307696,0.009615384615384616,0.08653846153846154,0.057692307692307696,0.125,0.038461538461538464,0.019230769230769232,0.009615384615384616,0.04807692307692308,0.038461538461538464,0.057692307692307696,0.057692307692307696,0.07692307692307693,0.0,0.038461538461538464
YLR219W,0.085,0.0,0.035,0.02,0.01,0.055,0.025,0.025,0.06,0.04,0.015,0.07,0.06,0.04,0.095,0.15,0.105,0.045,0.0,0.065
YLR278C,0.05,0.035,0.05,0.04,0.01,0.05,0.01,0.045,0.1,0.095,0.015,0.08,0.055,0.055,0.065,0.105,0.08,0.035,0.0,0.025
YLR287C,0.04,0.025,0.09,0.06,0.045,0.04,0.01,0.06,0.1,0.14,0.015,0.065,0.04,0.03,0.03,0.08,0.06,0.04,0.005,0.025
YLR375W,0.08,0.02,0.025,0.03,0.02,0.05,0.05,0.05,0.06,0.065,0.02,0.08,0.08,0.03,0.05,0.19,0.055,0.025,0.005,0.015
YLR225C,0.035,0.015,0.065,0.07,0.07,0.045,0.02,0.075,0.115,0.095,0.01,0.06,0.025,0.03,0.015,0.095,0.07,0.05,0.01,0.03
YLR407W,0.06,0.005,0.045,0.085,0.02,0.035,0.015,0.045,0.105,0.06,0.015,0.055,0.035,0.05,0.045,0.12,0.105,0.06,0.015,0.025
YPR098C,0.08695652173913043,0.018633540372670808,0.012422360248447204,0.031055900621118012,0.07453416149068323,0.06832298136645963,0.018633540372670808,0.043478260869565216,0.08695652173913043,0.14906832298136646,0.018633540372670808,0.031055900621118012,0.043478260869565216,0.031055900621118012,0.018633540372670808,0.08695652173913043,0.062111801242236024,0.06832298136645963,0.012422360248447204,0.037267080745341616
YLR346C,0.07920792079207921,0.019801980198019802,0.0297029702970297,0.07920792079207921,0.009900990099009901,0.039603960396039604,0.009900990099009901,0.07920792079207921,0.09900990099009901,0.06930693069306931,0.0297029702970297,0.07920792079207921,0.0297029702970297,0.0297029702970297,0.04950495049504951,0.10891089108910891,0.0594059405940594,0.04950495049504951,0.019801980198019802,0.0297029702970297
YLR257W,0.05,0.005,0.095,0.085,0.015,0.04,0.015,0.05,0.07,0.085,0.015,0.085,0.03,0.035,0.065,0.15,0.05,0.035,0.0,0.025
YLR271W,0.035,0.0,0.065,0.11,0.02,0.045,0.005,0.05,0.115,0.05,0.07,0.1,0.05,0.025,0.08,0.075,0.04,0.03,0.01,0.025
YLR326W,0.075,0.03,0.05,0.06,0.03,0.06,0.04,0.05,0.09,0.115,0.02,0.045,0.05,0.04,0.04,0.04,0.04,0.055,0.03,0.04
YLR456W,0.04,0.015,0.06,0.06,0.055,0.015,0.03,0.09,0.07,0.08,0.02,0.09,0.025,0.025,0.03,0.11,0.07,0.075,0.005,0.035
YLR162W,0.09322033898305085,0.03389830508474576,0.03389830508474576,0.025423728813559324,0.03389830508474576,0.01694915254237288,0.03389830508474576,0.025423728813559324,0.05084745762711865,0.13559322033898305,0.025423728813559324,0.0423728813559322,0.1016949152542373,0.01694915254237288,0.0847457627118644,0.11864406779661017,0.0847457627118644,0.025423728813559324,0.00847457627118644,0.00847457627118644
YLR173W,0.02,0.015,0.085,0.05,0.04,0.05,0.02,0.08,0.055,0.11,0.015,0.085,0.035,0.05,0.05,0.055,0.055,0.08,0.025,0.025
YLR177W,0.055,0.0,0.06,0.03,0.05,0.05,0.01,0.045,0.065,0.07,0.02,0.095,0.06,0.13,0.045,0.125,0.035,0.01,0.0,0.045
YPR148C,0.075,0.015,0.065,0.09,0.045,0.04,0.02,0.04,0.11,0.08,0.005,0.065,0.03,0.045,0.025,0.115,0.065,0.035,0.015,0.02
YPR151C,0.025,0.0,0.025,0.05,0.04,0.05,0.025,0.045,0.105,0.095,0.045,0.055,0.065,0.045,0.08,0.065,0.075,0.05,0.02,0.04
YPR196W,0.05,0.07,0.065,0.045,0.04,0.02,0.015,0.05,0.055,0.1,0.035,0.045,0.03,0.04,0.1,0.075,0.04,0.05,0.01,0.065
YPR172W,0.065,0.01,0.04,0.075,0.035,0.035,0.02,0.075,0.085,0.09,0.02,0.095,0.05,0.04,0.02,0.085,0.055,0.06,0.01,0.035
YHR007C-A,0.028169014084507043,0.014084507042253521,0.014084507042253521,0.04225352112676056,0.056338028169014086,0.0,0.056338028169014086,0.04225352112676056,0.11267605633802817,0.18309859154929578,0.014084507042253521,0.04225352112676056,0.11267605633802817,0.04225352112676056,0.07042253521126761,0.04225352112676056,0.08450704225352113,0.028169014084507043,0.0,0.014084507042253521
YDL129W,0.07,0.0,0.035,0.115,0.02,0.025,0.01,0.025,0.08,0.13,0.01,0.06,0.045,0.02,0.08,0.125,0.08,0.04,0.005,0.025
YDL144C,0.065,0.01,0.06,0.055,0.015,0.09,0.035,0.095,0.04,0.075,0.01,0.05,0.03,0.05,0.05,0.085,0.04,0.085,0.015,0.045
YDL218W,0.11,0.03,0.015,0.025,0.055,0.075,0.015,0.06,0.03,0.135,0.03,0.045,0.02,0.03,0.05,0.085,0.06,0.06,0.015,0.055
YLL030C,0.04424778761061947,0.02654867256637168,0.0,0.02654867256637168,0.12389380530973451,0.04424778761061947,0.017699115044247787,0.05309734513274336,0.08849557522123894,0.17699115044247787,0.035398230088495575,0.04424778761061947,0.04424778761061947,0.05309734513274336,0.035398230088495575,0.07079646017699115,0.02654867256637168,0.02654867256637168,0.008849557522123894,0.05309734513274336
YLL032C,0.05,0.02,0.055,0.075,0.045,0.015,0.02,0.09,0.07,0.135,0.04,0.055,0.065,0.025,0.03,0.06,0.07,0.035,0.01,0.035
YLR001C,0.05,0.005,0.06,0.07,0.08,0.03,0.03,0.09,0.035,0.14,0.01,0.075,0.04,0.075,0.03,0.05,0.055,0.045,0.005,0.025
YLR036C,0.055,0.04,0.025,0.045,0.08,0.045,0.015,0.095,0.105,0.11,0.025,0.04,0.03,0.025,0.035,0.07,0.055,0.05,0.01,0.045
YLR077W,0.06,0.005,0.05,0.06,0.04,0.065,0.02,0.06,0.07,0.105,0.015,0.04,0.065,0.065,0.08,0.065,0.03,0.045,0.035,0.025
YOL042W,0.03,0.01,0.06,0.04,0.05,0.045,0.015,0.05,0.095,0.1,0.03,0.06,0.035,0.035,0.045,0.07,0.06,0.075,0.02,0.075
YOL159C,0.03508771929824561,0.029239766081871343,0.07017543859649122,0.05263157894736842,0.04093567251461988,0.04678362573099415,0.017543859649122806,0.05263157894736842,0.011695906432748537,0.0935672514619883,0.023391812865497075,0.08187134502923976,0.05263157894736842,0.03508771929824561,0.03508771929824561,0.09941520467836257,0.07602339181286549,0.04678362573099415,0.005847953216374269,0.0935672514619883
YOL161C,0.15,0.0,0.041666666666666664,0.041666666666666664,0.025,0.058333333333333334,0.016666666666666666,0.06666666666666667,0.03333333333333333,0.06666666666666667,0.03333333333333333,0.025,0.041666666666666664,0.03333333333333333,0.03333333333333333,0.06666666666666667,0.10833333333333334,0.09166666666666666,0.008333333333333333,0.058333333333333334
YOR068C,0.09649122807017543,0.03508771929824561,0.02631578947368421,0.05263157894736842,0.06140350877192982,0.06140350877192982,0.008771929824561403,0.05263157894736842,0.05263157894736842,0.12280701754385964,0.008771929824561403,0.03508771929824561,0.043859649122807015,0.0,0.017543859649122806,0.21052631578947367,0.017543859649122806,0.08771929824561403,0.0,0.008771929824561403
YOR183W,0.03875968992248062,0.023255813953488372,0.031007751937984496,0.031007751937984496,0.015503875968992248,0.09302325581395349,0.046511627906976744,0.06976744186046512,0.08527131782945736,0.10852713178294573,0.031007751937984496,0.023255813953488372,0.05426356589147287,0.007751937984496124,0.09302325581395349,0.05426356589147287,0.06976744186046512,0.046511627906976744,0.007751937984496124,0.06976744186046512
YOR235W,0.019230769230769232,0.038461538461538464,0.038461538461538464,0.019230769230769232,0.15384615384615385,0.028846153846153848,0.057692307692307696,0.08653846153846154,0.07692307692307693,0.09615384615384616,0.009615384615384616,0.038461538461538464,0.11538461538461539,0.028846153846153848,0.019230769230769232,0.038461538461538464,0.019230769230769232,0.057692307692307696,0.0,0.057692307692307696
YOR238W,0.05,0.01,0.055,0.07,0.075,0.04,0.03,0.08,0.07,0.105,0.015,0.06,0.04,0.04,0.025,0.095,0.035,0.05,0.01,0.045
YOR252W,0.03932584269662921,0.0056179775280898875,0.06741573033707865,0.06741573033707865,0.05056179775280899,0.05056179775280899,0.028089887640449437,0.03932584269662921,0.12921348314606743,0.10112359550561797,0.02247191011235955,0.06179775280898876,0.033707865168539325,0.056179775280898875,0.0898876404494382,0.0449438202247191,0.0449438202247191,0.056179775280898875,0.0056179775280898875,0.0056179775280898875
YOR255W,0.03,0.02,0.03,0.06,0.04,0.045,0.055,0.06,0.11,0.09,0.015,0.055,0.05,0.035,0.09,0.09,0.025,0.055,0.01,0.035
YOR292C,0.055,0.015,0.08,0.025,0.09,0.045,0.04,0.06,0.015,0.095,0.02,0.065,0.03,0.05,0.05,0.075,0.07,0.045,0.035,0.04
YOR296W,0.045,0.01,0.07,0.055,0.025,0.03,0.015,0.075,0.075,0.1,0.04,0.065,0.025,0.035,0.035,0.11,0.07,0.08,0.005,0.035
YOR305W,0.04,0.015,0.04,0.045,0.035,0.05,0.03,0.06,0.09,0.115,0.04,0.065,0.04,0.03,0.055,0.065,0.07,0.065,0.015,0.035
YOR365C,0.09,0.02,0.035,0.04,0.075,0.025,0.005,0.085,0.04,0.105,0.02,0.065,0.045,0.04,0.025,0.09,0.075,0.07,0.0,0.05
YOR376W,0.09016393442622951,0.03278688524590164,0.03278688524590164,0.02459016393442623,0.10655737704918032,0.06557377049180328,0.02459016393442623,0.06557377049180328,0.05737704918032787,0.11475409836065574,0.02459016393442623,0.05737704918032787,0.05737704918032787,0.01639344262295082,0.06557377049180328,0.06557377049180328,0.02459016393442623,0.040983606557377046,0.01639344262295082,0.01639344262295082
YOR385W,0.015,0.02,0.075,0.035,0.09,0.05,0.025,0.07,0.07,0.06,0.025,0.035,0.045,0.06,0.065,0.08,0.045,0.055,0.005,0.075
YOR387C,0.1,0.03,0.04,0.03,0.075,0.06,0.01,0.05,0.015,0.075,0.015,0.085,0.045,0.04,0.015,0.07,0.12,0.08,0.01,0.035
YOR389W,0.075,0.005,0.065,0.03,0.055,0.08,0.045,0.045,0.055,0.075,0.02,0.025,0.085,0.02,0.07,0.085,0.065,0.045,0.015,0.04
YPL216W,0.05,0.015,0.045,0.095,0.06,0.045,0.01,0.075,0.1,0.1,0.015,0.055,0.035,0.03,0.055,0.09,0.04,0.05,0.005,0.03
YPL223C,0.023809523809523808,0.0,0.125,0.05357142857142857,0.03571428571428571,0.13095238095238096,0.023809523809523808,0.005952380952380952,0.02976190476190476,0.041666666666666664,0.005952380952380952,0.08928571428571429,0.017857142857142856,0.1488095238095238,0.07142857142857142,0.06547619047619048,0.07738095238095238,0.005952380952380952,0.005952380952380952,0.041666666666666664
YPL257W,0.08808290155440414,0.010362694300518135,0.03626943005181347,0.04145077720207254,0.07772020725388601,0.031088082901554404,0.025906735751295335,0.10362694300518134,0.05699481865284974,0.11398963730569948,0.025906735751295335,0.03626943005181347,0.031088082901554404,0.031088082901554404,0.04145077720207254,0.07253886010362694,0.05699481865284974,0.05699481865284974,0.02072538860103627,0.04145077720207254
YPL264C,0.02,0.02,0.03,0.03,0.065,0.065,0.005,0.09,0.035,0.15,0.04,0.03,0.06,0.05,0.035,0.1,0.055,0.07,0.015,0.035
YOR215C,0.07567567567567568,0.0,0.07027027027027027,0.06486486486486487,0.02702702702702703,0.02702702702702703,0.0,0.0918918918918919,0.15675675675675677,0.0918918918918919,0.043243243243243246,0.043243243243243246,0.02702702702702703,0.03783783783783784,0.03783783783783784,0.08648648648648649,0.03783783783783784,0.03783783783783784,0.010810810810810811,0.032432432432432434
YPL162C,0.03,0.02,0.05,0.025,0.065,0.07,0.02,0.09,0.065,0.15,0.025,0.045,0.035,0.035,0.035,0.065,0.035,0.07,0.03,0.04
YOR220W,0.02,0.0,0.06,0.045,0.045,0.03,0.015,0.04,0.07,0.145,0.02,0.07,0.07,0.065,0.035,0.15,0.075,0.025,0.005,0.015
YPR027C,0.05,0.02,0.045,0.06,0.04,0.055,0.005,0.08,0.07,0.13,0.03,0.065,0.05,0.03,0.01,0.065,0.085,0.07,0.0,0.04
YDR105C,0.065,0.04,0.025,0.03,0.07,0.075,0.02,0.06,0.03,0.15,0.01,0.035,0.02,0.01,0.02,0.13,0.06,0.09,0.04,0.02
YDL211C,0.025,0.005,0.025,0.055,0.045,0.02,0.01,0.075,0.02,0.08,0.005,0.05,0.05,0.05,0.02,0.18,0.195,0.05,0.0,0.04
YOR284W,0.025,0.01,0.05,0.06,0.04,0.035,0.03,0.07,0.1,0.12,0.03,0.06,0.025,0.09,0.04,0.075,0.04,0.06,0.005,0.035
YPR063C,0.07857142857142857,0.02142857142857143,0.02857142857142857,0.05,0.03571428571428571,0.03571428571428571,0.007142857142857143,0.07857142857142857,0.06428571428571428,0.07142857142857142,0.04285714285714286,0.05714285714285714,0.07857142857142857,0.05,0.014285714285714285,0.09285714285714286,0.07857142857142857,0.06428571428571428,0.007142857142857143,0.04285714285714286
YPL245W,0.05,0.005,0.05,0.045,0.035,0.03,0.035,0.05,0.085,0.11,0.035,0.055,0.04,0.035,0.065,0.12,0.035,0.085,0.005,0.03
YOR342C,0.02,0.0,0.065,0.06,0.065,0.035,0.065,0.1,0.025,0.1,0.005,0.095,0.035,0.04,0.03,0.11,0.055,0.06,0.005,0.03
YLL054C,0.065,0.035,0.05,0.045,0.045,0.02,0.03,0.09,0.1,0.075,0.025,0.07,0.055,0.015,0.045,0.105,0.06,0.04,0.01,0.02
YLR046C,0.06,0.01,0.01,0.035,0.085,0.055,0.02,0.105,0.035,0.13,0.04,0.045,0.03,0.025,0.05,0.09,0.055,0.065,0.02,0.035
YDR061W,0.065,0.01,0.05,0.05,0.055,0.045,0.01,0.065,0.07,0.115,0.025,0.075,0.06,0.03,0.06,0.08,0.03,0.055,0.015,0.035
YDL180W,0.045,0.03,0.05,0.035,0.1,0.045,0.04,0.1,0.02,0.12,0.025,0.075,0.045,0.04,0.025,0.08,0.04,0.025,0.01,0.05
YDR262W,0.045,0.0,0.06,0.065,0.045,0.03,0.015,0.065,0.065,0.11,0.015,0.085,0.06,0.045,0.045,0.09,0.035,0.08,0.01,0.035
YPR071W,0.045,0.015,0.035,0.025,0.075,0.055,0.015,0.075,0.06,0.095,0.045,0.06,0.07,0.01,0.075,0.065,0.055,0.05,0.025,0.05
YLR094C,0.07,0.015,0.07,0.045,0.03,0.025,0.05,0.035,0.08,0.09,0.025,0.055,0.03,0.03,0.055,0.15,0.09,0.035,0.005,0.015
YOR131C,0.045,0.015,0.065,0.065,0.045,0.055,0.035,0.07,0.085,0.11,0.05,0.035,0.065,0.03,0.05,0.045,0.05,0.07,0.005,0.01
YDR070C,0.053763440860215055,0.0,0.0967741935483871,0.06451612903225806,0.043010752688172046,0.053763440860215055,0.021505376344086023,0.021505376344086023,0.11827956989247312,0.08602150537634409,0.03225806451612903,0.053763440860215055,0.06451612903225806,0.053763440860215055,0.0967741935483871,0.043010752688172046,0.053763440860215055,0.021505376344086023,0.0,0.021505376344086023
YPL156C,0.05,0.005,0.055,0.08,0.065,0.005,0.01,0.06,0.09,0.115,0.005,0.065,0.04,0.03,0.035,0.14,0.08,0.055,0.005,0.01
YPL247C,0.055,0.02,0.06,0.015,0.03,0.07,0.02,0.015,0.035,0.075,0.025,0.08,0.08,0.055,0.04,0.165,0.025,0.06,0.015,0.06
YKL065W-A,0.0,0.0,0.0273972602739726,0.0410958904109589,0.0273972602739726,0.0410958904109589,0.0136986301369863,0.0821917808219178,0.136986301369863,0.0958904109589041,0.0410958904109589,0.0547945205479452,0.0410958904109589,0.0410958904109589,0.0684931506849315,0.1232876712328767,0.0273972602739726,0.0821917808219178,0.0,0.0547945205479452
YKL023C-A,0.04,0.0,0.0,0.04,0.05333333333333334,0.04,0.02666666666666667,0.02666666666666667,0.12,0.09333333333333334,0.013333333333333334,0.09333333333333334,0.06666666666666667,0.02666666666666667,0.05333333333333334,0.09333333333333334,0.06666666666666667,0.10666666666666667,0.0,0.04
YIL102C-A,0.013333333333333334,0.013333333333333334,0.013333333333333334,0.02666666666666667,0.09333333333333334,0.04,0.0,0.13333333333333333,0.05333333333333334,0.18666666666666668,0.013333333333333334,0.05333333333333334,0.05333333333333334,0.0,0.02666666666666667,0.09333333333333334,0.04,0.10666666666666667,0.013333333333333334,0.02666666666666667
YCL048W-A,0.21518987341772153,0.0,0.0,0.02531645569620253,0.0379746835443038,0.06329113924050633,0.0,0.0759493670886076,0.012658227848101266,0.0379746835443038,0.02531645569620253,0.08860759493670886,0.06329113924050633,0.05063291139240506,0.0,0.02531645569620253,0.16455696202531644,0.11392405063291139,0.0,0.0
YDR524C-B,0.25757575757575757,0.0,0.0,0.0,0.07575757575757576,0.10606060606060606,0.0,0.030303030303030304,0.030303030303030304,0.030303030303030304,0.015151515151515152,0.09090909090909091,0.0,0.030303030303030304,0.015151515151515152,0.09090909090909091,0.12121212121212122,0.10606060606060606,0.0,0.0
YLR363W-A,0.047058823529411764,0.0,0.011764705882352941,0.058823529411764705,0.0,0.03529411764705882,0.023529411764705882,0.0,0.27058823529411763,0.15294117647058825,0.011764705882352941,0.023529411764705882,0.047058823529411764,0.047058823529411764,0.07058823529411765,0.08235294117647059,0.07058823529411765,0.047058823529411764,0.0,0.0
YBL029C-A,0.0,0.05319148936170213,0.0425531914893617,0.031914893617021274,0.07446808510638298,0.0425531914893617,0.031914893617021274,0.07446808510638298,0.07446808510638298,0.05319148936170213,0.02127659574468085,0.0851063829787234,0.0851063829787234,0.09574468085106383,0.031914893617021274,0.05319148936170213,0.02127659574468085,0.06382978723404255,0.031914893617021274,0.031914893617021274
YOL159C-A,0.0,0.044444444444444446,0.06666666666666667,0.1,0.06666666666666667,0.044444444444444446,0.03333333333333333,0.06666666666666667,0.06666666666666667,0.12222222222222222,0.011111111111111112,0.05555555555555555,0.022222222222222223,0.044444444444444446,0.044444444444444446,0.044444444444444446,0.044444444444444446,0.03333333333333333,0.022222222222222223,0.06666666666666667
YJL133C-A,0.21621621621621623,0.0,0.0,0.02702702702702703,0.04054054054054054,0.04054054054054054,0.02702702702702703,0.04054054054054054,0.05405405405405406,0.06756756756756757,0.02702702702702703,0.04054054054054054,0.04054054054054054,0.013513513513513514,0.08108108108108109,0.17567567567567569,0.05405405405405406,0.02702702702702703,0.0,0.02702702702702703
YKL018C-A,0.020202020202020204,0.010101010101010102,0.04040404040404041,0.050505050505050504,0.06060606060606061,0.10101010101010101,0.010101010101010102,0.050505050505050504,0.050505050505050504,0.09090909090909091,0.06060606060606061,0.030303030303030304,0.010101010101010102,0.050505050505050504,0.12121212121212122,0.0707070707070707,0.04040404040404041,0.050505050505050504,0.030303030303030304,0.050505050505050504
YNL162W-A,0.027777777777777776,0.06944444444444445,0.06944444444444445,0.041666666666666664,0.027777777777777776,0.013888888888888888,0.0,0.041666666666666664,0.08333333333333333,0.09722222222222222,0.013888888888888888,0.08333333333333333,0.06944444444444445,0.06944444444444445,0.05555555555555555,0.08333333333333333,0.013888888888888888,0.09722222222222222,0.0,0.041666666666666664
YMR194C-B,0.0547945205479452,0.1095890410958904,0.0958904109589041,0.0273972602739726,0.0136986301369863,0.0273972602739726,0.0136986301369863,0.0410958904109589,0.1095890410958904,0.1095890410958904,0.0273972602739726,0.0410958904109589,0.0684931506849315,0.0684931506849315,0.0273972602739726,0.0958904109589041,0.0136986301369863,0.0136986301369863,0.0,0.0410958904109589
YER053C-A,0.05405405405405406,0.0,0.05405405405405406,0.02702702702702703,0.16216216216216217,0.02702702702702703,0.02702702702702703,0.08108108108108109,0.02702702702702703,0.08108108108108109,0.05405405405405406,0.05405405405405406,0.02702702702702703,0.05405405405405406,0.05405405405405406,0.05405405405405406,0.02702702702702703,0.08108108108108109,0.0,0.05405405405405406
YDL085C-A,0.14705882352941177,0.0,0.07352941176470588,0.08823529411764706,0.0,0.029411764705882353,0.0,0.014705882352941176,0.20588235294117646,0.07352941176470588,0.04411764705882353,0.04411764705882353,0.014705882352941176,0.08823529411764706,0.1323529411764706,0.029411764705882353,0.014705882352941176,0.0,0.0,0.0
YOR008C-A,0.04054054054054054,0.02702702702702703,0.02702702702702703,0.013513513513513514,0.05405405405405406,0.0,0.02702702702702703,0.08108108108108109,0.04054054054054054,0.13513513513513514,0.05405405405405406,0.04054054054054054,0.06756756756756757,0.04054054054054054,0.04054054054054054,0.12162162162162163,0.04054054054054054,0.08108108108108109,0.02702702702702703,0.04054054054054054
YCR024C-B,0.03409090909090909,0.06818181818181818,0.011363636363636364,0.03409090909090909,0.19318181818181818,0.0,0.022727272727272728,0.09090909090909091,0.03409090909090909,0.09090909090909091,0.03409090909090909,0.022727272727272728,0.045454545454545456,0.011363636363636364,0.056818181818181816,0.06818181818181818,0.022727272727272728,0.11363636363636363,0.0,0.045454545454545456
YNL130C-A,0.041666666666666664,0.0625,0.0,0.0,0.125,0.041666666666666664,0.0,0.0625,0.08333333333333333,0.041666666666666664,0.041666666666666664,0.0625,0.020833333333333332,0.10416666666666667,0.08333333333333333,0.10416666666666667,0.020833333333333332,0.08333333333333333,0.0,0.020833333333333332
YPL189C-A,0.11764705882352941,0.014705882352941176,0.04411764705882353,0.029411764705882353,0.04411764705882353,0.014705882352941176,0.04411764705882353,0.058823529411764705,0.08823529411764706,0.10294117647058823,0.014705882352941176,0.04411764705882353,0.04411764705882353,0.058823529411764705,0.04411764705882353,0.10294117647058823,0.029411764705882353,0.08823529411764706,0.0,0.014705882352941176
YNR034W-A,0.07142857142857142,0.0,0.030612244897959183,0.07142857142857142,0.04081632653061224,0.08163265306122448,0.02040816326530612,0.09183673469387756,0.08163265306122448,0.061224489795918366,0.01020408163265306,0.061224489795918366,0.061224489795918366,0.01020408163265306,0.04081632653061224,0.07142857142857142,0.05102040816326531,0.09183673469387756,0.0,0.05102040816326531
YMR122W-A,0.20238095238095238,0.0,0.0,0.0,0.023809523809523808,0.047619047619047616,0.0,0.047619047619047616,0.047619047619047616,0.023809523809523808,0.03571428571428571,0.07142857142857142,0.023809523809523808,0.0,0.0,0.27380952380952384,0.09523809523809523,0.09523809523809523,0.0,0.011904761904761904
YIL134C-A,0.1044776119402985,0.029850746268656716,0.04477611940298507,0.014925373134328358,0.07462686567164178,0.014925373134328358,0.0,0.07462686567164178,0.04477611940298507,0.11940298507462686,0.014925373134328358,0.05970149253731343,0.014925373134328358,0.014925373134328358,0.04477611940298507,0.07462686567164178,0.05970149253731343,0.11940298507462686,0.014925373134328358,0.05970149253731343
YPR038W,0.08403361344537816,0.03361344537815126,0.025210084033613446,0.008403361344537815,0.11764705882352941,0.025210084033613446,0.025210084033613446,0.08403361344537816,0.01680672268907563,0.12605042016806722,0.04201680672268908,0.03361344537815126,0.08403361344537816,0.025210084033613446,0.04201680672268908,0.09243697478991597,0.05042016806722689,0.05042016806722689,0.01680672268907563,0.01680672268907563
YPR159C-A,0.06060606060606061,0.0,0.030303030303030304,0.0,0.06060606060606061,0.030303030303030304,0.0,0.030303030303030304,0.030303030303030304,0.24242424242424243,0.09090909090909091,0.0,0.06060606060606061,0.0,0.0,0.09090909090909091,0.09090909090909091,0.15151515151515152,0.0,0.030303030303030304
YBR126W-A,0.07352941176470588,0.029411764705882353,0.058823529411764705,0.058823529411764705,0.058823529411764705,0.058823529411764705,0.058823529411764705,0.07352941176470588,0.08823529411764706,0.07352941176470588,0.04411764705882353,0.014705882352941176,0.07352941176470588,0.11764705882352941,0.014705882352941176,0.0,0.029411764705882353,0.058823529411764705,0.0,0.014705882352941176
YCL026C-B,0.13471502590673576,0.0,0.04145077720207254,0.06217616580310881,0.046632124352331605,0.05699481865284974,0.02072538860103627,0.07253886010362694,0.07253886010362694,0.05699481865284974,0.010362694300518135,0.03626943005181347,0.06735751295336788,0.04145077720207254,0.025906735751295335,0.05699481865284974,0.08808290155440414,0.06217616580310881,0.015544041450777202,0.031088082901554404
YPL229W,0.04,0.015,0.035,0.03,0.06,0.02,0.015,0.05,0.035,0.07,0.03,0.095,0.1,0.135,0.03,0.155,0.04,0.015,0.0,0.03
Q0075,0.02,0.01,0.035,0.06,0.07,0.04,0.005,0.075,0.105,0.125,0.05,0.125,0.035,0.015,0.015,0.025,0.06,0.03,0.01,0.09
YER038W-A,0.09523809523809523,0.031746031746031744,0.05555555555555555,0.05555555555555555,0.07936507936507936,0.023809523809523808,0.007936507936507936,0.047619047619047616,0.09523809523809523,0.03968253968253968,0.03968253968253968,0.047619047619047616,0.05555555555555555,0.023809523809523808,0.05555555555555555,0.07936507936507936,0.0873015873015873,0.03968253968253968,0.0,0.03968253968253968
YLR302C,0.025,0.025,0.05,0.041666666666666664,0.058333333333333334,0.03333333333333333,0.05,0.058333333333333334,0.06666666666666667,0.125,0.03333333333333333,0.03333333333333333,0.025,0.025,0.058333333333333334,0.08333333333333333,0.1,0.05,0.016666666666666666,0.041666666666666664
YLR415C,0.10714285714285714,0.017857142857142856,0.0,0.026785714285714284,0.03571428571428571,0.044642857142857144,0.044642857142857144,0.026785714285714284,0.05357142857142857,0.125,0.026785714285714284,0.008928571428571428,0.05357142857142857,0.044642857142857144,0.0625,0.10714285714285714,0.0625,0.10714285714285714,0.017857142857142856,0.026785714285714284
YFR010W-A,0.04838709677419355,0.016129032258064516,0.0,0.03225806451612903,0.16129032258064516,0.04838709677419355,0.03225806451612903,0.06451612903225806,0.016129032258064516,0.16129032258064516,0.016129032258064516,0.03225806451612903,0.016129032258064516,0.06451612903225806,0.03225806451612903,0.04838709677419355,0.0967741935483871,0.04838709677419355,0.016129032258064516,0.04838709677419355
YGL041W-A,0.032467532467532464,0.0,0.05194805194805195,0.07142857142857142,0.012987012987012988,0.025974025974025976,0.025974025974025976,0.07792207792207792,0.1038961038961039,0.11688311688311688,0.05194805194805195,0.05844155844155844,0.03896103896103896,0.045454545454545456,0.07792207792207792,0.08441558441558442,0.045454545454545456,0.045454545454545456,0.025974025974025976,0.006493506493506494
YKL145W-A,0.0,0.0,0.0,0.03333333333333333,0.0,0.1,0.06666666666666667,0.03333333333333333,0.0,0.4,0.06666666666666667,0.0,0.0,0.03333333333333333,0.03333333333333333,0.06666666666666667,0.0,0.13333333333333333,0.0,0.03333333333333333
YMR013C-A,0.061224489795918366,0.02040816326530612,0.0,0.02040816326530612,0.10204081632653061,0.061224489795918366,0.0,0.12244897959183673,0.061224489795918366,0.24489795918367346,0.02040816326530612,0.02040816326530612,0.04081632653061224,0.0,0.04081632653061224,0.061224489795918366,0.02040816326530612,0.02040816326530612,0.04081632653061224,0.04081632653061224
YHR214C-D,0.030927835051546393,0.030927835051546393,0.041237113402061855,0.041237113402061855,0.07216494845360824,0.041237113402061855,0.041237113402061855,0.1134020618556701,0.030927835051546393,0.13402061855670103,0.030927835051546393,0.041237113402061855,0.020618556701030927,0.010309278350515464,0.010309278350515464,0.10309278350515463,0.041237113402061855,0.12371134020618557,0.020618556701030927,0.020618556701030927
YER190C-B,0.05,0.025,0.03125,0.0125,0.10625,0.0125,0.0375,0.0625,0.03125,0.1375,0.01875,0.03125,0.0625,0.075,0.05625,0.1,0.03125,0.08125,0.00625,0.03125
YEL077W-A,0.05,0.025,0.03125,0.0125,0.10625,0.0125,0.0375,0.0625,0.03125,0.1375,0.01875,0.03125,0.0625,0.075,0.05625,0.1,0.03125,0.08125,0.00625,0.03125
YGR296C-B,0.05,0.025,0.03125,0.0125,0.10625,0.0125,0.0375,0.0625,0.03125,0.1375,0.01875,0.03125,0.0625,0.075,0.05625,0.1,0.03125,0.08125,0.00625,0.03125
YPL283W-B,0.05,0.025,0.03125,0.0125,0.10625,0.0125,0.0375,0.0625,0.03125,0.1375,0.01875,0.03125,0.0625,0.075,0.05625,0.1,0.03125,0.08125,0.00625,0.03125
YPR204C-A,0.05,0.025,0.03125,0.0125,0.10625,0.0125,0.0375,0.0625,0.03125,0.1375,0.01875,0.03125,0.0625,0.075,0.05625,0.1,0.03125,0.08125,0.00625,0.03125
YLL066W-A,0.05,0.025,0.03125,0.0125,0.1,0.0125,0.0375,0.05625,0.0375,0.14375,0.01875,0.03125,0.06875,0.075,0.05625,0.09375,0.03125,0.08125,0.00625,0.03125
YLL067W-A,0.05,0.025,0.03125,0.0125,0.1,0.0125,0.0375,0.05625,0.0375,0.14375,0.01875,0.03125,0.06875,0.075,0.05625,0.09375,0.03125,0.08125,0.00625,0.03125
YKL044W,0.07547169811320754,0.009433962264150943,0.0,0.009433962264150943,0.11320754716981132,0.009433962264150943,0.03773584905660377,0.08490566037735849,0.04716981132075472,0.11320754716981132,0.03773584905660377,0.03773584905660377,0.0660377358490566,0.03773584905660377,0.0660377358490566,0.09433962264150944,0.04716981132075472,0.05660377358490566,0.009433962264150943,0.04716981132075472
YBL071C,0.058823529411764705,0.0196078431372549,0.029411764705882353,0.029411764705882353,0.058823529411764705,0.0392156862745098,0.029411764705882353,0.09803921568627451,0.08823529411764706,0.11764705882352941,0.0392156862745098,0.049019607843137254,0.029411764705882353,0.0196078431372549,0.0392156862745098,0.14705882352941177,0.029411764705882353,0.029411764705882353,0.0,0.049019607843137254
YBR027C,0.00909090909090909,0.06363636363636363,0.01818181818181818,0.01818181818181818,0.08181818181818182,0.07272727272727272,0.03636363636363636,0.13636363636363635,0.045454545454545456,0.13636363636363635,0.01818181818181818,0.07272727272727272,0.02727272727272727,0.02727272727272727,0.05454545454545454,0.02727272727272727,0.05454545454545454,0.045454545454545456,0.01818181818181818,0.03636363636363636
YBR209W,0.10476190476190476,0.02857142857142857,0.01904761904761905,0.0380952380952381,0.06666666666666667,0.0380952380952381,0.02857142857142857,0.047619047619047616,0.09523809523809523,0.12380952380952381,0.009523809523809525,0.0761904761904762,0.02857142857142857,0.01904761904761905,0.08571428571428572,0.08571428571428572,0.01904761904761905,0.02857142857142857,0.009523809523809525,0.047619047619047616
YBR219C,0.023622047244094488,0.031496062992125984,0.007874015748031496,0.015748031496062992,0.07086614173228346,0.07086614173228346,0.023622047244094488,0.09448818897637795,0.031496062992125984,0.11811023622047244,0.031496062992125984,0.05511811023622047,0.023622047244094488,0.031496062992125984,0.05511811023622047,0.06299212598425197,0.10236220472440945,0.05511811023622047,0.023622047244094488,0.07086614173228346
YBR292C,0.04878048780487805,0.024390243902439025,0.008130081300813009,0.056910569105691054,0.11382113821138211,0.024390243902439025,0.032520325203252036,0.11382113821138211,0.0975609756097561,0.11382113821138211,0.008130081300813009,0.056910569105691054,0.032520325203252036,0.032520325203252036,0.04065040650406504,0.10569105691056911,0.024390243902439025,0.024390243902439025,0.0,0.04065040650406504
YHL037C,0.05263157894736842,0.05263157894736842,0.03759398496240601,0.007518796992481203,0.06766917293233082,0.03759398496240601,0.045112781954887216,0.10526315789473684,0.06015037593984962,0.10526315789473684,0.022556390977443608,0.05263157894736842,0.03759398496240601,0.015037593984962405,0.07518796992481203,0.08270676691729323,0.045112781954887216,0.03759398496240601,0.007518796992481203,0.05263157894736842
YHL005C,0.06923076923076923,0.03076923076923077,0.038461538461538464,0.038461538461538464,0.06923076923076923,0.023076923076923078,0.03076923076923077,0.13076923076923078,0.015384615384615385,0.09230769230769231,0.007692307692307693,0.046153846153846156,0.03076923076923077,0.038461538461538464,0.06923076923076923,0.07692307692307693,0.046153846153846156,0.038461538461538464,0.0,0.1076923076923077
YHR078W,0.04,0.01,0.03,0.035,0.075,0.04,0.005,0.135,0.06,0.12,0.035,0.04,0.025,0.02,0.02,0.1,0.07,0.08,0.02,0.04
YHR130C,0.009009009009009009,0.009009009009009009,0.036036036036036036,0.036036036036036036,0.13513513513513514,0.036036036036036036,0.04504504504504504,0.0990990990990991,0.04504504504504504,0.14414414414414414,0.05405405405405406,0.04504504504504504,0.009009009009009009,0.009009009009009009,0.018018018018018018,0.0990990990990991,0.04504504504504504,0.036036036036036036,0.009009009009009009,0.08108108108108109
YAR064W,0.050505050505050504,0.0707070707070707,0.020202020202020204,0.0707070707070707,0.08080808080808081,0.0707070707070707,0.04040404040404041,0.04040404040404041,0.050505050505050504,0.08080808080808081,0.020202020202020204,0.030303030303030304,0.06060606060606061,0.010101010101010102,0.0707070707070707,0.1111111111111111,0.0707070707070707,0.020202020202020204,0.010101010101010102,0.020202020202020204
YEL014C,0.0297029702970297,0.0297029702970297,0.0297029702970297,0.0297029702970297,0.10891089108910891,0.019801980198019802,0.039603960396039604,0.12871287128712872,0.019801980198019802,0.09900990099009901,0.039603960396039604,0.039603960396039604,0.07920792079207921,0.019801980198019802,0.06930693069306931,0.07920792079207921,0.019801980198019802,0.0297029702970297,0.009900990099009901,0.07920792079207921
YNL198C,0.02,0.03,0.06,0.01,0.11,0.02,0.03,0.1,0.08,0.11,0.01,0.07,0.04,0.01,0.09,0.11,0.05,0.03,0.0,0.02
YIL060W,0.041666666666666664,0.034722222222222224,0.006944444444444444,0.034722222222222224,0.027777777777777776,0.04861111111111111,0.013888888888888888,0.11805555555555555,0.041666666666666664,0.10416666666666667,0.027777777777777776,0.020833333333333332,0.08333333333333333,0.027777777777777776,0.05555555555555555,0.14583333333333334,0.0625,0.0763888888888889,0.006944444444444444,0.020833333333333332
YIL029C,0.035211267605633804,0.028169014084507043,0.007042253521126761,0.014084507042253521,0.08450704225352113,0.04929577464788732,0.007042253521126761,0.09859154929577464,0.07042253521126761,0.1056338028169014,0.035211267605633804,0.08450704225352113,0.04225352112676056,0.028169014084507043,0.04225352112676056,0.09154929577464789,0.035211267605633804,0.056338028169014086,0.035211267605633804,0.04929577464788732
YFL015C,0.04878048780487805,0.03048780487804878,0.0,0.036585365853658534,0.12804878048780488,0.042682926829268296,0.03048780487804878,0.042682926829268296,0.03048780487804878,0.10975609756097561,0.018292682926829267,0.03048780487804878,0.08536585365853659,0.036585365853658534,0.07317073170731707,0.08536585365853659,0.06097560975609756,0.042682926829268296,0.024390243902439025,0.042682926829268296
YFR035C,0.08771929824561403,0.08771929824561403,0.02631578947368421,0.017543859649122806,0.13157894736842105,0.05263157894736842,0.0,0.043859649122807015,0.05263157894736842,0.10526315789473684,0.02631578947368421,0.03508771929824561,0.02631578947368421,0.008771929824561403,0.043859649122807015,0.11403508771929824,0.07894736842105263,0.05263157894736842,0.0,0.008771929824561403
YJL118W,0.055,0.025,0.015,0.03,0.025,0.005,0.04,0.085,0.045,0.095,0.03,0.025,0.075,0.065,0.135,0.075,0.04,0.105,0.01,0.02
YJL028W,0.12612612612612611,0.036036036036036036,0.0,0.0,0.0990990990990991,0.02702702702702703,0.04504504504504504,0.05405405405405406,0.04504504504504504,0.15315315315315314,0.009009009009009009,0.018018018018018018,0.018018018018018018,0.04504504504504504,0.0990990990990991,0.06306306306306306,0.07207207207207207,0.036036036036036036,0.018018018018018018,0.036036036036036036
YJL007C,0.019230769230769232,0.009615384615384616,0.04807692307692308,0.04807692307692308,0.038461538461538464,0.0673076923076923,0.0673076923076923,0.11538461538461539,0.04807692307692308,0.07692307692307693,0.028846153846153848,0.019230769230769232,0.038461538461538464,0.028846153846153848,0.038461538461538464,0.125,0.0673076923076923,0.04807692307692308,0.009615384615384616,0.057692307692307696
YGL149W,0.04950495049504951,0.0297029702970297,0.009900990099009901,0.009900990099009901,0.1782178217821782,0.009900990099009901,0.039603960396039604,0.039603960396039604,0.019801980198019802,0.21782178217821782,0.009900990099009901,0.009900990099009901,0.07920792079207921,0.009900990099009901,0.0297029702970297,0.12871287128712872,0.04950495049504951,0.04950495049504951,0.009900990099009901,0.019801980198019802
YGL088W,0.05785123966942149,0.024793388429752067,0.024793388429752067,0.03305785123966942,0.12396694214876033,0.04132231404958678,0.01652892561983471,0.06611570247933884,0.01652892561983471,0.1652892561983471,0.008264462809917356,0.06611570247933884,0.03305785123966942,0.01652892561983471,0.049586776859504134,0.06611570247933884,0.04132231404958678,0.05785123966942149,0.008264462809917356,0.08264462809917356
YGR045C,0.041666666666666664,0.03333333333333333,0.016666666666666666,0.041666666666666664,0.09166666666666666,0.041666666666666664,0.016666666666666666,0.09166666666666666,0.075,0.1,0.016666666666666666,0.041666666666666664,0.025,0.016666666666666666,0.041666666666666664,0.125,0.06666666666666667,0.06666666666666667,0.0,0.05
YGR219W,0.035398230088495575,0.035398230088495575,0.035398230088495575,0.017699115044247787,0.09734513274336283,0.008849557522123894,0.05309734513274336,0.07079646017699115,0.017699115044247787,0.07964601769911504,0.05309734513274336,0.07964601769911504,0.035398230088495575,0.02654867256637168,0.04424778761061947,0.09734513274336283,0.08849557522123894,0.07079646017699115,0.017699115044247787,0.035398230088495575
YDR366C,0.022727272727272728,0.022727272727272728,0.007575757575757576,0.045454545454545456,0.06818181818181818,0.03787878787878788,0.045454545454545456,0.18181818181818182,0.06060606060606061,0.12878787878787878,0.007575757575757576,0.045454545454545456,0.015151515151515152,0.015151515151515152,0.030303030303030304,0.05303030303030303,0.030303030303030304,0.09848484848484848,0.007575757575757576,0.07575757575757576
YFR035W-A,0.052083333333333336,0.0,0.03125,0.03125,0.041666666666666664,0.041666666666666664,0.020833333333333332,0.052083333333333336,0.08333333333333333,0.16666666666666666,0.03125,0.03125,0.07291666666666667,0.020833333333333332,0.09375,0.07291666666666667,0.041666666666666664,0.09375,0.010416666666666666,0.010416666666666666
YPL068C,0.055,0.0,0.05,0.025,0.025,0.02,0.035,0.055,0.105,0.105,0.025,0.06,0.08,0.05,0.06,0.11,0.07,0.05,0.0,0.02
YMR187C,0.005,0.055,0.045,0.035,0.06,0.03,0.035,0.075,0.065,0.12,0.02,0.035,0.065,0.05,0.04,0.055,0.085,0.05,0.035,0.04
YDR209C,0.0364963503649635,0.021897810218978103,0.08759124087591241,0.021897810218978103,0.072992700729927,0.043795620437956206,0.014598540145985401,0.06569343065693431,0.014598540145985401,0.145985401459854,0.0072992700729927005,0.11678832116788321,0.043795620437956206,0.014598540145985401,0.051094890510948905,0.051094890510948905,0.029197080291970802,0.13138686131386862,0.0,0.029197080291970802
YMR254C,0.029411764705882353,0.00980392156862745,0.029411764705882353,0.00980392156862745,0.06862745098039216,0.00980392156862745,0.0392156862745098,0.10784313725490197,0.0392156862745098,0.14705882352941177,0.0392156862745098,0.0196078431372549,0.0392156862745098,0.029411764705882353,0.029411764705882353,0.0784313725490196,0.09803921568627451,0.11764705882352941,0.0196078431372549,0.0392156862745098
YDR278C,0.0380952380952381,0.0380952380952381,0.01904761904761905,0.0,0.08571428571428572,0.047619047619047616,0.08571428571428572,0.0761904761904762,0.01904761904761905,0.11428571428571428,0.02857142857142857,0.047619047619047616,0.02857142857142857,0.01904761904761905,0.06666666666666667,0.14285714285714285,0.06666666666666667,0.047619047619047616,0.0,0.02857142857142857
YLR296W,0.09259259259259259,0.027777777777777776,0.009259259259259259,0.018518518518518517,0.07407407407407407,0.046296296296296294,0.037037037037037035,0.07407407407407407,0.10185185185185185,0.07407407407407407,0.027777777777777776,0.027777777777777776,0.018518518518518517,0.05555555555555555,0.07407407407407407,0.10185185185185185,0.07407407407407407,0.046296296296296294,0.0,0.018518518518518517
YOR186W,0.0625,0.027777777777777776,0.05555555555555555,0.0763888888888889,0.0763888888888889,0.041666666666666664,0.020833333333333332,0.08333333333333333,0.05555555555555555,0.10416666666666667,0.034722222222222224,0.0625,0.034722222222222224,0.020833333333333332,0.027777777777777776,0.09722222222222222,0.0625,0.034722222222222224,0.006944444444444444,0.013888888888888888
YOR268C,0.09848484848484848,0.05303030303030303,0.015151515151515152,0.03787878787878788,0.11363636363636363,0.05303030303030303,0.030303030303030304,0.03787878787878788,0.05303030303030303,0.07575757575757576,0.015151515151515152,0.0,0.030303030303030304,0.022727272727272728,0.05303030303030303,0.07575757575757576,0.06818181818181818,0.07575757575757576,0.015151515151515152,0.07575757575757576
YDR029W,0.019230769230769232,0.028846153846153848,0.04807692307692308,0.009615384615384616,0.10576923076923077,0.028846153846153848,0.009615384615384616,0.057692307692307696,0.07692307692307693,0.23076923076923078,0.019230769230769232,0.057692307692307696,0.019230769230769232,0.019230769230769232,0.028846153846153848,0.125,0.009615384615384616,0.019230769230769232,0.009615384615384616,0.07692307692307693
YOR015W,0.04201680672268908,0.025210084033613446,0.01680672268907563,0.05042016806722689,0.10084033613445378,0.03361344537815126,0.05042016806722689,0.10084033613445378,0.09243697478991597,0.12605042016806722,0.01680672268907563,0.01680672268907563,0.05042016806722689,0.025210084033613446,0.03361344537815126,0.09243697478991597,0.04201680672268908,0.04201680672268908,0.01680672268907563,0.025210084033613446
YDL009C,0.037383177570093455,0.037383177570093455,0.028037383177570093,0.009345794392523364,0.14953271028037382,0.028037383177570093,0.056074766355140186,0.07476635514018691,0.06542056074766354,0.12149532710280374,0.018691588785046728,0.056074766355140186,0.04672897196261682,0.018691588785046728,0.04672897196261682,0.06542056074766354,0.018691588785046728,0.07476635514018691,0.009345794392523364,0.037383177570093455
YDR215C,0.072992700729927,0.0,0.029197080291970802,0.021897810218978103,0.051094890510948905,0.051094890510948905,0.043795620437956206,0.0364963503649635,0.043795620437956206,0.08029197080291971,0.051094890510948905,0.058394160583941604,0.0948905109489051,0.029197080291970802,0.072992700729927,0.11678832116788321,0.051094890510948905,0.072992700729927,0.0072992700729927005,0.014598540145985401
YOR097C,0.022857142857142857,0.017142857142857144,0.045714285714285714,0.045714285714285714,0.045714285714285714,0.09142857142857143,0.011428571428571429,0.09142857142857143,0.08571428571428572,0.06857142857142857,0.03428571428571429,0.04,0.06285714285714286,0.005714285714285714,0.045714285714285714,0.09142857142857143,0.07428571428571429,0.07428571428571429,0.011428571428571429,0.03428571428571429
YLR122C,0.08,0.056,0.016,0.024,0.072,0.032,0.008,0.072,0.04,0.08,0.032,0.056,0.032,0.04,0.064,0.104,0.056,0.056,0.016,0.064
YPR064W,0.08633093525179857,0.08633093525179857,0.007194244604316547,0.03597122302158273,0.07913669064748201,0.05755395683453238,0.007194244604316547,0.02877697841726619,0.06474820143884892,0.11510791366906475,0.007194244604316547,0.02877697841726619,0.03597122302158273,0.02158273381294964,0.05755395683453238,0.07913669064748201,0.04316546762589928,0.08633093525179857,0.02158273381294964,0.050359712230215826
YLR111W,0.07272727272727272,0.00909090909090909,0.02727272727272727,0.00909090909090909,0.12727272727272726,0.08181818181818182,0.02727272727272727,0.05454545454545454,0.06363636363636363,0.09090909090909091,0.01818181818181818,0.03636363636363636,0.07272727272727272,0.02727272727272727,0.06363636363636363,0.06363636363636363,0.05454545454545454,0.03636363636363636,0.02727272727272727,0.03636363636363636
YGL194C-A,0.025,0.025,0.0375,0.05,0.025,0.025,0.0,0.125,0.0625,0.15,0.0375,0.0625,0.025,0.025,0.05,0.0625,0.0375,0.0625,0.0625,0.05
Q0092,0.0,0.021739130434782608,0.0,0.0,0.13043478260869565,0.0,0.0,0.13043478260869565,0.021739130434782608,0.0,0.2391304347826087,0.13043478260869565,0.0,0.0,0.06521739130434782,0.021739130434782608,0.08695652173913043,0.06521739130434782,0.0,0.08695652173913043
YOR034C-A,0.025,0.05,0.0125,0.0375,0.1125,0.025,0.025,0.0375,0.0875,0.0625,0.0125,0.05,0.05,0.0375,0.0875,0.05,0.05,0.1,0.025,0.0625
YIR021W-A,0.04285714285714286,0.014285714285714285,0.014285714285714285,0.05714285714285714,0.04285714285714286,0.04285714285714286,0.0,0.17142857142857143,0.11428571428571428,0.05714285714285714,0.014285714285714285,0.02857142857142857,0.04285714285714286,0.014285714285714285,0.02857142857142857,0.17142857142857143,0.07142857142857142,0.04285714285714286,0.0,0.02857142857142857
YJR112W-A,0.06422018348623854,0.027522935779816515,0.045871559633027525,0.027522935779816515,0.09174311926605505,0.045871559633027525,0.009174311926605505,0.06422018348623854,0.05504587155963303,0.07339449541284404,0.027522935779816515,0.03669724770642202,0.0,0.05504587155963303,0.05504587155963303,0.07339449541284404,0.06422018348623854,0.13761467889908258,0.027522935779816515,0.01834862385321101
YGL041C-B,0.03333333333333333,0.05,0.03333333333333333,0.03333333333333333,0.13333333333333333,0.016666666666666666,0.03333333333333333,0.1,0.016666666666666666,0.18333333333333332,0.03333333333333333,0.016666666666666666,0.0,0.0,0.03333333333333333,0.13333333333333333,0.05,0.05,0.0,0.05
YPL119C-A,0.022988505747126436,0.034482758620689655,0.022988505747126436,0.04597701149425287,0.13793103448275862,0.05747126436781609,0.034482758620689655,0.05747126436781609,0.022988505747126436,0.16091954022988506,0.022988505747126436,0.04597701149425287,0.04597701149425287,0.011494252873563218,0.034482758620689655,0.10344827586206896,0.034482758620689655,0.04597701149425287,0.011494252873563218,0.04597701149425287
YBR200W-A,0.018518518518518517,0.05555555555555555,0.037037037037037035,0.0,0.07407407407407407,0.05555555555555555,0.037037037037037035,0.05555555555555555,0.037037037037037035,0.16666666666666666,0.07407407407407407,0.018518518518518517,0.037037037037037035,0.018518518518518517,0.1111111111111111,0.07407407407407407,0.037037037037037035,0.037037037037037035,0.037037037037037035,0.018518518518518517
YMR030W-A,0.020833333333333332,0.010416666666666666,0.010416666666666666,0.020833333333333332,0.125,0.052083333333333336,0.020833333333333332,0.13541666666666666,0.11458333333333333,0.09375,0.010416666666666666,0.0625,0.020833333333333332,0.0,0.0625,0.08333333333333333,0.052083333333333336,0.0625,0.0,0.041666666666666664
YKL183C-A,0.05714285714285714,0.02857142857142857,0.014285714285714285,0.02857142857142857,0.15714285714285714,0.014285714285714285,0.04285714285714286,0.04285714285714286,0.1,0.11428571428571428,0.02857142857142857,0.04285714285714286,0.0,0.02857142857142857,0.02857142857142857,0.08571428571428572,0.04285714285714286,0.08571428571428572,0.0,0.05714285714285714
YBR255C-A,0.08333333333333333,0.016666666666666666,0.03333333333333333,0.06666666666666667,0.05,0.05,0.016666666666666666,0.05,0.058333333333333334,0.09166666666666666,0.025,0.03333333333333333,0.016666666666666666,0.05,0.09166666666666666,0.09166666666666666,0.058333333333333334,0.06666666666666667,0.008333333333333333,0.041666666666666664
YDR182W-A,0.05970149253731343,0.029850746268656716,0.014925373134328358,0.014925373134328358,0.029850746268656716,0.07462686567164178,0.029850746268656716,0.04477611940298507,0.08955223880597014,0.13432835820895522,0.014925373134328358,0.014925373134328358,0.029850746268656716,0.04477611940298507,0.029850746268656716,0.029850746268656716,0.08955223880597014,0.1044776119402985,0.014925373134328358,0.1044776119402985
YML007C-A,0.027777777777777776,0.0,0.0,0.0,0.1111111111111111,0.0,0.027777777777777776,0.1111111111111111,0.0,0.2222222222222222,0.08333333333333333,0.027777777777777776,0.027777777777777776,0.027777777777777776,0.1388888888888889,0.08333333333333333,0.027777777777777776,0.05555555555555555,0.0,0.027777777777777776
YIL046W-A,0.037037037037037035,0.18518518518518517,0.037037037037037035,0.018518518518518517,0.018518518518518517,0.018518518518518517,0.0,0.05555555555555555,0.05555555555555555,0.07407407407407407,0.09259259259259259,0.018518518518518517,0.018518518518518517,0.018518518518518517,0.037037037037037035,0.037037037037037035,0.0,0.16666666666666666,0.018518518518518517,0.09259259259259259
YLR342W-A,0.03508771929824561,0.017543859649122806,0.0,0.03508771929824561,0.10526315789473684,0.03508771929824561,0.017543859649122806,0.12280701754385964,0.03508771929824561,0.10526315789473684,0.03508771929824561,0.08771929824561403,0.03508771929824561,0.017543859649122806,0.03508771929824561,0.10526315789473684,0.017543859649122806,0.10526315789473684,0.0,0.05263157894736842
YLL006W-A,0.017241379310344827,0.05172413793103448,0.0,0.017241379310344827,0.08620689655172414,0.0,0.017241379310344827,0.1206896551724138,0.05172413793103448,0.06896551724137931,0.017241379310344827,0.06896551724137931,0.05172413793103448,0.05172413793103448,0.034482758620689655,0.13793103448275862,0.034482758620689655,0.10344827586206896,0.0,0.06896551724137931
YHR175W-A,0.0,0.02040816326530612,0.02040816326530612,0.0,0.10204081632653061,0.02040816326530612,0.02040816326530612,0.12244897959183673,0.0,0.14285714285714285,0.04081632653061224,0.08163265306122448,0.061224489795918366,0.02040816326530612,0.02040816326530612,0.12244897959183673,0.08163265306122448,0.04081632653061224,0.0,0.08163265306122448
YBR196C-A,0.02040816326530612,0.02040816326530612,0.0,0.02040816326530612,0.1836734693877551,0.0,0.0,0.10204081632653061,0.0,0.08163265306122448,0.04081632653061224,0.04081632653061224,0.08163265306122448,0.0,0.08163265306122448,0.061224489795918366,0.02040816326530612,0.08163265306122448,0.02040816326530612,0.14285714285714285
YBL008W-A,0.0379746835443038,0.06329113924050633,0.012658227848101266,0.0,0.06329113924050633,0.012658227848101266,0.02531645569620253,0.13924050632911392,0.12658227848101267,0.0759493670886076,0.02531645569620253,0.06329113924050633,0.02531645569620253,0.06329113924050633,0.06329113924050633,0.06329113924050633,0.0379746835443038,0.0379746835443038,0.02531645569620253,0.0379746835443038
YOR161C-C,0.10416666666666667,0.020833333333333332,0.0625,0.0,0.041666666666666664,0.041666666666666664,0.08333333333333333,0.08333333333333333,0.020833333333333332,0.10416666666666667,0.041666666666666664,0.020833333333333332,0.0625,0.020833333333333332,0.0625,0.08333333333333333,0.041666666666666664,0.041666666666666664,0.0,0.0625
YOR032W-A,0.045454545454545456,0.015151515151515152,0.030303030303030304,0.015151515151515152,0.09090909090909091,0.030303030303030304,0.030303030303030304,0.09090909090909091,0.0,0.21212121212121213,0.030303030303030304,0.015151515151515152,0.045454545454545456,0.030303030303030304,0.07575757575757576,0.07575757575757576,0.09090909090909091,0.030303030303030304,0.030303030303030304,0.015151515151515152
YMR182W-A,0.14285714285714285,0.07142857142857142,0.0,0.0,0.07142857142857142,0.0,0.03571428571428571,0.10714285714285714,0.07142857142857142,0.10714285714285714,0.07142857142857142,0.07142857142857142,0.07142857142857142,0.0,0.03571428571428571,0.07142857142857142,0.03571428571428571,0.03571428571428571,0.0,0.0
YKL096C-B,0.02040816326530612,0.0,0.04081632653061224,0.04081632653061224,0.12244897959183673,0.04081632653061224,0.0,0.10204081632653061,0.16326530612244897,0.10204081632653061,0.08163265306122448,0.02040816326530612,0.02040816326530612,0.0,0.061224489795918366,0.061224489795918366,0.04081632653061224,0.02040816326530612,0.0,0.061224489795918366
YHR213W-A,0.03896103896103896,0.012987012987012988,0.012987012987012988,0.06493506493506493,0.12987012987012986,0.05194805194805195,0.025974025974025976,0.03896103896103896,0.06493506493506493,0.1038961038961039,0.05194805194805195,0.025974025974025976,0.03896103896103896,0.03896103896103896,0.05194805194805195,0.03896103896103896,0.03896103896103896,0.15584415584415584,0.0,0.012987012987012988
YGR146C-A,0.07547169811320754,0.07547169811320754,0.0,0.018867924528301886,0.20754716981132076,0.018867924528301886,0.03773584905660377,0.05660377358490566,0.018867924528301886,0.11320754716981132,0.018867924528301886,0.018867924528301886,0.11320754716981132,0.0,0.018867924528301886,0.09433962264150944,0.07547169811320754,0.018867924528301886,0.018867924528301886,0.0
YFR032C-B,0.04597701149425287,0.011494252873563218,0.0,0.034482758620689655,0.08045977011494253,0.05747126436781609,0.034482758620689655,0.14942528735632185,0.022988505747126436,0.05747126436781609,0.011494252873563218,0.06896551724137931,0.05747126436781609,0.06896551724137931,0.05747126436781609,0.11494252873563218,0.04597701149425287,0.022988505747126436,0.0,0.05747126436781609
YCL021W-A,0.056,0.016,0.04,0.056,0.072,0.008,0.032,0.048,0.064,0.128,0.016,0.016,0.056,0.032,0.064,0.096,0.072,0.072,0.016,0.04
Q0297,0.0392156862745098,0.0,0.0392156862745098,0.0196078431372549,0.0196078431372549,0.0784313725490196,0.0,0.0196078431372549,0.11764705882352941,0.0196078431372549,0.11764705882352941,0.0784313725490196,0.1568627450980392,0.0,0.11764705882352941,0.0392156862745098,0.0392156862745098,0.0392156862745098,0.0,0.058823529411764705
Q0182,0.014925373134328358,0.0,0.014925373134328358,0.014925373134328358,0.11194029850746269,0.07462686567164178,0.014925373134328358,0.1044776119402985,0.05223880597014925,0.022388059701492536,0.1044776119402985,0.12686567164179105,0.03731343283582089,0.0,0.06716417910447761,0.05223880597014925,0.029850746268656716,0.04477611940298507,0.007462686567164179,0.1044776119402985
Q0144,0.0,0.009174311926605505,0.0,0.009174311926605505,0.06422018348623854,0.009174311926605505,0.0,0.1651376146788991,0.03669724770642202,0.11009174311926606,0.1651376146788991,0.12844036697247707,0.009174311926605505,0.009174311926605505,0.0,0.0,0.045871559633027525,0.009174311926605505,0.009174311926605505,0.22018348623853212
Q0143,0.0,0.0,0.02,0.02,0.04,0.04,0.06,0.14,0.04,0.14,0.06,0.16,0.04,0.0,0.0,0.04,0.08,0.02,0.02,0.08
Q0142,0.0,0.0,0.0,0.017241379310344827,0.034482758620689655,0.034482758620689655,0.017241379310344827,0.08620689655172414,0.0,0.034482758620689655,0.22413793103448276,0.1896551724137931,0.034482758620689655,0.0,0.05172413793103448,0.05172413793103448,0.15517241379310345,0.017241379310344827,0.0,0.05172413793103448
Q0032,0.0,0.0,0.0,0.0,0.0625,0.0,0.03125,0.08333333333333333,0.052083333333333336,0.125,0.16666666666666666,0.10416666666666667,0.010416666666666666,0.0,0.010416666666666666,0.052083333333333336,0.07291666666666667,0.010416666666666666,0.041666666666666664,0.17708333333333334
Q0017,0.018867924528301886,0.018867924528301886,0.018867924528301886,0.0,0.03773584905660377,0.03773584905660377,0.018867924528301886,0.11320754716981132,0.03773584905660377,0.09433962264150944,0.05660377358490566,0.1320754716981132,0.05660377358490566,0.0,0.07547169811320754,0.018867924528301886,0.1320754716981132,0.03773584905660377,0.0,0.09433962264150944
Q0010,0.0,0.0078125,0.0234375,0.0078125,0.0859375,0.03125,0.0,0.1640625,0.015625,0.1015625,0.0703125,0.0625,0.0703125,0.0,0.0078125,0.0625,0.0390625,0.0625,0.015625,0.171875
