gene_id,location,location_encoded,split
YPL060C-A,Nucleus,3,test
YFL026W,Membrane_Secretory,1,test
YPL228W,Nucleus,3,train
YDR110W,Nucleus,3,train
YPL081W,Nucleus,3,train
YDR204W,Mitochondria,2,train
YAR009C,Nucleus,3,train
YHR214C-B,Nucleus,3,train
YHR167W,Nucleus,3,test
YLR390W-A,Membrane_Secretory,1,train
YLR421C,Nucleus,3,train
YPL249C-A,Cytoplasm,0,train
YOR298C-A,Nucleus,3,train
YKL053C-A,Nucleus,3,train
YEL020W-A,Mitochondria,2,train
YDL045W-A,Mitochondria,2,train
YJR048W,Mitochondria,2,train
YFR033C,Mitochondria,2,train
YDR529C,Mitochondria,2,train
Q0105,Mitochondria,2,test
YML054C,Mitochondria,2,train
YOL086C,Cytoplasm,0,test
YMR303C,Cytoplasm,0,train
YJR009C,Cytoplasm,0,train
YGR192C,Mitochondria,2,train
YJL052W,Cytoplasm,0,test
Q0045,Mitochondria,2,train
Q0250,Mitochondria,2,train
Q0275,Mitochondria,2,test
YNL052W,Mitochondria,2,test
YKR066C,Mitochondria,2,train
YJR104C,Mitochondria,2,train
YCR012W,Mitochondria,2,train
YBR093C,Membrane_Secretory,1,train
YIL162W,Membrane_Secretory,1,test
YMR297W,Other,4,train
YBR011C,Cytoplasm,0,train
YJR121W,Mitochondria,2,train
Q0085,Mitochondria,2,train
YNR001C,Mitochondria,2,train
YGR254W,Cytoplasm,0,train
YHR174W,Cytoplasm,0,train
YER086W,Mitochondria,2,train
YKL152C,Mitochondria,2,train
YGR264C,Cytoplasm,0,train
YDL181W,Mitochondria,2,train
YOR101W,Membrane_Secretory,1,test
YNL098C,Membrane_Secretory,1,test
YFL038C,Membrane_Secretory,1,train
YDR224C,Nucleus,3,train
YBL002W,Nucleus,3,train
YNL030W,Nucleus,3,train
YDR382W,Cytoplasm,0,train
YGL103W,Cytoplasm,0,train
YFL037W,Cytoplasm,0,train
YPL240C,Cytoplasm,0,train
YOR187W,Mitochondria,2,train
YBR118W,Cytoplasm,0,test
YEL009C,Nucleus,3,train
R0020C,Nucleus,3,train
Q0110,Mitochondria,2,train
Q0060,Mitochondria,2,test
Q0065,Mitochondria,2,train
Q0120,Mitochondria,2,train
YJR109C,Cytoplasm,0,test
YGL187C,Mitochondria,2,train
YLR395C,Mitochondria,2,train
YDL140C,Nucleus,3,train
YOR116C,Nucleus,3,train
YER165W,Nucleus,3,train
YPL248C,Nucleus,3,test
YGL031C,Cytoplasm,0,train
YOL127W,Cytoplasm,0,train
YMR056C,Mitochondria,2,train
YOL006C,Nucleus,3,train
YLL018C,Cytoplasm,0,train
YEL063C,Membrane_Secretory,1,test
YDL164C,Nucleus,3,train
YLR310C,Membrane_Secretory,1,train
YNL055C,Mitochondria,2,train
YDR225W,Nucleus,3,train
YBL003C,Nucleus,3,test
YGL008C,Membrane_Secretory,1,test
YOR386W,Nucleus,3,train
YJL088W,Cytoplasm,0,train
YLR340W,Cytoplasm,0,train
YDL081C,Cytoplasm,0,test
YOL039W,Cytoplasm,0,test
YGR157W,Membrane_Secretory,1,test
YJR073C,Mitochondria,2,train
YDR172W,Cytoplasm,0,train
YGL076C,Cytoplasm,0,train
YLR448W,Cytoplasm,0,train
YKL180W,Cytoplasm,0,train
YPL143W,Cytoplasm,0,train
YMR194W,Cytoplasm,0,test
YLR029C,Cytoplasm,0,train
YNL178W,Cytoplasm,0,train
YBR189W,Nucleus,3,train
YDR064W,Cytoplasm,0,train
YLR167W,Cytoplasm,0,train
YDL165W,Nucleus,3,test
YDR168W,Cytoplasm,0,test
YIL038C,Nucleus,3,train
YOR361C,Cytoplasm,0,train
YGL058W,Nucleus,3,train
YJL080C,Nucleus,3,train
YLR303W,Cytoplasm,0,test
YGR088W,Cytoplasm,0,test
YLR355C,Mitochondria,2,train
YLR044C,Nucleus,3,train
YPR113W,Mitochondria,2,train
YNL104C,Mitochondria,2,train
YDL108W,Nucleus,3,train
YJL164C,Nucleus,3,train
YCR031C,Nucleus,3,train
YOR204W,Cytoplasm,0,train
YDL042C,Nucleus,3,train
YLR442C,Nucleus,3,train
YOR257W,Other,4,train
YPR160W,Cytoplasm,0,train
YGL237C,Nucleus,3,train
YPL022W,Nucleus,3,train
YML032C,Nucleus,3,train
YPR165W,Membrane_Secretory,1,train
YNL090W,Membrane_Secretory,1,test
YDR477W,Nucleus,3,train
YOR074C,Nucleus,3,train
YNL088W,Nucleus,3,test
YBR109C,Other,4,train
YML095C,Nucleus,3,train
YER171W,Nucleus,3,train
YER161C,Nucleus,3,train
YDR392W,Nucleus,3,train
YOR065W,Mitochondria,2,train
YDR226W,Mitochondria,2,train
YNL121C,Mitochondria,2,train
YGL234W,Cytoplasm,0,train
YGR204W,Nucleus,3,train
YMR083W,Mitochondria,2,train
YDR216W,Nucleus,3,train
YMR042W,Nucleus,3,train
YDR173C,Nucleus,3,test
YBL099W,Mitochondria,2,train
YDL067C,Mitochondria,2,train
YBL045C,Mitochondria,2,test
YPR191W,Mitochondria,2,test
YOR303W,Cytoplasm,0,train
YJL130C,Cytoplasm,0,test
YOL139C,Nucleus,3,train
YPL075W,Nucleus,3,train
YPR033C,Mitochondria,2,train
YPL154C,Membrane_Secretory,1,train
YDL106C,Nucleus,3,train
YFR034C,Nucleus,3,train
YML061C,Mitochondria,2,train
YLR014C,Nucleus,3,train
YGL043W,Nucleus,3,train
YOR122C,Membrane_Secretory,1,test
YGR258C,Nucleus,3,train
YMR208W,Cytoplasm,0,train
YIL033C,Nucleus,3,train
YOL121C,Cytoplasm,0,train
YNL302C,Cytoplasm,0,train
YFL045C,Cytoplasm,0,train
YDR023W,Cytoplasm,0,train
YBR243C,Membrane_Secretory,1,train
YMR108W,Mitochondria,2,train
YHR013C,Cytoplasm,0,train
YFL005W,Membrane_Secretory,1,train
YPR110C,Nucleus,3,train
YFL009W,Nucleus,3,train
YAL024C,Cytoplasm,0,test
YOR274W,Nucleus,3,train
YLR438W,Cytoplasm,0,train
YNL192W,Membrane_Secretory,1,train
YJL128C,Cytoplasm,0,train
YEL024W,Mitochondria,2,train
YDR146C,Nucleus,3,train
YPL262W,Nucleus,3,train
YPR047W,Mitochondria,2,train
YKL184W,Cytoplasm,0,train
YER026C,Mitochondria,2,train
YDR523C,Nucleus,3,train
YJL208C,Mitochondria,2,train
YOR151C,Nucleus,3,train
YJL166W,Mitochondria,2,train
YJR010W,Cytoplasm,0,train
YHR005C,Membrane_Secretory,1,train
YDR127W,Cytoplasm,0,test
YLR451W,Nucleus,3,train
YIR019C,Membrane_Secretory,1,train
YCR005C,Membrane_Secretory,1,train
YOR260W,Cytoplasm,0,train
YPL237W,Cytoplasm,0,train
YJL194W,Nucleus,3,train
YEL060C,Membrane_Secretory,1,train
YBL075C,Cytoplasm,0,train
YBR084W,Mitochondria,2,train
YPL016W,Nucleus,3,train
YGL203C,Other,4,test
YFL018C,Mitochondria,2,train
YML085C,Cytoplasm,0,train
YML124C,Cytoplasm,0,train
YKL022C,Nucleus,3,test
YJL026W,Nucleus,3,train
YDR232W,Mitochondria,2,train
YLR182W,Nucleus,3,train
YLR333C,Cytoplasm,0,test
YKR057W,Cytoplasm,0,train
YPR102C,Nucleus,3,train
YLR264W,Cytoplasm,0,train
YDR316W-B,Nucleus,3,train
YDR365W-B,Nucleus,3,test
YLR157C-B,Nucleus,3,train
YLR227W-B,Nucleus,3,test
YPR137C-B,Nucleus,3,test
YPR158W-B,Nucleus,3,train
YPR158C-D,Nucleus,3,train
YLR410W-B,Nucleus,3,train
YHL009W-B,Nucleus,3,train
YPR170W-B,Membrane_Secretory,1,test
YPR192W,Membrane_Secretory,1,train
YLR256W,Nucleus,3,train
YLL039C,Nucleus,3,train
YIL148W,Cytoplasm,0,train
YKR094C,Cytoplasm,0,test
YJR045C,Mitochondria,2,train
YNL015W,Cytoplasm,0,train
YPR043W,Cytoplasm,0,test
YNL162W,Cytoplasm,0,train
YHR141C,Cytoplasm,0,train
YGR118W,Cytoplasm,0,train
YPR132W,Cytoplasm,0,train
YER074W,Cytoplasm,0,train
YIL069C,Cytoplasm,0,train
YJR145C,Cytoplasm,0,test
YHR203C,Cytoplasm,0,train
YPL090C,Nucleus,3,test
YBR181C,Nucleus,3,train
YBL087C,Cytoplasm,0,train
YER117W,Cytoplasm,0,train
YPL220W,Cytoplasm,0,train
YGL135W,Cytoplasm,0,train
YFR031C-A,Cytoplasm,0,train
YIL018W,Cytoplasm,0,train
YDR025W,Cytoplasm,0,train
YBR048W,Cytoplasm,0,test
YOL120C,Cytoplasm,0,train
YNL301C,Cytoplasm,0,train
YMR143W,Cytoplasm,0,train
YEL054C,Cytoplasm,0,train
YDR418W,Cytoplasm,0,test
YDR450W,Cytoplasm,0,train
YML026C,Cytoplasm,0,test
YFL002W-A,Nucleus,3,train
YGR161W-B,Nucleus,3,train
YLR157C,Membrane_Secretory,1,test
YLR158C,Membrane_Secretory,1,train
YLR160C,Membrane_Secretory,1,train
YBR084C-A,Cytoplasm,0,train
YBL027W,Cytoplasm,0,train
YDL191W,Cytoplasm,0,train
YDL136W,Cytoplasm,0,test
YCR040W,Nucleus,3,train
YCR039C,Nucleus,3,train
YLR155C,Membrane_Secretory,1,test
YHL034C,Nucleus,3,test
YJL138C,Cytoplasm,0,train
YGL256W,Mitochondria,2,test
YMR256C,Mitochondria,2,train
YLR163C,Mitochondria,2,train
YAL005C,Membrane_Secretory,1,train
YLL024C,Membrane_Secretory,1,train
YHR007C,Membrane_Secretory,1,train
YDL130W,Cytoplasm,0,train
YDR347W,Mitochondria,2,train
YBR031W,Nucleus,3,train
YER020W,Membrane_Secretory,1,train
YCR066W,Nucleus,3,train
YER011W,Membrane_Secretory,1,train
YDL194W,Membrane_Secretory,1,test
YGL073W,Nucleus,3,train
YAL025C,Nucleus,3,test
YOR341W,Nucleus,3,train
YDR170C,Membrane_Secretory,1,train
YDL192W,Membrane_Secretory,1,train
YGL062W,Cytoplasm,0,train
YLR382C,Mitochondria,2,test
YDR044W,Cytoplasm,0,test
YDL229W,Cytoplasm,0,train
YDR481C,Cytoplasm,0,train
YPR052C,Nucleus,3,train
YBR089C-A,Nucleus,3,train
YNR026C,Membrane_Secretory,1,train
YCL029C,Cytoplasm,0,test
YCL027W,Membrane_Secretory,1,train
YMR235C,Cytoplasm,0,test
YMR043W,Nucleus,3,train
YML098W,Nucleus,3,train
YHR024C,Mitochondria,2,train
YNL216W,Nucleus,3,train
YDR227W,Nucleus,3,train
YJL153C,Cytoplasm,0,train
YGL013C,Nucleus,3,train
YBR143C,Cytoplasm,0,train
YDR212W,Cytoplasm,0,test
YIL015W,Membrane_Secretory,1,train
YML075C,Membrane_Secretory,1,train
YLR450W,Membrane_Secretory,1,train
YGR084C,Mitochondria,2,train
YNL005C,Mitochondria,2,test
YKL126W,Membrane_Secretory,1,train
YOR346W,Nucleus,3,train
YNL071W,Mitochondria,2,train
YBR196C,Cytoplasm,0,train
YNL250W,Nucleus,3,test
YGR083C,Cytoplasm,0,train
YKL209C,Membrane_Secretory,1,train
YMR231W,Membrane_Secretory,1,train
YGL115W,Nucleus,3,train
YDL040C,Cytoplasm,0,test
YJL092W,Nucleus,3,test
YOR276W,Cytoplasm,0,test
YNL238W,Other,4,train
YDR122W,Membrane_Secretory,1,train
YLR096W,Membrane_Secretory,1,train
YGR202C,Membrane_Secretory,1,test
YNL102W,Nucleus,3,train
YER148W,Nucleus,3,train
YBL021C,Nucleus,3,train
YIL034C,Cytoplasm,0,train
YHR084W,Nucleus,3,train
YGL167C,Membrane_Secretory,1,test
YDR040C,Membrane_Secretory,1,train
YDR158W,Nucleus,3,train
YBR195C,Nucleus,3,train
YGR152C,Membrane_Secretory,1,train
YPR183W,Membrane_Secretory,1,test
YKL109W,Nucleus,3,train
YOR120W,Cytoplasm,0,train
YGL030W,Cytoplasm,0,train
YOR063W,Cytoplasm,0,train
YKL112W,Nucleus,3,train
YBR038W,Membrane_Secretory,1,train
YNL082W,Nucleus,3,train
YPL167C,Nucleus,3,train
YLR263W,Nucleus,3,train
YLR178C,Cytoplasm,0,train
YJL141C,Nucleus,3,train
YGR040W,Nucleus,3,train
YDR054C,Nucleus,3,train
YHR083W,Mitochondria,2,test
YFR036W,Nucleus,3,train
YER162C,Nucleus,3,train
YDR217C,Nucleus,3,test
YKR026C,Cytoplasm,0,train
YLR195C,Cytoplasm,0,train
YLL015W,Membrane_Secretory,1,train
YDR155C,Nucleus,3,train
YDR035W,Cytoplasm,0,train
YKL103C,Membrane_Secretory,1,train
YOR254C,Nucleus,3,test
YJL041W,Nucleus,3,test
YMR228W,Mitochondria,2,train
YBR112C,Nucleus,3,test
YMR186W,Mitochondria,2,test
YDR037W,Cytoplasm,0,train
YDR256C,Other,4,train
YPR181C,Membrane_Secretory,1,train
YGL166W,Nucleus,3,test
YIR022W,Membrane_Secretory,1,test
YDR194C,Mitochondria,2,train
YDL102W,Nucleus,3,train
YDR283C,Cytoplasm,0,train
YPL117C,Cytoplasm,0,train
YDR120C,Mitochondria,2,train
YLR060W,Cytoplasm,0,train
YFL022C,Cytoplasm,0,train
YDL014W,Nucleus,3,train
YKL024C,Nucleus,3,train
YGR282C,Membrane_Secretory,1,train
YOR027W,Cytoplasm,0,train
YOR330C,Mitochondria,2,train
YBR088C,Nucleus,3,train
YCR088W,Other,4,train
YKR086W,Nucleus,3,test
YBR127C,Membrane_Secretory,1,train
YIL021W,Nucleus,3,train
YER178W,Mitochondria,2,train
YGR193C,Mitochondria,2,train
YLR134W,Nucleus,3,train
YJL034W,Other,4,train
YLR249W,Cytoplasm,0,test
YHR166C,Nucleus,3,train
YCL050C,Nucleus,3,train
YHR042W,Mitochondria,2,test
YOR176W,Mitochondria,2,train
YCR084C,Nucleus,3,train
YLR105C,Nucleus,3,train
YBR110W,Membrane_Secretory,1,train
YDR137W,Membrane_Secretory,1,train
YGR240C,Mitochondria,2,train
YMR205C,Mitochondria,2,train
YBL016W,Nucleus,3,train
YER056C,Membrane_Secretory,1,test
YNL272C,Cytoplasm,0,train
YHL033C,Cytoplasm,0,train
YJR060W,Nucleus,3,train
YPR141C,Nucleus,3,train
YPL031C,Nucleus,3,test
YLR233C,Nucleus,3,train
YDL185W,Membrane_Secretory,1,train
YNL322C,Membrane_Secretory,1,train
YGR233C,Nucleus,3,train
YKL085W,Mitochondria,2,train
YNL079C,Cytoplasm,0,train
YNL138W,Other,4,train
YOR158W,Mitochondria,2,train
YDR138W,Nucleus,3,train
YGR019W,Cytoplasm,0,train
YDR513W,Mitochondria,2,test
YPR189W,Nucleus,3,train
YNL151C,Nucleus,3,train
YGR167W,Other,4,train
YNL130C,Mitochondria,2,test
YCL043C,Other,4,train
YBR085W,Mitochondria,2,train
YBL030C,Mitochondria,2,train
YAL010C,Mitochondria,2,test
YAL009W,Nucleus,3,train
YBR083W,Nucleus,3,train
YBR289W,Nucleus,3,train
YBR080C,Cytoplasm,0,train
YJR086W,Membrane_Secretory,1,train
YHL025W,Nucleus,3,train
YGL155W,Cytoplasm,0,train
YMR104C,Cytoplasm,0,test
YLR229C,Membrane_Secretory,1,train
YKR039W,Membrane_Secretory,1,train
YDL137W,Membrane_Secretory,1,test
YJR047C,Cytoplasm,0,train
YDR148C,Mitochondria,2,test
YLR071C,Nucleus,3,train
YLR304C,Mitochondria,2,train
YPL132W,Mitochondria,2,train
YOR326W,Cytoplasm,0,test
YPL133C,Nucleus,3,train
YPL036W,Membrane_Secretory,1,train
YJL085W,Cytoplasm,0,train
YOL051W,Nucleus,3,test
YBR055C,Nucleus,3,train
YDL030W,Nucleus,3,train
YGL077C,Membrane_Secretory,1,test
YML007W,Nucleus,3,train
YLR259C,Mitochondria,2,train
YFR049W,Mitochondria,2,train
YIL072W,Nucleus,3,train
YOL001W,Nucleus,3,train
YPR178W,Nucleus,3,train
YNL135C,Mitochondria,2,train
YNR011C,Nucleus,3,train
YMR243C,Membrane_Secretory,1,train
YOR140W,Nucleus,3,train
YPR088C,Membrane_Secretory,1,train
YJL140W,Nucleus,3,train
YBR154C,Nucleus,3,train
YPR187W,Nucleus,3,train
YOR224C,Nucleus,3,train
YGL078C,Nucleus,3,train
YJL033W,Nucleus,3,train
YOR046C,Nucleus,3,train
YJR007W,Cytoplasm,0,train
YKL021C,Nucleus,3,test
YLR133W,Cytoplasm,0,train
YDL047W,Cytoplasm,0,test
YPL218W,Membrane_Secretory,1,train
YOR098C,Nucleus,3,train
YLR396C,Membrane_Secretory,1,train
YJR004C,Membrane_Secretory,1,train
YIL125W,Mitochondria,2,train
YGL055W,Membrane_Secretory,1,test
YJR094C,Nucleus,3,train
YLR131C,Nucleus,3,test
YOR362C,Nucleus,3,test
YGL011C,Nucleus,3,train
YER168C,Nucleus,3,train
YBR237W,Nucleus,3,train
YJR050W,Nucleus,3,train
YJR051W,Mitochondria,2,train
YER070W,Cytoplasm,0,train
YBR049C,Nucleus,3,test
YPL215W,Mitochondria,2,test
YKR001C,Cytoplasm,0,train
YPL172C,Mitochondria,2,train
YJR021C,Nucleus,3,train
YIL066C,Cytoplasm,0,train
YKR101W,Nucleus,3,train
YDR337W,Mitochondria,2,train
YLL041C,Mitochondria,2,test
YPL094C,Membrane_Secretory,1,train
YIR031C,Other,4,test
YGL097W,Nucleus,3,train
YNL262W,Nucleus,3,test
YDL066W,Mitochondria,2,train
YHL020C,Nucleus,3,train
YDL090C,Cytoplasm,0,test
YOR290C,Nucleus,3,train
YDR530C,Nucleus,3,train
YOL126C,Cytoplasm,0,train
YGL206C,Other,4,test
YPR010C,Nucleus,3,train
YOR210W,Nucleus,3,train
YHR123W,Membrane_Secretory,1,train
YER012W,Nucleus,3,train
YMR307W,Membrane_Secretory,1,test
YGL173C,Cytoplasm,0,train
YOL116W,Nucleus,3,train
YGL071W,Nucleus,3,train
YER103W,Cytoplasm,0,train
YOR332W,Membrane_Secretory,1,train
YGR092W,Nucleus,3,train
YNL183C,Cytoplasm,0,train
YDR189W,Membrane_Secretory,1,train
YLR268W,Membrane_Secretory,1,train
YPL153C,Nucleus,3,train
YLR043C,Nucleus,3,test
YBR097W,Membrane_Secretory,1,train
YGL233W,Membrane_Secretory,1,train
YOR207C,Nucleus,3,test
YGR183C,Mitochondria,2,train
YAR007C,Nucleus,3,train
YKL210W,Nucleus,3,train
YPL008W,Nucleus,3,train
YLR240W,Membrane_Secretory,1,train
YOL004W,Nucleus,3,train
YJR017C,Nucleus,3,train
YOL058W,Cytoplasm,0,train
YGR209C,Nucleus,3,train
YIL004C,Membrane_Secretory,1,train
YGL156W,Membrane_Secretory,1,test
YKL114C,Nucleus,3,test
YHL022C,Nucleus,3,train
YLL021W,Other,4,train
YNL229C,Cytoplasm,0,train
YCR042C,Nucleus,3,train
YHR057C,Membrane_Secretory,1,train
YHR135C,Mitochondria,2,train
YNL154C,Membrane_Secretory,1,train
YPR161C,Nucleus,3,train
YEL034W,Cytoplasm,0,train
YDR243C,Nucleus,3,train
YNL240C,Nucleus,3,train
YLR027C,Membrane_Secretory,1,test
YMR011W,Membrane_Secretory,1,test
YGR116W,Nucleus,3,train
YGR135W,Nucleus,3,train
YML092C,Nucleus,3,test
YML115C,Membrane_Secretory,1,train
YDR495C,Cytoplasm,0,train
YMR203W,Mitochondria,2,test
YBL041W,Nucleus,3,train
YLR300W,Membrane_Secretory,1,train
YBR037C,Mitochondria,2,train
YLL043W,Membrane_Secretory,1,test
YHR026W,Membrane_Secretory,1,train
YKL197C,Membrane_Secretory,1,test
YEL032W,Nucleus,3,train
YMR079W,Membrane_Secretory,1,train
YKL149C,Nucleus,3,train
YER013W,Nucleus,3,test
YPR175W,Nucleus,3,train
YNL112W,Nucleus,3,train
YPL119C,Cytoplasm,0,train
YDR423C,Nucleus,3,train
YJR090C,Membrane_Secretory,1,train
YNL289W,Nucleus,3,train
YOL022C,Cytoplasm,0,train
YPR065W,Nucleus,3,test
YOR157C,Nucleus,3,train
YDL230W,Cytoplasm,0,train
YMR296C,Membrane_Secretory,1,train
YBL093C,Nucleus,3,train
YML008C,Mitochondria,2,test
YKR048C,Nucleus,3,test
YNL007C,Nucleus,3,test
YML123C,Membrane_Secretory,1,train
YMR061W,Nucleus,3,train
YGL044C,Nucleus,3,train
YCR038C,Cytoplasm,0,train
YDR004W,Nucleus,3,train
YMR214W,Other,4,train
YCR092C,Nucleus,3,train
YGL012W,Membrane_Secretory,1,train
YCR002C,Membrane_Secretory,1,train
YCR009C,Cytoplasm,0,train
YCR098C,Membrane_Secretory,1,train
YCR003W,Mitochondria,2,train
YCR004C,Mitochondria,2,train
YCR026C,Membrane_Secretory,1,train
YCR033W,Nucleus,3,train
YCR034W,Membrane_Secretory,1,test
YCR035C,Nucleus,3,train
YCR037C,Membrane_Secretory,1,train
YCR065W,Nucleus,3,train
YCL031C,Nucleus,3,train
YCL034W,Cytoplasm,0,train
YCR083W,Mitochondria,2,train
YCL035C,Nucleus,3,test
YCL017C,Nucleus,3,test
YCL057W,Cytoplasm,0,train
YCL025C,Membrane_Secretory,1,train
YCR027C,Membrane_Secretory,1,test
YCR072C,Nucleus,3,train
YCL019W,Nucleus,3,test
YLR078C,Membrane_Secretory,1,train
YDL058W,Membrane_Secretory,1,test
YCL024W,Cytoplasm,0,train
YDL150W,Nucleus,3,train
YGL123W,Nucleus,3,train
YER094C,Nucleus,3,train
YER179W,Nucleus,3,train
YER095W,Nucleus,3,train
YNL064C,Cytoplasm,0,train
YKL015W,Nucleus,3,train
YEL027W,Membrane_Secretory,1,train
YCL010C,Nucleus,3,train
YCL011C,Nucleus,3,train
YCL039W,Nucleus,3,train
YCL044C,Mitochondria,2,train
YCL045C,Membrane_Secretory,1,test
YCL047C,Nucleus,3,test
YCL054W,Nucleus,3,train
YCL055W,Nucleus,3,train
YCL059C,Nucleus,3,train
YCL005W,Membrane_Secretory,1,train
YCL061C,Nucleus,3,train
YCL063W,Membrane_Secretory,1,test
YCL008C,Membrane_Secretory,1,train
YCL009C,Mitochondria,2,train
YCR010C,Membrane_Secretory,1,train
YCR014C,Nucleus,3,train
YCR017C,Membrane_Secretory,1,train
YCR030C,Cytoplasm,0,test
YCR047C,Nucleus,3,train
YCR052W,Nucleus,3,train
YCR057C,Nucleus,3,train
YCR059C,Nucleus,3,train
YCR060W,Nucleus,3,train
YCR068W,Other,4,train
YCR071C,Mitochondria,2,train
YCR077C,Nucleus,3,train
YCR079W,Mitochondria,2,train
YCR081W,Nucleus,3,train
YCR086W,Nucleus,3,test
YCR089W,Membrane_Secretory,1,test
YCR093W,Nucleus,3,train
YCR094W,Other,4,train
YDL127W,Nucleus,3,train
YDL126C,Nucleus,3,train
YML078W,Mitochondria,2,train
YFL002C,Nucleus,3,test
YHR120W,Mitochondria,2,test
YOL090W,Nucleus,3,train
YDL200C,Nucleus,3,train
YGR087C,Cytoplasm,0,train
YGL116W,Nucleus,3,test
YPL131W,Nucleus,3,train
YER170W,Mitochondria,2,train
YDL170W,Nucleus,3,train
YMR055C,Other,4,train
YOR026W,Nucleus,3,test
YNL312W,Nucleus,3,train
YJL173C,Nucleus,3,test
YJR123W,Cytoplasm,0,train
YIL133C,Cytoplasm,0,test
YNL069C,Cytoplasm,0,test
YOR096W,Nucleus,3,train
YKL113C,Nucleus,3,train
YBR278W,Nucleus,3,train
YJR005W,Membrane_Secretory,1,test
YLR258W,Cytoplasm,0,test
YGR159C,Nucleus,3,train
YNR013C,Membrane_Secretory,1,train
YNR012W,Nucleus,3,train
YJL172W,Membrane_Secretory,1,train
YAR019C,Cytoplasm,0,train
YBR067C,Membrane_Secretory,1,train
YOL096C,Mitochondria,2,train
YML010W,Nucleus,3,train
YGL119W,Mitochondria,2,train
YGL035C,Nucleus,3,test
YIL160C,Mitochondria,2,test
YLR148W,Membrane_Secretory,1,train
YDR483W,Membrane_Secretory,1,train
YOR099W,Membrane_Secretory,1,train
YAL058W,Membrane_Secretory,1,train
YGR029W,Mitochondria,2,train
YEL061C,Mitochondria,2,train
YNL137C,Mitochondria,2,test
YGL070C,Nucleus,3,train
YNL113W,Nucleus,3,train
YAL032C,Nucleus,3,train
YAL033W,Nucleus,3,test
YHR089C,Nucleus,3,train
YER065C,Membrane_Secretory,1,test
YOR136W,Mitochondria,2,train
YEL012W,Cytoplasm,0,train
YKL216W,Cytoplasm,0,train
YKL215C,Cytoplasm,0,train
YKL096W,Membrane_Secretory,1,test
YKL095W,Nucleus,3,test
YKL094W,Mitochondria,2,train
YKL007W,Cytoplasm,0,test
YKL008C,Membrane_Secretory,1,train
YMR201C,Nucleus,3,test
YMR150C,Mitochondria,2,train
YKL116C,Cytoplasm,0,train
YGR028W,Mitochondria,2,train
YBL063W,Other,4,train
YPL155C,Cytoplasm,0,train
YDR498C,Membrane_Secretory,1,train
YDR329C,Membrane_Secretory,1,test
YDR036C,Mitochondria,2,train
YNL037C,Mitochondria,2,train
YLR286C,Membrane_Secretory,1,train
YPR086W,Nucleus,3,train
YGR246C,Nucleus,3,test
YPL204W,Nucleus,3,train
YGR133W,Membrane_Secretory,1,test
YBR200W,Cytoplasm,0,train
YLL045C,Cytoplasm,0,test
YOR208W,Nucleus,3,train
YBR023C,Membrane_Secretory,1,train
YKR002W,Nucleus,3,train
YBL023C,Nucleus,3,train
YLR274W,Nucleus,3,train
YDR353W,Mitochondria,2,test
YBR275C,Nucleus,3,train
YPL048W,Nucleus,3,train
YKL019W,Cytoplasm,0,train
YHR190W,Membrane_Secretory,1,train
YER003C,Cytoplasm,0,train
YDR497C,Membrane_Secretory,1,train
YMR137C,Nucleus,3,train
YOR317W,Membrane_Secretory,1,train
YPR103W,Nucleus,3,train
YFR050C,Nucleus,3,test
YPR019W,Nucleus,3,train
YMR080C,Cytoplasm,0,train
YGR218W,Nucleus,3,train
YKL016C,Mitochondria,2,train
YNL117W,Other,4,test
YAL030W,Other,4,test
YDR285W,Nucleus,3,train
YFL001W,Nucleus,3,train
YBR114W,Nucleus,3,train
YAL012W,Cytoplasm,0,train
YAL017W,Cytoplasm,0,train
YAL011W,Nucleus,3,train
YAL014C,Membrane_Secretory,1,train
YAL015C,Nucleus,3,train
YAL019W,Nucleus,3,train
YAL023C,Membrane_Secretory,1,train
YAL021C,Nucleus,3,train
YAL013W,Nucleus,3,train
YAL020C,Cytoplasm,0,train
YKL080W,Membrane_Secretory,1,test
YLL026W,Nucleus,3,train
YDR074W,Cytoplasm,0,train
YGL038C,Membrane_Secretory,1,test
YNL073W,Mitochondria,2,train
YNL287W,Membrane_Secretory,1,test
YPR060C,Cytoplasm,0,train
YOL064C,Nucleus,3,train
YNL236W,Nucleus,3,train
YOR211C,Mitochondria,2,train
YPR035W,Cytoplasm,0,train
YBL015W,Cytoplasm,0,train
YGR144W,Nucleus,3,train
YBL017C,Other,4,train
YNR044W,Membrane_Secretory,1,train
YDR385W,Cytoplasm,0,train
YBR218C,Cytoplasm,0,train
YLR120C,Membrane_Secretory,1,test
YKL120W,Mitochondria,2,test
YPL082C,Nucleus,3,train
YGR014W,Membrane_Secretory,1,train
YLR203C,Mitochondria,2,train
YOR373W,Other,4,train
YMR308C,Nucleus,3,train
YGR044C,Nucleus,3,train
YML120C,Mitochondria,2,test
YKL122C,Nucleus,3,train
YKL124W,Membrane_Secretory,1,test
YLR204W,Mitochondria,2,train
YDR075W,Nucleus,3,train
YDR047W,Nucleus,3,train
YPR190C,Nucleus,3,train
YMR202W,Membrane_Secretory,1,train
YLR056W,Membrane_Secretory,1,train
YIL150C,Nucleus,3,test
YDR001C,Cytoplasm,0,train
YBL074C,Nucleus,3,train
YHR079C,Membrane_Secretory,1,train
YPL175W,Membrane_Secretory,1,train
YKL079W,Cytoplasm,0,train
YLR447C,Membrane_Secretory,1,train
YBR123C,Nucleus,3,test
YKL212W,Membrane_Secretory,1,train
YGR253C,Nucleus,3,train
YDR356W,Nucleus,3,train
YDL029W,Other,4,train
YLL048C,Membrane_Secretory,1,train
YDR405W,Mitochondria,2,train
YNL103W,Nucleus,3,train
YDL078C,Membrane_Secretory,1,train
YLR403W,Nucleus,3,train
YCR028C-A,Mitochondria,2,train
YJL115W,Nucleus,3,test
YBR249C,Cytoplasm,0,train
YKL157W,Mitochondria,2,test
YLR314C,Membrane_Secretory,1,train
YJR076C,Membrane_Secretory,1,train
YKL191W,Cytoplasm,0,train
YNL280C,Membrane_Secretory,1,train
YKL192C,Mitochondria,2,train
YHR094C,Membrane_Secretory,1,test
YDR345C,Membrane_Secretory,1,train
YHR092C,Membrane_Secretory,1,train
YHR107C,Membrane_Secretory,1,train
YDR519W,Membrane_Secretory,1,train
YBR221C,Mitochondria,2,train
YDR518W,Other,4,train
YGR175C,Membrane_Secretory,1,train
YJL159W,Membrane_Secretory,1,train
YBL008W,Nucleus,3,train
YOR038C,Nucleus,3,train
YER025W,Cytoplasm,0,test
YLR113W,Nucleus,3,train
YPR159W,Membrane_Secretory,1,train
YAL029C,Cytoplasm,0,train
YDR176W,Nucleus,3,train
YDL208W,Nucleus,3,train
YMR309C,Cytoplasm,0,test
YLR335W,Nucleus,3,train
YML031W,Nucleus,3,test
YDR211W,Cytoplasm,0,train
YLR291C,Cytoplasm,0,test
YGR140W,Nucleus,3,train
YGL122C,Nucleus,3,test
YIR006C,Membrane_Secretory,1,train
YLL036C,Nucleus,3,train
YJL203W,Nucleus,3,train
YPL269W,Nucleus,3,train
YGR285C,Cytoplasm,0,train
YJR063W,Nucleus,3,train
YGL207W,Nucleus,3,train
YNL330C,Nucleus,3,train
YMR001C,Other,4,train
YOR270C,Membrane_Secretory,1,train
YGR229C,Nucleus,3,test
YMR165C,Nucleus,3,train
YDR011W,Membrane_Secretory,1,train
YER022W,Nucleus,3,test
YBR253W,Nucleus,3,train
YDR069C,Cytoplasm,0,train
YNL202W,Membrane_Secretory,1,train
YDR422C,Membrane_Secretory,1,train
YGL169W,Nucleus,3,train
YPL029W,Mitochondria,2,train
YDR410C,Membrane_Secretory,1,train
YGR104C,Nucleus,3,train
YNL016W,Nucleus,3,test
YPL106C,Cytoplasm,0,train
YJL176C,Nucleus,3,test
YIL126W,Nucleus,3,train
YER133W,Nucleus,3,train
YKL203C,Membrane_Secretory,1,train
YBL050W,Membrane_Secretory,1,test
YBR119W,Nucleus,3,train
YOL067C,Nucleus,3,train
YDR323C,Membrane_Secretory,1,test
YEL051W,Membrane_Secretory,1,train
YEL047C,Cytoplasm,0,train
YEL044W,Nucleus,3,train
YEL042W,Membrane_Secretory,1,train
YEL040W,Membrane_Secretory,1,train
YEL037C,Nucleus,3,train
YEL036C,Membrane_Secretory,1,train
YER172C,Nucleus,3,train
YER173W,Nucleus,3,train
YER175C,Cytoplasm,0,train
YER176W,Cytoplasm,0,train
YER164W,Nucleus,3,train
YER166W,Membrane_Secretory,1,train
YGL016W,Other,4,train
YAR050W,Membrane_Secretory,1,train
YKR084C,Cytoplasm,0,train
YDL168W,Mitochondria,2,train
YOR194C,Nucleus,3,train
YKL058W,Nucleus,3,train
YDR311W,Nucleus,3,test
YBR236C,Nucleus,3,train
YBL011W,Membrane_Secretory,1,train
YBL007C,Nucleus,3,test
YLR214W,Membrane_Secretory,1,train
YHR016C,Other,4,train
YLR397C,Cytoplasm,0,train
YPR024W,Mitochondria,2,train
YML042W,Membrane_Secretory,1,train
YDL220C,Other,4,train
YOR316C,Membrane_Secretory,1,train
YGL191W,Mitochondria,2,train
YJL210W,Membrane_Secretory,1,train
YLR083C,Membrane_Secretory,1,train
YGL200C,Membrane_Secretory,1,train
YMR284W,Nucleus,3,test
YDL013W,Nucleus,3,train
YMR224C,Nucleus,3,train
YBR091C,Mitochondria,2,train
YMR091C,Nucleus,3,train
YBR060C,Nucleus,3,train
YLR293C,Nucleus,3,train
YDR375C,Mitochondria,2,train
YPL234C,Membrane_Secretory,1,train
YIL068C,Cytoplasm,0,test
YLR032W,Nucleus,3,train
YOR036W,Membrane_Secretory,1,train
YPR055W,Membrane_Secretory,1,train
YKL040C,Mitochondria,2,test
YKL038W,Nucleus,3,train
YGL163C,Nucleus,3,train
YPL232W,Membrane_Secretory,1,train
YPL115C,Cytoplasm,0,test
YMR207C,Mitochondria,2,train
YDL174C,Mitochondria,2,train
YLL008W,Nucleus,3,train
YGR166W,Cytoplasm,0,train
YKL181W,Cytoplasm,0,train
YNR017W,Mitochondria,2,train
YDR430C,Mitochondria,2,train
YHR148W,Nucleus,3,train
YHR149C,Membrane_Secretory,1,train
YKR093W,Membrane_Secretory,1,train
YHL004W,Mitochondria,2,train
YGR214W,Cytoplasm,0,train
YJR131W,Membrane_Secretory,1,train
YFL008W,Nucleus,3,train
YBR172C,Cytoplasm,0,test
YNR003C,Nucleus,3,test
YGL212W,Membrane_Secretory,1,test
YOR132W,Other,4,train
YGR063C,Nucleus,3,train
YLR378C,Membrane_Secretory,1,train
YDR292C,Membrane_Secretory,1,test
YDR103W,Cytoplasm,0,test
YML001W,Membrane_Secretory,1,train
YJL187C,Nucleus,3,train
YOR344C,Nucleus,3,train
YKL009W,Nucleus,3,train
YKL012W,Nucleus,3,train
YKL013C,Other,4,train
YER100W,Membrane_Secretory,1,test
YOR117W,Nucleus,3,train
YDR394W,Nucleus,3,test
YKL145W,Nucleus,3,train
YPL057C,Membrane_Secretory,1,train
YDR369C,Nucleus,3,train
YOR153W,Membrane_Secretory,1,train
YGL238W,Nucleus,3,train
YNR010W,Nucleus,3,train
YNL001W,Cytoplasm,0,train
YLR188W,Mitochondria,2,test
YBR155W,Cytoplasm,0,train
YLR175W,Nucleus,3,test
YOR327C,Other,4,train
YDL052C,Membrane_Secretory,1,train
YHR165C,Nucleus,3,train
YGR143W,Membrane_Secretory,1,test
YNL243W,Membrane_Secretory,1,train
YGR047C,Nucleus,3,train
YDL051W,Nucleus,3,train
YHL027W,Nucleus,3,train
YKL127W,Cytoplasm,0,train
YHL016C,Membrane_Secretory,1,train
YDR258C,Mitochondria,2,train
YKL032C,Nucleus,3,train
YKL205W,Nucleus,3,test
YPL124W,Nucleus,3,train
YPL174C,Cytoplasm,0,train
YKL141W,Mitochondria,2,train
YML062C,Nucleus,3,test
YLR441C,Cytoplasm,0,train
YOR045W,Mitochondria,2,train
YMR037C,Nucleus,3,train
YKL062W,Nucleus,3,test
YLL011W,Nucleus,3,test
YDR538W,Mitochondria,2,train
YBR171W,Membrane_Secretory,1,train
YBR170C,Nucleus,3,train
YBR251W,Mitochondria,2,train
YNL329C,Membrane_Secretory,1,train
YEL002C,Membrane_Secretory,1,train
YDL095W,Membrane_Secretory,1,train
YGL145W,Membrane_Secretory,1,train
YGL195W,Cytoplasm,0,train
YOL069W,Nucleus,3,train
YFR002W,Nucleus,3,train
YKL143W,Nucleus,3,train
YDR404C,Nucleus,3,train
YJL154C,Membrane_Secretory,1,train
YAL001C,Nucleus,3,test
YMR125W,Nucleus,3,train
YML027W,Nucleus,3,test
YHR041C,Nucleus,3,test
YKL140W,Membrane_Secretory,1,train
YGL208W,Membrane_Secretory,1,train
YBL047C,Cytoplasm,0,train
YBL051C,Cytoplasm,0,test
YBL052C,Nucleus,3,train
YBL054W,Nucleus,3,train
YBL055C,Cytoplasm,0,train
YBL056W,Nucleus,3,train
YBL058W,Nucleus,3,train
YBL060W,Membrane_Secretory,1,train
YBL061C,Membrane_Secretory,1,test
YBL064C,Mitochondria,2,test
YKL188C,Membrane_Secretory,1,train
YKL185W,Nucleus,3,test
YKL014C,Nucleus,3,train
YKL017C,Nucleus,3,train
YKL101W,Cytoplasm,0,test
YKL099C,Nucleus,3,train
YKL108W,Nucleus,3,train
YDR099W,Nucleus,3,train
YFR019W,Membrane_Secretory,1,test
YOR329C,Membrane_Secretory,1,train
YML028W,Cytoplasm,0,test
YER068W,Nucleus,3,train
YDR244W,Cytoplasm,0,train
YJR066W,Membrane_Secretory,1,test
YDR304C,Other,4,train
YBR081C,Nucleus,3,test
YDR086C,Membrane_Secretory,1,train
YGR082W,Mitochondria,2,test
YLR170C,Nucleus,3,test
YDL006W,Membrane_Secretory,1,train
YMR190C,Nucleus,3,test
YPL129W,Nucleus,3,train
YFL016C,Mitochondria,2,train
YMR021C,Nucleus,3,train
YOL082W,Other,4,train
YBL004W,Nucleus,3,test
YBR002C,Membrane_Secretory,1,train
YDL226C,Mitochondria,2,test
YLR168C,Mitochondria,2,train
YKL089W,Nucleus,3,train
YMR094W,Nucleus,3,train
YBR036C,Membrane_Secretory,1,train
YLR398C,Cytoplasm,0,train
YDL240W,Cytoplasm,0,train
YKL056C,Mitochondria,2,train
YKL144C,Nucleus,3,train
YKL059C,Nucleus,3,train
YKL057C,Nucleus,3,train
YKL054C,Nucleus,3,train
YKL052C,Nucleus,3,test
YLR399C,Nucleus,3,test
YOR237W,Membrane_Secretory,1,train
YPL145C,Membrane_Secretory,1,train
YAR042W,Membrane_Secretory,1,test
YKL156W,Cytoplasm,0,train
YKL134C,Mitochondria,2,test
YKL135C,Membrane_Secretory,1,train
YKL171W,Cytoplasm,0,train
YKL129C,Other,4,train
YKL081W,Cytoplasm,0,train
YKL078W,Nucleus,3,train
YKL067W,Mitochondria,2,train
YKL049C,Nucleus,3,train
YKL026C,Mitochondria,2,train
YKL196C,Membrane_Secretory,1,train
YKL073W,Other,4,train
YOR089C,Mitochondria,2,test
YKR014C,Membrane_Secretory,1,test
YNL093W,Membrane_Secretory,1,test
YKR054C,Cytoplasm,0,train
YKR072C,Nucleus,3,train
YLR332W,Membrane_Secretory,1,train
YKL220C,Membrane_Secretory,1,train
YKL217W,Membrane_Secretory,1,train
YKL213C,Nucleus,3,train
YKL204W,Cytoplasm,0,train
YKL201C,Membrane_Secretory,1,test
YKL195W,Mitochondria,2,train
YKL193C,Nucleus,3,train
YKL173W,Nucleus,3,test
YKL172W,Nucleus,3,train
YKL165C,Membrane_Secretory,1,train
YKL155C,Mitochondria,2,train
YKL154W,Membrane_Secretory,1,train
YKL150W,Mitochondria,2,train
YKL130C,Nucleus,3,test
YKL088W,Cytoplasm,0,train
YKL086W,Nucleus,3,test
YKL082C,Nucleus,3,train
YKL077W,Other,4,test
YKL069W,Nucleus,3,test
YKL046C,Membrane_Secretory,1,test
YKL042W,Nucleus,3,train
YKL041W,Membrane_Secretory,1,train
YKL034W,Membrane_Secretory,1,train
YKL028W,Nucleus,3,test
YKL025C,Cytoplasm,0,train
YKL018W,Nucleus,3,train
YKL006W,Cytoplasm,0,train
YKL004W,Other,4,train
YKL002W,Membrane_Secretory,1,test
YKR016W,Mitochondria,2,train
YKR020W,Membrane_Secretory,1,train
YKR021W,Cytoplasm,0,train
YKR022C,Nucleus,3,train
YKR023W,Cytoplasm,0,test
YKR024C,Nucleus,3,test
YKR025W,Nucleus,3,train
YKR027W,Other,4,train
YKR028W,Cytoplasm,0,train
YKR036C,Mitochondria,2,train
YKR037C,Nucleus,3,test
YKR038C,Nucleus,3,train
YKR042W,Mitochondria,2,train
YKR043C,Nucleus,3,train
YKR051W,Membrane_Secretory,1,train
YKR058W,Membrane_Secretory,1,train
YKR063C,Nucleus,3,train
YKR067W,Membrane_Secretory,1,test
YKR068C,Membrane_Secretory,1,test
YKR071C,Mitochondria,2,train
YKR076W,Cytoplasm,0,train
YKR081C,Nucleus,3,test
YKR082W,Nucleus,3,train
YKR083C,Nucleus,3,test
YKR087C,Mitochondria,2,train
YKR089C,Membrane_Secretory,1,train
YKR102W,Membrane_Secretory,1,train
YGR185C,Nucleus,3,train
YMR024W,Mitochondria,2,test
YLR439W,Mitochondria,2,train
YNL284C,Mitochondria,2,train
YMR193W,Mitochondria,2,train
YNL252C,Mitochondria,2,train
YBR122C,Mitochondria,2,train
YBL022C,Mitochondria,2,train
YMR105C,Cytoplasm,0,train
YJR040W,Membrane_Secretory,1,train
YLR058C,Cytoplasm,0,train
YBR263W,Mitochondria,2,test
YMR054W,Membrane_Secretory,1,train
YDR178W,Mitochondria,2,train
YHR001W-A,Mitochondria,2,train
YLR337C,Cytoplasm,0,train
YPL043W,Nucleus,3,train
YMR120C,Cytoplasm,0,train
YMR116C,Cytoplasm,0,train
YLR109W,Cytoplasm,0,train
YBL085W,Cytoplasm,0,train
YBL084C,Nucleus,3,train
YBL068W,Cytoplasm,0,test
YBR006W,Cytoplasm,0,test
YBR015C,Membrane_Secretory,1,test
YBR028C,Cytoplasm,0,test
YBR026C,Mitochondria,2,test
YBR034C,Nucleus,3,test
YBR035C,Mitochondria,2,train
YBR039W,Mitochondria,2,train
YBR068C,Membrane_Secretory,1,train
YBR069C,Membrane_Secretory,1,train
YBR073W,Nucleus,3,train
YBR121C,Mitochondria,2,train
YBR139W,Other,4,test
YBL088C,Nucleus,3,train
YBR136W,Nucleus,3,train
YBR142W,Nucleus,3,train
YBR149W,Cytoplasm,0,test
YBR164C,Membrane_Secretory,1,train
YBL035C,Nucleus,3,test
YBR175W,Nucleus,3,train
YBR180W,Other,4,train
YBR192W,Mitochondria,2,train
YBR182C,Nucleus,3,train
YBR198C,Nucleus,3,train
YBR205W,Membrane_Secretory,1,train
YBR202W,Nucleus,3,train
YBR222C,Membrane_Secretory,1,train
YBR229C,Membrane_Secretory,1,train
YBR204C,Membrane_Secretory,1,train
YBR239C,Nucleus,3,train
YBR244W,Nucleus,3,train
YBR245C,Nucleus,3,train
YBR264C,Membrane_Secretory,1,train
YBR274W,Nucleus,3,train
YBR281C,Nucleus,3,train
YBR288C,Membrane_Secretory,1,train
YBL103C,Nucleus,3,train
YBL101C,Cytoplasm,0,train
YBL098W,Mitochondria,2,train
YBL097W,Nucleus,3,train
YBL091C,Cytoplasm,0,train
YBL079W,Nucleus,3,test
YBL078C,Mitochondria,2,train
YBL046W,Nucleus,3,train
YBL034C,Nucleus,3,train
YBL032W,Nucleus,3,test
YBL031W,Cytoplasm,0,train
YBL026W,Nucleus,3,train
YBL024W,Nucleus,3,test
YBL019W,Nucleus,3,train
YBL018C,Nucleus,3,train
YBR004C,Membrane_Secretory,1,test
YBR005W,Membrane_Secretory,1,train
YBR017C,Nucleus,3,test
YBR029C,Membrane_Secretory,1,test
YBR041W,Membrane_Secretory,1,train
YBR043C,Membrane_Secretory,1,train
YBR044C,Mitochondria,2,test
YBR046C,Cytoplasm,0,train
YBR057C,Nucleus,3,train
YBR058C,Nucleus,3,train
YBR061C,Cytoplasm,0,train
YBR065C,Nucleus,3,train
YBR070C,Nucleus,3,train
YBR074W,Membrane_Secretory,1,train
YBR077C,Membrane_Secretory,1,train
YBR078W,Membrane_Secretory,1,train
YBR079C,Cytoplasm,0,train
YBR086C,Membrane_Secretory,1,train
YBR087W,Nucleus,3,train
YBR095C,Nucleus,3,train
YBR098W,Nucleus,3,train
YBR101C,Cytoplasm,0,train
YBR102C,Cytoplasm,0,test
YBR103W,Nucleus,3,train
YBR105C,Other,4,train
YBR106W,Mitochondria,2,train
YBR107C,Nucleus,3,test
YBR108W,Other,4,test
YBR128C,Membrane_Secretory,1,train
YBR129C,Membrane_Secretory,1,train
YBR130C,Membrane_Secretory,1,test
YBR131W,Membrane_Secretory,1,train
YBR133C,Cytoplasm,0,test
YBR147W,Mitochondria,2,train
YBR152W,Nucleus,3,train
YBR156C,Nucleus,3,train
YBR158W,Nucleus,3,train
YBR159W,Membrane_Secretory,1,train
YBR161W,Membrane_Secretory,1,train
YBR163W,Mitochondria,2,train
YBR167C,Nucleus,3,train
YBR179C,Mitochondria,2,train
YBR183W,Membrane_Secretory,1,train
YBR185C,Mitochondria,2,train
YBR187W,Other,4,train
YBR188C,Nucleus,3,train
YBR193C,Nucleus,3,train
YBR201W,Membrane_Secretory,1,train
YBR207W,Membrane_Secretory,1,train
YBR211C,Nucleus,3,test
YBR217W,Other,4,train
YBR223C,Nucleus,3,train
YBR227C,Mitochondria,2,test
YBR228W,Nucleus,3,train
YBR231C,Nucleus,3,train
YBR234C,Other,4,train
YBR235W,Membrane_Secretory,1,test
YBR246W,Membrane_Secretory,1,train
YBR247C,Nucleus,3,test
YBR254C,Membrane_Secretory,1,train
YBR257W,Nucleus,3,train
YBR260C,Cytoplasm,0,train
YBR261C,Cytoplasm,0,train
YBR262C,Mitochondria,2,train
YBR265W,Membrane_Secretory,1,train
YBR267W,Cytoplasm,0,train
YBR269C,Mitochondria,2,train
YBR272C,Cytoplasm,0,train
YBR279W,Other,4,train
YBR283C,Membrane_Secretory,1,train
YBR290W,Membrane_Secretory,1,train
YBR295W,Membrane_Secretory,1,train
YBR296C,Membrane_Secretory,1,train
YMR261C,Cytoplasm,0,train
YML100W,Cytoplasm,0,train
YMR264W,Membrane_Secretory,1,train
YMR263W,Nucleus,3,train
YOR123C,Other,4,train
YOR232W,Mitochondria,2,train
YER031C,Membrane_Secretory,1,train
YHR072W,Membrane_Secretory,1,train
YLR248W,Cytoplasm,0,train
YJL001W,Nucleus,3,train
YIL043C,Mitochondria,2,train
YJR103W,Cytoplasm,0,train
YEL058W,Nucleus,3,train
YNL290W,Nucleus,3,train
YOR217W,Nucleus,3,train
YLR342W,Mitochondria,2,train
YEL019C,Nucleus,3,train
YGL127C,Nucleus,3,train
YLR079W,Nucleus,3,test
YNL259C,Cytoplasm,0,train
YIR011C,Nucleus,3,train
YER122C,Membrane_Secretory,1,train
YPL243W,Nucleus,3,train
YPL210C,Nucleus,3,train
YHL011C,Cytoplasm,0,train
YHR082C,Nucleus,3,train
YHR096C,Membrane_Secretory,1,test
YHR129C,Membrane_Secretory,1,train
YHR216W,Cytoplasm,0,train
YHL019C,Membrane_Secretory,1,train
YHL015W,Cytoplasm,0,train
YHL003C,Membrane_Secretory,1,train
YHR006W,Nucleus,3,train
YHR046C,Nucleus,3,test
YHR021C,Cytoplasm,0,train
YHR065C,Nucleus,3,train
YHR073W,Membrane_Secretory,1,train
YHR104W,Nucleus,3,train
YNL257C,Membrane_Secretory,1,train
YHR169W,Nucleus,3,train
YHR183W,Cytoplasm,0,train
YHL040C,Membrane_Secretory,1,train
YHL031C,Membrane_Secretory,1,test
YHL030W,Nucleus,3,train
YHL023C,Membrane_Secretory,1,train
YHL002W,Membrane_Secretory,1,train
YHL001W,Cytoplasm,0,train
YHR001W,Membrane_Secretory,1,train
YHR004C,Nucleus,3,train
YHR009C,Cytoplasm,0,train
YHR031C,Nucleus,3,train
YHR034C,Nucleus,3,test
YHR036W,Nucleus,3,train
YHR050W,Membrane_Secretory,1,train
YHR052W,Nucleus,3,train
YHR056C,Nucleus,3,train
YHR058C,Nucleus,3,train
YHR061C,Cytoplasm,0,test
YHR062C,Nucleus,3,train
YHR064C,Cytoplasm,0,test
YHR066W,Nucleus,3,test
YHR069C,Nucleus,3,train
YHR070W,Nucleus,3,train
YHR076W,Mitochondria,2,train
YHR080C,Membrane_Secretory,1,train
YHR081W,Nucleus,3,train
YHR085W,Nucleus,3,train
YHR088W,Nucleus,3,train
YHR090C,Nucleus,3,train
YHR098C,Membrane_Secretory,1,test
YHR099W,Nucleus,3,test
YHR105W,Membrane_Secretory,1,test
YHR108W,Other,4,test
YHR111W,Cytoplasm,0,train
YHR113W,Cytoplasm,0,train
YHR114W,Other,4,train
YHR115C,Cytoplasm,0,test
YHR117W,Mitochondria,2,train
YHR118C,Nucleus,3,train
YHR119W,Nucleus,3,test
YHR121W,Nucleus,3,train
YHR124W,Nucleus,3,train
YHR132C,Membrane_Secretory,1,train
YHR134W,Nucleus,3,train
YHR137W,Cytoplasm,0,train
YHR142W,Membrane_Secretory,1,train
YHR143W,Membrane_Secretory,1,train
YHR154W,Nucleus,3,train
YHR155W,Mitochondria,2,train
YHR160C,Membrane_Secretory,1,train
YHR161C,Membrane_Secretory,1,train
YHR162W,Mitochondria,2,train
YHR164C,Nucleus,3,train
YHR170W,Cytoplasm,0,train
YHR171W,Cytoplasm,0,test
YHR172W,Nucleus,3,train
YHR181W,Other,4,train
YHR182W,Membrane_Secretory,1,train
YHR186C,Membrane_Secretory,1,train
YHR187W,Nucleus,3,train
YHR188C,Membrane_Secretory,1,train
YHR192W,Membrane_Secretory,1,train
YHR193C,Nucleus,3,test
YHR195W,Other,4,train
YHR196W,Nucleus,3,test
YHR197W,Nucleus,3,train
YHR202W,Membrane_Secretory,1,test
YHR204W,Other,4,train
YHR206W,Nucleus,3,test
YHR207C,Nucleus,3,train
YHR208W,Mitochondria,2,test
YHR211W,Membrane_Secretory,1,train
YOL005C,Nucleus,3,test
YOR014W,Nucleus,3,train
YDR254W,Nucleus,3,test
YOR020C,Mitochondria,2,train
YML074C,Nucleus,3,test
YLR055C,Nucleus,3,test
YMR167W,Nucleus,3,test
YNL004W,Nucleus,3,train
YOL122C,Membrane_Secretory,1,test
YIL139C,Nucleus,3,train
YIL140W,Membrane_Secretory,1,train
YGL006W,Membrane_Secretory,1,train
YDR443C,Nucleus,3,test
YGL095C,Membrane_Secretory,1,test
YDR076W,Nucleus,3,train
YDR072C,Membrane_Secretory,1,train
YDR073W,Nucleus,3,train
YDR080W,Membrane_Secretory,1,test
YDR082W,Other,4,train
YDR083W,Nucleus,3,train
YOL020W,Membrane_Secretory,1,test
YDL195W,Membrane_Secretory,1,train
YDL092W,Nucleus,3,train
YFR031C,Nucleus,3,train
YER129W,Cytoplasm,0,train
YPL209C,Nucleus,3,train
YDR297W,Membrane_Secretory,1,train
YMR058W,Membrane_Secretory,1,test
YDR208W,Membrane_Secretory,1,train
YDR270W,Other,4,train
YPL190C,Other,4,train
YIR034C,Membrane_Secretory,1,test
YDR207C,Nucleus,3,train
YIL009W,Membrane_Secretory,1,train
YDR343C,Membrane_Secretory,1,train
YDR342C,Membrane_Secretory,1,test
YNL169C,Membrane_Secretory,1,train
YGL022W,Membrane_Secretory,1,train
YNR052C,Nucleus,3,train
YDL101C,Nucleus,3,train
YDR264C,Membrane_Secretory,1,train
YPL161C,Nucleus,3,test
YLR088W,Membrane_Secretory,1,train
YNL084C,Membrane_Secretory,1,test
YIL046W,Nucleus,3,test
YLR150W,Nucleus,3,train
YGL178W,Cytoplasm,0,train
YPL042C,Nucleus,3,test
YDL143W,Cytoplasm,0,train
YDR228C,Nucleus,3,train
YNL267W,Nucleus,3,train
YMR008C,Membrane_Secretory,1,train
YPL050C,Membrane_Secretory,1,train
YDR142C,Cytoplasm,0,train
YDR135C,Membrane_Secretory,1,test
YGR020C,Membrane_Secretory,1,train
YMR287C,Mitochondria,2,train
YMR280C,Nucleus,3,test
YJL143W,Mitochondria,2,train
YJL191W,Nucleus,3,train
YDL160C,Cytoplasm,0,train
YER015W,Membrane_Secretory,1,train
YLR223C,Nucleus,3,train
YPR104C,Nucleus,3,train
YJR016C,Mitochondria,2,train
YAL026C,Membrane_Secretory,1,train
YJL207C,Membrane_Secretory,1,train
YJL204C,Cytoplasm,0,train
YJL200C,Mitochondria,2,train
YJL196C,Membrane_Secretory,1,train
YAR027W,Nucleus,3,train
YAR033W,Membrane_Secretory,1,train
YGR234W,Cytoplasm,0,train
YDL056W,Nucleus,3,test
YML046W,Nucleus,3,train
YOR209C,Nucleus,3,train
YMR129W,Nucleus,3,train
YAL002W,Other,4,train
YAL007C,Membrane_Secretory,1,train
YAR002W,Nucleus,3,train
YAR003W,Nucleus,3,train
YAR008W,Nucleus,3,train
YAL060W,Cytoplasm,0,train
YAL059W,Nucleus,3,train
YAL056W,Mitochondria,2,train
YAL053W,Membrane_Secretory,1,train
YAL051W,Nucleus,3,train
YAL048C,Mitochondria,2,test
YAL047C,Other,4,train
YAL046C,Mitochondria,2,train
YAL044C,Mitochondria,2,train
YAL042W,Membrane_Secretory,1,test
YAL036C,Cytoplasm,0,train
YAL035W,Cytoplasm,0,train
YAL034W-A,Other,4,test
YAL027W,Nucleus,3,train
YLR292C,Cytoplasm,0,train
YDR388W,Cytoplasm,0,test
YOR206W,Nucleus,3,test
YOR033C,Nucleus,3,train
YDR484W,Membrane_Secretory,1,train
YEL062W,Membrane_Secretory,1,train
YER017C,Mitochondria,2,test
YMR183C,Membrane_Secretory,1,train
YGR156W,Nucleus,3,test
YIL147C,Membrane_Secretory,1,test
YLR025W,Membrane_Secretory,1,train
YGR162W,Cytoplasm,0,train
YGL049C,Cytoplasm,0,train
YER131W,Cytoplasm,0,train
YER125W,Nucleus,3,train
YER028C,Nucleus,3,train
YOR269W,Nucleus,3,train
YER154W,Mitochondria,2,train
YER169W,Nucleus,3,train
YER136W,Cytoplasm,0,train
YER123W,Nucleus,3,train
YER089C,Nucleus,3,test
YEL013W,Membrane_Secretory,1,train
YER114C,Cytoplasm,0,train
YEL071W,Cytoplasm,0,train
YEL066W,Nucleus,3,train
YEL056W,Nucleus,3,train
YEL055C,Nucleus,3,test
YEL031W,Membrane_Secretory,1,train
YEL030W,Other,4,train
YEL026W,Nucleus,3,train
YEL022W,Membrane_Secretory,1,train
YEL018W,Nucleus,3,train
YEL016C,Membrane_Secretory,1,train
YEL015W,Cytoplasm,0,test
YEL005C,Membrane_Secretory,1,test
YEL003W,Cytoplasm,0,train
YER005W,Membrane_Secretory,1,train
YER006W,Nucleus,3,train
YER016W,Cytoplasm,0,train
YER018C,Nucleus,3,train
YER019W,Mitochondria,2,train
YER029C,Nucleus,3,train
YER033C,Cytoplasm,0,train
YER035W,Nucleus,3,test
YER036C,Nucleus,3,test
YER041W,Nucleus,3,train
YER049W,Nucleus,3,test
YER050C,Mitochondria,2,train
YER051W,Nucleus,3,train
YER072W,Membrane_Secretory,1,train
YER073W,Mitochondria,2,train
YER075C,Cytoplasm,0,train
YER078C,Nucleus,3,train
YER082C,Nucleus,3,train
YER083C,Membrane_Secretory,1,train
YER088C,Nucleus,3,test
YER092W,Nucleus,3,train
YER093C,Membrane_Secretory,1,train
YER104W,Nucleus,3,train
YER105C,Nucleus,3,train
YER106W,Nucleus,3,train
YER107C,Nucleus,3,train
YER110C,Nucleus,3,train
YER112W,Nucleus,3,train
YER116C,Nucleus,3,train
YER118C,Membrane_Secretory,1,train
YER120W,Nucleus,3,train
YER126C,Nucleus,3,train
YER139C,Nucleus,3,test
YER141W,Mitochondria,2,test
YER143W,Membrane_Secretory,1,train
YER146W,Nucleus,3,train
YER147C,Nucleus,3,train
YER157W,Membrane_Secretory,1,test
YER159C,Nucleus,3,train
YER183C,Mitochondria,2,train
YER062C,Nucleus,3,test
YGL225W,Membrane_Secretory,1,train
YNL209W,Cytoplasm,0,train
YNL218W,Nucleus,3,train
YNL217W,Membrane_Secretory,1,test
YNL215W,Nucleus,3,train
YNL207W,Nucleus,3,train
YNL206C,Nucleus,3,train
YNL201C,Nucleus,3,train
YNL196C,Nucleus,3,test
YIL050W,Cytoplasm,0,train
YMR038C,Mitochondria,2,train
YFL017W-A,Nucleus,3,train
YMR135C,Nucleus,3,train
YMR146C,Cytoplasm,0,train
YMR147W,Membrane_Secretory,1,train
YMR148W,Membrane_Secretory,1,train
YMR314W,Nucleus,3,train
YOL038W,Nucleus,3,train
YMR313C,Membrane_Secretory,1,train
YDR252W,Nucleus,3,train
YDR113C,Nucleus,3,train
YIL030C,Membrane_Secretory,1,train
YLR372W,Membrane_Secretory,1,train
YGR268C,Cytoplasm,0,train
YDL007W,Nucleus,3,test
YOL094C,Nucleus,3,train
YGR270W,Nucleus,3,train
YMR089C,Mitochondria,2,train
YNR006W,Membrane_Secretory,1,test
YNR007C,Mitochondria,2,train
YNR008W,Membrane_Secretory,1,train
YJR068W,Nucleus,3,train
YJR035W,Nucleus,3,train
YOR377W,Membrane_Secretory,1,train
YGL025C,Nucleus,3,train
YJL073W,Nucleus,3,train
YJL072C,Nucleus,3,test
YJL071W,Mitochondria,2,train
YJL069C,Nucleus,3,train
YJL062W,Membrane_Secretory,1,train
YJL061W,Nucleus,3,test
YLR039C,Membrane_Secretory,1,train
YIL138C,Cytoplasm,0,train
YMR301C,Mitochondria,2,train
YHR143W-A,Nucleus,3,train
YIL173W,Membrane_Secretory,1,test
YIL156W,Cytoplasm,0,train
YIL153W,Nucleus,3,train
YIL149C,Nucleus,3,train
YIL146C,Mitochondria,2,train
YIL144W,Nucleus,3,test
YIL137C,Cytoplasm,0,train
YIL132C,Nucleus,3,train
YIL131C,Nucleus,3,test
YIL130W,Nucleus,3,test
YIL128W,Nucleus,3,train
YIL124W,Mitochondria,2,train
YIL123W,Membrane_Secretory,1,train
YIL122W,Nucleus,3,train
YIL121W,Membrane_Secretory,1,train
YIL115C,Nucleus,3,train
YIL109C,Membrane_Secretory,1,train
YIL106W,Nucleus,3,train
YIL105C,Membrane_Secretory,1,train
YIL103W,Cytoplasm,0,train
YIL101C,Nucleus,3,test
YIL097W,Nucleus,3,train
YIL095W,Other,4,train
YIL094C,Mitochondria,2,train
YIL093C,Mitochondria,2,test
YIL091C,Nucleus,3,train
YIL088C,Membrane_Secretory,1,train
YIL084C,Nucleus,3,train
YIL083C,Nucleus,3,train
YIL079C,Nucleus,3,test
YIL076W,Membrane_Secretory,1,train
YIL071C,Nucleus,3,test
YIL070C,Mitochondria,2,train
YIL065C,Mitochondria,2,train
YIL048W,Membrane_Secretory,1,train
YIL042C,Mitochondria,2,train
YIL036W,Nucleus,3,train
YIL027C,Membrane_Secretory,1,train
YIL026C,Nucleus,3,train
YIL024C,Cytoplasm,0,test
YIL017C,Nucleus,3,test
YIL016W,Nucleus,3,train
YIL010W,Nucleus,3,train
YIL008W,Nucleus,3,test
YIL006W,Mitochondria,2,train
YIL005W,Membrane_Secretory,1,train
YIL003W,Cytoplasm,0,train
YIL002C,Other,4,train
YIR002C,Nucleus,3,train
YIR003W,Other,4,train
YIR004W,Cytoplasm,0,train
YIR005W,Nucleus,3,train
YIR007W,Membrane_Secretory,1,test
YIR010W,Nucleus,3,train
YIR015W,Nucleus,3,train
YIR017C,Nucleus,3,train
YIR033W,Membrane_Secretory,1,train
YIR037W,Mitochondria,2,train
YNL002C,Nucleus,3,train
YOR335C,Mitochondria,2,train
YNL085W,Cytoplasm,0,train
YPR122W,Cytoplasm,0,train
YJL097W,Membrane_Secretory,1,train
YJL222W,Other,4,test
YOR028C,Nucleus,3,train
YJL099W,Other,4,test
YGL181W,Nucleus,3,train
YGL086W,Nucleus,3,train
YJL030W,Nucleus,3,train
YMR004W,Membrane_Secretory,1,train
YGR132C,Mitochondria,2,test
YMR127C,Nucleus,3,train
YDR364C,Nucleus,3,train
YMR168C,Nucleus,3,train
YDR062W,Membrane_Secretory,1,train
YMR319C,Membrane_Secretory,1,test
YGR032W,Membrane_Secretory,1,train
YNL061W,Nucleus,3,train
YJL025W,Nucleus,3,train
YDR478W,Nucleus,3,test
YOR094W,Membrane_Secretory,1,train
YOR234C,Cytoplasm,0,test
YIL053W,Nucleus,3,train
YNL006W,Membrane_Secretory,1,train
YPL028W,Cytoplasm,0,train
YJL002C,Membrane_Secretory,1,train
YFL031W,Nucleus,3,train
YGR188C,Nucleus,3,train
YOR113W,Nucleus,3,train
YLR353W,Membrane_Secretory,1,test
YOR125C,Mitochondria,2,test
YLL006W,Membrane_Secretory,1,train
YLR075W,Cytoplasm,0,test
YPR036W,Membrane_Secretory,1,train
YDR420W,Membrane_Secretory,1,train
YDR238C,Membrane_Secretory,1,train
YGL137W,Membrane_Secretory,1,train
YNL221C,Nucleus,3,train
YNL068C,Nucleus,3,test
YNL291C,Membrane_Secretory,1,test
YNL271C,Membrane_Secretory,1,train
YGL192W,Nucleus,3,test
YOR075W,Membrane_Secretory,1,train
YGR186W,Nucleus,3,train
YGR005C,Nucleus,3,test
YGR059W,Cytoplasm,0,train
YJR019C,Membrane_Secretory,1,train
YPL147W,Membrane_Secretory,1,train
YDR005C,Nucleus,3,train
YOL059W,Mitochondria,2,train
YDR002W,Nucleus,3,train
YPL091W,Nucleus,3,train
YLR174W,Cytoplasm,0,train
YDL055C,Cytoplasm,0,train
YNL142W,Membrane_Secretory,1,train
YDR195W,Nucleus,3,train
YNL327W,Membrane_Secretory,1,train
YNL326C,Membrane_Secretory,1,train
YNL325C,Membrane_Secretory,1,train
YNL323W,Membrane_Secretory,1,train
YNL321W,Membrane_Secretory,1,train
YNL317W,Nucleus,3,train
YNL310C,Mitochondria,2,train
YNL309W,Nucleus,3,train
YNL308C,Nucleus,3,train
YGR200C,Nucleus,3,train
YGR206W,Membrane_Secretory,1,train
YJL109C,Nucleus,3,test
YJL104W,Mitochondria,2,test
YJL100W,Membrane_Secretory,1,train
YDL104C,Mitochondria,2,train
YDL103C,Cytoplasm,0,train
YDL105W,Nucleus,3,train
YLR015W,Nucleus,3,train
YLR147C,Nucleus,3,train
YKL096W-A,Membrane_Secretory,1,train
YFL048C,Membrane_Secretory,1,train
YFL044C,Nucleus,3,train
YFL041W,Membrane_Secretory,1,train
YFL034C-B,Nucleus,3,train
YFL034W,Membrane_Secretory,1,test
YFL033C,Nucleus,3,train
YFL025C,Membrane_Secretory,1,train
YFL024C,Nucleus,3,train
YFL023W,Cytoplasm,0,train
YFL013C,Nucleus,3,train
YFL007W,Nucleus,3,train
YFL004W,Membrane_Secretory,1,test
YFR001W,Nucleus,3,train
YFR003C,Nucleus,3,train
YFR011C,Mitochondria,2,test
YFR021W,Membrane_Secretory,1,train
YFR024C-A,Cytoplasm,0,train
YFR027W,Nucleus,3,train
YFR037C,Nucleus,3,train
YFR038W,Nucleus,3,test
YFR040W,Cytoplasm,0,train
YFR044C,Mitochondria,2,train
YFR046C,Nucleus,3,test
YFR051C,Membrane_Secretory,1,test
YPR001W,Mitochondria,2,test
YGL065C,Membrane_Secretory,1,train
YKL006C-A,Membrane_Secretory,1,train
YGL171W,Nucleus,3,train
YJR093C,Nucleus,3,test
YPR129W,Cytoplasm,0,train
YOR374W,Mitochondria,2,train
YLR048W,Cytoplasm,0,train
YGL245W,Mitochondria,2,train
YOR340C,Nucleus,3,train
YMR052W,Membrane_Secretory,1,test
YGL105W,Cytoplasm,0,train
YJR042W,Nucleus,3,train
YDR159W,Other,4,test
YLR045C,Other,4,train
YDR310C,Nucleus,3,train
YGR274C,Nucleus,3,train
YNL039W,Nucleus,3,train
YMR092C,Cytoplasm,0,train
YDL178W,Mitochondria,2,train
YGR261C,Membrane_Secretory,1,train
YMR230W,Cytoplasm,0,train
YLR289W,Mitochondria,2,train
YDR108W,Other,4,train
YGL175C,Nucleus,3,train
YGL174W,Nucleus,3,train
YGR195W,Nucleus,3,train
YGR198W,Membrane_Secretory,1,train
YJR006W,Nucleus,3,train
YJL125C,Nucleus,3,train
YJL006C,Nucleus,3,train
YML112W,Nucleus,3,train
YOR103C,Membrane_Secretory,1,train
YJR010C-A,Membrane_Secretory,1,train
YJR143C,Membrane_Secretory,1,train
YMR035W,Mitochondria,2,train
YJL184W,Nucleus,3,train
YJL183W,Other,4,train
YJL179W,Cytoplasm,0,train
YJL178C,Mitochondria,2,train
YJL177W,Cytoplasm,0,train
YJL168C,Nucleus,3,train
YJL158C,Membrane_Secretory,1,train
YJL156C,Membrane_Secretory,1,train
YJL148W,Nucleus,3,train
YJL145W,Membrane_Secretory,1,train
YJL137C,Membrane_Secretory,1,train
YJL134W,Membrane_Secretory,1,train
YJL126W,Mitochondria,2,test
YJL124C,Nucleus,3,train
YJL113W,Nucleus,3,train
YJL112W,Mitochondria,2,test
YJL091C,Membrane_Secretory,1,train
YJL090C,Nucleus,3,train
YJL084C,Cytoplasm,0,test
YJL079C,Membrane_Secretory,1,train
YJL078C,Membrane_Secretory,1,train
YJL076W,Nucleus,3,test
YJL074C,Nucleus,3,train
YJL060W,Mitochondria,2,train
YJL058C,Membrane_Secretory,1,train
YJL056C,Nucleus,3,train
YJL050W,Nucleus,3,train
YJL047C,Nucleus,3,test
YJL039C,Other,4,train
YJL036W,Membrane_Secretory,1,train
YJL035C,Nucleus,3,train
YJL029C,Membrane_Secretory,1,train
YJL024C,Membrane_Secretory,1,train
YJL020C,Other,4,test
YJL019W,Other,4,train
YJL013C,Nucleus,3,train
YJL012C,Membrane_Secretory,1,train
YJL011C,Nucleus,3,train
YJL010C,Nucleus,3,train
YJR001W,Membrane_Secretory,1,train
YJR002W,Nucleus,3,train
YJR022W,Nucleus,3,train
YJR025C,Nucleus,3,train
YJR027W,Nucleus,3,train
YJR029W,Nucleus,3,train
YJR031C,Mitochondria,2,train
YJR033C,Other,4,train
YJR041C,Nucleus,3,test
YJR043C,Nucleus,3,train
YJR046W,Nucleus,3,train
YJR053W,Other,4,train
YJR054W,Membrane_Secretory,1,train
YJR059W,Nucleus,3,train
YJR065C,Other,4,test
YJR069C,Nucleus,3,train
YJR070C,Nucleus,3,train
YJR072C,Cytoplasm,0,train
YJR075W,Other,4,train
YJR082C,Nucleus,3,train
YJR084W,Nucleus,3,train
YJR088C,Membrane_Secretory,1,train
YJR092W,Cytoplasm,0,train
YJR102C,Membrane_Secretory,1,train
YJR112W,Nucleus,3,test
YJR113C,Mitochondria,2,train
YJR117W,Membrane_Secretory,1,train
YJR119C,Nucleus,3,test
YJR125C,Cytoplasm,0,train
YJR130C,Nucleus,3,train
YJR135C,Nucleus,3,train
YJR137C,Cytoplasm,0,train
YJR138W,Membrane_Secretory,1,train
YJR140C,Nucleus,3,train
YJR148W,Cytoplasm,0,train
YJR150C,Membrane_Secretory,1,train
YOR321W,Membrane_Secretory,1,train
YLR220W,Membrane_Secretory,1,train
YNL025C,Nucleus,3,train
YDR308C,Nucleus,3,train
YMR246W,Membrane_Secretory,1,train
YLR136C,Nucleus,3,train
YPR026W,Membrane_Secretory,1,train
YNL096C,Nucleus,3,test
YNL087W,Membrane_Secretory,1,train
YNL086W,Membrane_Secretory,1,train
YGR145W,Nucleus,3,test
YGR149W,Membrane_Secretory,1,train
YGR150C,Mitochondria,2,train
YGR158C,Nucleus,3,train
YDR376W,Mitochondria,2,train
YGR097W,Cytoplasm,0,train
YGR187C,Cytoplasm,0,test
YGR072W,Nucleus,3,train
YPL085W,Membrane_Secretory,1,train
YOR085W,Membrane_Secretory,1,train
YDL141W,Cytoplasm,0,train
YMR276W,Nucleus,3,train
YMR275C,Cytoplasm,0,test
YNL305C,Mitochondria,2,test
YNL304W,Membrane_Secretory,1,train
YNL299W,Nucleus,3,train
YNL297C,Membrane_Secretory,1,train
YNL293W,Cytoplasm,0,train
YNL292W,Nucleus,3,train
YDL182W,Cytoplasm,0,train
YOR368W,Nucleus,3,test
YPL084W,Membrane_Secretory,1,train
YDR508C,Mitochondria,2,train
YHR039C-A,Membrane_Secretory,1,train
YGR119C,Nucleus,3,test
YML110C,Mitochondria,2,test
YDR331W,Membrane_Secretory,1,train
YMR189W,Mitochondria,2,test
YLR185W,Cytoplasm,0,train
YNL131W,Mitochondria,2,train
YDR234W,Mitochondria,2,train
YML022W,Nucleus,3,train
YPR124W,Membrane_Secretory,1,train
YDR012W,Nucleus,3,train
YDR192C,Nucleus,3,train
YGL092W,Nucleus,3,train
YGR091W,Nucleus,3,train
YGR180C,Nucleus,3,train
YDR305C,Nucleus,3,train
YMR288W,Nucleus,3,train
YMR078C,Nucleus,3,train
YML014W,Nucleus,3,train
YMR268C,Nucleus,3,train
YGR227W,Membrane_Secretory,1,train
YGR217W,Membrane_Secretory,1,train
YGR221C,Membrane_Secretory,1,test
YGR223C,Membrane_Secretory,1,train
YGR231C,Mitochondria,2,test
YGR235C,Mitochondria,2,train
YGR239C,Membrane_Secretory,1,train
YML056C,Cytoplasm,0,test
YLR432W,Cytoplasm,0,train
YMR304W,Membrane_Secretory,1,train
YMR223W,Nucleus,3,train
YMR005W,Nucleus,3,train
YDR156W,Nucleus,3,train
YDR245W,Membrane_Secretory,1,train
YML017W,Cytoplasm,0,test
YMR060C,Mitochondria,2,train
YMR273C,Cytoplasm,0,train
YOR058C,Other,4,train
YDL064W,Nucleus,3,train
YOL143C,Mitochondria,2,train
YNL261W,Nucleus,3,train
YOL148C,Nucleus,3,train
YNL106C,Other,4,train
YNL100W,Mitochondria,2,train
YNL097C,Nucleus,3,train
YDR500C,Cytoplasm,0,train
YGL251C,Nucleus,3,train
YGL210W,Membrane_Secretory,1,train
YDR328C,Nucleus,3,train
YDR390C,Nucleus,3,train
YDR092W,Nucleus,3,train
YLR200W,Nucleus,3,train
YML103C,Nucleus,3,train
YER087C-B,Membrane_Secretory,1,test
YER019C-A,Membrane_Secretory,1,test
YDL116W,Nucleus,3,train
YLR089C,Mitochondria,2,train
YLR153C,Nucleus,3,train
YPR173C,Membrane_Secretory,1,train
YGL091C,Nucleus,3,train
YNR074C,Nucleus,3,train
YOR363C,Nucleus,3,train
YGL027C,Membrane_Secretory,1,train
YGL094C,Cytoplasm,0,train
YGL100W,Nucleus,3,test
YGL126W,Membrane_Secretory,1,test
YGL162W,Nucleus,3,train
YGR170W,Membrane_Secretory,1,train
YGR099W,Nucleus,3,test
YGR172C,Membrane_Secretory,1,train
YGL112C,Nucleus,3,test
YGR123C,Nucleus,3,test
YGR060W,Membrane_Secretory,1,train
YGR289C,Membrane_Secretory,1,train
YGR281W,Membrane_Secretory,1,train
YGR287C,Mitochondria,2,train
YGL249W,Nucleus,3,train
YGL246C,Nucleus,3,train
YGL244W,Other,4,train
YGL241W,Cytoplasm,0,train
YGL240W,Nucleus,3,train
YGL227W,Nucleus,3,train
YGL223C,Membrane_Secretory,1,train
YGL220W,Nucleus,3,train
YGL219C,Mitochondria,2,train
YGL216W,Cytoplasm,0,train
YGL211W,Mitochondria,2,train
YGL202W,Cytoplasm,0,train
YGL201C,Nucleus,3,train
YGL198W,Membrane_Secretory,1,test
YGL194C,Nucleus,3,train
YGL183C,Nucleus,3,train
YGL180W,Cytoplasm,0,train
YGL160W,Membrane_Secretory,1,train
YGL153W,Membrane_Secretory,1,train
YGL151W,Nucleus,3,train
YGL150C,Nucleus,3,train
YGL141W,Nucleus,3,train
YGL133W,Nucleus,3,test
YGL131C,Nucleus,3,train
YGL124C,Membrane_Secretory,1,train
YGL120C,Nucleus,3,train
YGL113W,Nucleus,3,train
YGL110C,Cytoplasm,0,train
YGL107C,Mitochondria,2,train
YGL106W,Cytoplasm,0,train
YGL099W,Cytoplasm,0,train
YGL098W,Membrane_Secretory,1,train
YGL093W,Nucleus,3,test
YGL090W,Nucleus,3,train
YGL087C,Nucleus,3,train
YGL084C,Mitochondria,2,train
YGL080W,Mitochondria,2,train
YGL075C,Nucleus,3,test
YGL068W,Mitochondria,2,train
YGL067W,Membrane_Secretory,1,train
YGL066W,Nucleus,3,train
YGL064C,Mitochondria,2,train
YGL061C,Nucleus,3,train
YGL059W,Mitochondria,2,train
YGL054C,Membrane_Secretory,1,train
YGL051W,Membrane_Secretory,1,train
YGL047W,Membrane_Secretory,1,train
YGL037C,Nucleus,3,train
YGL023C,Membrane_Secretory,1,train
YGL020C,Mitochondria,2,train
YGL018C,Mitochondria,2,train
YGL005C,Membrane_Secretory,1,train
YGL004C,Nucleus,3,train
YGL003C,Nucleus,3,test
YGL001C,Membrane_Secretory,1,train
YGR002C,Nucleus,3,train
YGR010W,Nucleus,3,test
YGR013W,Nucleus,3,train
YGR015C,Mitochondria,2,train
YGR030C,Nucleus,3,train
YGR031W,Mitochondria,2,train
YGR036C,Membrane_Secretory,1,train
YGR038W,Membrane_Secretory,1,train
YGR041W,Membrane_Secretory,1,train
YGR046W,Mitochondria,2,train
YGR056W,Nucleus,3,test
YGR058W,Nucleus,3,train
YGR080W,Cytoplasm,0,train
YGR081C,Nucleus,3,train
YGR086C,Membrane_Secretory,1,train
YGR090W,Nucleus,3,train
YGR093W,Nucleus,3,test
YGR095C,Nucleus,3,train
YGR101W,Mitochondria,2,train
YGR103W,Nucleus,3,test
YGR106C,Membrane_Secretory,1,train
YGR110W,Mitochondria,2,test
YGR113W,Nucleus,3,train
YGR120C,Membrane_Secretory,1,train
YGR128C,Nucleus,3,train
YGR129W,Nucleus,3,test
YGR136W,Nucleus,3,train
YGR142W,Cytoplasm,0,train
YGR163W,Membrane_Secretory,1,test
YGR165W,Mitochondria,2,train
YGR169C,Mitochondria,2,test
YGR177C,Membrane_Secretory,1,test
YGR178C,Nucleus,3,train
YGR179C,Nucleus,3,train
YGR181W,Mitochondria,2,train
YGR189C,Membrane_Secretory,1,train
YGR211W,Nucleus,3,train
YGR241C,Membrane_Secretory,1,train
YGR243W,Mitochondria,2,train
YGR247W,Membrane_Secretory,1,train
YGR251W,Nucleus,3,train
YGR255C,Mitochondria,2,train
YGR260W,Membrane_Secretory,1,train
YGR262C,Nucleus,3,test
YGR263C,Membrane_Secretory,1,train
YGR271W,Cytoplasm,0,train
YGR275W,Nucleus,3,train
YGR276C,Nucleus,3,test
YGR278W,Nucleus,3,train
YGR279C,Membrane_Secretory,1,train
YGR280C,Nucleus,3,train
YLR212C,Other,4,train
YDR144C,Membrane_Secretory,1,train
YML060W,Nucleus,3,train
YNL070W,Mitochondria,2,train
YNL222W,Nucleus,3,train
YNL126W,Nucleus,3,train
YNL012W,Nucleus,3,train
YNL118C,Cytoplasm,0,train
YPL127C,Nucleus,3,train
YNL139C,Nucleus,3,train
YOR142W,Mitochondria,2,train
YNL036W,Nucleus,3,train
YNL066W,Membrane_Secretory,1,train
YNL251C,Nucleus,3,train
YDL145C,Membrane_Secretory,1,test
YNR023W,Nucleus,3,train
YOL115W,Nucleus,3,train
YNL044W,Membrane_Secretory,1,train
YOL068C,Nucleus,3,train
YPL015C,Nucleus,3,test
YOR025W,Nucleus,3,train
YDR191W,Nucleus,3,train
YLR216C,Cytoplasm,0,train
YNR015W,Nucleus,3,train
YNR018W,Mitochondria,2,train
YNR020C,Mitochondria,2,train
YNR024W,Nucleus,3,train
YNR035C,Other,4,train
YNR036C,Mitochondria,2,train
YNR038W,Nucleus,3,train
YNR046W,Nucleus,3,train
YNR047W,Membrane_Secretory,1,train
YNR048W,Other,4,train
YNR053C,Nucleus,3,test
YNR054C,Nucleus,3,train
YNR060W,Membrane_Secretory,1,test
YNR067C,Membrane_Secretory,1,test
YLR323C,Nucleus,3,train
YNL288W,Nucleus,3,train
YNL283C,Membrane_Secretory,1,train
YNL282W,Nucleus,3,test
YNL275W,Membrane_Secretory,1,train
YNL274C,Nucleus,3,train
YNL273W,Nucleus,3,train
YNL265C,Membrane_Secretory,1,train
YNL264C,Cytoplasm,0,train
YNL263C,Membrane_Secretory,1,train
YNL260C,Nucleus,3,train
YNL258C,Membrane_Secretory,1,train
YNL256W,Mitochondria,2,train
YNL246W,Nucleus,3,train
YNL242W,Membrane_Secretory,1,train
YNL232W,Nucleus,3,train
YNL231C,Membrane_Secretory,1,test
YNL227C,Nucleus,3,train
YNL225C,Other,4,test
YNL224C,Nucleus,3,test
YNL223W,Nucleus,3,train
YNL219C,Membrane_Secretory,1,train
YNL191W,Cytoplasm,0,train
YNL190W,Membrane_Secretory,1,test
YNL186W,Nucleus,3,train
YNL182C,Nucleus,3,train
YNL180C,Mitochondria,2,train
YNL172W,Nucleus,3,train
YNL166C,Cytoplasm,0,train
YNL163C,Cytoplasm,0,train
YNL159C,Other,4,train
YNL158W,Membrane_Secretory,1,train
YNL155W,Nucleus,3,train
YNL152W,Cytoplasm,0,train
YNL148C,Cytoplasm,0,test
YNL147W,Nucleus,3,train
YNL141W,Nucleus,3,train
YNL136W,Nucleus,3,test
YNL132W,Nucleus,3,train
YNL124W,Nucleus,3,train
YNL123W,Nucleus,3,test
YNL119W,Cytoplasm,0,train
YNL116W,Cytoplasm,0,train
YNL110C,Nucleus,3,test
YNL107W,Nucleus,3,train
YNL094W,Other,4,train
YNL091W,Cytoplasm,0,train
YNL078W,Cytoplasm,0,train
YNL077W,Nucleus,3,train
YNL075W,Nucleus,3,test
YNL072W,Nucleus,3,train
YNL065W,Membrane_Secretory,1,train
YNL059C,Nucleus,3,train
YNL054W,Membrane_Secretory,1,train
YNL051W,Membrane_Secretory,1,train
YNL049C,Membrane_Secretory,1,train
YNL048W,Membrane_Secretory,1,test
YNL047C,Membrane_Secretory,1,train
YNL041C,Membrane_Secretory,1,test
YNL032W,Cytoplasm,0,train
YNL027W,Nucleus,3,train
YNL026W,Mitochondria,2,train
YNL022C,Nucleus,3,train
YNL021W,Nucleus,3,train
YNL020C,Other,4,train
YNL014W,Cytoplasm,0,test
YNL010W,Nucleus,3,train
YNL008C,Other,4,test
YMR039C,Nucleus,3,test
YPL053C,Membrane_Secretory,1,train
YMR119W,Other,4,train
YLR028C,Cytoplasm,0,train
YPL061W,Cytoplasm,0,train
YMR121C,Cytoplasm,0,train
YMR015C,Membrane_Secretory,1,train
YML086C,Mitochondria,2,train
YML065W,Nucleus,3,train
YMR070W,Nucleus,3,train
YML097C,Cytoplasm,0,train
YLL004W,Nucleus,3,train
YPR162C,Nucleus,3,train
YML012W,Membrane_Secretory,1,test
YDL245C,Membrane_Secretory,1,train
YDR058C,Mitochondria,2,train
YDL190C,Nucleus,3,test
YLL001W,Mitochondria,2,train
YOL156W,Membrane_Secretory,1,train
YOR008C,Membrane_Secretory,1,train
YPR182W,Nucleus,3,train
YLR438C-A,Nucleus,3,train
YFL039C,Cytoplasm,0,train
Q0130,Mitochondria,2,train
YNL031C,Nucleus,3,train
YPL096C-A,Membrane_Secretory,1,train
YKR035W-A,Membrane_Secretory,1,train
YBR233W-A,Nucleus,3,test
YDR320C-A,Nucleus,3,train
YKL138C-A,Nucleus,3,train
YNL220W,Cytoplasm,0,test
YJL081C,Nucleus,3,test
YLR191W,Membrane_Secretory,1,test
YPR133W-A,Mitochondria,2,train
YDR322C-A,Mitochondria,2,train
YML081C-A,Mitochondria,2,train
YHR005C-A,Mitochondria,2,train
YOL145C,Other,4,test
YDL022W,Membrane_Secretory,1,train
YIL118W,Membrane_Secretory,1,train
YKR055W,Membrane_Secretory,1,test
YJR058C,Membrane_Secretory,1,train
YDR150W,Cytoplasm,0,test
YLR430W,Nucleus,3,test
YIL143C,Nucleus,3,train
YML121W,Membrane_Secretory,1,test
YFR028C,Nucleus,3,test
YKL148C,Mitochondria,2,train
YBR126C,Cytoplasm,0,train
YPL259C,Other,4,test
YDR028C,Nucleus,3,train
YIL061C,Nucleus,3,train
YDR463W,Nucleus,3,train
YNR016C,Membrane_Secretory,1,train
YNL248C,Nucleus,3,train
YGL130W,Nucleus,3,train
YGL129C,Mitochondria,2,train
YER069W,Mitochondria,2,test
YAL043C,Nucleus,3,train
YJL095W,Cytoplasm,0,train
YBR215W,Nucleus,3,test
YPR135W,Nucleus,3,train
YLR038C,Mitochondria,2,train
YNL239W,Mitochondria,2,train
YDR432W,Nucleus,3,train
YAL054C,Nucleus,3,train
YDR077W,Membrane_Secretory,1,test
YLR026C,Membrane_Secretory,1,train
YMR198W,Nucleus,3,test
YLR244C,Cytoplasm,0,train
YNL199C,Nucleus,3,train
YIL022W,Mitochondria,2,train
YOL040C,Cytoplasm,0,train
YDR039C,Membrane_Secretory,1,train
YOR334W,Mitochondria,2,train
YGL048C,Nucleus,3,train
YKR080W,Nucleus,3,train
YNL167C,Nucleus,3,test
YMR022W,Membrane_Secretory,1,train
YGL172W,Nucleus,3,train
YKR003W,Membrane_Secretory,1,test
YKR007W,Membrane_Secretory,1,train
YKR008W,Nucleus,3,train
YKR009C,Membrane_Secretory,1,train
YGR074W,Nucleus,3,train
YML073C,Cytoplasm,0,train
YDR448W,Nucleus,3,train
YDR449C,Nucleus,3,train
YKR095W,Nucleus,3,test
YPL128C,Nucleus,3,train
YMR072W,Nucleus,3,test
YOR148C,Nucleus,3,train
YMR240C,Nucleus,3,train
YLR288C,Nucleus,3,train
YPL014W,Nucleus,3,train
YKL068W,Nucleus,3,train
YMR047C,Nucleus,3,train
YPL037C,Nucleus,3,train
YDR424C,Cytoplasm,0,test
YPL024W,Nucleus,3,train
YPL019C,Membrane_Secretory,1,train
YPL018W,Nucleus,3,train
YPL017C,Cytoplasm,0,train
YPL065W,Membrane_Secretory,1,train
YML091C,Mitochondria,2,test
YDL212W,Membrane_Secretory,1,test
YDR088C,Nucleus,3,train
YPL063W,Mitochondria,2,train
YPL059W,Mitochondria,2,train
YPL058C,Membrane_Secretory,1,train
YOR048C,Nucleus,3,train
YGL213C,Nucleus,3,train
YOR047C,Nucleus,3,train
YMR149W,Membrane_Secretory,1,train
YPL055C,Nucleus,3,train
YPL051W,Membrane_Secretory,1,train
YOR018W,Membrane_Secretory,1,train
YNL189W,Other,4,train
YPL101W,Nucleus,3,train
YPL100W,Membrane_Secretory,1,train
YPL099C,Mitochondria,2,train
YPL096W,Nucleus,3,train
YPL093W,Nucleus,3,train
YPL087W,Membrane_Secretory,1,train
YPL086C,Nucleus,3,test
YPL126W,Nucleus,3,train
YPL123C,Cytoplasm,0,test
YPL122C,Nucleus,3,train
YPL120W,Membrane_Secretory,1,train
YPL118W,Mitochondria,2,train
YPL116W,Nucleus,3,test
YPL110C,Cytoplasm,0,train
YPL141C,Cytoplasm,0,test
YPL139C,Nucleus,3,train
YPL138C,Nucleus,3,train
YGR098C,Nucleus,3,train
YPL135W,Mitochondria,2,train
YDR539W,Cytoplasm,0,train
YLL050C,Cytoplasm,0,test
YPL049C,Nucleus,3,train
YPL047W,Nucleus,3,train
YPL046C,Nucleus,3,test
YPL038W,Nucleus,3,train
YIL009C-A,Nucleus,3,test
YML130C,Membrane_Secretory,1,test
YML127W,Nucleus,3,train
YDR043C,Nucleus,3,test
YMR100W,Cytoplasm,0,test
YKL164C,Membrane_Secretory,1,train
YKL163W,Membrane_Secretory,1,train
YDR091C,Nucleus,3,train
YMR172W,Nucleus,3,train
YMR178W,Nucleus,3,train
YMR278W,Nucleus,3,train
YDR457W,Nucleus,3,train
YDR460W,Nucleus,3,train
YDR465C,Nucleus,3,train
YPL045W,Membrane_Secretory,1,train
YDR468C,Other,4,train
YDR469W,Nucleus,3,test
YGR252W,Nucleus,3,train
YDR472W,Membrane_Secretory,1,train
YDR473C,Nucleus,3,train
YDR480W,Nucleus,3,test
YDR482C,Nucleus,3,train
YDR485C,Nucleus,3,train
YDR486C,Membrane_Secretory,1,train
YDR489W,Nucleus,3,train
YML041C,Nucleus,3,test
YML039W,Nucleus,3,train
YDL002C,Nucleus,3,test
YDR205W,Nucleus,3,train
YDL020C,Nucleus,3,train
YDR206W,Nucleus,3,train
YDR210W-B,Nucleus,3,train
YMR259C,Cytoplasm,0,train
YHL007C,Nucleus,3,test
YPR051W,Nucleus,3,test
YMR272C,Membrane_Secretory,1,train
YMR290C,Nucleus,3,train
YMR291W,Nucleus,3,train
YMR292W,Membrane_Secretory,1,test
YMR293C,Mitochondria,2,train
YHR179W,Nucleus,3,train
YMR298W,Membrane_Secretory,1,test
YER138C,Nucleus,3,train
YER160C,Nucleus,3,train
YML077W,Membrane_Secretory,1,train
YML076C,Nucleus,3,train
YML072C,Membrane_Secretory,1,train
YMR213W,Nucleus,3,train
YMR215W,Membrane_Secretory,1,train
YMR218C,Membrane_Secretory,1,test
YMR006C,Membrane_Secretory,1,train
YMR009W,Nucleus,3,train
YMR010W,Membrane_Secretory,1,train
YMR012W,Cytoplasm,0,train
YMR200W,Membrane_Secretory,1,train
YKL011C,Mitochondria,2,train
YML036W,Nucleus,3,train
YML030W,Mitochondria,2,train
YML029W,Membrane_Secretory,1,train
YML019W,Membrane_Secretory,1,train
YML114C,Nucleus,3,train
YML111W,Cytoplasm,0,train
YDR145W,Nucleus,3,train
YDR153C,Membrane_Secretory,1,train
YDR160W,Membrane_Secretory,1,train
YDR161W,Nucleus,3,train
YDR165W,Nucleus,3,train
YDR235W,Nucleus,3,train
YDR236C,Mitochondria,2,train
YDR240C,Nucleus,3,train
YDR246W,Membrane_Secretory,1,train
YDR247W,Cytoplasm,0,train
YMR153W,Nucleus,3,train
YMR159C,Other,4,test
YMR164C,Nucleus,3,train
YDR096W,Nucleus,3,train
YDR097C,Nucleus,3,test
YDR098C-B,Nucleus,3,train
YDR101C,Nucleus,3,train
YDR104C,Other,4,test
YDR128W,Membrane_Secretory,1,test
YDR130C,Nucleus,3,train
YDR140W,Nucleus,3,train
YDR141C,Membrane_Secretory,1,train
YDR190C,Nucleus,3,train
YDR196C,Nucleus,3,train
YDR200C,Membrane_Secretory,1,train
YDR201W,Nucleus,3,train
YKL139W,Nucleus,3,test
YDR174W,Nucleus,3,train
YDR175C,Mitochondria,2,train
YDR179C,Nucleus,3,train
YDR180W,Nucleus,3,train
YDR181C,Nucleus,3,train
YMR241W,Mitochondria,2,train
YDR412W,Nucleus,3,train
YDR416W,Nucleus,3,train
YDR419W,Nucleus,3,train
YDR425W,Membrane_Secretory,1,train
YDR429C,Cytoplasm,0,test
YDR434W,Membrane_Secretory,1,train
YDR437W,Membrane_Secretory,1,train
YDR439W,Nucleus,3,train
YDR440W,Nucleus,3,train
YDR446W,Nucleus,3,train
YDR452W,Membrane_Secretory,1,train
YDR453C,Cytoplasm,0,train
YDR456W,Membrane_Secretory,1,test
YDR386W,Nucleus,3,train
YDR395W,Cytoplasm,0,train
YDR398W,Nucleus,3,train
YDR399W,Nucleus,3,train
YDR400W,Nucleus,3,test
YDR407C,Other,4,train
YDR409W,Nucleus,3,test
YML102W,Nucleus,3,train
YMR044W,Nucleus,3,train
YMR045C,Nucleus,3,train
YMR128W,Nucleus,3,test
YML015C,Nucleus,3,train
YML013W,Membrane_Secretory,1,train
YML005W,Cytoplasm,0,train
YMR076C,Nucleus,3,train
YMR077C,Membrane_Secretory,1,train
YMR093W,Nucleus,3,train
YDR045C,Nucleus,3,train
YDR049W,Mitochondria,2,train
YMR192W,Cytoplasm,0,test
YMR197C,Membrane_Secretory,1,test
YMR017W,Membrane_Secretory,1,train
YMR018W,Membrane_Secretory,1,train
YMR026C,Membrane_Secretory,1,test
YDR496C,Nucleus,3,train
YDR499W,Nucleus,3,test
YDR503C,Membrane_Secretory,1,train
YDR511W,Mitochondria,2,test
YDR516C,Cytoplasm,0,train
YDR517W,Cytoplasm,0,train
YDR531W,Nucleus,3,train
YDR532C,Nucleus,3,train
YDR533C,Cytoplasm,0,train
YMR106C,Nucleus,3,train
YMR109W,Other,4,train
YMR110C,Mitochondria,2,train
YMR111C,Nucleus,3,train
YMR115W,Mitochondria,2,train
YMR117C,Nucleus,3,train
YLR208W,Membrane_Secretory,1,train
YML093W,Nucleus,3,train
YDR118W,Nucleus,3,train
YDR121W,Nucleus,3,train
YDR126W,Membrane_Secretory,1,test
YML071C,Membrane_Secretory,1,train
YML069W,Nucleus,3,train
YML067C,Membrane_Secretory,1,train
YMR048W,Nucleus,3,train
YMR049C,Nucleus,3,train
YMR050C,Nucleus,3,train
YLR005W,Nucleus,3,train
YML049C,Nucleus,3,train
YML047C,Membrane_Secretory,1,train
YML045W,Nucleus,3,train
YML043C,Nucleus,3,train
YMR062C,Mitochondria,2,train
YER027C,Nucleus,3,train
YMR065W,Nucleus,3,train
YMR068W,Membrane_Secretory,1,train
YMR075W,Nucleus,3,train
YMR247C,Nucleus,3,train
YMR255W,Nucleus,3,test
YMR258C,Nucleus,3,test
YMR312W,Nucleus,3,train
YMR318C,Nucleus,3,test
YDR218C,Membrane_Secretory,1,train
YDR221W,Membrane_Secretory,1,train
YDR223W,Nucleus,3,train
YDR231C,Mitochondria,2,train
YDR233C,Membrane_Secretory,1,train
YMR305C,Membrane_Secretory,1,train
YML059C,Membrane_Secretory,1,test
YML058W,Nucleus,3,train
YML055W,Membrane_Secretory,1,train
YMR226C,Nucleus,3,train
YMR227C,Nucleus,3,train
YMR229C,Nucleus,3,train
YMR236W,Nucleus,3,train
YMR237W,Other,4,train
YMR238W,Membrane_Secretory,1,train
YMR029C,Membrane_Secretory,1,test
YMR031C,Membrane_Secretory,1,train
YMR032W,Cytoplasm,0,train
YMR033W,Nucleus,3,train
YOL155C,Membrane_Secretory,1,train
YDL088C,Nucleus,3,test
YAR002C-A,Membrane_Secretory,1,train
YDR334W,Nucleus,3,train
YDR339C,Nucleus,3,test
YDR346C,Nucleus,3,train
YDR284C,Membrane_Secretory,1,train
YDR289C,Nucleus,3,train
YDR291W,Nucleus,3,train
YDR294C,Membrane_Secretory,1,train
YDR265W,Membrane_Secretory,1,train
YDR266C,Cytoplasm,0,test
YDR267C,Nucleus,3,train
YDR272W,Cytoplasm,0,train
YDR280W,Nucleus,3,train
YLR192C,Cytoplasm,0,train
YLR193C,Mitochondria,2,train
YLR194C,Membrane_Secretory,1,test
YLR206W,Membrane_Secretory,1,test
YLR207W,Membrane_Secretory,1,test
YLR211C,Cytoplasm,0,train
YLR215C,Cytoplasm,0,train
YLR284C,Membrane_Secretory,1,train
YLR298C,Nucleus,3,test
YLR299W,Membrane_Secretory,1,test
YLR360W,Membrane_Secretory,1,train
YLR368W,Mitochondria,2,train
YLR369W,Mitochondria,2,test
YLR370C,Cytoplasm,0,train
YLR373C,Nucleus,3,train
YLR222C,Nucleus,3,train
YLR226W,Nucleus,3,test
YLR228C,Nucleus,3,train
YLR231C,Nucleus,3,train
YLR389C,Membrane_Secretory,1,train
YLR394W,Nucleus,3,test
YLR401C,Nucleus,3,train
YLR404W,Membrane_Secretory,1,train
YLR409C,Nucleus,3,train
YPR105C,Membrane_Secretory,1,train
YPR107C,Nucleus,3,train
YPR108W,Nucleus,3,train
YPR112C,Nucleus,3,train
YLR336C,Nucleus,3,train
YLR343W,Membrane_Secretory,1,train
YLR347C,Nucleus,3,train
YLR348C,Mitochondria,2,train
YLR350W,Membrane_Secretory,1,train
YLR260W,Membrane_Secretory,1,test
YLR265C,Nucleus,3,train
YLR270W,Cytoplasm,0,train
YLR272C,Nucleus,3,train
YLR312C,Membrane_Secretory,1,train
YLR313C,Cytoplasm,0,test
YLR315W,Nucleus,3,train
YLR318W,Nucleus,3,train
YLR320W,Nucleus,3,train
YLR321C,Nucleus,3,train
YLR328W,Nucleus,3,train
YLR455W,Nucleus,3,train
YLR449W,Nucleus,3,train
YPR164W,Nucleus,3,train
YPR168W,Nucleus,3,train
YLR275W,Nucleus,3,train
YLR276C,Nucleus,3,test
YLR277C,Nucleus,3,train
YLR181C,Membrane_Secretory,1,train
YLR183C,Nucleus,3,test
YLR186W,Nucleus,3,train
YLR189C,Membrane_Secretory,1,train
YLR190W,Mitochondria,2,train
YDR352W,Membrane_Secretory,1,train
YDR357C,Cytoplasm,0,train
YDR359C,Nucleus,3,train
YDR362C,Nucleus,3,train
YDR363W,Nucleus,3,test
YDR365C,Nucleus,3,train
YDR367W,Membrane_Secretory,1,test
YDR370C,Cytoplasm,0,train
YDR372C,Other,4,train
YDR373W,Other,4,train
YDR378C,Nucleus,3,test
YDR379W,Cytoplasm,0,train
YDR380W,Cytoplasm,0,train
YLR422W,Mitochondria,2,train
YLR423C,Cytoplasm,0,test
YLR424W,Nucleus,3,train
YPR154W,Nucleus,3,train
YLR357W,Nucleus,3,test
YPR125W,Mitochondria,2,train
YPR128C,Membrane_Secretory,1,train
YPR131C,Cytoplasm,0,train
YPR133C,Nucleus,3,train
YPR137W,Nucleus,3,test
YPR139C,Membrane_Secretory,1,train
YPR140W,Mitochondria,2,test
YPR144C,Nucleus,3,train
YPR147C,Membrane_Secretory,1,train
YLR242C,Membrane_Secretory,1,train
YLR246W,Membrane_Secretory,1,train
YLR247C,Nucleus,3,train
YPR188C,Cytoplasm,0,train
YPR194C,Membrane_Secretory,1,test
YPR199C,Nucleus,3,train
YPR201W,Membrane_Secretory,1,test
YPR171W,Membrane_Secretory,1,train
YPR174C,Nucleus,3,train
YPR179C,Nucleus,3,train
YPR184W,Mitochondria,2,test
YPR185W,Cytoplasm,0,train
YDR295C,Nucleus,3,train
YDR296W,Nucleus,3,test
YDR299W,Nucleus,3,train
YDR301W,Nucleus,3,train
YDR303C,Nucleus,3,train
YDR309C,Cytoplasm,0,train
YDR313C,Membrane_Secretory,1,train
YLR431C,Membrane_Secretory,1,train
YLR435W,Nucleus,3,train
YDR318W,Nucleus,3,train
YDR319C,Membrane_Secretory,1,train
YDR320C,Membrane_Secretory,1,train
YDR322W,Mitochondria,2,train
YDR324C,Nucleus,3,train
YDR325W,Nucleus,3,train
YDR326C,Mitochondria,2,train
YLR410W,Cytoplasm,0,train
YLR417W,Membrane_Secretory,1,train
YLR418C,Other,4,train
YLR308W,Other,4,train
YLR309C,Membrane_Secretory,1,train
YLR380W,Membrane_Secretory,1,test
YLR384C,Nucleus,3,train
YLR385C,Nucleus,3,test
YLR386W,Membrane_Secretory,1,train
YPR075C,Membrane_Secretory,1,train
YPR081C,Cytoplasm,0,train
YPR091C,Nucleus,3,train
YPR093C,Nucleus,3,train
YPR095C,Cytoplasm,0,train
YPL188W,Mitochondria,2,test
YLR006C,Cytoplasm,0,train
YDL043C,Nucleus,3,train
YDL060W,Nucleus,3,train
YDL065C,Membrane_Secretory,1,train
YDL070W,Nucleus,3,train
YDL074C,Nucleus,3,train
YDL077C,Membrane_Secretory,1,train
YDL080C,Nucleus,3,train
YDL084W,Nucleus,3,train
YDL087C,Nucleus,3,train
YDL113C,Membrane_Secretory,1,train
YDL115C,Nucleus,3,train
YDL117W,Cytoplasm,0,test
YDL120W,Mitochondria,2,train
YDL124W,Nucleus,3,train
YDL142C,Mitochondria,2,train
YDL213C,Nucleus,3,test
YDL219W,Cytoplasm,0,train
YDL222C,Membrane_Secretory,1,train
YDL225W,Membrane_Secretory,1,test
YDL235C,Nucleus,3,train
YDL239C,Other,4,test
YDR261W-B,Nucleus,3,train
YDR261C-D,Nucleus,3,train
YLL002W,Nucleus,3,train
YLL010C,Membrane_Secretory,1,test
YLL012W,Membrane_Secretory,1,train
YLL013C,Mitochondria,2,train
YLL027W,Mitochondria,2,train
YLL028W,Membrane_Secretory,1,train
YLL029W,Cytoplasm,0,train
YLL031C,Membrane_Secretory,1,test
YLL035W,Nucleus,3,test
YLL040C,Mitochondria,2,train
YLL042C,Other,4,train
YLR002C,Nucleus,3,train
YLR007W,Nucleus,3,test
YLR008C,Mitochondria,2,train
YLR009W,Nucleus,3,test
YLR010C,Nucleus,3,train
YLR011W,Nucleus,3,train
YLR016C,Nucleus,3,train
YLR017W,Nucleus,3,train
YLR020C,Membrane_Secretory,1,test
YLR022C,Nucleus,3,train
YLR024C,Cytoplasm,0,train
YLR033W,Nucleus,3,test
YLR072W,Membrane_Secretory,1,train
YLR074C,Nucleus,3,train
YLR103C,Nucleus,3,train
YOL010W,Nucleus,3,train
YOL011W,Membrane_Secretory,1,train
YOL013C,Membrane_Secretory,1,train
YOL018C,Membrane_Secretory,1,train
YOL021C,Nucleus,3,train
YOL027C,Mitochondria,2,train
YOL030W,Membrane_Secretory,1,train
YOL031C,Other,4,test
YOL034W,Nucleus,3,train
YOL041C,Nucleus,3,test
YOL043C,Nucleus,3,train
YOL044W,Membrane_Secretory,1,test
YOL045W,Cytoplasm,0,train
YOL047C,Membrane_Secretory,1,train
YOL070C,Cytoplasm,0,train
YOL071W,Mitochondria,2,train
YOL072W,Other,4,train
YOL077C,Nucleus,3,train
YOL078W,Membrane_Secretory,1,train
YOL109W,Membrane_Secretory,1,train
YOL133W,Nucleus,3,train
YOL135C,Nucleus,3,test
YOL138C,Membrane_Secretory,1,train
YOL141W,Mitochondria,2,train
YOL142W,Nucleus,3,train
YOL144W,Nucleus,3,train
YOR005C,Nucleus,3,train
YOR042W,Cytoplasm,0,train
YOR049C,Membrane_Secretory,1,train
YOR056C,Nucleus,3,train
YOR059C,Membrane_Secretory,1,train
YOR064C,Nucleus,3,train
YOR070C,Other,4,train
YOR073W,Other,4,train
YOR076C,Cytoplasm,0,train
YOR078W,Nucleus,3,train
YOR080W,Nucleus,3,train
YOR175C,Membrane_Secretory,1,train
YOR177C,Other,4,train
YOR180C,Membrane_Secretory,1,train
YOR189W,Nucleus,3,train
YOR191W,Nucleus,3,train
YOR195W,Other,4,train
YOR197W,Nucleus,3,train
YOR239W,Cytoplasm,0,test
YOR241W,Mitochondria,2,train
YOR243C,Nucleus,3,train
YOR245C,Membrane_Secretory,1,train
YOR246C,Membrane_Secretory,1,test
YOR249C,Nucleus,3,train
YOR250C,Nucleus,3,train
YOR251C,Mitochondria,2,train
YOR253W,Cytoplasm,0,train
YOR258W,Nucleus,3,train
YOR294W,Nucleus,3,train
YOR295W,Nucleus,3,test
YOR297C,Mitochondria,2,train
YOR299W,Other,4,train
YOR301W,Membrane_Secretory,1,test
YOR304W,Nucleus,3,train
YOR352W,Nucleus,3,test
YOR357C,Membrane_Secretory,1,train
YOR359W,Cytoplasm,0,train
YOR367W,Other,4,train
YOR371C,Cytoplasm,0,train
YOR372C,Nucleus,3,train
YOR381W,Membrane_Secretory,1,train
YPL178W,Nucleus,3,train
YPL180W,Membrane_Secretory,1,train
YPL181W,Nucleus,3,test
YPL183C,Membrane_Secretory,1,train
YPL184C,Cytoplasm,0,train
YPL191C,Cytoplasm,0,train
YPL192C,Other,4,test
YPL194W,Nucleus,3,train
YPL195W,Membrane_Secretory,1,train
YPL200W,Nucleus,3,train
YPL202C,Nucleus,3,test
YPL206C,Mitochondria,2,train
YPL207W,Membrane_Secretory,1,train
YPL211W,Nucleus,3,train
YPL213W,Nucleus,3,train
YPL217C,Nucleus,3,train
YPL221W,Membrane_Secretory,1,test
YPL222W,Mitochondria,2,test
YPL226W,Nucleus,3,train
YPL273W,Nucleus,3,test
YPL274W,Membrane_Secretory,1,train
YPL280W,Cytoplasm,0,train
YNL045W,Nucleus,3,test
YPL236C,Membrane_Secretory,1,test
YPR056W,Nucleus,3,test
YOL003C,Membrane_Secretory,1,train
YDL201W,Nucleus,3,test
YOL092W,Membrane_Secretory,1,train
YOR223W,Membrane_Secretory,1,train
YOR281C,Cytoplasm,0,train
YDL132W,Nucleus,3,train
YLR106C,Nucleus,3,train
YOR272W,Nucleus,3,test
YPR029C,Membrane_Secretory,1,train
YDR167W,Nucleus,3,train
YOR275C,Nucleus,3,train
YPR032W,Membrane_Secretory,1,train
YOL095C,Mitochondria,2,train
YDR253C,Nucleus,3,train
YOR081C,Membrane_Secretory,1,train
YPL253C,Nucleus,3,train
YDL209C,Nucleus,3,train
YPL250C,Other,4,train
YPR045C,Nucleus,3,test
YOR144C,Nucleus,3,train
YPL069C,Cytoplasm,0,train
YPL157W,Nucleus,3,train
YDL166C,Nucleus,3,train
YOR226C,Mitochondria,2,test
YPL254W,Nucleus,3,train
YDL193W,Nucleus,3,train
YOL151W,Nucleus,3,train
YDR027C,Mitochondria,2,train
YPL146C,Nucleus,3,train
YDL157C,Mitochondria,2,train
YPL164C,Nucleus,3,train
YLR035C-A,Nucleus,3,train
YPL166W,Other,4,train
YDL033C,Mitochondria,2,train
YOR006C,Nucleus,3,train
YLR135W,Nucleus,3,train
YDR021W,Nucleus,3,train
YLR115W,Nucleus,3,train
YOR228C,Mitochondria,2,train
YNL284C-B,Nucleus,3,train
YOR192C-B,Nucleus,3,train
YLR330W,Other,4,train
YOR007C,Cytoplasm,0,train
YOR173W,Cytoplasm,0,train
YDL005C,Nucleus,3,train
YLR110C,Membrane_Secretory,1,test
YDL153C,Nucleus,3,train
YGR027W-B,Nucleus,3,train
YDL149W,Mitochondria,2,train
YPL233W,Nucleus,3,train
YOL146W,Nucleus,3,train
YOR001W,Nucleus,3,test
YLR087C,Mitochondria,2,train
YDR213W,Nucleus,3,train
YDL100C,Membrane_Secretory,1,train
YDR063W,Nucleus,3,train
YDL003W,Nucleus,3,train
YDR381W,Nucleus,3,train
YOL054W,Nucleus,3,train
YLL023C,Membrane_Secretory,1,train
YOR108W,Mitochondria,2,train
YLR144C,Cytoplasm,0,train
YGR109W-A,Cytoplasm,0,train
YDR060W,Nucleus,3,test
YPR062W,Nucleus,3,train
YPR048W,Mitochondria,2,train
YPL252C,Mitochondria,2,train
YLR116W,Nucleus,3,train
YPR007C,Nucleus,3,train
YDL099W,Cytoplasm,0,train
YBR012W-B,Nucleus,3,train
YOR119C,Cytoplasm,0,train
YLL058W,Cytoplasm,0,train
YPL006W,Membrane_Secretory,1,train
YPR149W,Membrane_Secretory,1,train
YLR132C,Nucleus,3,train
YPL212C,Nucleus,3,train
YPL198W,Cytoplasm,0,train
YOR156C,Nucleus,3,train
YLR129W,Nucleus,3,train
YDL059C,Nucleus,3,train
YPL089C,Nucleus,3,test
YDL091C,Cytoplasm,0,train
YPL004C,Other,4,train
YOL100W,Nucleus,3,test
YOR106W,Membrane_Secretory,1,train
YOR138C,Nucleus,3,train
YPL144W,Cytoplasm,0,train
YOR171C,Membrane_Secretory,1,train
YDR016C,Nucleus,3,train
YLR093C,Membrane_Secretory,1,train
YOR273C,Membrane_Secretory,1,train
YLR108C,Nucleus,3,train
YPR046W,Nucleus,3,test
YDR507C,Cytoplasm,0,test
YOL061W,Cytoplasm,0,test
YLR086W,Nucleus,3,train
YGR038C-B,Nucleus,3,train
YOR109W,Cytoplasm,0,train
YOL103W-B,Nucleus,3,train
YOR093C,Mitochondria,2,train
YDL111C,Nucleus,3,train
YPL242C,Cytoplasm,0,train
YPR037C,Membrane_Secretory,1,train
YOL111C,Nucleus,3,train
YLL009C,Mitochondria,2,train
YOL083W,Other,4,train
YPL011C,Nucleus,3,train
YDL138W,Membrane_Secretory,1,train
YLR121C,Membrane_Secretory,1,train
YOR285W,Mitochondria,2,train
YPL007C,Nucleus,3,test
YLR117C,Nucleus,3,train
YPR031W,Nucleus,3,train
YDL207W,Nucleus,3,train
YGR161C-D,Nucleus,3,test
YOL112W,Cytoplasm,0,test
YLR376C,Nucleus,3,train
YOR040W,Mitochondria,2,train
YPR070W,Nucleus,3,test
YOR087W,Membrane_Secretory,1,train
YDL217C,Mitochondria,2,train
YOR159C,Nucleus,3,train
YOL152W,Membrane_Secretory,1,test
YDL139C,Nucleus,3,train
YOR004W,Nucleus,3,train
YPL001W,Nucleus,3,train
YOR174W,Nucleus,3,train
YPL249C,Cytoplasm,0,test
YLR052W,Nucleus,3,train
YOL117W,Nucleus,3,test
YLR295C,Mitochondria,2,train
YDR055W,Membrane_Secretory,1,train
YDL035C,Membrane_Secretory,1,test
YOL066C,Cytoplasm,0,test
YOR230W,Nucleus,3,test
YPL255W,Other,4,test
YOL104C,Nucleus,3,train
YLL022C,Nucleus,3,train
YPL149W,Other,4,test
YOR311C,Nucleus,3,test
YOL125W,Nucleus,3,train
YOR141C,Nucleus,3,train
YDL031W,Nucleus,3,train
YLR080W,Membrane_Secretory,1,test
YOL093W,Nucleus,3,train
YPR028W,Membrane_Secretory,1,train
YOR288C,Other,4,test
YPR034W,Nucleus,3,train
YOL091W,Other,4,train
YPL257W-B,Nucleus,3,train
YOR110W,Nucleus,3,train
YOR083W,Nucleus,3,train
YPL151C,Nucleus,3,train
YOR308C,Nucleus,3,train
YDR022C,Cytoplasm,0,test
YPR067W,Mitochondria,2,train
YLR143W,Cytoplasm,0,train
YPR023C,Nucleus,3,test
YOR023C,Nucleus,3,test
YDL010W,Membrane_Secretory,1,train
YLR127C,Nucleus,3,train
YDL204W,Membrane_Secretory,1,train
YLR018C,Nucleus,3,train
YDR214W,Cytoplasm,0,train
YDL019C,Membrane_Secretory,1,test
YLR100W,Membrane_Secretory,1,train
YDR026C,Nucleus,3,test
YDR368W,Cytoplasm,0,train
YLR197W,Nucleus,3,train
YPL152W,Cytoplasm,0,train
YOL147C,Membrane_Secretory,1,train
YOL124C,Cytoplasm,0,test
YPL235W,Other,4,train
YLR084C,Membrane_Secretory,1,train
YOR086C,Membrane_Secretory,1,train
YDL216C,Nucleus,3,train
YDR034C-D,Nucleus,3,train
YLL051C,Membrane_Secretory,1,test
YDL175C,Nucleus,3,train
YOR287C,Nucleus,3,train
YPL002C,Membrane_Secretory,1,test
YDR013W,Nucleus,3,train
YBL005W-B,Nucleus,3,test
YBL100W-B,Nucleus,3,test
YDR017C,Cytoplasm,0,train
YPR018W,Nucleus,3,train
YOR310C,Nucleus,3,test
YOR343W-B,Nucleus,3,train
YOR322C,Membrane_Secretory,1,test
YDR255C,Cytoplasm,0,train
YLR085C,Nucleus,3,train
YDL156W,Nucleus,3,train
YOR090C,Mitochondria,2,train
YDL110C,Nucleus,3,train
YPR072W,Nucleus,3,train
YOL149W,Cytoplasm,0,train
YDL161W,Membrane_Secretory,1,train
YPR016C,Nucleus,3,train
YLR151C,Membrane_Secretory,1,train
YPR049C,Membrane_Secretory,1,train
YLR145W,Nucleus,3,test
YPL009C,Cytoplasm,0,train
YMR162C,Membrane_Secretory,1,train
YDR093W,Membrane_Secretory,1,train
YDR038C,Membrane_Secretory,1,train
YOL012C,Nucleus,3,train
YOR291W,Membrane_Secretory,1,train
YPR030W,Nucleus,3,train
YLR440C,Membrane_Secretory,1,train
YML125C,Membrane_Secretory,1,train
YLR381W,Nucleus,3,train
YLR383W,Nucleus,3,train
YPL012W,Nucleus,3,train
YLL018C-A,Mitochondria,2,train
YJL136C,Cytoplasm,0,test
YGR085C,Nucleus,3,train
YGR169C-A,Nucleus,3,train
YGR027C,Cytoplasm,0,train
YAL044W-A,Mitochondria,2,test
YBL059C-A,Mitochondria,2,test
YJL062W-A,Mitochondria,2,test
YCL005W-A,Membrane_Secretory,1,train
YDR079C-A,Nucleus,3,train
YOR167C,Cytoplasm,0,train
YKR095W-A,Nucleus,3,train
YBL071W-A,Nucleus,3,train
YMR244C-A,Nucleus,3,train
YHR072W-A,Nucleus,3,train
YBR111W-A,Cytoplasm,0,test
YIL082W-A,Nucleus,3,test
YGL226C-A,Membrane_Secretory,1,train
YDR397C,Nucleus,3,test
YOL009C,Mitochondria,2,train
YOR069W,Membrane_Secretory,1,train
YOR142W-B,Nucleus,3,train
YCL057C-A,Mitochondria,2,train
YLR119W,Membrane_Secretory,1,test
YOL062C,Other,4,train
YDL015C,Membrane_Secretory,1,train
YDL148C,Nucleus,3,test
YOR111W,Cytoplasm,0,test
YOR145C,Nucleus,3,train
YIL082W,Cytoplasm,0,test
YDR057W,Membrane_Secretory,1,train
YOR129C,Other,4,train
YDR210C-D,Nucleus,3,train
YPL169C,Nucleus,3,train
YDR487C,Nucleus,3,train
YLR262C,Membrane_Secretory,1,train
YLR138W,Membrane_Secretory,1,train
YMR112C,Nucleus,3,test
YOR165W,Membrane_Secretory,1,train
YPL158C,Cytoplasm,0,train
YOR213C,Nucleus,3,test
YGR109W-B,Nucleus,3,train
YOR163W,Nucleus,3,train
YOR152C,Membrane_Secretory,1,train
YNL054W-B,Nucleus,3,train
YDL232W,Membrane_Secretory,1,train
YOL123W,Nucleus,3,train
YDL128W,Membrane_Secretory,1,train
YOR115C,Membrane_Secretory,1,test
YLR316C,Nucleus,3,train
YCR020W-B,Nucleus,3,train
Q0115,Mitochondria,2,train
Q0070,Mitochondria,2,test
YNL083W,Mitochondria,2,train
YLR437C,Nucleus,3,train
YPL183W-A,Mitochondria,2,train
YOR304C-A,Cytoplasm,0,train
YEL039C,Mitochondria,2,train
YIL111W,Mitochondria,2,test
YHR051W,Mitochondria,2,train
YHR008C,Mitochondria,2,test
Q0080,Mitochondria,2,train
YDL130W-A,Mitochondria,2,train
Q0140,Mitochondria,2,train
R0040C,Nucleus,3,train
Q0160,Mitochondria,2,train
YCL018W,Cytoplasm,0,train
YJL189W,Cytoplasm,0,train
YIL078W,Cytoplasm,0,train
YDR268W,Mitochondria,2,train
YML099C,Nucleus,3,train
YBR021W,Membrane_Secretory,1,train
YPL078C,Mitochondria,2,train
YGL147C,Cytoplasm,0,train
YLR344W,Cytoplasm,0,train
YFR032C-A,Cytoplasm,0,test
YLR061W,Cytoplasm,0,train
YAL039C,Mitochondria,2,test
YGR191W,Membrane_Secretory,1,test
YKL178C,Membrane_Secretory,1,train
YBR120C,Mitochondria,2,test
YIR021W,Mitochondria,2,train
YHR037W,Mitochondria,2,train
YGR094W,Mitochondria,2,train
YNL277W,Cytoplasm,0,train
YLR142W,Mitochondria,2,train
YBL076C,Cytoplasm,0,train
YDR298C,Mitochondria,2,test
YNL138W-A,Nucleus,3,test
YJL190C,Cytoplasm,0,train
YHR010W,Cytoplasm,0,test
YDL075W,Cytoplasm,0,train
YLR406C,Cytoplasm,0,test
YLL052C,Membrane_Secretory,1,train
YDL247W,Membrane_Secretory,1,train
YJR160C,Membrane_Secretory,1,train
YKR103W,Membrane_Secretory,1,test
YIL172C,Cytoplasm,0,test
YJR094W-A,Cytoplasm,0,train
YLR287C-A,Cytoplasm,0,train
YOR182C,Cytoplasm,0,train
YBL072C,Cytoplasm,0,train
YER102W,Cytoplasm,0,train
YDL083C,Cytoplasm,0,test
YDL184C,Cytoplasm,0,train
YDL133C-A,Cytoplasm,0,train
YER153C,Mitochondria,2,test
YJL133W,Mitochondria,2,test
YGR222W,Mitochondria,2,train
YDL044C,Mitochondria,2,train
YJL129C,Membrane_Secretory,1,train
YML021C,Nucleus,3,test
YML116W,Membrane_Secretory,1,train
YLR081W,Membrane_Secretory,1,train
YFL036W,Mitochondria,2,train
YGL205W,Membrane_Secretory,1,test
YOL108C,Nucleus,3,train
YKL138C,Mitochondria,2,train
YDL069C,Mitochondria,2,train
YJL151C,Membrane_Secretory,1,train
YPL104W,Mitochondria,2,train
YJR152W,Membrane_Secretory,1,train
YOR348C,Membrane_Secretory,1,train
YGR008C,Mitochondria,2,train
YDR389W,Cytoplasm,0,train
YCR075C,Membrane_Secretory,1,train
YBL040C,Membrane_Secretory,1,train
YER040W,Nucleus,3,train
YLR393W,Mitochondria,2,train
YOL140W,Mitochondria,2,train
YBR003W,Mitochondria,2,train
YBR140C,Cytoplasm,0,test
YOL081W,Cytoplasm,0,train
YMR286W,Mitochondria,2,train
YPL271W,Mitochondria,2,test
YIR023W,Nucleus,3,train
YOR336W,Other,4,train
YKR099W,Nucleus,3,train
YER142C,Nucleus,3,train
YJL180C,Mitochondria,2,test
YMR282C,Mitochondria,2,train
YJL063C,Mitochondria,2,test
YKR085C,Mitochondria,2,test
YGR171C,Mitochondria,2,train
YHL021C,Mitochondria,2,train
YML063W,Cytoplasm,0,test
YGR076C,Mitochondria,2,train
YKR052C,Mitochondria,2,train
YKR053C,Membrane_Secretory,1,train
YHR014W,Nucleus,3,test
YJR077C,Mitochondria,2,train
YGR148C,Cytoplasm,0,train
YMR220W,Cytoplasm,0,train
YOL023W,Mitochondria,2,test
YLR069C,Mitochondria,2,train
YOR201C,Mitochondria,2,train
YCR036W,Nucleus,3,train
YCR069W,Membrane_Secretory,1,train
YCR063W,Nucleus,3,train
YGL010W,Membrane_Secretory,1,train
YCR024C,Mitochondria,2,train
YCR032W,Membrane_Secretory,1,train
YCR067C,Membrane_Secretory,1,train
YCL028W,Nucleus,3,train
YCR011C,Membrane_Secretory,1,train
YCL064C,Mitochondria,2,train
YCR045C,Other,4,train
YCL001W,Membrane_Secretory,1,train
YCL037C,Cytoplasm,0,train
YCL004W,Mitochondria,2,train
YCL052C,Membrane_Secretory,1,train
YCL069W,Membrane_Secretory,1,train
YCL073C,Membrane_Secretory,1,train
YCR028C,Membrane_Secretory,1,train
YCR044C,Membrane_Secretory,1,train
YCR046C,Mitochondria,2,train
YCR048W,Membrane_Secretory,1,test
YCR082W,Nucleus,3,test
YKR034W,Nucleus,3,train
YPL160W,Cytoplasm,0,test
YJL139C,Membrane_Secretory,1,train
YDR123C,Nucleus,3,train
YMR267W,Mitochondria,2,test
YKR050W,Membrane_Secretory,1,test
YER044C-A,Nucleus,3,test
YML105C,Cytoplasm,0,train
YOL103W,Membrane_Secretory,1,train
YGL143C,Mitochondria,2,train
YGR220C,Mitochondria,2,train
YAL018C,Membrane_Secretory,1,train
YAL022C,Membrane_Secretory,1,train
YIL155C,Mitochondria,2,train
YDR300C,Cytoplasm,0,test
YPR058W,Mitochondria,2,train
YLR205C,Membrane_Secretory,1,train
YKL119C,Membrane_Secretory,1,train
YNR041C,Mitochondria,2,train
YGR286C,Mitochondria,2,train
YNL315C,Mitochondria,2,train
YLR172C,Cytoplasm,0,train
YNL268W,Membrane_Secretory,1,test
YPL121C,Nucleus,3,train
YLR067C,Mitochondria,2,train
YJL201W,Cytoplasm,0,train
YMR023C,Mitochondria,2,train
YOR190W,Membrane_Secretory,1,train
YEL050C,Mitochondria,2,train
YEL048C,Other,4,train
YEL038W,Nucleus,3,train
YER163C,Nucleus,3,train
YEL011W,Cytoplasm,0,train
YBL013W,Mitochondria,2,test
YBL014C,Nucleus,3,test
YJR144W,Other,4,train
YBL010C,Other,4,train
YGL255W,Membrane_Secretory,1,train
YGL254W,Nucleus,3,train
YOR185C,Nucleus,3,test
YDL210W,Membrane_Secretory,1,train
YMR133W,Nucleus,3,test
YMR302C,Mitochondria,2,train
YOR196C,Mitochondria,2,test
YHR147C,Mitochondria,2,train
YNR002C,Membrane_Secretory,1,train
YBL005W,Nucleus,3,train
YPL270W,Mitochondria,2,train
YGR006W,Nucleus,3,train
YGR007W,Nucleus,3,train
YKR061W,Membrane_Secretory,1,train
YOR010C,Membrane_Secretory,1,train
YBL080C,Mitochondria,2,train
YOR219C,Membrane_Secretory,1,train
YNL076W,Nucleus,3,test
YDR461W,Membrane_Secretory,1,train
YNL145W,Membrane_Secretory,1,test
YBL057C,Cytoplasm,0,train
YKL186C,Nucleus,3,train
YKL179C,Membrane_Secretory,1,train
YKL175W,Membrane_Secretory,1,train
YKL100C,Membrane_Secretory,1,train
YKL110C,Nucleus,3,train
YDR087C,Nucleus,3,train
YBL069W,Membrane_Secretory,1,test
YKL065C,Membrane_Secretory,1,train
YKL061W,Membrane_Secretory,1,test
YKL055C,Mitochondria,2,train
YKL170W,Mitochondria,2,train
YKL132C,Mitochondria,2,test
YKL168C,Cytoplasm,0,train
YKL029C,Mitochondria,2,test
YKR064W,Nucleus,3,train
YKL174C,Membrane_Secretory,1,train
YKL214C,Nucleus,3,train
YKL207W,Membrane_Secretory,1,train
YKL206C,Cytoplasm,0,train
YKL160W,Nucleus,3,train
YKL151C,Cytoplasm,0,train
YKL146W,Membrane_Secretory,1,train
YKL137W,Mitochondria,2,test
YKL128C,Nucleus,3,test
YKL125W,Nucleus,3,test
YKL043W,Nucleus,3,test
YKL033W,Nucleus,3,test
YKL027W,Mitochondria,2,train
YKL005C,Nucleus,3,train
YKR013W,Membrane_Secretory,1,test
YKR046C,Membrane_Secretory,1,train
YKR060W,Nucleus,3,test
YKR062W,Nucleus,3,train
YKR065C,Mitochondria,2,train
YKR079C,Nucleus,3,train
YKR088C,Membrane_Secretory,1,test
YKR091W,Cytoplasm,0,train
YKR096W,Nucleus,3,train
YKR100C,Membrane_Secretory,1,train
YKR106W,Membrane_Secretory,1,train
YMR294W,Cytoplasm,0,train
YDR237W,Mitochondria,2,test
YDL202W,Mitochondria,2,train
YLR312W-A,Mitochondria,2,test
YBR282W,Mitochondria,2,test
YDR462W,Mitochondria,2,train
YBR268W,Mitochondria,2,train
YML009C,Mitochondria,2,test
YPL173W,Mitochondria,2,test
YNR033W,Cytoplasm,0,test
YCL026C-A,Nucleus,3,train
YCR073W-A,Cytoplasm,0,train
YCR087C-A,Nucleus,3,train
YBR286W,Membrane_Secretory,1,train
YBL038W,Mitochondria,2,train
YBL037W,Membrane_Secretory,1,train
YBR024W,Mitochondria,2,train
YBR066C,Nucleus,3,train
YBR132C,Membrane_Secretory,1,train
YBR145W,Cytoplasm,0,train
YBR150C,Nucleus,3,train
YBR146W,Mitochondria,2,train
YBR186W,Nucleus,3,train
YBR199W,Membrane_Secretory,1,test
YBR233W,Nucleus,3,train
YBR291C,Mitochondria,2,test
YBL107C,Mitochondria,2,train
YBL104C,Membrane_Secretory,1,train
YBL102W,Membrane_Secretory,1,test
YBL090W,Mitochondria,2,train
YBL082C,Membrane_Secretory,1,test
YBL042C,Membrane_Secretory,1,train
YBL025W,Nucleus,3,train
YBL020W,Membrane_Secretory,1,train
YBL006C,Nucleus,3,train
YBR025C,Cytoplasm,0,train
YBR030W,Nucleus,3,train
YBR040W,Membrane_Secretory,1,train
YBR042C,Membrane_Secretory,1,train
YBR094W,Cytoplasm,0,test
YBR137W,Cytoplasm,0,train
YBR141C,Nucleus,3,train
YBR162C,Membrane_Secretory,1,train
YBR214W,Cytoplasm,0,train
YBR216C,Cytoplasm,0,train
YBR258C,Nucleus,3,train
YBR271W,Cytoplasm,0,train
YBR273C,Membrane_Secretory,1,test
YBR294W,Membrane_Secretory,1,train
YNL160W,Membrane_Secretory,1,test
YER099C,Cytoplasm,0,train
YMR217W,Cytoplasm,0,train
YHR178W,Nucleus,3,train
YHR011W,Mitochondria,2,train
YHL047C,Membrane_Secretory,1,train
YHL044W,Membrane_Secretory,1,test
YHL039W,Cytoplasm,0,train
YHL035C,Membrane_Secretory,1,train
YHL010C,Cytoplasm,0,train
YHL009C,Nucleus,3,train
YHL006C,Nucleus,3,test
YHR003C,Mitochondria,2,train
YHR015W,Cytoplasm,0,train
YHR035W,Nucleus,3,train
YHR040W,Nucleus,3,train
YHR049W,Nucleus,3,train
YHR059W,Mitochondria,2,train
YHR077C,Cytoplasm,0,train
YHR100C,Mitochondria,2,train
YHR101C,Membrane_Secretory,1,train
YHR106W,Mitochondria,2,train
YHR109W,Cytoplasm,0,train
YHR116W,Mitochondria,2,train
YHR133C,Membrane_Secretory,1,test
YHR163W,Nucleus,3,test
YHR168W,Mitochondria,2,train
YHR175W,Membrane_Secretory,1,train
YHR184W,Other,4,train
YHR189W,Mitochondria,2,test
YHR191C,Nucleus,3,train
YHR194W,Mitochondria,2,test
YHR209W,Cytoplasm,0,train
YDR464W,Nucleus,3,train
YOR037W,Mitochondria,2,test
YDL045C,Nucleus,3,train
YNL003C,Mitochondria,2,train
YDR078C,Nucleus,3,train
YDR084C,Membrane_Secretory,1,train
YDR089W,Membrane_Secretory,1,test
YGR061C,Cytoplasm,0,train
YDR321W,Cytoplasm,0,train
YDL198C,Mitochondria,2,test
YER096W,Cytoplasm,0,train
YIL142W,Cytoplasm,0,test
YJL014W,Cytoplasm,0,train
YDR188W,Cytoplasm,0,train
YLR090W,Mitochondria,2,train
YML129C,Mitochondria,2,train
YER001W,Membrane_Secretory,1,train
YJL198W,Membrane_Secretory,1,train
YJL192C,Membrane_Secretory,1,train
YAR028W,Membrane_Secretory,1,train
YJL102W,Mitochondria,2,train
YFR023W,Nucleus,3,test
YAL067C,Membrane_Secretory,1,test
YAL063C,Membrane_Secretory,1,train
YAL061W,Nucleus,3,train
YAL031C,Cytoplasm,0,train
YAL028W,Membrane_Secretory,1,test
YEL069C,Membrane_Secretory,1,train
YDR536W,Membrane_Secretory,1,train
YPR186C,Nucleus,3,test
YGL189C,Cytoplasm,0,train
YEL006W,Mitochondria,2,train
YER184C,Nucleus,3,train
YER045C,Nucleus,3,train
YEL065W,Membrane_Secretory,1,train
YEL029C,Nucleus,3,train
YEL020C,Cytoplasm,0,train
YEL004W,Membrane_Secretory,1,train
YER002W,Nucleus,3,train
YER014W,Mitochondria,2,test
YER024W,Cytoplasm,0,test
YER030W,Nucleus,3,train
YER032W,Cytoplasm,0,train
YER038C,Nucleus,3,train
YER044C,Membrane_Secretory,1,test
YER046W,Cytoplasm,0,train
YER053C,Mitochondria,2,train
YER059W,Nucleus,3,train
YER067W,Membrane_Secretory,1,test
YER071C,Cytoplasm,0,train
YER113C,Membrane_Secretory,1,test
YER119C,Membrane_Secretory,1,train
YER124C,Cytoplasm,0,train
YER127W,Nucleus,3,train
YER128W,Membrane_Secretory,1,test
YER140W,Mitochondria,2,train
YER145C,Membrane_Secretory,1,train
YER150W,Membrane_Secretory,1,train
YNL200C,Mitochondria,2,test
YNL194C,Membrane_Secretory,1,train
YIL051C,Mitochondria,2,test
YMR134W,Membrane_Secretory,1,test
YMR142C,Cytoplasm,0,train
YMR145C,Mitochondria,2,train
YGR121C,Membrane_Secretory,1,train
YJL093C,Membrane_Secretory,1,train
YNL111C,Membrane_Secretory,1,train
YPR073C,Cytoplasm,0,train
YPL227C,Membrane_Secretory,1,train
YOR067C,Membrane_Secretory,1,train
YJL068C,Cytoplasm,0,test
YJL065C,Nucleus,3,train
YJR064W,Cytoplasm,0,train
YIL169C,Membrane_Secretory,1,train
YIL157C,Mitochondria,2,train
YIL145C,Nucleus,3,train
YIL120W,Membrane_Secretory,1,train
YIL114C,Mitochondria,2,train
YIL110W,Nucleus,3,train
YIL104C,Nucleus,3,train
YIL098C,Mitochondria,2,train
YIL096C,Nucleus,3,train
YIL090W,Membrane_Secretory,1,train
YIL085C,Membrane_Secretory,1,train
YIL064W,Cytoplasm,0,test
YIL063C,Nucleus,3,train
YIL062C,Other,4,test
YIL056W,Nucleus,3,train
YIL049W,Membrane_Secretory,1,train
YIL047C,Membrane_Secretory,1,train
YIL044C,Membrane_Secretory,1,train
YIL040W,Nucleus,3,test
YIL039W,Membrane_Secretory,1,train
YIL014W,Membrane_Secretory,1,test
YIL013C,Membrane_Secretory,1,train
YIL011W,Membrane_Secretory,1,train
YIR009W,Nucleus,3,train
YIR018W,Nucleus,3,test
YIR024C,Mitochondria,2,train
YIR035C,Cytoplasm,0,test
YIR038C,Membrane_Secretory,1,train
YIR039C,Membrane_Secretory,1,train
YJL096W,Mitochondria,2,test
YJL219W,Membrane_Secretory,1,train
YJL214W,Membrane_Secretory,1,train
YJL212C,Membrane_Secretory,1,test
YDR488C,Cytoplasm,0,train
YDR034C,Nucleus,3,train
YEL017C-A,Membrane_Secretory,1,test
YJR036C,Nucleus,3,train
YDR182W,Membrane_Secretory,1,train
YLR388W,Cytoplasm,0,train
YDL061C,Cytoplasm,0,train
YJL004C,Membrane_Secretory,1,train
YLR459W,Membrane_Secretory,1,train
YGR105W,Membrane_Secretory,1,test
YNL062C,Nucleus,3,train
YDR046C,Membrane_Secretory,1,train
YPL177C,Nucleus,3,train
YPL266W,Nucleus,3,test
YOL110W,Membrane_Secretory,1,train
YPL092W,Membrane_Secretory,1,train
YGR194C,Cytoplasm,0,test
YNL318C,Membrane_Secretory,1,test
YNL313C,Nucleus,3,test
YNL311C,Cytoplasm,0,test
YNL306W,Mitochondria,2,train
YLR139C,Mitochondria,2,train
YGR199W,Membrane_Secretory,1,train
YGR203W,Nucleus,3,train
YGR205W,Nucleus,3,train
YJL110C,Nucleus,3,train
YJL103C,Nucleus,3,train
YFL054C,Membrane_Secretory,1,test
YFL052W,Nucleus,3,test
YFL050C,Membrane_Secretory,1,train
YFL049W,Nucleus,3,train
YFL042C,Membrane_Secretory,1,train
YFL028C,Nucleus,3,train
YFL021W,Nucleus,3,train
YFL011W,Membrane_Secretory,1,train
YFL010C,Nucleus,3,train
YFR005C,Nucleus,3,train
YFR013W,Nucleus,3,test
YFR017C,Cytoplasm,0,test
YFR029W,Membrane_Secretory,1,train
YFR042W,Membrane_Secretory,1,test
YFR047C,Nucleus,3,train
YLR098C,Nucleus,3,test
YJL042W,Cytoplasm,0,test
YPL241C,Cytoplasm,0,test
YGR197C,Membrane_Secretory,1,train
YJL089W,Nucleus,3,train
YJL117W,Membrane_Secretory,1,train
YPL076W,Membrane_Secretory,1,train
YJL121C,Cytoplasm,0,test
YJR132W,Nucleus,3,train
YJR127C,Nucleus,3,train
YJL186W,Other,4,train
YJL171C,Membrane_Secretory,1,train
YJL123C,Cytoplasm,0,test
YJL122W,Nucleus,3,test
YJL082W,Nucleus,3,train
YJL059W,Membrane_Secretory,1,train
YJL054W,Mitochondria,2,train
YJL045W,Mitochondria,2,train
YJL038C,Membrane_Secretory,1,train
YJL037W,Membrane_Secretory,1,train
YJL008C,Cytoplasm,0,train
YJR013W,Membrane_Secretory,1,train
YJR014W,Cytoplasm,0,train
YJR024C,Cytoplasm,0,train
YJR067C,Nucleus,3,train
YJR074W,Nucleus,3,train
YJR097W,Nucleus,3,test
YJR101W,Mitochondria,2,train
YJR110W,Cytoplasm,0,train
YJR122W,Mitochondria,2,train
YJR126C,Membrane_Secretory,1,train
YJR136C,Nucleus,3,test
YJR151C,Membrane_Secretory,1,test
YJR158W,Membrane_Secretory,1,test
YMR170C,Cytoplasm,0,train
YOR337W,Nucleus,3,test
YDR019C,Mitochondria,2,train
YGR154C,Membrane_Secretory,1,train
YDL234C,Cytoplasm,0,train
YOL033W,Mitochondria,2,train
YPL097W,Mitochondria,2,test
YNL294C,Membrane_Secretory,1,train
YOR369C,Cytoplasm,0,test
YOR265W,Cytoplasm,0,test
YLR325C,Cytoplasm,0,train
YGR055W,Membrane_Secretory,1,test
YNR034W,Nucleus,3,train
YDR505C,Mitochondria,2,test
YNL101W,Membrane_Secretory,1,train
YNL099C,Cytoplasm,0,train
YNL067W,Cytoplasm,0,test
YOR328W,Membrane_Secretory,1,train
YOR035C,Cytoplasm,0,train
YML025C,Mitochondria,2,train
YDL093W,Membrane_Secretory,1,train
YGL128C,Nucleus,3,train
YDR111C,Nucleus,3,train
YDR261C,Membrane_Secretory,1,train
YGL209W,Nucleus,3,train
YGL257C,Membrane_Secretory,1,train
YGL247W,Nucleus,3,train
YGL236C,Mitochondria,2,train
YGL232W,Nucleus,3,train
YGL231C,Membrane_Secretory,1,train
YGL228W,Mitochondria,2,train
YGL222C,Cytoplasm,0,train
YGL197W,Cytoplasm,0,train
YGL184C,Nucleus,3,train
YGL164C,Nucleus,3,train
YGL161C,Membrane_Secretory,1,train
YGL157W,Nucleus,3,train
YGL139W,Membrane_Secretory,1,train
YGL136C,Mitochondria,2,train
YGL134W,Cytoplasm,0,train
YGL111W,Nucleus,3,train
YGL085W,Mitochondria,2,train
YGL079W,Membrane_Secretory,1,test
YGL063W,Mitochondria,2,train
YGL060W,Cytoplasm,0,train
YGL053W,Membrane_Secretory,1,train
YGL036W,Nucleus,3,train
YGL033W,Nucleus,3,test
YGL029W,Nucleus,3,test
YGL028C,Membrane_Secretory,1,train
YGL002W,Membrane_Secretory,1,train
YGR012W,Mitochondria,2,test
YGR023W,Membrane_Secretory,1,train
YGR033C,Mitochondria,2,train
YGR034W,Cytoplasm,0,train
YGR052W,Mitochondria,2,test
YGR062C,Mitochondria,2,train
YGR071C,Nucleus,3,test
YGR100W,Cytoplasm,0,train
YGR102C,Mitochondria,2,train
YGR112W,Mitochondria,2,train
YGR125W,Membrane_Secretory,1,train
YGR134W,Nucleus,3,train
YGR138C,Membrane_Secretory,1,train
YGR173W,Cytoplasm,0,train
YGR215W,Mitochondria,2,train
YGR216C,Membrane_Secretory,1,test
YGR244C,Mitochondria,2,train
YGR245C,Nucleus,3,test
YGR257C,Mitochondria,2,train
YGR277C,Nucleus,3,train
YGR284C,Membrane_Secretory,1,test
YPL265W,Membrane_Secretory,1,test
YNR055C,Membrane_Secretory,1,train
YPR138C,Membrane_Secretory,1,train
YMR270C,Nucleus,3,test
YPL010W,Membrane_Secretory,1,test
YNR019W,Membrane_Secretory,1,train
YNR072W,Membrane_Secretory,1,train
YNR009W,Nucleus,3,train
YNR027W,Nucleus,3,train
YNR030W,Membrane_Secretory,1,train
YNR037C,Mitochondria,2,test
YNR070W,Membrane_Secretory,1,train
YNL281W,Nucleus,3,train
YNL278W,Nucleus,3,train
YNL255C,Cytoplasm,0,train
YNL253W,Nucleus,3,train
YNL245C,Nucleus,3,train
YNL185C,Mitochondria,2,train
YNL177C,Mitochondria,2,train
YNL175C,Nucleus,3,train
YNL168C,Mitochondria,2,train
YNL149C,Nucleus,3,train
YNL122C,Mitochondria,2,train
YNL081C,Mitochondria,2,train
YNL080C,Membrane_Secretory,1,train
YNL063W,Mitochondria,2,test
YNL023C,Nucleus,3,train
YMR169C,Cytoplasm,0,train
YMR067C,Nucleus,3,train
YLR059C,Mitochondria,2,train
YFL034C-A,Cytoplasm,0,train
YJR135W-A,Mitochondria,2,train
YAR035W,Mitochondria,2,train
YOL077W-A,Mitochondria,2,train
YDR276C,Membrane_Secretory,1,train
YHR079C-A,Nucleus,3,train
YER007C-A,Cytoplasm,0,train
YGR075C,Nucleus,3,train
YKL106W,Mitochondria,2,test
YML104C,Cytoplasm,0,train
YEL053C,Cytoplasm,0,train
YKR006C,Mitochondria,2,train
YKR010C,Nucleus,3,train
YOR358W,Nucleus,3,train
YPL030W,Cytoplasm,0,test
YLR329W,Nucleus,3,train
YBR191W,Cytoplasm,0,train
YPL064C,Nucleus,3,train
YPL060W,Mitochondria,2,train
YPL083C,Nucleus,3,train
YPL070W,Cytoplasm,0,train
YPL103C,Mitochondria,2,train
YPL125W,Nucleus,3,train
YPL112C,Membrane_Secretory,1,train
YLR141W,Nucleus,3,test
YPL137C,Membrane_Secretory,1,train
YPL134C,Mitochondria,2,train
YPL032C,Cytoplasm,0,train
YMR101C,Membrane_Secretory,1,train
YDR041W,Mitochondria,2,train
YMR171C,Membrane_Secretory,1,train
YMR176W,Nucleus,3,train
YMR177W,Mitochondria,2,test
YMR180C,Nucleus,3,test
YMR188C,Mitochondria,2,train
YMR277W,Nucleus,3,train
YDR458C,Other,4,test
YDR459C,Membrane_Secretory,1,train
YDR470C,Mitochondria,2,train
YDR479C,Membrane_Secretory,1,train
YDR493W,Mitochondria,2,train
YDR494W,Mitochondria,2,train
YDR003W,Membrane_Secretory,1,test
YMR274C,Membrane_Secretory,1,test
YMR219W,Nucleus,3,train
YMR204C,Membrane_Secretory,1,train
YML034W,Other,4,train
YML023C,Nucleus,3,train
YML117W,Cytoplasm,0,train
YML107C,Nucleus,3,train
YDR147W,Cytoplasm,0,train
YDR163W,Nucleus,3,train
YMR163C,Membrane_Secretory,1,train
YMR166C,Mitochondria,2,train
YDR100W,Membrane_Secretory,1,train
YDR259C,Nucleus,3,train
YDR014W-A,Nucleus,3,train
YDR202C,Cytoplasm,0,train
YDR183W,Cytoplasm,0,train
YDR185C,Mitochondria,2,train
YDR421W,Nucleus,3,train
YDR451C,Nucleus,3,train
YDR391C,Nucleus,3,train
YDR393W,Mitochondria,2,test
YOR149C,Membrane_Secretory,1,train
YDR406W,Membrane_Secretory,1,train
YMR131C,Nucleus,3,train
YMR086W,Membrane_Secretory,1,train
YMR014W,Nucleus,3,train
YMR025W,Nucleus,3,test
YDR501W,Nucleus,3,test
YDR524C,Cytoplasm,0,test
YDR534C,Membrane_Secretory,1,train
YMR114C,Nucleus,3,test
YMR118C,Mitochondria,2,train
YML081W,Nucleus,3,train
YDR106W,Cytoplasm,0,train
YDR107C,Membrane_Secretory,1,train
YDR116C,Mitochondria,2,test
YML066C,Membrane_Secretory,1,train
YMR059W,Nucleus,3,train
YML048W,Membrane_Secretory,1,test
YMR069W,Nucleus,3,train
YIR028W,Membrane_Secretory,1,test
YMR322C,Cytoplasm,0,train
YDR229W,Membrane_Secretory,1,train
YMR299C,Cytoplasm,0,train
YMR306W,Mitochondria,2,train
YMR233W,Nucleus,3,train
YMR030W,Nucleus,3,test
YMR034C,Membrane_Secretory,1,train
YDR333C,Cytoplasm,0,train
YDR336W,Mitochondria,2,train
YDR341C,Cytoplasm,0,train
YDR348C,Membrane_Secretory,1,test
YDR288W,Nucleus,3,test
YDR273W,Other,4,train
YDR279W,Nucleus,3,train
YMR232W,Other,4,train
YLR199C,Cytoplasm,0,train
YLR201C,Mitochondria,2,train
YLR213C,Other,4,train
YLR218C,Mitochondria,2,train
YLR285W,Cytoplasm,0,train
YLR290C,Mitochondria,2,train
YLR361C,Cytoplasm,0,train
YLR364W,Cytoplasm,0,train
YLR221C,Nucleus,3,train
YLR237W,Membrane_Secretory,1,train
YLR238W,Membrane_Secretory,1,train
YLR239C,Mitochondria,2,train
YLR408C,Membrane_Secretory,1,train
YPR100W,Mitochondria,2,train
YPR101W,Nucleus,3,train
YPR109W,Membrane_Secretory,1,train
YPR116W,Mitochondria,2,train
YLR345W,Cytoplasm,0,train
YLR266C,Nucleus,3,train
YLR324W,Membrane_Secretory,1,train
YLR454W,Mitochondria,2,test
YLR453C,Nucleus,3,train
YLR164W,Mitochondria,2,train
YLR165C,Mitochondria,2,train
YLR187W,Membrane_Secretory,1,train
YDR349C,Membrane_Secretory,1,test
YDR358W,Other,4,train
YDR361C,Nucleus,3,train
YDR371W,Membrane_Secretory,1,train
YDR377W,Mitochondria,2,train
YLR426W,Mitochondria,2,train
YLR427W,Cytoplasm,0,train
YPR156C,Membrane_Secretory,1,train
YPR118W,Nucleus,3,train
YPR143W,Nucleus,3,test
YPR152C,Nucleus,3,train
YLR241W,Membrane_Secretory,1,train
YLR253W,Mitochondria,2,train
YLR254C,Nucleus,3,train
YDR314C,Nucleus,3,train
YDR315C,Nucleus,3,train
YDR316W,Mitochondria,2,train
YDR330W,Nucleus,3,train
YDR332W,Mitochondria,2,train
YLR307W,Other,4,train
YLR387C,Cytoplasm,0,test
YPR079W,Membrane_Secretory,1,train
YPR082C,Nucleus,3,train
YPR094W,Nucleus,3,test
YPR097W,Membrane_Secretory,1,train
YLR414C,Membrane_Secretory,1,train
YDL063C,Nucleus,3,train
YDL076C,Nucleus,3,test
YDL085W,Mitochondria,2,train
YDL112W,Cytoplasm,0,train
YDL119C,Mitochondria,2,train
YDL121C,Membrane_Secretory,1,train
YDL238C,Cytoplasm,0,test
YLL007C,Mitochondria,2,train
YLL034C,Nucleus,3,train
YLR019W,Membrane_Secretory,1,train
YLR035C,Nucleus,3,train
YLR073C,Membrane_Secretory,1,train
YOL008W,Mitochondria,2,train
YOL017W,Nucleus,3,train
YOL019W,Membrane_Secretory,1,train
YOL026C,Mitochondria,2,train
YOL048C,Membrane_Secretory,1,test
YOL073C,Membrane_Secretory,1,train
YOL080C,Nucleus,3,train
YOL130W,Membrane_Secretory,1,train
YOL132W,Membrane_Secretory,1,train
YOL158C,Membrane_Secretory,1,train
YOR011W,Membrane_Secretory,1,train
YOR051C,Nucleus,3,train
YOR060C,Nucleus,3,train
YOR071C,Membrane_Secretory,1,train
YOR179C,Nucleus,3,train
YOR192C,Membrane_Secretory,1,train
YOR193W,Membrane_Secretory,1,train
YOR205C,Mitochondria,2,test
YOR247W,Membrane_Secretory,1,train
YOR262W,Cytoplasm,0,train
YOR267C,Cytoplasm,0,train
YOR286W,Mitochondria,2,train
YOR293W,Cytoplasm,0,train
YOR353C,Cytoplasm,0,train
YOR356W,Mitochondria,2,train
YOR378W,Membrane_Secretory,1,train
YOR382W,Membrane_Secretory,1,train
YOR384W,Membrane_Secretory,1,train
YOR388C,Cytoplasm,0,test
YOR390W,Membrane_Secretory,1,train
YOR391C,Cytoplasm,0,train
YPL189W,Membrane_Secretory,1,test
YPL196W,Mitochondria,2,train
YPL199C,Cytoplasm,0,train
YPL208W,Nucleus,3,train
YPL219W,Nucleus,3,train
YPL224C,Mitochondria,2,test
YPL260W,Nucleus,3,test
YPL279C,Membrane_Secretory,1,train
YOR091W,Cytoplasm,0,train
YOR002W,Membrane_Secretory,1,test
YDL021W,Cytoplasm,0,train
YOR034C,Membrane_Secretory,1,train
YOL129W,Mitochondria,2,train
YDR056C,Membrane_Secretory,1,train
YOR271C,Mitochondria,2,test
YPR006C,Mitochondria,2,train
YLR051C,Nucleus,3,train
YDL089W,Nucleus,3,train
YOR079C,Membrane_Secretory,1,train
YDL036C,Mitochondria,2,train
YLR095C,Nucleus,3,train
YLR034C,Membrane_Secretory,1,train
YDR020C,Nucleus,3,train
YDR263C,Nucleus,3,test
YLR107W,Nucleus,3,train
YOR320C,Membrane_Secretory,1,train
YOR166C,Nucleus,3,train
YLR102C,Nucleus,3,test
YDL131W,Mitochondria,2,train
YOR164C,Cytoplasm,0,train
YPL230W,Nucleus,3,test
YLR066W,Membrane_Secretory,1,train
YDR312W,Nucleus,3,train
YDR162C,Cytoplasm,0,train
YDL004W,Mitochondria,2,train
YOR147W,Mitochondria,2,train
YOR162C,Nucleus,3,train
YOL089C,Nucleus,3,train
YDR018C,Membrane_Secretory,1,train
YOR279C,Nucleus,3,train
YPR040W,Nucleus,3,test
YOR022C,Mitochondria,2,train
YLR057W,Membrane_Secretory,1,test
YLR047C,Membrane_Secretory,1,train
YOL105C,Membrane_Secretory,1,train
YOR009W,Membrane_Secretory,1,train
YOR114W,Mitochondria,2,train
YOR154W,Membrane_Secretory,1,test
YPR020W,Mitochondria,2,train
YOR216C,Other,4,train
YLL055W,Membrane_Secretory,1,train
YPL246C,Membrane_Secretory,1,train
YOR227W,Cytoplasm,0,train
YOR221C,Mitochondria,2,train
YPR009W,Nucleus,3,train
YOR100C,Mitochondria,2,train
YOL060C,Membrane_Secretory,1,train
YLR092W,Membrane_Secretory,1,train
YDR032C,Membrane_Secretory,1,train
YLR154C,Nucleus,3,train
YDL146W,Cytoplasm,0,train
YLR118C,Nucleus,3,train
YDR384C,Membrane_Secretory,1,train
YDL098C,Nucleus,3,train
YLL003W,Other,4,train
YLL061W,Membrane_Secretory,1,test
YOR130C,Mitochondria,2,test
YDR066C,Nucleus,3,train
YOL076W,Cytoplasm,0,train
YOR032C,Nucleus,3,test
YDL018C,Membrane_Secretory,1,train
YOR084W,Other,4,train
YDL046W,Membrane_Secretory,1,train
YDR169C,Cytoplasm,0,train
YLL014W,Membrane_Secretory,1,test
YDL135C,Cytoplasm,0,train
YOL002C,Membrane_Secretory,1,test
YDR071C,Cytoplasm,0,train
YOR016C,Membrane_Secretory,1,test
YOR112W,Cytoplasm,0,train
YPL168W,Mitochondria,2,train
YPR021C,Mitochondria,2,train
YOR150W,Mitochondria,2,test
YDR383C,Nucleus,3,train
YOR315W,Nucleus,3,train
YPL244C,Membrane_Secretory,1,train
YLL062C,Cytoplasm,0,train
YMR113W,Cytoplasm,0,train
YDR411C,Membrane_Secretory,1,train
YMR185W,Cytoplasm,0,train
YPR008W,Nucleus,3,train
YIL156W-B,Mitochondria,2,train
YDR119W-A,Mitochondria,2,train
YGR271C-A,Nucleus,3,train
YDR379C-A,Mitochondria,2,train
YBR058C-A,Membrane_Secretory,1,train
YLR099W-A,Mitochondria,2,test
YLR367W,Cytoplasm,0,train
YHR199C-A,Nucleus,3,train
YJR005C-A,Nucleus,3,train
YER074W-A,Membrane_Secretory,1,train
YER048W-A,Mitochondria,2,train
YBL091C-A,Membrane_Secretory,1,test
YPR057W,Nucleus,3,train
YOR319W,Nucleus,3,train
YOR107W,Nucleus,3,train
YOR160W,Nucleus,3,train
YOR030W,Membrane_Secretory,1,train
YOL087C,Cytoplasm,0,train
YDR051C,Nucleus,3,train
YOR222W,Mitochondria,2,train
YOL088C,Membrane_Secretory,1,train
YOR324C,Membrane_Secretory,1,train
YDR014W,Nucleus,3,train
YLR065C,Membrane_Secretory,1,train
YOL101C,Membrane_Secretory,1,train
YHR132W-A,Nucleus,3,train
YDR261C-C,Cytoplasm,0,train
YER055C,Cytoplasm,0,train
YML024W,Cytoplasm,0,train
YHL038C,Mitochondria,2,train
Q0050,Mitochondria,2,train
Q0055,Mitochondria,2,train
YKL194C,Mitochondria,2,train
YJL209W,Mitochondria,2,train
YNR045W,Mitochondria,2,train
YDR522C,Membrane_Secretory,1,train
YMR257C,Mitochondria,2,train
YCR018C,Nucleus,3,test
YDL227C,Nucleus,3,train
YNL097C-B,Cytoplasm,0,train
YDR471W,Cytoplasm,0,test
YHR214C-C,Cytoplasm,0,train
YLR256W-A,Cytoplasm,0,train
YLR410W-A,Cytoplasm,0,test
YER039C,Membrane_Secretory,1,test
YML132W,Membrane_Secretory,1,train
YMR242C,Cytoplasm,0,test
YOR312C,Cytoplasm,0,test
YAR010C,Cytoplasm,0,train
YPR137C-A,Cytoplasm,0,train
YOR142W-A,Cytoplasm,0,train
YPR158W-A,Cytoplasm,0,train
YFL002W-B,Cytoplasm,0,train
YGR161W-A,Cytoplasm,0,train
YDR316W-A,Cytoplasm,0,test
YER159C-A,Cytoplasm,0,train
YGR161C-C,Cytoplasm,0,train
YLR035C-B,Cytoplasm,0,train
YMR051C,Cytoplasm,0,train
YDR365W-A,Cytoplasm,0,train
YER137C-A,Cytoplasm,0,train
YLR157C-A,Cytoplasm,0,test
YPL257W-A,Cytoplasm,0,train
YJR026W,Cytoplasm,0,test
YLR227W-A,Cytoplasm,0,train
YML040W,Cytoplasm,0,train
YCL066W,Nucleus,3,train
YCL067C,Nucleus,3,train
YCR097W,Nucleus,3,train
YPR166C,Mitochondria,2,test
YNL188W,Other,4,test
YDR447C,Cytoplasm,0,train
YDR197W,Mitochondria,2,test
YDR414C,Membrane_Secretory,1,train
YIL136W,Mitochondria,2,train
YGL017W,Cytoplasm,0,train
YAL008W,Membrane_Secretory,1,train
YLR392C,Cytoplasm,0,train
YHR028C,Membrane_Secretory,1,test
YMR225C,Mitochondria,2,train
YMR013C,Membrane_Secretory,1,train
YOR307C,Membrane_Secretory,1,test
YIL119C,Nucleus,3,train
YMR281W,Membrane_Secretory,1,train
YCR023C,Membrane_Secretory,1,test
YCR007C,Membrane_Secretory,1,train
YCL048W,Membrane_Secretory,1,test
YCL020W,Cytoplasm,0,train
YCL038C,Membrane_Secretory,1,train
YCL056C,Membrane_Secretory,1,train
YCL058C,Membrane_Secretory,1,train
YCR106W,Nucleus,3,train
YCR021C,Membrane_Secretory,1,train
YMR152W,Mitochondria,2,train
YKL003C,Mitochondria,2,test
YGL142C,Membrane_Secretory,1,train
YKL167C,Mitochondria,2,train
YNL316C,Cytoplasm,0,train
YMR064W,Mitochondria,2,test
YOR017W,Mitochondria,2,train
YEL045C,Membrane_Secretory,1,train
YER132C,Cytoplasm,0,train
YDL167C,Nucleus,3,test
YJL044C,Cytoplasm,0,train
YKL039W,Membrane_Secretory,1,train
YKL037W,Mitochondria,2,train
YCR024C-A,Membrane_Secretory,1,test
YJR095W,Mitochondria,2,train
YER009W,Cytoplasm,0,train
YPR198W,Membrane_Secretory,1,train
YBL066C,Nucleus,3,test
YKL187C,Mitochondria,2,train
YKL183W,Nucleus,3,train
YKL105C,Membrane_Secretory,1,train
YBL001C,Nucleus,3,test
YKL142W,Cytoplasm,0,test
YKL064W,Membrane_Secretory,1,train
YKL051W,Membrane_Secretory,1,train
YKL221W,Membrane_Secretory,1,train
YKL208W,Mitochondria,2,train
YKL084W,Mitochondria,2,train
YKL047W,Membrane_Secretory,1,train
YKR030W,Membrane_Secretory,1,train
YKR044W,Nucleus,3,test
YKR049C,Mitochondria,2,train
YKR105C,Membrane_Secretory,1,test
YDR441C,Cytoplasm,0,train
YGR174C,Mitochondria,2,train
YBL092W,Cytoplasm,0,train
YBR033W,Nucleus,3,train
YBR054W,Membrane_Secretory,1,train
YBR056W,Mitochondria,2,train
YBR104W,Mitochondria,2,train
YBR008C,Membrane_Secretory,1,train
YBR240C,Nucleus,3,train
YBR241C,Membrane_Secretory,1,test
YBR298C,Membrane_Secretory,1,train
YBR297W,Nucleus,3,test
YBL095W,Mitochondria,2,train
YBL089W,Membrane_Secretory,1,train
YBL036C,Nucleus,3,train
YBR016W,Membrane_Secretory,1,test
YBR052C,Cytoplasm,0,train
YBR151W,Nucleus,3,train
YBR194W,Cytoplasm,0,train
YBR210W,Membrane_Secretory,1,train
YBR230C,Mitochondria,2,train
YBR238C,Mitochondria,2,test
YBR255W,Membrane_Secretory,1,train
YBR266C,Membrane_Secretory,1,train
YBR293W,Membrane_Secretory,1,train
YBR162W-A,Membrane_Secretory,1,train
YHR039C,Membrane_Secretory,1,train
YHR002W,Mitochondria,2,train
YHR019C,Cytoplasm,0,test
YHR091C,Mitochondria,2,train
YHL036W,Membrane_Secretory,1,train
YHL029C,Cytoplasm,0,test
YHL028W,Membrane_Secretory,1,train
YHL017W,Other,4,train
YHL014C,Mitochondria,2,train
YHL008C,Membrane_Secretory,1,train
YHR032W,Membrane_Secretory,1,test
YHR038W,Mitochondria,2,test
YHR048W,Membrane_Secretory,1,test
YHR067W,Mitochondria,2,train
YHR087W,Nucleus,3,train
YHR097C,Nucleus,3,train
YHR103W,Membrane_Secretory,1,train
YHR110W,Membrane_Secretory,1,test
YHR136C,Cytoplasm,0,test
YHR140W,Membrane_Secretory,1,train
YHR150W,Membrane_Secretory,1,train
YHR151C,Membrane_Secretory,1,train
YHR156C,Nucleus,3,train
YHR159W,Cytoplasm,0,train
YHR185C,Nucleus,3,train
YHR198C,Mitochondria,2,train
YHR199C,Mitochondria,2,train
YDR079W,Mitochondria,2,train
YOR266W,Mitochondria,2,train
YNL270C,Membrane_Secretory,1,test
YJL174W,Membrane_Secretory,1,train
YER061C,Mitochondria,2,train
YAR031W,Membrane_Secretory,1,train
YAL055W,Membrane_Secretory,1,train
YER007W,Cytoplasm,0,train
YER130C,Nucleus,3,test
YER087W,Mitochondria,2,train
YEL064C,Membrane_Secretory,1,train
YEL059W,Membrane_Secretory,1,test
YEL017W,Nucleus,3,test
YEL007W,Nucleus,3,train
YEL001C,Membrane_Secretory,1,train
YER057C,Nucleus,3,train
YER060W,Membrane_Secretory,1,train
YER064C,Nucleus,3,train
YER077C,Mitochondria,2,train
YER134C,Nucleus,3,train
YER185W,Membrane_Secretory,1,train
YNL214W,Membrane_Secretory,1,train
YNL213C,Mitochondria,2,train
YIL057C,Cytoplasm,0,train
YMR140W,Cytoplasm,0,train
YJL094C,Membrane_Secretory,1,test
YDR006C,Nucleus,3,test
YNR004W,Nucleus,3,train
YJR061W,Membrane_Secretory,1,train
YIL166C,Membrane_Secretory,1,train
YIL158W,Membrane_Secretory,1,train
YIL135C,Cytoplasm,0,test
YIL134W,Mitochondria,2,test
YIL108W,Cytoplasm,0,train
YIL052C,Cytoplasm,0,test
YIL041W,Membrane_Secretory,1,train
YIL023C,Membrane_Secretory,1,train
YIL020C,Cytoplasm,0,train
YIL019W,Nucleus,3,train
YIR001C,Cytoplasm,0,train
YIR014W,Membrane_Secretory,1,train
YDL107W,Mitochondria,2,train
YDR351W,Membrane_Secretory,1,train
YNL328C,Mitochondria,2,train
YGR207C,Mitochondria,2,train
YJL111W,Cytoplasm,0,train
YFL055W,Membrane_Secretory,1,train
YFL046W,Mitochondria,2,train
YFL040W,Membrane_Secretory,1,train
YFR041C,Membrane_Secretory,1,train
YFR048W,Membrane_Secretory,1,train
YGL170C,Other,4,train
YGL168W,Membrane_Secretory,1,train
YJL116C,Mitochondria,2,train
YJL185C,Membrane_Secretory,1,train
YJL170C,Other,4,train
YJL162C,Nucleus,3,train
YJL160C,Membrane_Secretory,1,train
YJL147C,Mitochondria,2,train
YJL131C,Mitochondria,2,train
YJL051W,Membrane_Secretory,1,train
YJL023C,Mitochondria,2,train
YJL003W,Mitochondria,2,train
YJR003C,Mitochondria,2,train
YJR008W,Nucleus,3,train
YJR028W,Cytoplasm,0,train
YJR044C,Membrane_Secretory,1,train
YJR080C,Mitochondria,2,test
YJR100C,Mitochondria,2,test
YJR111C,Cytoplasm,0,train
YJR116W,Membrane_Secretory,1,test
YJR118C,Membrane_Secretory,1,train
YJR129C,Cytoplasm,0,train
YJR133W,Cytoplasm,0,train
YJR134C,Membrane_Secretory,1,train
YJR147W,Nucleus,3,train
YJR149W,Cytoplasm,0,train
YJR161C,Membrane_Secretory,1,train
YPL040C,Mitochondria,2,train
YNL300W,Membrane_Secretory,1,train
YNL295W,Mitochondria,2,train
YGR224W,Membrane_Secretory,1,test
YMR019W,Nucleus,3,train
YDL049C,Membrane_Secretory,1,train
YDR350C,Mitochondria,2,train
YNR075W,Membrane_Secretory,1,train
YGR213C,Membrane_Secretory,1,train
YGL258W,Cytoplasm,0,train
YGL250W,Nucleus,3,test
YGL186C,Membrane_Secretory,1,train
YGL121C,Cytoplasm,0,train
YGL108C,Cytoplasm,0,test
YGL104C,Mitochondria,2,test
YGL096W,Nucleus,3,test
YGL082W,Nucleus,3,test
YGL056C,Nucleus,3,train
YGR001C,Cytoplasm,0,test
YGR004W,Membrane_Secretory,1,train
YGR065C,Membrane_Secretory,1,train
YGR067C,Nucleus,3,test
YGR077C,Other,4,train
YGR089W,Membrane_Secretory,1,train
YGR096W,Mitochondria,2,train
YGR131W,Membrane_Secretory,1,train
YGR141W,Membrane_Secretory,1,train
YGR161C,Nucleus,3,train
YGR212W,Membrane_Secretory,1,train
YGR248W,Cytoplasm,0,test
YGR283C,Nucleus,3,train
YGR288W,Nucleus,3,train
YPR003C,Membrane_Secretory,1,train
YMR016C,Nucleus,3,train
YNR021W,Membrane_Secretory,1,train
YNR022C,Mitochondria,2,train
YNR039C,Membrane_Secretory,1,train
YNR056C,Membrane_Secretory,1,train
YNR065C,Membrane_Secretory,1,train
YNR066C,Membrane_Secretory,1,train
YNL279W,Membrane_Secretory,1,test
YNL254C,Nucleus,3,train
YNL187W,Nucleus,3,test
YNL181W,Membrane_Secretory,1,train
YNL176C,Membrane_Secretory,1,test
YNL173C,Membrane_Secretory,1,train
YNL164C,Other,4,train
YNL156C,Membrane_Secretory,1,train
YNL133C,Nucleus,3,test
YNL125C,Membrane_Secretory,1,train
YNL056W,Cytoplasm,0,test
YNL042W,Nucleus,3,test
YNL038W,Membrane_Secretory,1,train
YNL029C,Membrane_Secretory,1,train
YNL024C,Cytoplasm,0,train
YML052W,Membrane_Secretory,1,train
YMR316W,Cytoplasm,0,train
YDR525W-A,Membrane_Secretory,1,train
YER056C-A,Cytoplasm,0,test
YER093C-A,Membrane_Secretory,1,train
YMR182C,Nucleus,3,train
YKL087C,Mitochondria,2,train
YPR005C,Cytoplasm,0,train
YPL013C,Mitochondria,2,train
YER058W,Mitochondria,2,test
YJR034W,Mitochondria,2,train
YPL105C,Cytoplasm,0,test
YPL098C,Membrane_Secretory,1,test
YPL109C,Mitochondria,2,train
YPL130W,Membrane_Secretory,1,train
YPL041C,Mitochondria,2,test
YMR097C,Mitochondria,2,train
YMR098C,Mitochondria,2,test
YMR285C,Nucleus,3,test
YMR289W,Cytoplasm,0,train
YDR492W,Membrane_Secretory,1,train
YDL001W,Cytoplasm,0,train
YDR210W,Membrane_Secretory,1,train
YDR210W-A,Cytoplasm,0,train
YMR266W,Membrane_Secretory,1,train
YMR269W,Nucleus,3,train
YMR211W,Mitochondria,2,train
YMR002W,Mitochondria,2,test
YMR003W,Mitochondria,2,train
YML038C,Membrane_Secretory,1,train
YDR248C,Cytoplasm,0,train
YMR156C,Nucleus,3,test
YMR157C,Mitochondria,2,test
YMR158W,Mitochondria,2,train
YDR098C-A,Cytoplasm,0,train
YMR123W,Membrane_Secretory,1,train
YDR131C,Membrane_Secretory,1,train
YDR170W-A,Cytoplasm,0,train
YDR184C,Nucleus,3,train
YDR186C,Cytoplasm,0,train
YDR438W,Mitochondria,2,train
YML101C,Membrane_Secretory,1,train
YMR040W,Membrane_Secretory,1,train
YMR046C,Cytoplasm,0,train
YMR126C,Membrane_Secretory,1,train
YML011C,Nucleus,3,train
YML006C,Cytoplasm,0,train
YMR088C,Membrane_Secretory,1,train
YMR195W,Membrane_Secretory,1,test
YDR031W,Mitochondria,2,test
YDR520C,Nucleus,3,train
YDR527W,Cytoplasm,0,test
YDR528W,Cytoplasm,0,train
YML087C,Membrane_Secretory,1,train
YDR115W,Mitochondria,2,train
YDR119W,Membrane_Secretory,1,train
YDR125C,Mitochondria,2,train
YML045W-A,Cytoplasm,0,train
YMR063W,Membrane_Secretory,1,test
YMR071C,Membrane_Secretory,1,train
YMR251W,Cytoplasm,0,train
YMR310C,Nucleus,3,train
YDR219C,Mitochondria,2,test
YMR222C,Cytoplasm,0,train
YDR282C,Mitochondria,2,train
YDL189W,Cytoplasm,0,train
YEL059C-A,Mitochondria,2,train
YLR281C,Mitochondria,2,test
YLR283W,Mitochondria,2,train
YLR297W,Membrane_Secretory,1,train
YLR301W,Nucleus,3,train
YLR227C,Other,4,train
YLR390W,Mitochondria,2,train
YPR114W,Membrane_Secretory,1,train
YPR115W,Cytoplasm,0,test
YPR117W,Mitochondria,2,train
YLR341W,Cytoplasm,0,train
YLR327C,Nucleus,3,train
YLR443W,Membrane_Secretory,1,train
YPR169W,Nucleus,3,test
YPR157W,Membrane_Secretory,1,train
YPR158W,Nucleus,3,test
YLR356W,Mitochondria,2,train
YPR121W,Membrane_Secretory,1,train
YPR127W,Nucleus,3,train
YPR153W,Membrane_Secretory,1,train
YLR251W,Mitochondria,2,train
YDR302W,Membrane_Secretory,1,train
YDR307W,Membrane_Secretory,1,train
YLR436C,Cytoplasm,0,train
YLR411W,Other,4,train
YLR412W,Cytoplasm,0,train
YLR413W,Membrane_Secretory,1,train
YLR419W,Cytoplasm,0,train
YPR085C,Nucleus,3,test
YDL027C,Mitochondria,2,train
YDL048C,Nucleus,3,train
YDL053C,Nucleus,3,train
YDL054C,Membrane_Secretory,1,train
YDL072C,Membrane_Secretory,1,test
YDL123W,Membrane_Secretory,1,test
YDL223C,Cytoplasm,0,train
YDL224C,Cytoplasm,0,train
YDL231C,Membrane_Secretory,1,train
YDL233W,Nucleus,3,train
YDL248W,Membrane_Secretory,1,train
YLL005C,Membrane_Secretory,1,test
YLR003C,Nucleus,3,test
YLR004C,Membrane_Secretory,1,train
YLR023C,Membrane_Secretory,1,train
YLR037C,Membrane_Secretory,1,train
YLR040C,Membrane_Secretory,1,train
YLR042C,Membrane_Secretory,1,train
YOL028C,Nucleus,3,train
YOL032W,Nucleus,3,train
YOL053W,Mitochondria,2,train
YOL057W,Cytoplasm,0,train
YOL065C,Membrane_Secretory,1,train
YOL075C,Membrane_Secretory,1,train
YOL119C,Membrane_Secretory,1,train
YOL137W,Other,4,test
YOR044W,Membrane_Secretory,1,test
YOR052C,Nucleus,3,train
YOR242C,Other,4,train
YOR256C,Membrane_Secretory,1,train
YOR264W,Cytoplasm,0,train
YOR298W,Membrane_Secretory,1,train
YOR306C,Membrane_Secretory,1,train
YOR354C,Mitochondria,2,train
YOR380W,Nucleus,3,train
YOR383C,Membrane_Secretory,1,train
YPL176C,Membrane_Secretory,1,train
YPL186C,Mitochondria,2,train
YPL193W,Nucleus,3,train
YPL201C,Nucleus,3,train
YPL225W,Cytoplasm,0,train
YLR082C,Nucleus,3,train
YDR030C,Nucleus,3,train
YPL148C,Mitochondria,2,train
YOR283W,Nucleus,3,train
YOR104W,Membrane_Secretory,1,train
YGR027W-A,Cytoplasm,0,train
YPL005W,Mitochondria,2,test
YOR118W,Cytoplasm,0,train
YOL097C,Cytoplasm,0,train
YDR033W,Mitochondria,2,train
YER060W-A,Membrane_Secretory,1,train
YLR363C,Cytoplasm,0,train
YPR022C,Nucleus,3,train
YLR064W,Membrane_Secretory,1,train
YPR013C,Nucleus,3,train
YLR050C,Membrane_Secretory,1,train
YDR065W,Mitochondria,2,test
YLR054C,Cytoplasm,0,train
YPR068C,Nucleus,3,train
YBR012W-A,Cytoplasm,0,train
YPR042C,Cytoplasm,0,train
YOL107W,Membrane_Secretory,1,train
YLR068W,Nucleus,3,train
YPR011C,Mitochondria,2,train
YOL084W,Membrane_Secretory,1,test
YBL100W-A,Cytoplasm,0,train
YBL005W-A,Cytoplasm,0,test
YOR214C,Membrane_Secretory,1,train
YLR126C,Cytoplasm,0,train
YLR063W,Nucleus,3,train
YOR343W-A,Cytoplasm,0,train
YOR021C,Cytoplasm,0,train
YOR172W,Nucleus,3,test
YPR061C,Mitochondria,2,train
YPR155C,Mitochondria,2,train
YNL284C-A,Cytoplasm,0,train
YDR034C-C,Cytoplasm,0,train
YLR091W,Mitochondria,2,train
YDL199C,Membrane_Secretory,1,test
YOR161C,Membrane_Secretory,1,train
YDL206W,Membrane_Secretory,1,train
YLR130C,Membrane_Secretory,1,train
YOR192C-A,Cytoplasm,0,test
YDR210C-C,Cytoplasm,0,test
YDR067C,Cytoplasm,0,train
YNL054W-A,Cytoplasm,0,train
YPR004C,Mitochondria,2,train
YGR038C-A,Cytoplasm,0,train
YDL012C,Membrane_Secretory,1,train
YLR114C,Cytoplasm,0,train
YDR257C,Nucleus,3,train
YDL173W,Cytoplasm,0,test
YDL133W,Membrane_Secretory,1,train
YPL079W,Cytoplasm,0,train
YDL082W,Cytoplasm,0,train
YDR374W-A,Nucleus,3,train
YCL058W-A,Nucleus,3,train
YDR381C-A,Mitochondria,2,train
YPR036W-A,Other,4,train
YLR262C-A,Nucleus,3,test
YOR020W-A,Mitochondria,2,train
YJL127C-B,Mitochondria,2,test
YPR158C-C,Cytoplasm,0,train
YML058W-A,Nucleus,3,train
YDR034W-B,Membrane_Secretory,1,test
YNL024C-A,Membrane_Secretory,1,train
YLR154W-C,Mitochondria,2,test
YGR031C-A,Membrane_Secretory,1,train
YOL103W-A,Cytoplasm,0,train
YOR092W,Membrane_Secretory,1,test
YDR261W-A,Cytoplasm,0,train
YPL159C,Mitochondria,2,test
YPR010C-A,Membrane_Secretory,1,train
YAR023C,Membrane_Secretory,1,train
YAL065C,Membrane_Secretory,1,train
YAL064W-B,Membrane_Secretory,1,train
YHR021W-A,Membrane_Secretory,1,train
YPR099C,Mitochondria,2,train
YPR089W,Membrane_Secretory,1,train
YBR085C-A,Nucleus,3,train
Q0255,Mitochondria,2,train
YPR134W,Mitochondria,2,train
YDR034C-A,Membrane_Secretory,1,test
YER039C-A,Membrane_Secretory,1,train
YLL053C,Membrane_Secretory,1,train
YOL162W,Membrane_Secretory,1,train
YOL163W,Membrane_Secretory,1,test
YBR302C,Membrane_Secretory,1,test
YAR066W,Membrane_Secretory,1,train
YHR214W,Membrane_Secretory,1,train
YFL068W,Membrane_Secretory,1,train
YCR096C,Nucleus,3,train
YKL093W,Mitochondria,2,test
YCR054C,Cytoplasm,0,test
YCL002C,Membrane_Secretory,1,train
YCR104W,Membrane_Secretory,1,train
YCR061W,Membrane_Secretory,1,train
YNL074C,Cytoplasm,0,train
YGR049W,Membrane_Secretory,1,train
YEL049W,Membrane_Secretory,1,train
YEL033W,Membrane_Secretory,1,train
YHR017W,Mitochondria,2,train
YBL059W,Mitochondria,2,train
YKL107W,Membrane_Secretory,1,train
YKL222C,Nucleus,3,train
YKL219W,Membrane_Secretory,1,train
YKL162C,Mitochondria,2,test
YKL133C,Membrane_Secretory,1,test
YKL071W,Cytoplasm,0,train
YKL023W,Cytoplasm,0,train
YKR018C,Nucleus,3,test
YKR045C,Cytoplasm,0,test
YKR070W,Mitochondria,2,train
YKR074W,Cytoplasm,0,train
YCR041W,Membrane_Secretory,1,test
YGR147C,Cytoplasm,0,train
YBR063C,Membrane_Secretory,1,train
YBR284W,Membrane_Secretory,1,test
YBR301W,Membrane_Secretory,1,train
YBL048W,Membrane_Secretory,1,train
YBR047W,Mitochondria,2,train
YBR090C,Nucleus,3,train
YBR138C,Cytoplasm,0,train
YBR168W,Membrane_Secretory,1,train
YBR220C,Membrane_Secretory,1,train
YBR287W,Membrane_Secretory,1,train
YHR033W,Cytoplasm,0,train
YHL050C,Membrane_Secretory,1,train
YHL048W,Membrane_Secretory,1,train
YHL043W,Membrane_Secretory,1,train
YHL026C,Membrane_Secretory,1,train
YHR045W,Membrane_Secretory,1,train
YHR126C,Membrane_Secretory,1,train
YHR131C,Cytoplasm,0,train
YHR180W,Membrane_Secretory,1,train
YJL206C,Nucleus,3,train
YJL193W,Membrane_Secretory,1,train
YAR029W,Membrane_Secretory,1,train
YAL049C,Cytoplasm,0,test
YEL072W,Membrane_Secretory,1,train
YEL025C,Membrane_Secretory,1,test
YER004W,Mitochondria,2,test
YER080W,Mitochondria,2,train
YER084W,Nucleus,3,train
YER181C,Mitochondria,2,train
YER182W,Mitochondria,2,train
YNL212W,Cytoplasm,0,train
YNL208W,Mitochondria,2,train
YNL195C,Mitochondria,2,train
YMR132C,Cytoplasm,0,train
YGR269W,Nucleus,3,train
YJL066C,Mitochondria,2,train
YIL127C,Nucleus,3,train
YIL117C,Membrane_Secretory,1,test
YIL092W,Membrane_Secretory,1,test
YIL089W,Membrane_Secretory,1,train
YIL087C,Mitochondria,2,train
YIL077C,Mitochondria,2,train
YIL067C,Membrane_Secretory,1,train
YIL054W,Membrane_Secretory,1,test
YIL037C,Membrane_Secretory,1,train
YJL217W,Cytoplasm,0,train
YOR077W,Nucleus,3,test
YNL320W,Mitochondria,2,train
YJL108C,Membrane_Secretory,1,train
YFL067W,Membrane_Secretory,1,train
YFL062W,Membrane_Secretory,1,train
YFL051C,Membrane_Secretory,1,train
YFL020C,Membrane_Secretory,1,train
YFR006W,Membrane_Secretory,1,test
YFR012W,Membrane_Secretory,1,train
YFR020W,Membrane_Secretory,1,train
YFR045W,Mitochondria,2,train
YJL163C,Membrane_Secretory,1,train
YJL161W,Mitochondria,2,train
YJL142C,Membrane_Secretory,1,train
YJL132W,Membrane_Secretory,1,train
YJL077C,Membrane_Secretory,1,test
YJL016W,Cytoplasm,0,train
YJR015W,Membrane_Secretory,1,train
YJR085C,Mitochondria,2,train
YJR098C,Mitochondria,2,train
YJR106W,Membrane_Secretory,1,test
YJR124C,Membrane_Secretory,1,train
YJR146W,Nucleus,3,train
YJR154W,Cytoplasm,0,train
YGR236C,Mitochondria,2,test
YGR249W,Nucleus,3,train
YGL263W,Membrane_Secretory,1,train
YGL230C,Membrane_Secretory,1,train
YGL226W,Mitochondria,2,train
YGL221C,Mitochondria,2,train
YGL204C,Membrane_Secretory,1,train
YGL146C,Membrane_Secretory,1,train
YGL140C,Membrane_Secretory,1,train
YGL114W,Membrane_Secretory,1,train
YGL057C,Mitochondria,2,test
YGR016W,Membrane_Secretory,1,train
YGR021W,Mitochondria,2,train
YGR026W,Membrane_Secretory,1,train
YGR151C,Nucleus,3,train
YGR168C,Membrane_Secretory,1,train
YGR294W,Membrane_Secretory,1,train
YGR295C,Membrane_Secretory,1,train
YLR461W,Membrane_Secretory,1,train
YNL237W,Membrane_Secretory,1,train
YNR059W,Membrane_Secretory,1,train
YNR061C,Membrane_Secretory,1,train
YNR062C,Membrane_Secretory,1,train
YNR063W,Nucleus,3,train
YNL336W,Membrane_Secretory,1,train
YNL211C,Mitochondria,2,train
YNL146W,Membrane_Secretory,1,train
YNL143C,Membrane_Secretory,1,train
YNL115C,Membrane_Secretory,1,train
YNL095C,Membrane_Secretory,1,test
YNL058C,Membrane_Secretory,1,train
YNL046W,Membrane_Secretory,1,train
YNL033W,Membrane_Secretory,1,train
YNL019C,Membrane_Secretory,1,test
YLR152C,Membrane_Secretory,1,train
YGR016C-A,Membrane_Secretory,1,train
YKR005C,Membrane_Secretory,1,train
YPL067C,Cytoplasm,0,train
YPL056C,Membrane_Secretory,1,train
YJL205C,Membrane_Secretory,1,train
YPL071C,Nucleus,3,train
YPL108W,Cytoplasm,0,train
YPL107W,Mitochondria,2,train
YDR540C,Nucleus,3,train
YML131W,Membrane_Secretory,1,train
YDR090C,Membrane_Secretory,1,train
YMR184W,Cytoplasm,0,train
YMR279C,Membrane_Secretory,1,train
YDR476C,Membrane_Secretory,1,train
YMR209C,Membrane_Secretory,1,train
YML018C,Membrane_Secretory,1,train
YDR239C,Cytoplasm,0,train
YMR155W,Membrane_Secretory,1,train
YDR132C,Nucleus,3,test
YMR244W,Membrane_Secretory,1,test
YDR444W,Cytoplasm,0,test
YDR387C,Membrane_Secretory,1,train
YMR090W,Cytoplasm,0,train
YDR504C,Membrane_Secretory,1,train
YDR514C,Nucleus,3,train
YML096W,Cytoplasm,0,train
YMR066W,Mitochondria,2,train
YMR253C,Membrane_Secretory,1,test
YDR222W,Cytoplasm,0,train
YMR221C,Membrane_Secretory,1,test
YDR338C,Membrane_Secretory,1,train
YDR275W,Membrane_Secretory,1,train
YDR281C,Membrane_Secretory,1,test
YLR219W,Membrane_Secretory,1,train
YLR278C,Nucleus,3,train
YLR287C,Cytoplasm,0,test
YLR375W,Nucleus,3,train
YLR225C,Cytoplasm,0,train
YLR407W,Other,4,train
YPR098C,Mitochondria,2,train
YLR346C,Mitochondria,2,train
YLR257W,Cytoplasm,0,train
YLR271W,Nucleus,3,train
YLR326W,Membrane_Secretory,1,train
YLR456W,Nucleus,3,test
YLR162W,Membrane_Secretory,1,train
YLR173W,Membrane_Secretory,1,train
YLR177W,Cytoplasm,0,train
YPR148C,Cytoplasm,0,train
YPR151C,Other,4,train
YPR196W,Nucleus,3,train
YPR172W,Nucleus,3,train
YHR007C-A,Membrane_Secretory,1,test
YDL129W,Nucleus,3,train
YDL144C,Nucleus,3,train
YDL218W,Membrane_Secretory,1,train
YLL030C,Membrane_Secretory,1,test
YLL032C,Cytoplasm,0,train
YLR001C,Membrane_Secretory,1,train
YLR036C,Membrane_Secretory,1,train
YLR077W,Mitochondria,2,test
YOL042W,Mitochondria,2,test
YOL159C,Membrane_Secretory,1,train
YOL161C,Membrane_Secretory,1,train
YOR068C,Membrane_Secretory,1,test
YOR183W,Membrane_Secretory,1,train
YOR235W,Membrane_Secretory,1,train
YOR238W,Cytoplasm,0,test
YOR252W,Nucleus,3,train
YOR255W,Other,4,train
YOR292C,Membrane_Secretory,1,train
YOR296W,Cytoplasm,0,train
YOR305W,Mitochondria,2,train
YOR365C,Membrane_Secretory,1,train
YOR376W,Membrane_Secretory,1,train
YOR385W,Cytoplasm,0,train
YOR387C,Cytoplasm,0,train
YOR389W,Membrane_Secretory,1,train
YPL216W,Nucleus,3,train
YPL223C,Cytoplasm,0,train
YPL257W,Membrane_Secretory,1,test
YPL264C,Membrane_Secretory,1,train
YOR215C,Mitochondria,2,train
YPL162C,Membrane_Secretory,1,train
YOR220W,Cytoplasm,0,test
YPR027C,Membrane_Secretory,1,train
YDR105C,Membrane_Secretory,1,train
YDL211C,Membrane_Secretory,1,train
YOR284W,Cytoplasm,0,train
YPR063C,Membrane_Secretory,1,train
YPL245W,Nucleus,3,train
YOR342C,Nucleus,3,train
YLL054C,Nucleus,3,train
YLR046C,Membrane_Secretory,1,train
YDR061W,Mitochondria,2,train
YDL180W,Membrane_Secretory,1,train
YDR262W,Membrane_Secretory,1,train
YPR071W,Membrane_Secretory,1,train
YLR094C,Nucleus,3,test
YOR131C,Nucleus,3,train
YDR070C,Mitochondria,2,test
YPL156C,Membrane_Secretory,1,train
YPL247C,Nucleus,3,test
YKL065W-A,Membrane_Secretory,1,train
YKL023C-A,Membrane_Secretory,1,train
YIL102C-A,Membrane_Secretory,1,train
YCL048W-A,Membrane_Secretory,1,train
YDR524C-B,Membrane_Secretory,1,test
YLR363W-A,Nucleus,3,train
YBL029C-A,Membrane_Secretory,1,train
YOL159C-A,Cytoplasm,0,train
YJL133C-A,Mitochondria,2,train
YKL018C-A,Cytoplasm,0,train
YNL162W-A,Nucleus,3,train
YMR194C-B,Mitochondria,2,train
YER053C-A,Membrane_Secretory,1,train
YDL085C-A,Nucleus,3,train
YOR008C-A,Membrane_Secretory,1,train
YCR024C-B,Membrane_Secretory,1,test
YNL130C-A,Mitochondria,2,train
YPL189C-A,Mitochondria,2,train
YNR034W-A,Cytoplasm,0,test
YMR122W-A,Membrane_Secretory,1,test
YIL134C-A,Membrane_Secretory,1,train
YPR038W,Membrane_Secretory,1,train
YPR159C-A,Membrane_Secretory,1,train
YBR126W-A,Membrane_Secretory,1,train
YCL026C-B,Nucleus,3,train
YPL229W,Cytoplasm,0,train
Q0075,Mitochondria,2,test
YER038W-A,Mitochondria,2,train
YLR302C,Membrane_Secretory,1,train
YLR415C,Mitochondria,2,test
YFR010W-A,Membrane_Secretory,1,train
YGL041W-A,Mitochondria,2,train
YKL145W-A,Membrane_Secretory,1,test
YMR013C-A,Membrane_Secretory,1,test
YHR214C-D,Membrane_Secretory,1,train
YER190C-B,Membrane_Secretory,1,train
YEL077W-A,Membrane_Secretory,1,train
YGR296C-B,Membrane_Secretory,1,train
YPL283W-B,Membrane_Secretory,1,train
YPR204C-A,Membrane_Secretory,1,test
YLL066W-A,Membrane_Secretory,1,train
YLL067W-A,Membrane_Secretory,1,train
YKL044W,Membrane_Secretory,1,train
YBL071C,Membrane_Secretory,1,train
YBR027C,Membrane_Secretory,1,test
YBR209W,Membrane_Secretory,1,train
YBR219C,Membrane_Secretory,1,test
YBR292C,Membrane_Secretory,1,train
YHL037C,Membrane_Secretory,1,test
YHL005C,Membrane_Secretory,1,train
YHR078W,Membrane_Secretory,1,train
YHR130C,Membrane_Secretory,1,train
YAR064W,Membrane_Secretory,1,train
YEL014C,Cytoplasm,0,train
YNL198C,Mitochondria,2,train
YIL060W,Membrane_Secretory,1,train
YIL029C,Membrane_Secretory,1,train
YFL015C,Membrane_Secretory,1,train
YFR035C,Membrane_Secretory,1,train
YJL118W,Membrane_Secretory,1,train
YJL028W,Membrane_Secretory,1,train
YJL007C,Membrane_Secretory,1,train
YGL149W,Membrane_Secretory,1,test
YGL088W,Membrane_Secretory,1,test
YGR045C,Membrane_Secretory,1,train
YGR219W,Nucleus,3,train
YDR366C,Membrane_Secretory,1,test
YFR035W-A,Membrane_Secretory,1,train
YPL068C,Nucleus,3,train
YMR187C,Membrane_Secretory,1,train
YDR209C,Membrane_Secretory,1,train
YMR254C,Membrane_Secretory,1,train
YDR278C,Membrane_Secretory,1,train
YLR296W,Membrane_Secretory,1,train
YOR186W,Membrane_Secretory,1,train
YOR268C,Membrane_Secretory,1,train
YDR029W,Membrane_Secretory,1,train
YOR015W,Membrane_Secretory,1,train
YDL009C,Membrane_Secretory,1,test
YDR215C,Membrane_Secretory,1,train
YOR097C,Membrane_Secretory,1,train
YLR122C,Membrane_Secretory,1,train
YPR064W,Membrane_Secretory,1,train
YLR111W,Membrane_Secretory,1,test
YGL194C-A,Membrane_Secretory,1,train
Q0092,Mitochondria,2,train
YOR034C-A,Membrane_Secretory,1,train
YIR021W-A,Membrane_Secretory,1,train
YJR112W-A,Membrane_Secretory,1,train
YGL041C-B,Membrane_Secretory,1,test
YPL119C-A,Membrane_Secretory,1,train
YBR200W-A,Membrane_Secretory,1,test
YMR030W-A,Membrane_Secretory,1,train
YKL183C-A,Membrane_Secretory,1,train
YBR255C-A,Membrane_Secretory,1,train
YDR182W-A,Membrane_Secretory,1,train
YML007C-A,Mitochondria,2,train
YIL046W-A,Membrane_Secretory,1,test
YLR342W-A,Membrane_Secretory,1,train
YLL006W-A,Membrane_Secretory,1,test
YHR175W-A,Membrane_Secretory,1,train
YBR196C-A,Membrane_Secretory,1,train
YBL008W-A,Membrane_Secretory,1,train
YOR161C-C,Membrane_Secretory,1,train
YOR032W-A,Membrane_Secretory,1,test
YMR182W-A,Membrane_Secretory,1,train
YKL096C-B,Membrane_Secretory,1,train
YHR213W-A,Membrane_Secretory,1,train
YGR146C-A,Membrane_Secretory,1,train
YFR032C-B,Membrane_Secretory,1,train
YCL021W-A,Membrane_Secretory,1,train
Q0297,Mitochondria,2,train
Q0182,Mitochondria,2,train
Q0144,Mitochondria,2,train
Q0143,Mitochondria,2,train
Q0142,Mitochondria,2,train
Q0032,Mitochondria,2,train
Q0017,Mitochondria,2,test
Q0010,Mitochondria,2,train
